year,grade,month,exam_type,subject,course_code,file_type,status,reason,count_as_expected,expected_basis,db_status,public_file_id,official_url
2008,1,3,school_mock,korean,,question,manual_review,verified_pending_import,confirmed,official_catalog_and_pdf,not_imported,,https://wdown.ebsi.co.kr/W61001/01exam/20080312/kor_mun.pdf
2008,1,3,school_mock,korean,,solution,manual_review,verified_pending_import,confirmed,official_catalog_and_pdf,not_imported,,https://wdown.ebsi.co.kr/W61001/01exam/20080312/kor_hsj.pdf
2008,1,3,school_mock,math,,question,manual_review,verified_pending_import,confirmed,official_catalog_and_pdf,not_imported,,https://wdown.ebsi.co.kr/W61001/01exam/20080312/math_mun.pdf
2008,1,3,school_mock,math,,solution,manual_review,verified_pending_import,confirmed,official_catalog_and_pdf,not_imported,,https://wdown.ebsi.co.kr/W61001/01exam/20080312/math_hsj.pdf
2008,1,3,school_mock,english,,question,manual_review,verified_pending_import,confirmed,official_catalog_and_pdf,not_imported,,https://wdown.ebsi.co.kr/W61001/01exam/20080312/eng_mun.pdf
2008,1,3,school_mock,english,,solution,manual_review,verified_pending_import,confirmed,official_catalog_and_pdf,not_imported,,https://wdown.ebsi.co.kr/W61001/01exam/20080312/eng_hsj.pdf
2008,1,3,school_mock,social,social-science-studies,question,manual_review,verified_pending_import,confirmed,official_catalog_and_pdf,not_imported,,https://wdown.ebsi.co.kr/W61001/01exam/20080312/saga_mun.pdf
2008,1,3,school_mock,social,social-science-studies,solution,manual_review,verified_pending_import,confirmed,official_catalog_and_pdf,not_imported,,https://wdown.ebsi.co.kr/W61001/01exam/20080312/saga_hsj.pdf
2008,1,6,school_mock,korean,,question,manual_review,verified_pending_import,confirmed,official_catalog_and_pdf,not_imported,,https://wdown.ebsi.co.kr/W61001/01exam/20080613/kor_mun.pdf
2008,1,6,school_mock,korean,,solution,manual_review,verified_pending_import,confirmed,official_catalog_and_pdf,not_imported,,https://wdown.ebsi.co.kr/W61001/01exam/20080613/kor_hsj.pdf
2008,1,6,school_mock,math,,question,manual_review,verified_pending_import,confirmed,official_catalog_and_pdf,not_imported,,https://wdown.ebsi.co.kr/W61001/01exam/20080613/math_mun.pdf
2008,1,6,school_mock,math,,solution,manual_review,verified_pending_import,confirmed,official_catalog_and_pdf,not_imported,,https://wdown.ebsi.co.kr/W61001/01exam/20080613/math_hsj.pdf
2008,1,6,school_mock,english,,question,manual_review,verified_pending_import,confirmed,official_catalog_and_pdf,not_imported,,https://wdown.ebsi.co.kr/W61001/01exam/20080613/eng_mun.pdf
2008,1,6,school_mock,english,,solution,manual_review,verified_pending_import,confirmed,official_catalog_and_pdf,not_imported,,https://wdown.ebsi.co.kr/W61001/01exam/20080613/eng_hsj.pdf
2008,1,6,school_mock,social,social-science-studies,question,manual_review,verified_pending_import,confirmed,official_catalog_and_pdf,not_imported,,https://wdown.ebsi.co.kr/W61001/01exam/20080613/saga_mun.pdf
2008,1,6,school_mock,social,social-science-studies,solution,manual_review,verified_pending_import,confirmed,official_catalog_and_pdf,not_imported,,https://wdown.ebsi.co.kr/W61001/01exam/20080613/saga_hsj.pdf
2008,1,9,school_mock,korean,,question,manual_review,verified_pending_import,confirmed,official_catalog_and_pdf,not_imported,,https://wdown.ebsi.co.kr/W61001/01exam/20080918/kor_mun.pdf
2008,1,9,school_mock,korean,,solution,manual_review,verified_pending_import,confirmed,official_catalog_and_pdf,not_imported,,https://wdown.ebsi.co.kr/W61001/01exam/20080918/kor_hsj.pdf
2008,1,9,school_mock,math,,question,manual_review,verified_pending_import,confirmed,official_catalog_and_pdf,not_imported,,https://wdown.ebsi.co.kr/W61001/01exam/20080918/math_mun.pdf
2008,1,9,school_mock,math,,solution,manual_review,verified_pending_import,confirmed,official_catalog_and_pdf,not_imported,,https://wdown.ebsi.co.kr/W61001/01exam/20080918/math_hsj.pdf
2008,1,9,school_mock,english,,question,manual_review,verified_pending_import,confirmed,official_catalog_and_pdf,not_imported,,https://wdown.ebsi.co.kr/W61001/01exam/20080918/eng_mun.pdf
2008,1,9,school_mock,english,,solution,manual_review,verified_pending_import,confirmed,official_catalog_and_pdf,not_imported,,https://wdown.ebsi.co.kr/W61001/01exam/20080918/eng_hsj.pdf
2008,1,9,school_mock,social,social-science-studies,question,manual_review,verified_pending_import,confirmed,official_catalog_and_pdf,not_imported,,https://wdown.ebsi.co.kr/W61001/01exam/20080918/saga_mun.pdf
2008,1,9,school_mock,social,social-science-studies,solution,manual_review,verified_pending_import,confirmed,official_catalog_and_pdf,not_imported,,https://wdown.ebsi.co.kr/W61001/01exam/20080918/saga_hsj.pdf
2008,1,11,school_mock,korean,,question,manual_review,verified_pending_import,confirmed,official_catalog_and_pdf,not_imported,,https://wdown.ebsi.co.kr/W61001/01exam/20081118/kor_mun.pdf
2008,1,11,school_mock,korean,,solution,manual_review,verified_pending_import,confirmed,official_catalog_and_pdf,not_imported,,https://wdown.ebsi.co.kr/W61001/01exam/20081118/kor_hsj.pdf
2008,1,11,school_mock,math,,question,manual_review,verified_pending_import,confirmed,official_catalog_and_pdf,not_imported,,https://wdown.ebsi.co.kr/W61001/01exam/20081118/math_mun.pdf
2008,1,11,school_mock,math,,solution,manual_review,verified_pending_import,confirmed,official_catalog_and_pdf,not_imported,,https://wdown.ebsi.co.kr/W61001/01exam/20081118/math_hsj.pdf
2008,1,11,school_mock,english,,question,manual_review,verified_pending_import,confirmed,official_catalog_and_pdf,not_imported,,https://wdown.ebsi.co.kr/W61001/01exam/20081118/eng_mun.pdf
2008,1,11,school_mock,english,,solution,manual_review,verified_pending_import,confirmed,official_catalog_and_pdf,not_imported,,https://wdown.ebsi.co.kr/W61001/01exam/20081118/eng_hsj.pdf
2008,1,11,school_mock,social,social-science-studies,question,manual_review,verified_pending_import,confirmed,official_catalog_and_pdf,not_imported,,https://wdown.ebsi.co.kr/W61001/01exam/20081118/saga_mun.pdf
2008,1,11,school_mock,social,social-science-studies,solution,manual_review,verified_pending_import,confirmed,official_catalog_and_pdf,not_imported,,https://wdown.ebsi.co.kr/W61001/01exam/20081118/saga_hsj.pdf
2008,2,3,school_mock,korean,korean-a,question,manual_review,verified_pending_import,confirmed,official_catalog_and_pdf,not_imported,,https://wdown.ebsi.co.kr/W61001/01exam/20080313/kor_mun.pdf
2008,2,3,school_mock,korean,korean-a,solution,manual_review,verified_pending_import,confirmed,official_catalog_and_pdf,not_imported,,https://wdown.ebsi.co.kr/W61001/01exam/20080313/kor_hsj.pdf
2008,2,3,school_mock,math,math-a,question,manual_review,verified_pending_import,confirmed,official_catalog_and_pdf,not_imported,,https://wdown.ebsi.co.kr/W61001/01exam/20080313/math_mun.pdf
2008,2,3,school_mock,math,math-a,solution,manual_review,verified_pending_import,confirmed,official_catalog_and_pdf,not_imported,,https://wdown.ebsi.co.kr/W61001/01exam/20080313/math_hsj.pdf
2008,2,3,school_mock,english,english-a,question,manual_review,verified_pending_import,confirmed,official_catalog_and_pdf,not_imported,,https://wdown.ebsi.co.kr/W61001/01exam/20080313/eng_mun.pdf
2008,2,3,school_mock,english,english-a,solution,manual_review,verified_pending_import,confirmed,official_catalog_and_pdf,not_imported,,https://wdown.ebsi.co.kr/W61001/01exam/20080313/eng_hsj.pdf
2008,2,6,school_mock,korean,korean-a,question,manual_review,verified_pending_import,confirmed,official_catalog_and_pdf,not_imported,,https://wdown.ebsi.co.kr/W61001/01exam/20080612/kor_mun.pdf
2008,2,6,school_mock,korean,korean-a,solution,manual_review,verified_pending_import,confirmed,official_catalog_and_pdf,not_imported,,https://wdown.ebsi.co.kr/W61001/01exam/20080612/kor_hsj.pdf
2008,2,6,school_mock,math,math-a,question,manual_review,verified_pending_import,confirmed,official_catalog_and_pdf,not_imported,,https://wdown.ebsi.co.kr/W61001/01exam/20080612/mathga_mun.pdf
2008,2,6,school_mock,math,math-a,solution,manual_review,verified_pending_import,confirmed,official_catalog_and_pdf,not_imported,,https://wdown.ebsi.co.kr/W61001/01exam/20080612/mathga_hsj.pdf
2008,2,6,school_mock,math,math-b,question,manual_review,verified_pending_import,confirmed,official_catalog_and_pdf,not_imported,,https://wdown.ebsi.co.kr/W61001/01exam/20080612/mathna_mun.pdf
2008,2,6,school_mock,math,math-b,solution,manual_review,verified_pending_import,confirmed,official_catalog_and_pdf,not_imported,,https://wdown.ebsi.co.kr/W61001/01exam/20080612/mathna_hsj.pdf
2008,2,6,school_mock,english,english-a,question,manual_review,verified_pending_import,confirmed,official_catalog_and_pdf,not_imported,,https://wdown.ebsi.co.kr/W61001/01exam/20080612/eng_mun.pdf
2008,2,6,school_mock,english,english-a,solution,manual_review,verified_pending_import,confirmed,official_catalog_and_pdf,not_imported,,https://wdown.ebsi.co.kr/W61001/01exam/20080612/eng_hsj.pdf
2008,2,6,school_mock,history,,question,manual_review,verified_pending_import,confirmed,official_catalog_and_pdf,not_imported,,https://wdown.ebsi.co.kr/W61001/01exam/20080612/s_his_mun.pdf
2008,2,6,school_mock,history,,solution,manual_review,verified_pending_import,confirmed,official_catalog_and_pdf,not_imported,,https://wdown.ebsi.co.kr/W61001/01exam/20080612/s_his_hsj.pdf
2008,2,6,school_mock,history,korean-modern-history,question,manual_review,verified_pending_import,confirmed,official_catalog_and_pdf,not_imported,,https://wdown.ebsi.co.kr/W61001/01exam/20080612/s_hgh_mun.pdf
2008,2,6,school_mock,history,korean-modern-history,solution,manual_review,verified_pending_import,confirmed,official_catalog_and_pdf,not_imported,,https://wdown.ebsi.co.kr/W61001/01exam/20080612/s_hgh_hsj.pdf
2008,2,6,school_mock,social,economic-geography,question,manual_review,verified_pending_import,confirmed,official_catalog_and_pdf,not_imported,,https://wdown.ebsi.co.kr/W61001/01exam/20080612/s_kyaji_mun.pdf
2008,2,6,school_mock,social,economic-geography,solution,manual_review,verified_pending_import,confirmed,official_catalog_and_pdf,not_imported,,https://wdown.ebsi.co.kr/W61001/01exam/20080612/s_kyaji_hsj.pdf
2008,2,6,school_mock,social,economics,question,manual_review,verified_pending_import,confirmed,official_catalog_and_pdf,not_imported,,https://wdown.ebsi.co.kr/W61001/01exam/20080612/s_eco_mun.pdf
2008,2,6,school_mock,social,economics,solution,manual_review,verified_pending_import,confirmed,official_catalog_and_pdf,not_imported,,https://wdown.ebsi.co.kr/W61001/01exam/20080612/s_eco_hsj.pdf
2008,2,6,school_mock,social,ethics,question,manual_review,verified_pending_import,confirmed,official_catalog_and_pdf,not_imported,,https://wdown.ebsi.co.kr/W61001/01exam/20080612/s_eth_mun.pdf
2008,2,6,school_mock,social,ethics,solution,manual_review,verified_pending_import,confirmed,official_catalog_and_pdf,not_imported,,https://wdown.ebsi.co.kr/W61001/01exam/20080612/s_eth_hsj.pdf
2008,2,6,school_mock,social,korean-geography,question,manual_review,verified_pending_import,confirmed,official_catalog_and_pdf,not_imported,,https://wdown.ebsi.co.kr/W61001/01exam/20080612/s_hanji_mun.pdf
2008,2,6,school_mock,social,korean-geography,solution,manual_review,verified_pending_import,confirmed,official_catalog_and_pdf,not_imported,,https://wdown.ebsi.co.kr/W61001/01exam/20080612/s_hanji_hsj.pdf
2008,2,6,school_mock,social,law-and-society,question,manual_review,verified_pending_import,confirmed,official_catalog_and_pdf,not_imported,,https://wdown.ebsi.co.kr/W61001/01exam/20080612/s_bns_mun.pdf
2008,2,6,school_mock,social,law-and-society,solution,manual_review,verified_pending_import,confirmed,official_catalog_and_pdf,not_imported,,https://wdown.ebsi.co.kr/W61001/01exam/20080612/s_bns_hsj.pdf
2008,2,6,school_mock,social,politics,question,manual_review,verified_pending_import,confirmed,official_catalog_and_pdf,not_imported,,https://wdown.ebsi.co.kr/W61001/01exam/20080612/s_pol_mun.pdf
2008,2,6,school_mock,social,politics,solution,manual_review,verified_pending_import,confirmed,official_catalog_and_pdf,not_imported,,https://wdown.ebsi.co.kr/W61001/01exam/20080612/s_pol_hsj.pdf
2008,2,6,school_mock,social,social-culture,question,manual_review,verified_pending_import,confirmed,official_catalog_and_pdf,not_imported,,https://wdown.ebsi.co.kr/W61001/01exam/20080612/s_samun_mun.pdf
2008,2,6,school_mock,social,social-culture,solution,manual_review,verified_pending_import,confirmed,official_catalog_and_pdf,not_imported,,https://wdown.ebsi.co.kr/W61001/01exam/20080612/s_samun_hsj.pdf
2008,2,6,school_mock,social,world-geography,question,manual_review,verified_pending_import,confirmed,official_catalog_and_pdf,not_imported,,https://wdown.ebsi.co.kr/W61001/01exam/20080612/s_saeji_mun.pdf
2008,2,6,school_mock,social,world-geography,solution,manual_review,verified_pending_import,confirmed,official_catalog_and_pdf,not_imported,,https://wdown.ebsi.co.kr/W61001/01exam/20080612/s_saeji_hsj.pdf
2008,2,6,school_mock,social,world-history,question,manual_review,verified_pending_import,confirmed,official_catalog_and_pdf,not_imported,,https://wdown.ebsi.co.kr/W61001/01exam/20080612/s_sks_mun.pdf
2008,2,6,school_mock,social,world-history,solution,manual_review,verified_pending_import,confirmed,official_catalog_and_pdf,not_imported,,https://wdown.ebsi.co.kr/W61001/01exam/20080612/s_sks_hsj.pdf
2008,2,6,school_mock,science,chemistry-1,question,manual_review,verified_pending_import,confirmed,official_catalog_and_pdf,not_imported,,https://wdown.ebsi.co.kr/W61001/01exam/20080612/g_che1_mun.pdf
2008,2,6,school_mock,science,chemistry-1,solution,manual_review,verified_pending_import,confirmed,official_catalog_and_pdf,not_imported,,https://wdown.ebsi.co.kr/W61001/01exam/20080612/g_che1_hsj.pdf
2008,2,6,school_mock,science,earth-science-1,question,manual_review,verified_pending_import,confirmed,official_catalog_and_pdf,not_imported,,https://wdown.ebsi.co.kr/W61001/01exam/20080612/g_ear1_mun.pdf
2008,2,6,school_mock,science,earth-science-1,solution,manual_review,verified_pending_import,confirmed,official_catalog_and_pdf,not_imported,,https://wdown.ebsi.co.kr/W61001/01exam/20080612/g_ear1_hsj.pdf
2008,2,6,school_mock,science,life-science-1,question,manual_review,verified_pending_import,confirmed,official_catalog_and_pdf,not_imported,,https://wdown.ebsi.co.kr/W61001/01exam/20080612/g_bio1_mun.pdf
2008,2,6,school_mock,science,life-science-1,solution,manual_review,verified_pending_import,confirmed,official_catalog_and_pdf,not_imported,,https://wdown.ebsi.co.kr/W61001/01exam/20080612/g_bio1_hsj.pdf
2008,2,6,school_mock,science,physics-1,question,manual_review,verified_pending_import,confirmed,official_catalog_and_pdf,not_imported,,https://wdown.ebsi.co.kr/W61001/01exam/20080612/g_phy1_mun.pdf
2008,2,6,school_mock,science,physics-1,solution,manual_review,verified_pending_import,confirmed,official_catalog_and_pdf,not_imported,,https://wdown.ebsi.co.kr/W61001/01exam/20080612/g_phy1_hsj.pdf
2008,2,9,school_mock,korean,korean-a,question,manual_review,verified_pending_import,confirmed,official_catalog_and_pdf,not_imported,,https://wdown.ebsi.co.kr/W61001/01exam/20080919/kor_mun.pdf
2008,2,9,school_mock,korean,korean-a,solution,manual_review,verified_pending_import,confirmed,official_catalog_and_pdf,not_imported,,https://wdown.ebsi.co.kr/W61001/01exam/20080919/kor_hsj.pdf
2008,2,9,school_mock,math,math-a,question,manual_review,verified_pending_import,confirmed,official_catalog_and_pdf,not_imported,,https://wdown.ebsi.co.kr/W61001/01exam/20080919/mathga_mun.pdf
2008,2,9,school_mock,math,math-a,solution,manual_review,verified_pending_import,confirmed,official_catalog_and_pdf,not_imported,,https://wdown.ebsi.co.kr/W61001/01exam/20080919/mathga_hsj.pdf
2008,2,9,school_mock,math,math-b,question,manual_review,verified_pending_import,confirmed,official_catalog_and_pdf,not_imported,,https://wdown.ebsi.co.kr/W61001/01exam/20080919/mathna_mun.pdf
2008,2,9,school_mock,math,math-b,solution,manual_review,verified_pending_import,confirmed,official_catalog_and_pdf,not_imported,,https://wdown.ebsi.co.kr/W61001/01exam/20080919/mathna_hsj.pdf
2008,2,9,school_mock,english,english-a,question,manual_review,verified_pending_import,confirmed,official_catalog_and_pdf,not_imported,,https://wdown.ebsi.co.kr/W61001/01exam/20080919/eng_mun.pdf
2008,2,9,school_mock,english,english-a,solution,manual_review,verified_pending_import,confirmed,official_catalog_and_pdf,not_imported,,https://wdown.ebsi.co.kr/W61001/01exam/20080919/eng_hsj.pdf
2008,2,9,school_mock,history,,question,manual_review,verified_pending_import,confirmed,official_catalog_and_pdf,not_imported,,https://wdown.ebsi.co.kr/W61001/01exam/20080919/s_his_mun.pdf
2008,2,9,school_mock,history,,solution,manual_review,verified_pending_import,confirmed,official_catalog_and_pdf,not_imported,,https://wdown.ebsi.co.kr/W61001/01exam/20080919/s_his_hsj.pdf
2008,2,9,school_mock,history,korean-modern-history,question,manual_review,verified_pending_import,confirmed,official_catalog_and_pdf,not_imported,,https://wdown.ebsi.co.kr/W61001/01exam/20080919/s_hgh_mun.pdf
2008,2,9,school_mock,history,korean-modern-history,solution,manual_review,verified_pending_import,confirmed,official_catalog_and_pdf,not_imported,,https://wdown.ebsi.co.kr/W61001/01exam/20080919/s_hgh_hsj.pdf
2008,2,9,school_mock,social,economic-geography,question,manual_review,verified_pending_import,confirmed,official_catalog_and_pdf,not_imported,,https://wdown.ebsi.co.kr/W61001/01exam/20080919/s_kyaji_mun.pdf
2008,2,9,school_mock,social,economic-geography,solution,manual_review,verified_pending_import,confirmed,official_catalog_and_pdf,not_imported,,https://wdown.ebsi.co.kr/W61001/01exam/20080919/s_kyaji_hsj.pdf
2008,2,9,school_mock,social,economics,question,manual_review,verified_pending_import,confirmed,official_catalog_and_pdf,not_imported,,https://wdown.ebsi.co.kr/W61001/01exam/20080919/s_eco_mun.pdf
2008,2,9,school_mock,social,economics,solution,manual_review,verified_pending_import,confirmed,official_catalog_and_pdf,not_imported,,https://wdown.ebsi.co.kr/W61001/01exam/20080919/s_eco_hsj.pdf
2008,2,9,school_mock,social,ethics,question,manual_review,verified_pending_import,confirmed,official_catalog_and_pdf,not_imported,,https://wdown.ebsi.co.kr/W61001/01exam/20080919/s_eth_mun.pdf
2008,2,9,school_mock,social,ethics,solution,manual_review,verified_pending_import,confirmed,official_catalog_and_pdf,not_imported,,https://wdown.ebsi.co.kr/W61001/01exam/20080919/s_eth_hsj.pdf
2008,2,9,school_mock,social,korean-geography,question,manual_review,verified_pending_import,confirmed,official_catalog_and_pdf,not_imported,,https://wdown.ebsi.co.kr/W61001/01exam/20080919/s_hanji_mun.pdf
2008,2,9,school_mock,social,korean-geography,solution,manual_review,verified_pending_import,confirmed,official_catalog_and_pdf,not_imported,,https://wdown.ebsi.co.kr/W61001/01exam/20080919/s_hanji_hsj.pdf
2008,2,9,school_mock,social,law-and-society,question,manual_review,verified_pending_import,confirmed,official_catalog_and_pdf,not_imported,,https://wdown.ebsi.co.kr/W61001/01exam/20080919/s_bns_mun.pdf
2008,2,9,school_mock,social,law-and-society,solution,manual_review,verified_pending_import,confirmed,official_catalog_and_pdf,not_imported,,https://wdown.ebsi.co.kr/W61001/01exam/20080919/s_bns_hsj.pdf
2008,2,9,school_mock,social,politics,question,manual_review,verified_pending_import,confirmed,official_catalog_and_pdf,not_imported,,https://wdown.ebsi.co.kr/W61001/01exam/20080919/s_pol_mun.pdf
2008,2,9,school_mock,social,politics,solution,manual_review,verified_pending_import,confirmed,official_catalog_and_pdf,not_imported,,https://wdown.ebsi.co.kr/W61001/01exam/20080919/s_pol_hsj.pdf
2008,2,9,school_mock,social,social-culture,question,manual_review,verified_pending_import,confirmed,official_catalog_and_pdf,not_imported,,https://wdown.ebsi.co.kr/W61001/01exam/20080919/s_samun_mun.pdf
2008,2,9,school_mock,social,social-culture,solution,manual_review,verified_pending_import,confirmed,official_catalog_and_pdf,not_imported,,https://wdown.ebsi.co.kr/W61001/01exam/20080919/s_samun_hsj.pdf
2008,2,9,school_mock,social,world-geography,question,manual_review,verified_pending_import,confirmed,official_catalog_and_pdf,not_imported,,https://wdown.ebsi.co.kr/W61001/01exam/20080919/s_saeji_mun.pdf
2008,2,9,school_mock,social,world-geography,solution,manual_review,verified_pending_import,confirmed,official_catalog_and_pdf,not_imported,,https://wdown.ebsi.co.kr/W61001/01exam/20080919/s_saeji_hsj.pdf
2008,2,9,school_mock,social,world-history,question,manual_review,verified_pending_import,confirmed,official_catalog_and_pdf,not_imported,,https://wdown.ebsi.co.kr/W61001/01exam/20080919/s_sks_mun.pdf
2008,2,9,school_mock,social,world-history,solution,manual_review,verified_pending_import,confirmed,official_catalog_and_pdf,not_imported,,https://wdown.ebsi.co.kr/W61001/01exam/20080919/s_sks_hsj.pdf
2008,2,9,school_mock,science,chemistry-1,question,manual_review,verified_pending_import,confirmed,official_catalog_and_pdf,not_imported,,https://wdown.ebsi.co.kr/W61001/01exam/20080919/g_che1_mun.pdf
2008,2,9,school_mock,science,chemistry-1,solution,manual_review,verified_pending_import,confirmed,official_catalog_and_pdf,not_imported,,https://wdown.ebsi.co.kr/W61001/01exam/20080919/g_che1_hsj.pdf
2008,2,9,school_mock,science,earth-science-1,question,manual_review,verified_pending_import,confirmed,official_catalog_and_pdf,not_imported,,https://wdown.ebsi.co.kr/W61001/01exam/20080919/g_ear1_mun.pdf
2008,2,9,school_mock,science,earth-science-1,solution,manual_review,verified_pending_import,confirmed,official_catalog_and_pdf,not_imported,,https://wdown.ebsi.co.kr/W61001/01exam/20080919/g_ear1_hsj.pdf
2008,2,9,school_mock,science,life-science-1,question,manual_review,verified_pending_import,confirmed,official_catalog_and_pdf,not_imported,,https://wdown.ebsi.co.kr/W61001/01exam/20080919/g_bio1_mun.pdf
2008,2,9,school_mock,science,life-science-1,solution,manual_review,verified_pending_import,confirmed,official_catalog_and_pdf,not_imported,,https://wdown.ebsi.co.kr/W61001/01exam/20080919/g_bio1_hsj.pdf
2008,2,9,school_mock,science,physics-1,question,manual_review,verified_pending_import,confirmed,official_catalog_and_pdf,not_imported,,https://wdown.ebsi.co.kr/W61001/01exam/20080919/g_phy1_mun.pdf
2008,2,9,school_mock,science,physics-1,solution,manual_review,verified_pending_import,confirmed,official_catalog_and_pdf,not_imported,,https://wdown.ebsi.co.kr/W61001/01exam/20080919/g_phy1_hsj.pdf
2008,2,11,school_mock,korean,korean-a,question,manual_review,verified_pending_import,confirmed,official_catalog_and_pdf,not_imported,,https://wdown.ebsi.co.kr/W61001/01exam/20081119/kor_mun.pdf
2008,2,11,school_mock,korean,korean-a,solution,manual_review,verified_pending_import,confirmed,official_catalog_and_pdf,not_imported,,https://wdown.ebsi.co.kr/W61001/01exam/20081119/kor_hsj.pdf
2008,2,11,school_mock,math,math-a,question,manual_review,verified_pending_import,confirmed,official_catalog_and_pdf,not_imported,,https://wdown.ebsi.co.kr/W61001/01exam/20081119/mathga_mun.pdf
2008,2,11,school_mock,math,math-a,solution,manual_review,verified_pending_import,confirmed,official_catalog_and_pdf,not_imported,,https://wdown.ebsi.co.kr/W61001/01exam/20081119/mathga_hsj.pdf
2008,2,11,school_mock,math,math-b,question,manual_review,verified_pending_import,confirmed,official_catalog_and_pdf,not_imported,,https://wdown.ebsi.co.kr/W61001/01exam/20081119/mathna_mun.pdf
2008,2,11,school_mock,math,math-b,solution,manual_review,verified_pending_import,confirmed,official_catalog_and_pdf,not_imported,,https://wdown.ebsi.co.kr/W61001/01exam/20081119/mathna_hsj.pdf
2008,2,11,school_mock,english,english-a,question,manual_review,verified_pending_import,confirmed,official_catalog_and_pdf,not_imported,,https://wdown.ebsi.co.kr/W61001/01exam/20081119/eng_mun.pdf
2008,2,11,school_mock,english,english-a,solution,manual_review,verified_pending_import,confirmed,official_catalog_and_pdf,not_imported,,https://wdown.ebsi.co.kr/W61001/01exam/20081119/eng_hsj.pdf
2008,2,11,school_mock,history,,question,manual_review,verified_pending_import,confirmed,official_catalog_and_pdf,not_imported,,https://wdown.ebsi.co.kr/W61001/01exam/20081119/s_his_mun.pdf
2008,2,11,school_mock,history,,solution,manual_review,verified_pending_import,confirmed,official_catalog_and_pdf,not_imported,,https://wdown.ebsi.co.kr/W61001/01exam/20081119/s_his_hsj.pdf
2008,2,11,school_mock,history,korean-modern-history,question,manual_review,verified_pending_import,confirmed,official_catalog_and_pdf,not_imported,,https://wdown.ebsi.co.kr/W61001/01exam/20081119/s_hgh_mun.pdf
2008,2,11,school_mock,history,korean-modern-history,solution,manual_review,verified_pending_import,confirmed,official_catalog_and_pdf,not_imported,,https://wdown.ebsi.co.kr/W61001/01exam/20081119/s_hgh_hsj.pdf
2008,2,11,school_mock,social,economic-geography,question,manual_review,verified_pending_import,confirmed,official_catalog_and_pdf,not_imported,,https://wdown.ebsi.co.kr/W61001/01exam/20081119/s_kyaji_mun.pdf
2008,2,11,school_mock,social,economic-geography,solution,manual_review,verified_pending_import,confirmed,official_catalog_and_pdf,not_imported,,https://wdown.ebsi.co.kr/W61001/01exam/20081119/s_kyaji_hsj.pdf
2008,2,11,school_mock,social,economics,question,manual_review,verified_pending_import,confirmed,official_catalog_and_pdf,not_imported,,https://wdown.ebsi.co.kr/W61001/01exam/20081119/s_eco_mun.pdf
2008,2,11,school_mock,social,economics,solution,manual_review,verified_pending_import,confirmed,official_catalog_and_pdf,not_imported,,https://wdown.ebsi.co.kr/W61001/01exam/20081119/s_eco_hsj.pdf
2008,2,11,school_mock,social,ethics,question,manual_review,verified_pending_import,confirmed,official_catalog_and_pdf,not_imported,,https://wdown.ebsi.co.kr/W61001/01exam/20081119/s_eth_mun.pdf
2008,2,11,school_mock,social,ethics,solution,manual_review,verified_pending_import,confirmed,official_catalog_and_pdf,not_imported,,https://wdown.ebsi.co.kr/W61001/01exam/20081119/s_eth_hsj.pdf
2008,2,11,school_mock,social,korean-geography,question,manual_review,verified_pending_import,confirmed,official_catalog_and_pdf,not_imported,,https://wdown.ebsi.co.kr/W61001/01exam/20081119/s_hanji_mun.pdf
2008,2,11,school_mock,social,korean-geography,solution,manual_review,verified_pending_import,confirmed,official_catalog_and_pdf,not_imported,,https://wdown.ebsi.co.kr/W61001/01exam/20081119/s_hanji_hsj.pdf
2008,2,11,school_mock,social,law-and-society,question,manual_review,verified_pending_import,confirmed,official_catalog_and_pdf,not_imported,,https://wdown.ebsi.co.kr/W61001/01exam/20081119/s_bns_mun.pdf
2008,2,11,school_mock,social,law-and-society,solution,manual_review,verified_pending_import,confirmed,official_catalog_and_pdf,not_imported,,https://wdown.ebsi.co.kr/W61001/01exam/20081119/s_bns_hsj.pdf
2008,2,11,school_mock,social,politics,question,manual_review,verified_pending_import,confirmed,official_catalog_and_pdf,not_imported,,https://wdown.ebsi.co.kr/W61001/01exam/20081119/s_pol_mun.pdf
2008,2,11,school_mock,social,politics,solution,manual_review,verified_pending_import,confirmed,official_catalog_and_pdf,not_imported,,https://wdown.ebsi.co.kr/W61001/01exam/20081119/s_pol_hsj.pdf
2008,2,11,school_mock,social,social-culture,question,manual_review,verified_pending_import,confirmed,official_catalog_and_pdf,not_imported,,https://wdown.ebsi.co.kr/W61001/01exam/20081119/s_samun_mun.pdf
2008,2,11,school_mock,social,social-culture,solution,manual_review,verified_pending_import,confirmed,official_catalog_and_pdf,not_imported,,https://wdown.ebsi.co.kr/W61001/01exam/20081119/s_samun_hsj.pdf
2008,2,11,school_mock,social,world-geography,question,manual_review,verified_pending_import,confirmed,official_catalog_and_pdf,not_imported,,https://wdown.ebsi.co.kr/W61001/01exam/20081119/s_saeji_mun.pdf
2008,2,11,school_mock,social,world-geography,solution,manual_review,verified_pending_import,confirmed,official_catalog_and_pdf,not_imported,,https://wdown.ebsi.co.kr/W61001/01exam/20081119/s_saeji_hsj.pdf
2008,2,11,school_mock,social,world-history,question,manual_review,verified_pending_import,confirmed,official_catalog_and_pdf,not_imported,,https://wdown.ebsi.co.kr/W61001/01exam/20081119/s_sks_mun.pdf
2008,2,11,school_mock,social,world-history,solution,manual_review,verified_pending_import,confirmed,official_catalog_and_pdf,not_imported,,https://wdown.ebsi.co.kr/W61001/01exam/20081119/s_sks_hsj.pdf
2008,2,11,school_mock,science,chemistry-1,question,manual_review,verified_pending_import,confirmed,official_catalog_and_pdf,not_imported,,https://wdown.ebsi.co.kr/W61001/01exam/20081119/g_che1_mun.pdf
2008,2,11,school_mock,science,chemistry-1,solution,manual_review,verified_pending_import,confirmed,official_catalog_and_pdf,not_imported,,https://wdown.ebsi.co.kr/W61001/01exam/20081119/g_che1_hsj.pdf
2008,2,11,school_mock,science,earth-science-1,question,manual_review,verified_pending_import,confirmed,official_catalog_and_pdf,not_imported,,https://wdown.ebsi.co.kr/W61001/01exam/20081119/g_ear1_mun.pdf
2008,2,11,school_mock,science,earth-science-1,solution,manual_review,verified_pending_import,confirmed,official_catalog_and_pdf,not_imported,,https://wdown.ebsi.co.kr/W61001/01exam/20081119/g_ear1_hsj.pdf
2008,2,11,school_mock,science,life-science-1,question,manual_review,verified_pending_import,confirmed,official_catalog_and_pdf,not_imported,,https://wdown.ebsi.co.kr/W61001/01exam/20081119/g_bio1_mun.pdf
2008,2,11,school_mock,science,life-science-1,solution,manual_review,verified_pending_import,confirmed,official_catalog_and_pdf,not_imported,,https://wdown.ebsi.co.kr/W61001/01exam/20081119/g_bio1_hsj.pdf
2008,2,11,school_mock,science,physics-1,question,manual_review,verified_pending_import,confirmed,official_catalog_and_pdf,not_imported,,https://wdown.ebsi.co.kr/W61001/01exam/20081119/g_phy1_mun.pdf
2008,2,11,school_mock,science,physics-1,solution,manual_review,verified_pending_import,confirmed,official_catalog_and_pdf,not_imported,,https://wdown.ebsi.co.kr/W61001/01exam/20081119/g_phy1_hsj.pdf
2008,2,11,school_mock,vocational,accounting-principles,question,manual_review,verified_pending_import,confirmed,official_catalog_and_pdf,not_imported,,https://wdown.ebsi.co.kr/W61001/01exam/20081119/j_jic12_mun.pdf
2008,2,11,school_mock,vocational,accounting-principles,solution,manual_review,verified_pending_import,confirmed,official_catalog_and_pdf,not_imported,,https://wdown.ebsi.co.kr/W61001/01exam/20081119/j_jic12_hsj.pdf
2008,2,11,school_mock,vocational,agriculture-basics,question,manual_review,verified_pending_import,confirmed,official_catalog_and_pdf,not_imported,,https://wdown.ebsi.co.kr/W61001/01exam/20081119/j_jic10_mun.pdf
2008,2,11,school_mock,vocational,agriculture-basics,solution,manual_review,verified_pending_import,confirmed,official_catalog_and_pdf,not_imported,,https://wdown.ebsi.co.kr/W61001/01exam/20081119/j_jic10_hsj.pdf
2008,2,11,school_mock,vocational,agriculture-information,question,manual_review,verified_pending_import,confirmed,official_catalog_and_pdf,not_imported,,https://wdown.ebsi.co.kr/W61001/01exam/20081119/j_jic01_mun.pdf
2008,2,11,school_mock,vocational,agriculture-information,solution,manual_review,verified_pending_import,confirmed,official_catalog_and_pdf,not_imported,,https://wdown.ebsi.co.kr/W61001/01exam/20081119/j_jic01_hsj.pdf
2008,2,11,school_mock,vocational,agriculture-understanding,question,manual_review,verified_pending_import,confirmed,official_catalog_and_pdf,not_imported,,https://wdown.ebsi.co.kr/W61001/01exam/20081119/J_nsmsup_mun.pdf
2008,2,11,school_mock,vocational,agriculture-understanding,solution,manual_review,verified_pending_import,confirmed,official_catalog_and_pdf,not_imported,,https://wdown.ebsi.co.kr/W61001/01exam/20081119/J_nsmsup_hsj.pdf
2008,2,11,school_mock,vocational,basic-drafting,question,manual_review,verified_pending_import,confirmed,official_catalog_and_pdf,not_imported,,https://wdown.ebsi.co.kr/W61001/01exam/20081119/j_jic11_mun.pdf
2008,2,11,school_mock,vocational,basic-drafting,solution,manual_review,verified_pending_import,confirmed,official_catalog_and_pdf,not_imported,,https://wdown.ebsi.co.kr/W61001/01exam/20081119/j_jic11_hsj.pdf
2008,2,11,school_mock,vocational,commercial-economics,question,manual_review,verified_pending_import,confirmed,official_catalog_and_pdf,not_imported,,https://wdown.ebsi.co.kr/W61001/01exam/20081119/J_nsmsup_mun.pdf
2008,2,11,school_mock,vocational,commercial-economics,solution,manual_review,verified_pending_import,confirmed,official_catalog_and_pdf,not_imported,,https://wdown.ebsi.co.kr/W61001/01exam/20081119/J_nsmsup_hsj.pdf
2008,2,11,school_mock,vocational,design-general,question,manual_review,verified_pending_import,confirmed,official_catalog_and_pdf,not_imported,,https://wdown.ebsi.co.kr/W61001/01exam/20081119/j_jic02_mun.pdf
2008,2,11,school_mock,vocational,design-general,solution,manual_review,verified_pending_import,confirmed,official_catalog_and_pdf,not_imported,,https://wdown.ebsi.co.kr/W61001/01exam/20081119/j_jic02_hsj.pdf
2008,2,11,school_mock,vocational,fisheries-general,question,manual_review,verified_pending_import,confirmed,official_catalog_and_pdf,not_imported,,https://wdown.ebsi.co.kr/W61001/01exam/20081119/j_jic03_mun.pdf
2008,2,11,school_mock,vocational,fisheries-general,solution,manual_review,verified_pending_import,confirmed,official_catalog_and_pdf,not_imported,,https://wdown.ebsi.co.kr/W61001/01exam/20081119/j_jic03_hsj.pdf
2008,2,11,school_mock,vocational,fisheries-shipping-information,question,manual_review,verified_pending_import,confirmed,official_catalog_and_pdf,not_imported,,https://wdown.ebsi.co.kr/W61001/01exam/20081119/J_ssnw_mun.pdf
2008,2,11,school_mock,vocational,fisheries-shipping-information,solution,manual_review,verified_pending_import,confirmed,official_catalog_and_pdf,not_imported,,https://wdown.ebsi.co.kr/W61001/01exam/20081119/J_ssnw_hsj.pdf
2008,2,11,school_mock,vocational,food-and-nutrition,question,manual_review,verified_pending_import,confirmed,official_catalog_and_pdf,not_imported,,https://wdown.ebsi.co.kr/W61001/01exam/20081119/j_jic04_mun.pdf
2008,2,11,school_mock,vocational,food-and-nutrition,solution,manual_review,verified_pending_import,confirmed,official_catalog_and_pdf,not_imported,,https://wdown.ebsi.co.kr/W61001/01exam/20081119/j_jic04_hsj.pdf
2008,2,11,school_mock,vocational,human-development,question,manual_review,verified_pending_import,confirmed,official_catalog_and_pdf,not_imported,,https://wdown.ebsi.co.kr/W61001/01exam/20081119/J_gsnsup_mun.pdf
2008,2,11,school_mock,vocational,human-development,solution,manual_review,verified_pending_import,confirmed,official_catalog_and_pdf,not_imported,,https://wdown.ebsi.co.kr/W61001/01exam/20081119/J_gsnsup_hsj.pdf
2008,2,11,school_mock,vocational,industry-intro,question,manual_review,verified_pending_import,confirmed,official_catalog_and_pdf,not_imported,,https://wdown.ebsi.co.kr/W61001/01exam/20081119/J_gup_mun.pdf
2008,2,11,school_mock,vocational,industry-intro,solution,manual_review,verified_pending_import,confirmed,official_catalog_and_pdf,not_imported,,https://wdown.ebsi.co.kr/W61001/01exam/20081119/J_gup_hsj.pdf
2008,2,11,school_mock,vocational,information-technology-basics,question,manual_review,verified_pending_import,confirmed,official_catalog_and_pdf,not_imported,,https://wdown.ebsi.co.kr/W61001/01exam/20081119/j_jic05_mun.pdf
2008,2,11,school_mock,vocational,information-technology-basics,solution,manual_review,verified_pending_import,confirmed,official_catalog_and_pdf,not_imported,,https://wdown.ebsi.co.kr/W61001/01exam/20081119/j_jic05_hsj.pdf
2008,2,11,school_mock,vocational,maritime-general,question,manual_review,verified_pending_import,confirmed,official_catalog_and_pdf,not_imported,,https://wdown.ebsi.co.kr/W61001/01exam/20081119/j_jic07_mun.pdf
2008,2,11,school_mock,vocational,maritime-general,solution,manual_review,verified_pending_import,confirmed,official_catalog_and_pdf,not_imported,,https://wdown.ebsi.co.kr/W61001/01exam/20081119/j_jic07_hsj.pdf
2008,2,11,school_mock,vocational,ocean-general,question,manual_review,verified_pending_import,confirmed,official_catalog_and_pdf,not_imported,,https://wdown.ebsi.co.kr/W61001/01exam/20081119/J_ssnw_mun.pdf
2008,2,11,school_mock,vocational,ocean-general,solution,manual_review,verified_pending_import,confirmed,official_catalog_and_pdf,not_imported,,https://wdown.ebsi.co.kr/W61001/01exam/20081119/J_ssnw_hsj.pdf
2008,2,11,school_mock,vocational,programming,question,manual_review,verified_pending_import,confirmed,official_catalog_and_pdf,not_imported,,https://wdown.ebsi.co.kr/W61001/01exam/20081119/j_jic06_mun.pdf
2008,2,11,school_mock,vocational,programming,solution,manual_review,verified_pending_import,confirmed,official_catalog_and_pdf,not_imported,,https://wdown.ebsi.co.kr/W61001/01exam/20081119/j_jic06_hsj.pdf
2008,2,11,school_mock,second_language,chinese-1,question,manual_review,verified_pending_import,confirmed,official_catalog_and_pdf,not_imported,,https://wdown.ebsi.co.kr/W61001/01exam/20081119/2nd_ch1_mun.pdf
2008,2,11,school_mock,second_language,chinese-1,solution,manual_review,verified_pending_import,confirmed,official_catalog_and_pdf,not_imported,,https://wdown.ebsi.co.kr/W61001/01exam/20081119/2nd_ch1_hsj.pdf
2008,2,11,school_mock,second_language,classical-chinese-1,question,manual_review,verified_pending_import,confirmed,official_catalog_and_pdf,not_imported,,https://wdown.ebsi.co.kr/W61001/01exam/20081119/2nd_han_mun.pdf
2008,2,11,school_mock,second_language,classical-chinese-1,solution,manual_review,verified_pending_import,confirmed,official_catalog_and_pdf,not_imported,,https://wdown.ebsi.co.kr/W61001/01exam/20081119/2nd_han_hsj.pdf
2008,2,11,school_mock,second_language,french-1,question,manual_review,verified_pending_import,confirmed,official_catalog_and_pdf,not_imported,,https://wdown.ebsi.co.kr/W61001/01exam/20081119/2nd_fr1_mun.pdf
2008,2,11,school_mock,second_language,french-1,solution,manual_review,verified_pending_import,confirmed,official_catalog_and_pdf,not_imported,,https://wdown.ebsi.co.kr/W61001/01exam/20081119/2nd_fr1_hsj.pdf
2008,2,11,school_mock,second_language,german-1,question,manual_review,verified_pending_import,confirmed,official_catalog_and_pdf,not_imported,,https://wdown.ebsi.co.kr/W61001/01exam/20081119/2nd_gr1_mun.pdf
2008,2,11,school_mock,second_language,german-1,solution,manual_review,verified_pending_import,confirmed,official_catalog_and_pdf,not_imported,,https://wdown.ebsi.co.kr/W61001/01exam/20081119/2nd_gr1_hsj.pdf
2008,2,11,school_mock,second_language,japanese-1,question,manual_review,verified_pending_import,confirmed,official_catalog_and_pdf,not_imported,,https://wdown.ebsi.co.kr/W61001/01exam/20081119/2nd_ja1_mun.pdf
2008,2,11,school_mock,second_language,japanese-1,solution,manual_review,verified_pending_import,confirmed,official_catalog_and_pdf,not_imported,,https://wdown.ebsi.co.kr/W61001/01exam/20081119/2nd_ja1_hsj.pdf
2008,2,11,school_mock,second_language,russian-1,question,manual_review,verified_pending_import,confirmed,official_catalog_and_pdf,not_imported,,https://wdown.ebsi.co.kr/W61001/01exam/20081119/2nd_ru1_mun.pdf
2008,2,11,school_mock,second_language,russian-1,solution,manual_review,verified_pending_import,confirmed,official_catalog_and_pdf,not_imported,,https://wdown.ebsi.co.kr/W61001/01exam/20081119/2nd_ru1_hsj.pdf
2008,2,11,school_mock,second_language,spanish-1,question,manual_review,verified_pending_import,confirmed,official_catalog_and_pdf,not_imported,,https://wdown.ebsi.co.kr/W61001/01exam/20081119/2nd_sp1_mun.pdf
2008,2,11,school_mock,second_language,spanish-1,solution,manual_review,verified_pending_import,confirmed,official_catalog_and_pdf,not_imported,,https://wdown.ebsi.co.kr/W61001/01exam/20081119/2nd_sp1_hsj.pdf
2008,3,3,school_mock,korean,korean-old,question,manual_review,verified_pending_import,confirmed,official_catalog_and_pdf,not_imported,,https://wdown.ebsi.co.kr/W61001/01exam/20080314/kor_mun.pdf
2008,3,3,school_mock,korean,korean-old,solution,manual_review,verified_pending_import,confirmed,official_catalog_and_pdf,not_imported,,https://wdown.ebsi.co.kr/W61001/01exam/20080314/kor_hsj.pdf
2008,3,3,school_mock,math,math-a,question,manual_review,verified_pending_import,confirmed,official_catalog_and_pdf,not_imported,,https://wdown.ebsi.co.kr/W61001/01exam/20080314/mathga_mun.pdf
2008,3,3,school_mock,math,math-a,solution,manual_review,verified_pending_import,confirmed,official_catalog_and_pdf,not_imported,,https://wdown.ebsi.co.kr/W61001/01exam/20080314/mathga_hsj.pdf
2008,3,3,school_mock,math,math-b,question,manual_review,verified_pending_import,confirmed,official_catalog_and_pdf,not_imported,,https://wdown.ebsi.co.kr/W61001/01exam/20080314/mathna_mun.pdf
2008,3,3,school_mock,math,math-b,solution,manual_review,verified_pending_import,confirmed,official_catalog_and_pdf,not_imported,,https://wdown.ebsi.co.kr/W61001/01exam/20080314/mathna_hsj.pdf
2008,3,3,school_mock,english,english-old,question,manual_review,verified_pending_import,confirmed,official_catalog_and_pdf,not_imported,,https://wdown.ebsi.co.kr/W61001/01exam/20080314/eng_mun.pdf
2008,3,3,school_mock,english,english-old,solution,manual_review,verified_pending_import,confirmed,official_catalog_and_pdf,not_imported,,https://wdown.ebsi.co.kr/W61001/01exam/20080314/eng_hsj.pdf
2008,3,3,school_mock,history,,question,manual_review,verified_pending_import,confirmed,official_catalog_and_pdf,not_imported,,https://wdown.ebsi.co.kr/W61001/01exam/20080314/s_his_mun.pdf
2008,3,3,school_mock,history,,solution,manual_review,verified_pending_import,confirmed,official_catalog_and_pdf,not_imported,,https://wdown.ebsi.co.kr/W61001/01exam/20080314/s_his_hsj.pdf
2008,3,3,school_mock,history,korean-modern-history,question,manual_review,verified_pending_import,confirmed,official_catalog_and_pdf,not_imported,,https://wdown.ebsi.co.kr/W61001/01exam/20080314/s_hgh_mun.pdf
2008,3,3,school_mock,history,korean-modern-history,solution,manual_review,verified_pending_import,confirmed,official_catalog_and_pdf,not_imported,,https://wdown.ebsi.co.kr/W61001/01exam/20080314/s_hgh_hsj.pdf
2008,3,3,school_mock,social,economic-geography,question,manual_review,verified_pending_import,confirmed,official_catalog_and_pdf,not_imported,,https://wdown.ebsi.co.kr/W61001/01exam/20080314/s_kyaji_mun.pdf
2008,3,3,school_mock,social,economic-geography,solution,manual_review,verified_pending_import,confirmed,official_catalog_and_pdf,not_imported,,https://wdown.ebsi.co.kr/W61001/01exam/20080314/s_kyaji_hsj.pdf
2008,3,3,school_mock,social,economics,question,manual_review,verified_pending_import,confirmed,official_catalog_and_pdf,not_imported,,https://wdown.ebsi.co.kr/W61001/01exam/20080314/s_eco_mun.pdf
2008,3,3,school_mock,social,economics,solution,manual_review,verified_pending_import,confirmed,official_catalog_and_pdf,not_imported,,https://wdown.ebsi.co.kr/W61001/01exam/20080314/s_eco_hsj.pdf
2008,3,3,school_mock,social,ethics,question,manual_review,verified_pending_import,confirmed,official_catalog_and_pdf,not_imported,,https://wdown.ebsi.co.kr/W61001/01exam/20080314/s_eth_mun.pdf
2008,3,3,school_mock,social,ethics,solution,manual_review,verified_pending_import,confirmed,official_catalog_and_pdf,not_imported,,https://wdown.ebsi.co.kr/W61001/01exam/20080314/s_eth_hsj.pdf
2008,3,3,school_mock,social,korean-geography,question,manual_review,verified_pending_import,confirmed,official_catalog_and_pdf,not_imported,,https://wdown.ebsi.co.kr/W61001/01exam/20080314/s_hanji_mun.pdf
2008,3,3,school_mock,social,korean-geography,solution,manual_review,verified_pending_import,confirmed,official_catalog_and_pdf,not_imported,,https://wdown.ebsi.co.kr/W61001/01exam/20080314/s_hanji_hsj.pdf
2008,3,3,school_mock,social,law-and-society,question,manual_review,verified_pending_import,confirmed,official_catalog_and_pdf,not_imported,,https://wdown.ebsi.co.kr/W61001/01exam/20080314/s_bns_mun.pdf
2008,3,3,school_mock,social,law-and-society,solution,manual_review,verified_pending_import,confirmed,official_catalog_and_pdf,not_imported,,https://wdown.ebsi.co.kr/W61001/01exam/20080314/s_bns_hsj.pdf
2008,3,3,school_mock,social,politics,question,manual_review,verified_pending_import,confirmed,official_catalog_and_pdf,not_imported,,https://wdown.ebsi.co.kr/W61001/01exam/20080314/s_pol_mun.pdf
2008,3,3,school_mock,social,politics,solution,manual_review,verified_pending_import,confirmed,official_catalog_and_pdf,not_imported,,https://wdown.ebsi.co.kr/W61001/01exam/20080314/s_pol_hsj.pdf
2008,3,3,school_mock,social,social-culture,question,manual_review,verified_pending_import,confirmed,official_catalog_and_pdf,not_imported,,https://wdown.ebsi.co.kr/W61001/01exam/20080314/s_samun_mun.pdf
2008,3,3,school_mock,social,social-culture,solution,manual_review,verified_pending_import,confirmed,official_catalog_and_pdf,not_imported,,https://wdown.ebsi.co.kr/W61001/01exam/20080314/s_samun_hsj.pdf
2008,3,3,school_mock,social,world-geography,question,manual_review,verified_pending_import,confirmed,official_catalog_and_pdf,not_imported,,https://wdown.ebsi.co.kr/W61001/01exam/20080314/s_saeji_mun.pdf
2008,3,3,school_mock,social,world-geography,solution,manual_review,verified_pending_import,confirmed,official_catalog_and_pdf,not_imported,,https://wdown.ebsi.co.kr/W61001/01exam/20080314/s_saeji_hsj.pdf
2008,3,3,school_mock,social,world-history,question,manual_review,verified_pending_import,confirmed,official_catalog_and_pdf,not_imported,,https://wdown.ebsi.co.kr/W61001/01exam/20080314/s_sks_mun.pdf
2008,3,3,school_mock,social,world-history,solution,manual_review,verified_pending_import,confirmed,official_catalog_and_pdf,not_imported,,https://wdown.ebsi.co.kr/W61001/01exam/20080314/s_sks_hsj.pdf
2008,3,3,school_mock,science,chemistry-1,question,manual_review,verified_pending_import,confirmed,official_catalog_and_pdf,not_imported,,https://wdown.ebsi.co.kr/W61001/01exam/20080314/g_che1_mun.pdf
2008,3,3,school_mock,science,chemistry-1,solution,manual_review,verified_pending_import,confirmed,official_catalog_and_pdf,not_imported,,https://wdown.ebsi.co.kr/W61001/01exam/20080314/g_che1_hsj.pdf
2008,3,3,school_mock,science,earth-science-1,question,manual_review,verified_pending_import,confirmed,official_catalog_and_pdf,not_imported,,https://wdown.ebsi.co.kr/W61001/01exam/20080314/g_ear1_mun.pdf
2008,3,3,school_mock,science,earth-science-1,solution,manual_review,verified_pending_import,confirmed,official_catalog_and_pdf,not_imported,,https://wdown.ebsi.co.kr/W61001/01exam/20080314/g_ear1_hsj.pdf
2008,3,3,school_mock,science,life-science-1,question,manual_review,verified_pending_import,confirmed,official_catalog_and_pdf,not_imported,,https://wdown.ebsi.co.kr/W61001/01exam/20080314/g_bio1_mun.pdf
2008,3,3,school_mock,science,life-science-1,solution,manual_review,verified_pending_import,confirmed,official_catalog_and_pdf,not_imported,,https://wdown.ebsi.co.kr/W61001/01exam/20080314/g_bio1_hsj.pdf
2008,3,3,school_mock,science,physics-1,question,manual_review,verified_pending_import,confirmed,official_catalog_and_pdf,not_imported,,https://wdown.ebsi.co.kr/W61001/01exam/20080314/g_phy1_mun.pdf
2008,3,3,school_mock,science,physics-1,solution,manual_review,verified_pending_import,confirmed,official_catalog_and_pdf,not_imported,,https://wdown.ebsi.co.kr/W61001/01exam/20080314/g_phy1_hsj.pdf
2008,3,4,school_mock,korean,korean-old,question,manual_review,verified_pending_import,confirmed,official_catalog_and_pdf,not_imported,,https://wdown.ebsi.co.kr/W61001/01exam/20080415/kor_mun.pdf
2008,3,4,school_mock,korean,korean-old,solution,manual_review,verified_pending_import,confirmed,official_catalog_and_pdf,not_imported,,https://wdown.ebsi.co.kr/W61001/01exam/20080415/kor_hsj.pdf
2008,3,4,school_mock,math,math-a,question,manual_review,verified_pending_import,confirmed,official_catalog_and_pdf,not_imported,,https://wdown.ebsi.co.kr/W61001/01exam/20080415/mathga_mun.pdf
2008,3,4,school_mock,math,math-a,solution,manual_review,verified_pending_import,confirmed,official_catalog_and_pdf,not_imported,,https://wdown.ebsi.co.kr/W61001/01exam/20080415/mathga_hsj.pdf
2008,3,4,school_mock,math,math-b,question,manual_review,verified_pending_import,confirmed,official_catalog_and_pdf,not_imported,,https://wdown.ebsi.co.kr/W61001/01exam/20080415/mathna_mun.pdf
2008,3,4,school_mock,math,math-b,solution,manual_review,verified_pending_import,confirmed,official_catalog_and_pdf,not_imported,,https://wdown.ebsi.co.kr/W61001/01exam/20080415/mathna_hsj.pdf
2008,3,4,school_mock,english,english-old,question,manual_review,verified_pending_import,confirmed,official_catalog_and_pdf,not_imported,,https://wdown.ebsi.co.kr/W61001/01exam/20080415/eng_mun.pdf
2008,3,4,school_mock,english,english-old,solution,manual_review,verified_pending_import,confirmed,official_catalog_and_pdf,not_imported,,https://wdown.ebsi.co.kr/W61001/01exam/20080415/eng_hsj.pdf
2008,3,4,school_mock,history,,question,manual_review,verified_pending_import,confirmed,official_catalog_and_pdf,not_imported,,https://wdown.ebsi.co.kr/W61001/01exam/20080415/s_his_mun.pdf
2008,3,4,school_mock,history,,solution,manual_review,verified_pending_import,confirmed,official_catalog_and_pdf,not_imported,,https://wdown.ebsi.co.kr/W61001/01exam/20080415/s_his_hsj.pdf
2008,3,4,school_mock,history,korean-modern-history,question,manual_review,verified_pending_import,confirmed,official_catalog_and_pdf,not_imported,,https://wdown.ebsi.co.kr/W61001/01exam/20080415/s_hgh_mun.pdf
2008,3,4,school_mock,history,korean-modern-history,solution,manual_review,verified_pending_import,confirmed,official_catalog_and_pdf,not_imported,,https://wdown.ebsi.co.kr/W61001/01exam/20080415/s_hgh_hsj.pdf
2008,3,4,school_mock,social,economic-geography,question,manual_review,verified_pending_import,confirmed,official_catalog_and_pdf,not_imported,,https://wdown.ebsi.co.kr/W61001/01exam/20080415/s_kyaji_mun.pdf
2008,3,4,school_mock,social,economic-geography,solution,manual_review,verified_pending_import,confirmed,official_catalog_and_pdf,not_imported,,https://wdown.ebsi.co.kr/W61001/01exam/20080415/s_kyaji_hsj.pdf
2008,3,4,school_mock,social,economics,question,manual_review,verified_pending_import,confirmed,official_catalog_and_pdf,not_imported,,https://wdown.ebsi.co.kr/W61001/01exam/20080415/s_eco_mun.pdf
2008,3,4,school_mock,social,economics,solution,manual_review,verified_pending_import,confirmed,official_catalog_and_pdf,not_imported,,https://wdown.ebsi.co.kr/W61001/01exam/20080415/s_eco_hsj.pdf
2008,3,4,school_mock,social,ethics,question,manual_review,verified_pending_import,confirmed,official_catalog_and_pdf,not_imported,,https://wdown.ebsi.co.kr/W61001/01exam/20080415/s_eth_mun.pdf
2008,3,4,school_mock,social,ethics,solution,manual_review,verified_pending_import,confirmed,official_catalog_and_pdf,not_imported,,https://wdown.ebsi.co.kr/W61001/01exam/20080415/s_eth_hsj.pdf
2008,3,4,school_mock,social,korean-geography,question,manual_review,verified_pending_import,confirmed,official_catalog_and_pdf,not_imported,,https://wdown.ebsi.co.kr/W61001/01exam/20080415/s_hanji_mun.pdf
2008,3,4,school_mock,social,korean-geography,solution,manual_review,verified_pending_import,confirmed,official_catalog_and_pdf,not_imported,,https://wdown.ebsi.co.kr/W61001/01exam/20080415/s_hanji_hsj.pdf
2008,3,4,school_mock,social,law-and-society,question,manual_review,verified_pending_import,confirmed,official_catalog_and_pdf,not_imported,,https://wdown.ebsi.co.kr/W61001/01exam/20080415/s_bns_mun.pdf
2008,3,4,school_mock,social,law-and-society,solution,manual_review,verified_pending_import,confirmed,official_catalog_and_pdf,not_imported,,https://wdown.ebsi.co.kr/W61001/01exam/20080415/s_bns_hsj.pdf
2008,3,4,school_mock,social,politics,question,manual_review,verified_pending_import,confirmed,official_catalog_and_pdf,not_imported,,https://wdown.ebsi.co.kr/W61001/01exam/20080415/s_pol_mun.pdf
2008,3,4,school_mock,social,politics,solution,manual_review,verified_pending_import,confirmed,official_catalog_and_pdf,not_imported,,https://wdown.ebsi.co.kr/W61001/01exam/20080415/s_pol_hsj.pdf
2008,3,4,school_mock,social,social-culture,question,manual_review,verified_pending_import,confirmed,official_catalog_and_pdf,not_imported,,https://wdown.ebsi.co.kr/W61001/01exam/20080415/s_samun_mun.pdf
2008,3,4,school_mock,social,social-culture,solution,manual_review,verified_pending_import,confirmed,official_catalog_and_pdf,not_imported,,https://wdown.ebsi.co.kr/W61001/01exam/20080415/s_samun_hsj.pdf
2008,3,4,school_mock,social,world-geography,question,manual_review,verified_pending_import,confirmed,official_catalog_and_pdf,not_imported,,https://wdown.ebsi.co.kr/W61001/01exam/20080415/s_saeji_mun.pdf
2008,3,4,school_mock,social,world-geography,solution,manual_review,verified_pending_import,confirmed,official_catalog_and_pdf,not_imported,,https://wdown.ebsi.co.kr/W61001/01exam/20080415/s_saeji_hsj.pdf
2008,3,4,school_mock,social,world-history,question,manual_review,verified_pending_import,confirmed,official_catalog_and_pdf,not_imported,,https://wdown.ebsi.co.kr/W61001/01exam/20080415/s_sks_mun.pdf
2008,3,4,school_mock,social,world-history,solution,manual_review,verified_pending_import,confirmed,official_catalog_and_pdf,not_imported,,https://wdown.ebsi.co.kr/W61001/01exam/20080415/s_sks_hsj.pdf
2008,3,4,school_mock,science,chemistry-1,question,manual_review,verified_pending_import,confirmed,official_catalog_and_pdf,not_imported,,https://wdown.ebsi.co.kr/W61001/01exam/20080415/g_che1_mun.pdf
2008,3,4,school_mock,science,chemistry-1,solution,manual_review,verified_pending_import,confirmed,official_catalog_and_pdf,not_imported,,https://wdown.ebsi.co.kr/W61001/01exam/20080415/g_che1_hsj.pdf
2008,3,4,school_mock,science,chemistry-2,question,manual_review,verified_pending_import,confirmed,official_catalog_and_pdf,not_imported,,https://wdown.ebsi.co.kr/W61001/01exam/20080415/g_che2_mun.pdf
2008,3,4,school_mock,science,chemistry-2,solution,manual_review,verified_pending_import,confirmed,official_catalog_and_pdf,not_imported,,https://wdown.ebsi.co.kr/W61001/01exam/20080415/g_che2_hsj.pdf
2008,3,4,school_mock,science,earth-science-1,question,manual_review,verified_pending_import,confirmed,official_catalog_and_pdf,not_imported,,https://wdown.ebsi.co.kr/W61001/01exam/20080415/g_ear1_mun.pdf
2008,3,4,school_mock,science,earth-science-1,solution,manual_review,verified_pending_import,confirmed,official_catalog_and_pdf,not_imported,,https://wdown.ebsi.co.kr/W61001/01exam/20080415/g_ear1_hsj.pdf
2008,3,4,school_mock,science,earth-science-2,question,manual_review,verified_pending_import,confirmed,official_catalog_and_pdf,not_imported,,https://wdown.ebsi.co.kr/W61001/01exam/20080415/g_ear2_mun.pdf
2008,3,4,school_mock,science,earth-science-2,solution,manual_review,verified_pending_import,confirmed,official_catalog_and_pdf,not_imported,,https://wdown.ebsi.co.kr/W61001/01exam/20080415/g_ear2_hsj.pdf
2008,3,4,school_mock,science,life-science-1,question,manual_review,verified_pending_import,confirmed,official_catalog_and_pdf,not_imported,,https://wdown.ebsi.co.kr/W61001/01exam/20080415/g_bio1_mun.pdf
2008,3,4,school_mock,science,life-science-1,solution,manual_review,verified_pending_import,confirmed,official_catalog_and_pdf,not_imported,,https://wdown.ebsi.co.kr/W61001/01exam/20080415/g_bio1_hsj.pdf
2008,3,4,school_mock,science,life-science-2,question,manual_review,verified_pending_import,confirmed,official_catalog_and_pdf,not_imported,,https://wdown.ebsi.co.kr/W61001/01exam/20080415/g_bio2_mun.pdf
2008,3,4,school_mock,science,life-science-2,solution,manual_review,verified_pending_import,confirmed,official_catalog_and_pdf,not_imported,,https://wdown.ebsi.co.kr/W61001/01exam/20080415/g_bio2_hsj.pdf
2008,3,4,school_mock,science,physics-1,question,manual_review,verified_pending_import,confirmed,official_catalog_and_pdf,not_imported,,https://wdown.ebsi.co.kr/W61001/01exam/20080415/g_phy1_mun.pdf
2008,3,4,school_mock,science,physics-1,solution,manual_review,verified_pending_import,confirmed,official_catalog_and_pdf,not_imported,,https://wdown.ebsi.co.kr/W61001/01exam/20080415/g_phy1_hsj.pdf
2008,3,4,school_mock,science,physics-2,question,manual_review,verified_pending_import,confirmed,official_catalog_and_pdf,not_imported,,https://wdown.ebsi.co.kr/W61001/01exam/20080415/g_phy2_mun.pdf
2008,3,4,school_mock,science,physics-2,solution,manual_review,verified_pending_import,confirmed,official_catalog_and_pdf,not_imported,,https://wdown.ebsi.co.kr/W61001/01exam/20080415/g_phy2_hsj.pdf
2008,3,6,kice_mock,korean,korean-old,question,manual_review,verified_pending_import,confirmed,official_catalog_and_pdf,not_imported,,https://wdown.ebsi.co.kr/W61001/01exam/20080604/kor_mun.pdf
2008,3,6,kice_mock,korean,korean-old,solution,manual_review,verified_pending_import,confirmed,official_catalog_and_pdf,not_imported,,https://wdown.ebsi.co.kr/W61001/01exam/20080604/kor_hsj.pdf
2008,3,6,kice_mock,math,math-a,question,manual_review,verified_pending_import,confirmed,official_catalog_and_pdf,not_imported,,https://wdown.ebsi.co.kr/W61001/01exam/20080604/mathga_mun.pdf
2008,3,6,kice_mock,math,math-a,solution,manual_review,verified_pending_import,confirmed,official_catalog_and_pdf,not_imported,,https://wdown.ebsi.co.kr/W61001/01exam/20080604/mathga_hsj.pdf
2008,3,6,kice_mock,math,math-b,question,manual_review,verified_pending_import,confirmed,official_catalog_and_pdf,not_imported,,https://wdown.ebsi.co.kr/W61001/01exam/20080604/mathna_mun.pdf
2008,3,6,kice_mock,math,math-b,solution,manual_review,verified_pending_import,confirmed,official_catalog_and_pdf,not_imported,,https://wdown.ebsi.co.kr/W61001/01exam/20080604/mathna_hsj.pdf
2008,3,6,kice_mock,english,english-old,question,manual_review,verified_pending_import,confirmed,official_catalog_and_pdf,not_imported,,https://wdown.ebsi.co.kr/W61001/01exam/20080604/eng_mun.pdf
2008,3,6,kice_mock,english,english-old,solution,manual_review,verified_pending_import,confirmed,official_catalog_and_pdf,not_imported,,https://wdown.ebsi.co.kr/W61001/01exam/20080604/eng_hsj.pdf
2008,3,6,kice_mock,history,,question,manual_review,verified_pending_import,confirmed,official_catalog_and_pdf,not_imported,,https://wdown.ebsi.co.kr/W61001/01exam/20080604/s_his_mun.pdf
2008,3,6,kice_mock,history,,solution,manual_review,verified_pending_import,confirmed,official_catalog_and_pdf,not_imported,,https://wdown.ebsi.co.kr/W61001/01exam/20080604/s_his_hsj.pdf
2008,3,6,kice_mock,history,korean-modern-history,question,manual_review,verified_pending_import,confirmed,official_catalog_and_pdf,not_imported,,https://wdown.ebsi.co.kr/W61001/01exam/20080604/s_hgh_mun.pdf
2008,3,6,kice_mock,history,korean-modern-history,solution,manual_review,verified_pending_import,confirmed,official_catalog_and_pdf,not_imported,,https://wdown.ebsi.co.kr/W61001/01exam/20080604/s_hgh_hsj.pdf
2008,3,6,kice_mock,social,economic-geography,question,manual_review,verified_pending_import,confirmed,official_catalog_and_pdf,not_imported,,https://wdown.ebsi.co.kr/W61001/01exam/20080604/s_kyaji_mun.pdf
2008,3,6,kice_mock,social,economic-geography,solution,manual_review,verified_pending_import,confirmed,official_catalog_and_pdf,not_imported,,https://wdown.ebsi.co.kr/W61001/01exam/20080604/s_kyaji_hsj.pdf
2008,3,6,kice_mock,social,economics,question,manual_review,verified_pending_import,confirmed,official_catalog_and_pdf,not_imported,,https://wdown.ebsi.co.kr/W61001/01exam/20080604/s_eco_mun.pdf
2008,3,6,kice_mock,social,economics,solution,manual_review,verified_pending_import,confirmed,official_catalog_and_pdf,not_imported,,https://wdown.ebsi.co.kr/W61001/01exam/20080604/s_eco_hsj.pdf
2008,3,6,kice_mock,social,ethics,question,manual_review,verified_pending_import,confirmed,official_catalog_and_pdf,not_imported,,https://wdown.ebsi.co.kr/W61001/01exam/20080604/s_eth_mun.pdf
2008,3,6,kice_mock,social,ethics,solution,manual_review,verified_pending_import,confirmed,official_catalog_and_pdf,not_imported,,https://wdown.ebsi.co.kr/W61001/01exam/20080604/s_eth_hsj.pdf
2008,3,6,kice_mock,social,korean-geography,question,manual_review,verified_pending_import,confirmed,official_catalog_and_pdf,not_imported,,https://wdown.ebsi.co.kr/W61001/01exam/20080604/s_hanji_mun.pdf
2008,3,6,kice_mock,social,korean-geography,solution,manual_review,verified_pending_import,confirmed,official_catalog_and_pdf,not_imported,,https://wdown.ebsi.co.kr/W61001/01exam/20080604/s_hanji_hsj.pdf
2008,3,6,kice_mock,social,law-and-society,question,manual_review,verified_pending_import,confirmed,official_catalog_and_pdf,not_imported,,https://wdown.ebsi.co.kr/W61001/01exam/20080604/s_bns_mun.pdf
2008,3,6,kice_mock,social,law-and-society,solution,manual_review,verified_pending_import,confirmed,official_catalog_and_pdf,not_imported,,https://wdown.ebsi.co.kr/W61001/01exam/20080604/s_bns_hsj.pdf
2008,3,6,kice_mock,social,politics,question,manual_review,verified_pending_import,confirmed,official_catalog_and_pdf,not_imported,,https://wdown.ebsi.co.kr/W61001/01exam/20080604/s_pol_mun.pdf
2008,3,6,kice_mock,social,politics,solution,manual_review,verified_pending_import,confirmed,official_catalog_and_pdf,not_imported,,https://wdown.ebsi.co.kr/W61001/01exam/20080604/s_pol_hsj.pdf
2008,3,6,kice_mock,social,social-culture,question,manual_review,verified_pending_import,confirmed,official_catalog_and_pdf,not_imported,,https://wdown.ebsi.co.kr/W61001/01exam/20080604/s_samun_mun.pdf
2008,3,6,kice_mock,social,social-culture,solution,manual_review,verified_pending_import,confirmed,official_catalog_and_pdf,not_imported,,https://wdown.ebsi.co.kr/W61001/01exam/20080604/s_samun_hsj.pdf
2008,3,6,kice_mock,social,world-geography,question,manual_review,verified_pending_import,confirmed,official_catalog_and_pdf,not_imported,,https://wdown.ebsi.co.kr/W61001/01exam/20080604/s_saeji_mun.pdf
2008,3,6,kice_mock,social,world-geography,solution,manual_review,verified_pending_import,confirmed,official_catalog_and_pdf,not_imported,,https://wdown.ebsi.co.kr/W61001/01exam/20080604/s_saeji_hsj.pdf
2008,3,6,kice_mock,social,world-history,question,manual_review,verified_pending_import,confirmed,official_catalog_and_pdf,not_imported,,https://wdown.ebsi.co.kr/W61001/01exam/20080604/s_sks_mun.pdf
2008,3,6,kice_mock,social,world-history,solution,manual_review,verified_pending_import,confirmed,official_catalog_and_pdf,not_imported,,https://wdown.ebsi.co.kr/W61001/01exam/20080604/s_sks_hsj.pdf
2008,3,6,kice_mock,science,chemistry-1,question,manual_review,verified_pending_import,confirmed,official_catalog_and_pdf,not_imported,,https://wdown.ebsi.co.kr/W61001/01exam/20080604/g_che1_mun.pdf
2008,3,6,kice_mock,science,chemistry-1,solution,manual_review,verified_pending_import,confirmed,official_catalog_and_pdf,not_imported,,https://wdown.ebsi.co.kr/W61001/01exam/20080604/g_che1_hsj.pdf
2008,3,6,kice_mock,science,chemistry-2,question,manual_review,verified_pending_import,confirmed,official_catalog_and_pdf,not_imported,,https://wdown.ebsi.co.kr/W61001/01exam/20080604/g_che2_mun.pdf
2008,3,6,kice_mock,science,chemistry-2,solution,manual_review,verified_pending_import,confirmed,official_catalog_and_pdf,not_imported,,https://wdown.ebsi.co.kr/W61001/01exam/20080604/g_che2_hsj.pdf
2008,3,6,kice_mock,science,earth-science-1,question,manual_review,verified_pending_import,confirmed,official_catalog_and_pdf,not_imported,,https://wdown.ebsi.co.kr/W61001/01exam/20080604/g_ear1_mun.pdf
2008,3,6,kice_mock,science,earth-science-1,solution,manual_review,verified_pending_import,confirmed,official_catalog_and_pdf,not_imported,,https://wdown.ebsi.co.kr/W61001/01exam/20080604/g_ear1_hsj.pdf
2008,3,6,kice_mock,science,earth-science-2,question,manual_review,verified_pending_import,confirmed,official_catalog_and_pdf,not_imported,,https://wdown.ebsi.co.kr/W61001/01exam/20080604/g_ear2_mun.pdf
2008,3,6,kice_mock,science,earth-science-2,solution,manual_review,verified_pending_import,confirmed,official_catalog_and_pdf,not_imported,,https://wdown.ebsi.co.kr/W61001/01exam/20080604/g_ear2_hsj.pdf
2008,3,6,kice_mock,science,life-science-1,question,manual_review,verified_pending_import,confirmed,official_catalog_and_pdf,not_imported,,https://wdown.ebsi.co.kr/W61001/01exam/20080604/g_bio1_mun.pdf
2008,3,6,kice_mock,science,life-science-1,solution,manual_review,verified_pending_import,confirmed,official_catalog_and_pdf,not_imported,,https://wdown.ebsi.co.kr/W61001/01exam/20080604/g_bio1_hsj.pdf
2008,3,6,kice_mock,science,life-science-2,question,manual_review,verified_pending_import,confirmed,official_catalog_and_pdf,not_imported,,https://wdown.ebsi.co.kr/W61001/01exam/20080604/g_bio2_mun.pdf
2008,3,6,kice_mock,science,life-science-2,solution,manual_review,verified_pending_import,confirmed,official_catalog_and_pdf,not_imported,,https://wdown.ebsi.co.kr/W61001/01exam/20080604/g_bio2_hsj.pdf
2008,3,6,kice_mock,science,physics-1,question,manual_review,verified_pending_import,confirmed,official_catalog_and_pdf,not_imported,,https://wdown.ebsi.co.kr/W61001/01exam/20080604/g_phy1_mun.pdf
2008,3,6,kice_mock,science,physics-1,solution,manual_review,verified_pending_import,confirmed,official_catalog_and_pdf,not_imported,,https://wdown.ebsi.co.kr/W61001/01exam/20080604/g_phy1_hsj.pdf
2008,3,6,kice_mock,science,physics-2,question,manual_review,verified_pending_import,confirmed,official_catalog_and_pdf,not_imported,,https://wdown.ebsi.co.kr/W61001/01exam/20080604/g_phy2_mun.pdf
2008,3,6,kice_mock,science,physics-2,solution,manual_review,verified_pending_import,confirmed,official_catalog_and_pdf,not_imported,,https://wdown.ebsi.co.kr/W61001/01exam/20080604/g_phy2_hsj.pdf
2008,3,6,kice_mock,vocational,accounting-principles,question,manual_review,verified_pending_import,confirmed,official_catalog_and_pdf,not_imported,,https://wdown.ebsi.co.kr/W61001/01exam/20080604/j_jic12_mun.pdf
2008,3,6,kice_mock,vocational,accounting-principles,solution,manual_review,verified_pending_import,confirmed,official_catalog_and_pdf,not_imported,,https://wdown.ebsi.co.kr/W61001/01exam/20080604/j_jic12_hsj.pdf
2008,3,6,kice_mock,vocational,agriculture-basics,question,manual_review,verified_pending_import,confirmed,official_catalog_and_pdf,not_imported,,https://wdown.ebsi.co.kr/W61001/01exam/20080604/j_jic10_mun.pdf
2008,3,6,kice_mock,vocational,agriculture-basics,solution,manual_review,verified_pending_import,confirmed,official_catalog_and_pdf,not_imported,,https://wdown.ebsi.co.kr/W61001/01exam/20080604/j_jic10_hsj.pdf
2008,3,6,kice_mock,vocational,agriculture-information,question,manual_review,verified_pending_import,confirmed,official_catalog_and_pdf,not_imported,,https://wdown.ebsi.co.kr/W61001/01exam/20080604/j_jic01_mun.pdf
2008,3,6,kice_mock,vocational,agriculture-information,solution,manual_review,verified_pending_import,confirmed,official_catalog_and_pdf,not_imported,,https://wdown.ebsi.co.kr/W61001/01exam/20080604/j_jic01_hsj.pdf
2008,3,6,kice_mock,vocational,agriculture-understanding,question,manual_review,verified_pending_import,confirmed,official_catalog_and_pdf,not_imported,,https://wdown.ebsi.co.kr/W61001/01exam/20080604/J_nsmsup_mun.pdf
2008,3,6,kice_mock,vocational,agriculture-understanding,solution,manual_review,verified_pending_import,confirmed,official_catalog_and_pdf,not_imported,,https://wdown.ebsi.co.kr/W61001/01exam/20080604/J_nsmsup_hsj.pdf
2008,3,6,kice_mock,vocational,basic-drafting,question,manual_review,verified_pending_import,confirmed,official_catalog_and_pdf,not_imported,,https://wdown.ebsi.co.kr/W61001/01exam/20080604/j_jic11_mun.pdf
2008,3,6,kice_mock,vocational,basic-drafting,solution,manual_review,verified_pending_import,confirmed,official_catalog_and_pdf,not_imported,,https://wdown.ebsi.co.kr/W61001/01exam/20080604/j_jic11_hsj.pdf
2008,3,6,kice_mock,vocational,commercial-economics,question,manual_review,verified_pending_import,confirmed,official_catalog_and_pdf,not_imported,,https://wdown.ebsi.co.kr/W61001/01exam/20080604/J_supjb_mun.pdf
2008,3,6,kice_mock,vocational,commercial-economics,solution,manual_review,verified_pending_import,confirmed,official_catalog_and_pdf,not_imported,,https://wdown.ebsi.co.kr/W61001/01exam/20080604/J_supjb_hsj.pdf
2008,3,6,kice_mock,vocational,computer-general,question,manual_review,verified_pending_import,confirmed,official_catalog_and_pdf,not_imported,,https://wdown.ebsi.co.kr/W61001/01exam/20080604/j_jic08_mun.pdf
2008,3,6,kice_mock,vocational,computer-general,solution,manual_review,verified_pending_import,confirmed,official_catalog_and_pdf,not_imported,,https://wdown.ebsi.co.kr/W61001/01exam/20080604/j_jic08_hsj.pdf
2008,3,6,kice_mock,vocational,design-general,question,manual_review,verified_pending_import,confirmed,official_catalog_and_pdf,not_imported,,https://wdown.ebsi.co.kr/W61001/01exam/20080604/j_jic02_mun.pdf
2008,3,6,kice_mock,vocational,design-general,solution,manual_review,verified_pending_import,confirmed,official_catalog_and_pdf,not_imported,,https://wdown.ebsi.co.kr/W61001/01exam/20080604/j_jic02_hsj.pdf
2008,3,6,kice_mock,vocational,fisheries-general,question,manual_review,verified_pending_import,confirmed,official_catalog_and_pdf,not_imported,,https://wdown.ebsi.co.kr/W61001/01exam/20080604/j_jic03_mun.pdf
2008,3,6,kice_mock,vocational,fisheries-general,solution,manual_review,verified_pending_import,confirmed,official_catalog_and_pdf,not_imported,,https://wdown.ebsi.co.kr/W61001/01exam/20080604/j_jic03_hsj.pdf
2008,3,6,kice_mock,vocational,fisheries-shipping-information,question,manual_review,verified_pending_import,confirmed,official_catalog_and_pdf,not_imported,,https://wdown.ebsi.co.kr/W61001/01exam/20080604/J_ssnw_mun.pdf
2008,3,6,kice_mock,vocational,fisheries-shipping-information,solution,manual_review,verified_pending_import,confirmed,official_catalog_and_pdf,not_imported,,https://wdown.ebsi.co.kr/W61001/01exam/20080604/J_ssnw_hsj.pdf
2008,3,6,kice_mock,vocational,food-and-nutrition,question,manual_review,verified_pending_import,confirmed,official_catalog_and_pdf,not_imported,,https://wdown.ebsi.co.kr/W61001/01exam/20080604/j_jic04_mun.pdf
2008,3,6,kice_mock,vocational,food-and-nutrition,solution,manual_review,verified_pending_import,confirmed,official_catalog_and_pdf,not_imported,,https://wdown.ebsi.co.kr/W61001/01exam/20080604/j_jic04_hsj.pdf
2008,3,6,kice_mock,vocational,human-development,question,manual_review,verified_pending_import,confirmed,official_catalog_and_pdf,not_imported,,https://wdown.ebsi.co.kr/W61001/01exam/20080604/J_gsnsup_mun.pdf
2008,3,6,kice_mock,vocational,human-development,solution,manual_review,verified_pending_import,confirmed,official_catalog_and_pdf,not_imported,,https://wdown.ebsi.co.kr/W61001/01exam/20080604/J_gsnsup_hsj.pdf
2008,3,6,kice_mock,vocational,industry-intro,question,manual_review,verified_pending_import,confirmed,official_catalog_and_pdf,not_imported,,https://wdown.ebsi.co.kr/W61001/01exam/20080604/J_gup_mun.pdf
2008,3,6,kice_mock,vocational,industry-intro,solution,manual_review,verified_pending_import,confirmed,official_catalog_and_pdf,not_imported,,https://wdown.ebsi.co.kr/W61001/01exam/20080604/J_gup_hsj.pdf
2008,3,6,kice_mock,vocational,information-technology-basics,question,manual_review,verified_pending_import,confirmed,official_catalog_and_pdf,not_imported,,https://wdown.ebsi.co.kr/W61001/01exam/20080604/j_jic05_mun.pdf
2008,3,6,kice_mock,vocational,information-technology-basics,solution,manual_review,verified_pending_import,confirmed,official_catalog_and_pdf,not_imported,,https://wdown.ebsi.co.kr/W61001/01exam/20080604/j_jic05_hsj.pdf
2008,3,6,kice_mock,vocational,maritime-general,question,manual_review,verified_pending_import,confirmed,official_catalog_and_pdf,not_imported,,https://wdown.ebsi.co.kr/W61001/01exam/20080604/j_jic07_mun.pdf
2008,3,6,kice_mock,vocational,maritime-general,solution,manual_review,verified_pending_import,confirmed,official_catalog_and_pdf,not_imported,,https://wdown.ebsi.co.kr/W61001/01exam/20080604/j_jic07_hsj.pdf
2008,3,6,kice_mock,vocational,ocean-general,question,manual_review,verified_pending_import,confirmed,official_catalog_and_pdf,not_imported,,https://wdown.ebsi.co.kr/W61001/01exam/20080604/J_ssnw_mun.pdf
2008,3,6,kice_mock,vocational,ocean-general,solution,manual_review,verified_pending_import,confirmed,official_catalog_and_pdf,not_imported,,https://wdown.ebsi.co.kr/W61001/01exam/20080604/J_ssnw_hsj.pdf
2008,3,6,kice_mock,vocational,programming,question,manual_review,verified_pending_import,confirmed,official_catalog_and_pdf,not_imported,,https://wdown.ebsi.co.kr/W61001/01exam/20080604/j_jic06_mun.pdf
2008,3,6,kice_mock,vocational,programming,solution,manual_review,verified_pending_import,confirmed,official_catalog_and_pdf,not_imported,,https://wdown.ebsi.co.kr/W61001/01exam/20080604/j_jic06_hsj.pdf
2008,3,6,kice_mock,second_language,arabic-1,question,manual_review,verified_pending_import,confirmed,official_catalog_and_pdf,not_imported,,https://wdown.ebsi.co.kr/W61001/01exam/20080604/2nd_ar1_mun.pdf
2008,3,6,kice_mock,second_language,arabic-1,solution,manual_review,verified_pending_import,confirmed,official_catalog_and_pdf,not_imported,,https://wdown.ebsi.co.kr/W61001/01exam/20080604/2nd_ar1_hsj.pdf
2008,3,6,kice_mock,second_language,chinese-1,question,manual_review,verified_pending_import,confirmed,official_catalog_and_pdf,not_imported,,https://wdown.ebsi.co.kr/W61001/01exam/20080604/2nd_ch1_mun.pdf
2008,3,6,kice_mock,second_language,chinese-1,solution,manual_review,verified_pending_import,confirmed,official_catalog_and_pdf,not_imported,,https://wdown.ebsi.co.kr/W61001/01exam/20080604/2nd_ch1_hsj.pdf
2008,3,6,kice_mock,second_language,classical-chinese-1,question,manual_review,verified_pending_import,confirmed,official_catalog_and_pdf,not_imported,,https://wdown.ebsi.co.kr/W61001/01exam/20080604/2nd_han_mun.pdf
2008,3,6,kice_mock,second_language,classical-chinese-1,solution,manual_review,verified_pending_import,confirmed,official_catalog_and_pdf,not_imported,,https://wdown.ebsi.co.kr/W61001/01exam/20080604/2nd_han_hsj.pdf
2008,3,6,kice_mock,second_language,french-1,question,manual_review,verified_pending_import,confirmed,official_catalog_and_pdf,not_imported,,https://wdown.ebsi.co.kr/W61001/01exam/20080604/2nd_fr1_mun.pdf
2008,3,6,kice_mock,second_language,french-1,solution,manual_review,verified_pending_import,confirmed,official_catalog_and_pdf,not_imported,,https://wdown.ebsi.co.kr/W61001/01exam/20080604/2nd_fr1_hsj.pdf
2008,3,6,kice_mock,second_language,german-1,question,manual_review,verified_pending_import,confirmed,official_catalog_and_pdf,not_imported,,https://wdown.ebsi.co.kr/W61001/01exam/20080604/2nd_gr1_mun.pdf
2008,3,6,kice_mock,second_language,german-1,solution,manual_review,verified_pending_import,confirmed,official_catalog_and_pdf,not_imported,,https://wdown.ebsi.co.kr/W61001/01exam/20080604/2nd_gr1_hsj.pdf
2008,3,6,kice_mock,second_language,japanese-1,question,manual_review,verified_pending_import,confirmed,official_catalog_and_pdf,not_imported,,https://wdown.ebsi.co.kr/W61001/01exam/20080604/2nd_ja1_mun.pdf
2008,3,6,kice_mock,second_language,japanese-1,solution,manual_review,verified_pending_import,confirmed,official_catalog_and_pdf,not_imported,,https://wdown.ebsi.co.kr/W61001/01exam/20080604/2nd_ja1_hsj_01.pdf
2008,3,6,kice_mock,second_language,russian-1,question,manual_review,verified_pending_import,confirmed,official_catalog_and_pdf,not_imported,,https://wdown.ebsi.co.kr/W61001/01exam/20080604/2nd_ru1_mun.pdf
2008,3,6,kice_mock,second_language,russian-1,solution,manual_review,verified_pending_import,confirmed,official_catalog_and_pdf,not_imported,,https://wdown.ebsi.co.kr/W61001/01exam/20080604/2nd_ru1_hsj.pdf
2008,3,6,kice_mock,second_language,spanish-1,question,manual_review,verified_pending_import,confirmed,official_catalog_and_pdf,not_imported,,https://wdown.ebsi.co.kr/W61001/01exam/20080604/2nd_sp1_mun.pdf
2008,3,6,kice_mock,second_language,spanish-1,solution,manual_review,verified_pending_import,confirmed,official_catalog_and_pdf,not_imported,,https://wdown.ebsi.co.kr/W61001/01exam/20080604/2nd_sp1_hsj.pdf
2008,3,7,school_mock,korean,korean-old,question,manual_review,verified_pending_import,confirmed,official_catalog_and_pdf,not_imported,,https://wdown.ebsi.co.kr/W61001/01exam/20080715/kor_mun.pdf
2008,3,7,school_mock,korean,korean-old,solution,manual_review,verified_pending_import,confirmed,official_catalog_and_pdf,not_imported,,https://wdown.ebsi.co.kr/W61001/01exam/20080715/kor_hsj.pdf
2008,3,7,school_mock,math,math-a,question,manual_review,verified_pending_import,confirmed,official_catalog_and_pdf,not_imported,,https://wdown.ebsi.co.kr/W61001/01exam/20080715/mathga_mun.pdf
2008,3,7,school_mock,math,math-a,solution,manual_review,verified_pending_import,confirmed,official_catalog_and_pdf,not_imported,,https://wdown.ebsi.co.kr/W61001/01exam/20080715/mathga_hsj.pdf
2008,3,7,school_mock,math,math-b,question,manual_review,verified_pending_import,confirmed,official_catalog_and_pdf,not_imported,,https://wdown.ebsi.co.kr/W61001/01exam/20080715/mathna_mun.pdf
2008,3,7,school_mock,math,math-b,solution,manual_review,verified_pending_import,confirmed,official_catalog_and_pdf,not_imported,,https://wdown.ebsi.co.kr/W61001/01exam/20080715/mathna_hsj.pdf
2008,3,7,school_mock,english,english-old,question,manual_review,verified_pending_import,confirmed,official_catalog_and_pdf,not_imported,,https://wdown.ebsi.co.kr/W61001/01exam/20080715/eng_mun.pdf
2008,3,7,school_mock,english,english-old,solution,manual_review,verified_pending_import,confirmed,official_catalog_and_pdf,not_imported,,https://wdown.ebsi.co.kr/W61001/01exam/20080715/eng_hsj.pdf
2008,3,7,school_mock,history,,question,manual_review,verified_pending_import,confirmed,official_catalog_and_pdf,not_imported,,https://wdown.ebsi.co.kr/W61001/01exam/20080715/s_his_mun.pdf
2008,3,7,school_mock,history,,solution,manual_review,verified_pending_import,confirmed,official_catalog_and_pdf,not_imported,,https://wdown.ebsi.co.kr/W61001/01exam/20080715/s_his_hsj.pdf
2008,3,7,school_mock,history,korean-modern-history,question,manual_review,verified_pending_import,confirmed,official_catalog_and_pdf,not_imported,,https://wdown.ebsi.co.kr/W61001/01exam/20080715/s_hgh_mun.pdf
2008,3,7,school_mock,history,korean-modern-history,solution,manual_review,verified_pending_import,confirmed,official_catalog_and_pdf,not_imported,,https://wdown.ebsi.co.kr/W61001/01exam/20080715/s_hgh_hsj.pdf
2008,3,7,school_mock,social,economic-geography,question,manual_review,verified_pending_import,confirmed,official_catalog_and_pdf,not_imported,,https://wdown.ebsi.co.kr/W61001/01exam/20080715/s_kyaji_mun.pdf
2008,3,7,school_mock,social,economic-geography,solution,manual_review,verified_pending_import,confirmed,official_catalog_and_pdf,not_imported,,https://wdown.ebsi.co.kr/W61001/01exam/20080715/s_kyaji_hsj.pdf
2008,3,7,school_mock,social,economics,question,manual_review,verified_pending_import,confirmed,official_catalog_and_pdf,not_imported,,https://wdown.ebsi.co.kr/W61001/01exam/20080715/s_eco_mun.pdf
2008,3,7,school_mock,social,economics,solution,manual_review,verified_pending_import,confirmed,official_catalog_and_pdf,not_imported,,https://wdown.ebsi.co.kr/W61001/01exam/20080715/s_eco_hsj.pdf
2008,3,7,school_mock,social,ethics,question,manual_review,verified_pending_import,confirmed,official_catalog_and_pdf,not_imported,,https://wdown.ebsi.co.kr/W61001/01exam/20080715/s_eth_mun.pdf
2008,3,7,school_mock,social,ethics,solution,manual_review,verified_pending_import,confirmed,official_catalog_and_pdf,not_imported,,https://wdown.ebsi.co.kr/W61001/01exam/20080715/s_eth_hsj.pdf
2008,3,7,school_mock,social,korean-geography,question,manual_review,verified_pending_import,confirmed,official_catalog_and_pdf,not_imported,,https://wdown.ebsi.co.kr/W61001/01exam/20080715/s_hanji_mun.pdf
2008,3,7,school_mock,social,korean-geography,solution,manual_review,verified_pending_import,confirmed,official_catalog_and_pdf,not_imported,,https://wdown.ebsi.co.kr/W61001/01exam/20080715/s_hanji_hsj.pdf
2008,3,7,school_mock,social,law-and-society,question,manual_review,verified_pending_import,confirmed,official_catalog_and_pdf,not_imported,,https://wdown.ebsi.co.kr/W61001/01exam/20080715/s_bns_mun.pdf
2008,3,7,school_mock,social,law-and-society,solution,manual_review,verified_pending_import,confirmed,official_catalog_and_pdf,not_imported,,https://wdown.ebsi.co.kr/W61001/01exam/20080715/s_bns_hsj.pdf
2008,3,7,school_mock,social,politics,question,manual_review,verified_pending_import,confirmed,official_catalog_and_pdf,not_imported,,https://wdown.ebsi.co.kr/W61001/01exam/20080715/s_pol_mun.pdf
2008,3,7,school_mock,social,politics,solution,manual_review,verified_pending_import,confirmed,official_catalog_and_pdf,not_imported,,https://wdown.ebsi.co.kr/W61001/01exam/20080715/s_pol_hsj.pdf
2008,3,7,school_mock,social,social-culture,question,manual_review,verified_pending_import,confirmed,official_catalog_and_pdf,not_imported,,https://wdown.ebsi.co.kr/W61001/01exam/20080715/s_samun_mun.pdf
2008,3,7,school_mock,social,social-culture,solution,manual_review,verified_pending_import,confirmed,official_catalog_and_pdf,not_imported,,https://wdown.ebsi.co.kr/W61001/01exam/20080715/s_samun_hsj.pdf
2008,3,7,school_mock,social,world-geography,question,manual_review,verified_pending_import,confirmed,official_catalog_and_pdf,not_imported,,https://wdown.ebsi.co.kr/W61001/01exam/20080715/s_saeji_mun.pdf
2008,3,7,school_mock,social,world-geography,solution,manual_review,verified_pending_import,confirmed,official_catalog_and_pdf,not_imported,,https://wdown.ebsi.co.kr/W61001/01exam/20080715/s_saeji_hsj.pdf
2008,3,7,school_mock,social,world-history,question,manual_review,verified_pending_import,confirmed,official_catalog_and_pdf,not_imported,,https://wdown.ebsi.co.kr/W61001/01exam/20080715/s_sks_mun.pdf
2008,3,7,school_mock,social,world-history,solution,manual_review,verified_pending_import,confirmed,official_catalog_and_pdf,not_imported,,https://wdown.ebsi.co.kr/W61001/01exam/20080715/s_sks_hsj.pdf
2008,3,7,school_mock,science,chemistry-1,question,manual_review,verified_pending_import,confirmed,official_catalog_and_pdf,not_imported,,https://wdown.ebsi.co.kr/W61001/01exam/20080715/g_che1_mun.pdf
2008,3,7,school_mock,science,chemistry-1,solution,manual_review,verified_pending_import,confirmed,official_catalog_and_pdf,not_imported,,https://wdown.ebsi.co.kr/W61001/01exam/20080715/g_che1_hsj.pdf
2008,3,7,school_mock,science,chemistry-2,question,manual_review,verified_pending_import,confirmed,official_catalog_and_pdf,not_imported,,https://wdown.ebsi.co.kr/W61001/01exam/20080715/g_che2_mun.pdf
2008,3,7,school_mock,science,chemistry-2,solution,manual_review,verified_pending_import,confirmed,official_catalog_and_pdf,not_imported,,https://wdown.ebsi.co.kr/W61001/01exam/20080715/g_che2_hsj.pdf
2008,3,7,school_mock,science,earth-science-1,question,manual_review,verified_pending_import,confirmed,official_catalog_and_pdf,not_imported,,https://wdown.ebsi.co.kr/W61001/01exam/20080715/g_ear1_mun.pdf
2008,3,7,school_mock,science,earth-science-1,solution,manual_review,verified_pending_import,confirmed,official_catalog_and_pdf,not_imported,,https://wdown.ebsi.co.kr/W61001/01exam/20080715/g_ear1_hsj.pdf
2008,3,7,school_mock,science,earth-science-2,question,manual_review,verified_pending_import,confirmed,official_catalog_and_pdf,not_imported,,https://wdown.ebsi.co.kr/W61001/01exam/20080715/g_ear2_mun.pdf
2008,3,7,school_mock,science,earth-science-2,solution,manual_review,verified_pending_import,confirmed,official_catalog_and_pdf,not_imported,,https://wdown.ebsi.co.kr/W61001/01exam/20080715/g_ear2_hsj.pdf
2008,3,7,school_mock,science,life-science-1,question,manual_review,verified_pending_import,confirmed,official_catalog_and_pdf,not_imported,,https://wdown.ebsi.co.kr/W61001/01exam/20080715/g_bio1_mun.pdf
2008,3,7,school_mock,science,life-science-1,solution,manual_review,verified_pending_import,confirmed,official_catalog_and_pdf,not_imported,,https://wdown.ebsi.co.kr/W61001/01exam/20080715/g_bio1_hsj.pdf
2008,3,7,school_mock,science,life-science-2,question,manual_review,verified_pending_import,confirmed,official_catalog_and_pdf,not_imported,,https://wdown.ebsi.co.kr/W61001/01exam/20080715/g_bio2_mun.pdf
2008,3,7,school_mock,science,life-science-2,solution,manual_review,verified_pending_import,confirmed,official_catalog_and_pdf,not_imported,,https://wdown.ebsi.co.kr/W61001/01exam/20080715/g_bio2_hsj.pdf
2008,3,7,school_mock,science,physics-1,question,manual_review,verified_pending_import,confirmed,official_catalog_and_pdf,not_imported,,https://wdown.ebsi.co.kr/W61001/01exam/20080715/g_phy1_mun.pdf
2008,3,7,school_mock,science,physics-1,solution,manual_review,verified_pending_import,confirmed,official_catalog_and_pdf,not_imported,,https://wdown.ebsi.co.kr/W61001/01exam/20080715/g_phy1_hsj.pdf
2008,3,7,school_mock,science,physics-2,question,manual_review,verified_pending_import,confirmed,official_catalog_and_pdf,not_imported,,https://wdown.ebsi.co.kr/W61001/01exam/20080715/g_phy2_mun.pdf
2008,3,7,school_mock,science,physics-2,solution,manual_review,verified_pending_import,confirmed,official_catalog_and_pdf,not_imported,,https://wdown.ebsi.co.kr/W61001/01exam/20080715/g_phy2_hsj.pdf
2008,3,9,kice_mock,korean,korean-old,question,manual_review,verified_pending_import,confirmed,official_catalog_and_pdf,not_imported,,https://wdown.ebsi.co.kr/W61001/01exam/20080904/kor_mun.pdf
2008,3,9,kice_mock,korean,korean-old,solution,manual_review,verified_pending_import,confirmed,official_catalog_and_pdf,not_imported,,https://wdown.ebsi.co.kr/W61001/01exam/20080904/kor_hsj.pdf
2008,3,9,kice_mock,math,math-a,question,manual_review,verified_pending_import,confirmed,official_catalog_and_pdf,not_imported,,https://wdown.ebsi.co.kr/W61001/01exam/20080904/mathga_mun.pdf
2008,3,9,kice_mock,math,math-a,solution,manual_review,verified_pending_import,confirmed,official_catalog_and_pdf,not_imported,,https://wdown.ebsi.co.kr/W61001/01exam/20080904/mathga_hsj.pdf
2008,3,9,kice_mock,math,math-b,question,manual_review,verified_pending_import,confirmed,official_catalog_and_pdf,not_imported,,https://wdown.ebsi.co.kr/W61001/01exam/20080904/mathna_mun.pdf
2008,3,9,kice_mock,math,math-b,solution,manual_review,verified_pending_import,confirmed,official_catalog_and_pdf,not_imported,,https://wdown.ebsi.co.kr/W61001/01exam/20080904/mathna_hsj.pdf
2008,3,9,kice_mock,english,english-old,question,manual_review,verified_pending_import,confirmed,official_catalog_and_pdf,not_imported,,https://wdown.ebsi.co.kr/W61001/01exam/20080904/eng_mun.pdf
2008,3,9,kice_mock,english,english-old,solution,manual_review,verified_pending_import,confirmed,official_catalog_and_pdf,not_imported,,https://wdown.ebsi.co.kr/W61001/01exam/20080904/eng_hsj.pdf
2008,3,9,kice_mock,history,,question,manual_review,verified_pending_import,confirmed,official_catalog_and_pdf,not_imported,,https://wdown.ebsi.co.kr/W61001/01exam/20080904/s_his_mun.pdf
2008,3,9,kice_mock,history,,solution,manual_review,verified_pending_import,confirmed,official_catalog_and_pdf,not_imported,,https://wdown.ebsi.co.kr/W61001/01exam/20080904/s_his_hsj.pdf
2008,3,9,kice_mock,history,korean-modern-history,question,manual_review,verified_pending_import,confirmed,official_catalog_and_pdf,not_imported,,https://wdown.ebsi.co.kr/W61001/01exam/20080904/s_hgh_mun.pdf
2008,3,9,kice_mock,history,korean-modern-history,solution,manual_review,verified_pending_import,confirmed,official_catalog_and_pdf,not_imported,,https://wdown.ebsi.co.kr/W61001/01exam/20080904/s_hgh_hsj.pdf
2008,3,9,kice_mock,social,economic-geography,question,manual_review,verified_pending_import,confirmed,official_catalog_and_pdf,not_imported,,https://wdown.ebsi.co.kr/W61001/01exam/20080904/s_kyaji_mun.pdf
2008,3,9,kice_mock,social,economic-geography,solution,manual_review,verified_pending_import,confirmed,official_catalog_and_pdf,not_imported,,https://wdown.ebsi.co.kr/W61001/01exam/20080904/s_kyaji_hsj.pdf
2008,3,9,kice_mock,social,economics,question,manual_review,verified_pending_import,confirmed,official_catalog_and_pdf,not_imported,,https://wdown.ebsi.co.kr/W61001/01exam/20080904/s_eco_mun.pdf
2008,3,9,kice_mock,social,economics,solution,manual_review,verified_pending_import,confirmed,official_catalog_and_pdf,not_imported,,https://wdown.ebsi.co.kr/W61001/01exam/20080904/s_eco_hsj.pdf
2008,3,9,kice_mock,social,ethics,question,manual_review,verified_pending_import,confirmed,official_catalog_and_pdf,not_imported,,https://wdown.ebsi.co.kr/W61001/01exam/20080904/s_eth_mun.pdf
2008,3,9,kice_mock,social,ethics,solution,manual_review,verified_pending_import,confirmed,official_catalog_and_pdf,not_imported,,https://wdown.ebsi.co.kr/W61001/01exam/20080904/s_eth_hsj.pdf
2008,3,9,kice_mock,social,korean-geography,question,manual_review,verified_pending_import,confirmed,official_catalog_and_pdf,not_imported,,https://wdown.ebsi.co.kr/W61001/01exam/20080904/s_hanji_mun.pdf
2008,3,9,kice_mock,social,korean-geography,solution,manual_review,verified_pending_import,confirmed,official_catalog_and_pdf,not_imported,,https://wdown.ebsi.co.kr/W61001/01exam/20080904/s_hanji_hsj.pdf
2008,3,9,kice_mock,social,law-and-society,question,manual_review,verified_pending_import,confirmed,official_catalog_and_pdf,not_imported,,https://wdown.ebsi.co.kr/W61001/01exam/20080904/s_bns_mun.pdf
2008,3,9,kice_mock,social,law-and-society,solution,manual_review,verified_pending_import,confirmed,official_catalog_and_pdf,not_imported,,https://wdown.ebsi.co.kr/W61001/01exam/20080904/s_bns_hsj.pdf
2008,3,9,kice_mock,social,politics,question,manual_review,verified_pending_import,confirmed,official_catalog_and_pdf,not_imported,,https://wdown.ebsi.co.kr/W61001/01exam/20080904/s_pol_mun.pdf
2008,3,9,kice_mock,social,politics,solution,manual_review,verified_pending_import,confirmed,official_catalog_and_pdf,not_imported,,https://wdown.ebsi.co.kr/W61001/01exam/20080904/s_pol_hsj.pdf
2008,3,9,kice_mock,social,social-culture,question,manual_review,verified_pending_import,confirmed,official_catalog_and_pdf,not_imported,,https://wdown.ebsi.co.kr/W61001/01exam/20080904/s_samun_mun.pdf
2008,3,9,kice_mock,social,social-culture,solution,manual_review,verified_pending_import,confirmed,official_catalog_and_pdf,not_imported,,https://wdown.ebsi.co.kr/W61001/01exam/20080904/s_samun_hsj.pdf
2008,3,9,kice_mock,social,world-geography,question,manual_review,verified_pending_import,confirmed,official_catalog_and_pdf,not_imported,,https://wdown.ebsi.co.kr/W61001/01exam/20080904/s_saeji_mun.pdf
2008,3,9,kice_mock,social,world-geography,solution,manual_review,verified_pending_import,confirmed,official_catalog_and_pdf,not_imported,,https://wdown.ebsi.co.kr/W61001/01exam/20080904/s_saeji_hsj.pdf
2008,3,9,kice_mock,social,world-history,question,manual_review,verified_pending_import,confirmed,official_catalog_and_pdf,not_imported,,https://wdown.ebsi.co.kr/W61001/01exam/20080904/s_sks_mun.pdf
2008,3,9,kice_mock,social,world-history,solution,manual_review,verified_pending_import,confirmed,official_catalog_and_pdf,not_imported,,https://wdown.ebsi.co.kr/W61001/01exam/20080904/s_sks_hsj.pdf
2008,3,9,kice_mock,science,chemistry-1,question,manual_review,verified_pending_import,confirmed,official_catalog_and_pdf,not_imported,,https://wdown.ebsi.co.kr/W61001/01exam/20080904/g_che1_mun.pdf
2008,3,9,kice_mock,science,chemistry-1,solution,manual_review,verified_pending_import,confirmed,official_catalog_and_pdf,not_imported,,https://wdown.ebsi.co.kr/W61001/01exam/20080904/g_che1_hsj.pdf
2008,3,9,kice_mock,science,chemistry-2,question,manual_review,verified_pending_import,confirmed,official_catalog_and_pdf,not_imported,,https://wdown.ebsi.co.kr/W61001/01exam/20080904/g_che2_mun.pdf
2008,3,9,kice_mock,science,chemistry-2,solution,manual_review,verified_pending_import,confirmed,official_catalog_and_pdf,not_imported,,https://wdown.ebsi.co.kr/W61001/01exam/20080904/g_che2_hsj.pdf
2008,3,9,kice_mock,science,earth-science-1,question,manual_review,verified_pending_import,confirmed,official_catalog_and_pdf,not_imported,,https://wdown.ebsi.co.kr/W61001/01exam/20080904/g_ear1_mun.pdf
2008,3,9,kice_mock,science,earth-science-1,solution,manual_review,verified_pending_import,confirmed,official_catalog_and_pdf,not_imported,,https://wdown.ebsi.co.kr/W61001/01exam/20080904/g_ear1_hsj.pdf
2008,3,9,kice_mock,science,earth-science-2,question,manual_review,verified_pending_import,confirmed,official_catalog_and_pdf,not_imported,,https://wdown.ebsi.co.kr/W61001/01exam/20080904/g_ear2_mun.pdf
2008,3,9,kice_mock,science,earth-science-2,solution,manual_review,verified_pending_import,confirmed,official_catalog_and_pdf,not_imported,,https://wdown.ebsi.co.kr/W61001/01exam/20080904/g_ear2_hsj.pdf
2008,3,9,kice_mock,science,life-science-1,question,manual_review,verified_pending_import,confirmed,official_catalog_and_pdf,not_imported,,https://wdown.ebsi.co.kr/W61001/01exam/20080904/g_bio1_mun.pdf
2008,3,9,kice_mock,science,life-science-1,solution,manual_review,verified_pending_import,confirmed,official_catalog_and_pdf,not_imported,,https://wdown.ebsi.co.kr/W61001/01exam/20080904/g_bio1_hsj.pdf
2008,3,9,kice_mock,science,life-science-2,question,manual_review,verified_pending_import,confirmed,official_catalog_and_pdf,not_imported,,https://wdown.ebsi.co.kr/W61001/01exam/20080904/g_bio2_mun.pdf
2008,3,9,kice_mock,science,life-science-2,solution,manual_review,verified_pending_import,confirmed,official_catalog_and_pdf,not_imported,,https://wdown.ebsi.co.kr/W61001/01exam/20080904/g_bio2_hsj.pdf
2008,3,9,kice_mock,science,physics-1,question,manual_review,verified_pending_import,confirmed,official_catalog_and_pdf,not_imported,,https://wdown.ebsi.co.kr/W61001/01exam/20080904/g_phy1_mun.pdf
2008,3,9,kice_mock,science,physics-1,solution,manual_review,verified_pending_import,confirmed,official_catalog_and_pdf,not_imported,,https://wdown.ebsi.co.kr/W61001/01exam/20080904/g_phy1_hsj.pdf
2008,3,9,kice_mock,science,physics-2,question,manual_review,verified_pending_import,confirmed,official_catalog_and_pdf,not_imported,,https://wdown.ebsi.co.kr/W61001/01exam/20080904/g_phy2_mun.pdf
2008,3,9,kice_mock,science,physics-2,solution,manual_review,verified_pending_import,confirmed,official_catalog_and_pdf,not_imported,,https://wdown.ebsi.co.kr/W61001/01exam/20080904/g_phy2_hsj.pdf
2008,3,9,kice_mock,vocational,accounting-principles,question,manual_review,verified_pending_import,confirmed,official_catalog_and_pdf,not_imported,,https://wdown.ebsi.co.kr/W61001/01exam/20080904/j_jic12_mun.pdf
2008,3,9,kice_mock,vocational,accounting-principles,solution,manual_review,verified_pending_import,confirmed,official_catalog_and_pdf,not_imported,,https://wdown.ebsi.co.kr/W61001/01exam/20080904/j_jic12_hsj.pdf
2008,3,9,kice_mock,vocational,agriculture-basics,question,manual_review,verified_pending_import,confirmed,official_catalog_and_pdf,not_imported,,https://wdown.ebsi.co.kr/W61001/01exam/20080904/j_jic10_mun.pdf
2008,3,9,kice_mock,vocational,agriculture-basics,solution,manual_review,verified_pending_import,confirmed,official_catalog_and_pdf,not_imported,,https://wdown.ebsi.co.kr/W61001/01exam/20080904/j_jic10_hsj.pdf
2008,3,9,kice_mock,vocational,agriculture-information,question,manual_review,verified_pending_import,confirmed,official_catalog_and_pdf,not_imported,,https://wdown.ebsi.co.kr/W61001/01exam/20080904/j_jic01_mun.pdf
2008,3,9,kice_mock,vocational,agriculture-information,solution,manual_review,verified_pending_import,confirmed,official_catalog_and_pdf,not_imported,,https://wdown.ebsi.co.kr/W61001/01exam/20080904/j_jic01_hsj.pdf
2008,3,9,kice_mock,vocational,agriculture-understanding,question,manual_review,verified_pending_import,confirmed,official_catalog_and_pdf,not_imported,,https://wdown.ebsi.co.kr/W61001/01exam/20080904/J_nsmsup_mun.pdf
2008,3,9,kice_mock,vocational,agriculture-understanding,solution,manual_review,verified_pending_import,confirmed,official_catalog_and_pdf,not_imported,,https://wdown.ebsi.co.kr/W61001/01exam/20080904/J_nsmsup_hsj.pdf
2008,3,9,kice_mock,vocational,basic-drafting,question,manual_review,verified_pending_import,confirmed,official_catalog_and_pdf,not_imported,,https://wdown.ebsi.co.kr/W61001/01exam/20080904/j_jic11_mun.pdf
2008,3,9,kice_mock,vocational,basic-drafting,solution,manual_review,verified_pending_import,confirmed,official_catalog_and_pdf,not_imported,,https://wdown.ebsi.co.kr/W61001/01exam/20080904/j_jic11_hsj.pdf
2008,3,9,kice_mock,vocational,commercial-economics,question,manual_review,verified_pending_import,confirmed,official_catalog_and_pdf,not_imported,,https://wdown.ebsi.co.kr/W61001/01exam/20080904/J_supjb_mun.pdf
2008,3,9,kice_mock,vocational,commercial-economics,solution,manual_review,verified_pending_import,confirmed,official_catalog_and_pdf,not_imported,,https://wdown.ebsi.co.kr/W61001/01exam/20080904/J_supjb_hsj.pdf
2008,3,9,kice_mock,vocational,computer-general,question,manual_review,verified_pending_import,confirmed,official_catalog_and_pdf,not_imported,,https://wdown.ebsi.co.kr/W61001/01exam/20080904/j_jic08_mun.pdf
2008,3,9,kice_mock,vocational,computer-general,solution,manual_review,verified_pending_import,confirmed,official_catalog_and_pdf,not_imported,,https://wdown.ebsi.co.kr/W61001/01exam/20080904/j_jic08_hsj.pdf
2008,3,9,kice_mock,vocational,design-general,question,manual_review,verified_pending_import,confirmed,official_catalog_and_pdf,not_imported,,https://wdown.ebsi.co.kr/W61001/01exam/20080904/j_jic02_mun.pdf
2008,3,9,kice_mock,vocational,design-general,solution,manual_review,verified_pending_import,confirmed,official_catalog_and_pdf,not_imported,,https://wdown.ebsi.co.kr/W61001/01exam/20080904/j_jic02_hsj.pdf
2008,3,9,kice_mock,vocational,fisheries-general,question,manual_review,verified_pending_import,confirmed,official_catalog_and_pdf,not_imported,,https://wdown.ebsi.co.kr/W61001/01exam/20080904/j_jic03_mun.pdf
2008,3,9,kice_mock,vocational,fisheries-general,solution,manual_review,verified_pending_import,confirmed,official_catalog_and_pdf,not_imported,,https://wdown.ebsi.co.kr/W61001/01exam/20080904/j_jic03_hsj.pdf
2008,3,9,kice_mock,vocational,fisheries-shipping-information,question,manual_review,verified_pending_import,confirmed,official_catalog_and_pdf,not_imported,,https://wdown.ebsi.co.kr/W61001/01exam/20080904/J_ssnw_mun.pdf
2008,3,9,kice_mock,vocational,fisheries-shipping-information,solution,manual_review,verified_pending_import,confirmed,official_catalog_and_pdf,not_imported,,https://wdown.ebsi.co.kr/W61001/01exam/20080904/J_ssnw_hsj.pdf
2008,3,9,kice_mock,vocational,food-and-nutrition,question,manual_review,verified_pending_import,confirmed,official_catalog_and_pdf,not_imported,,https://wdown.ebsi.co.kr/W61001/01exam/20080904/j_jic04_mun.pdf
2008,3,9,kice_mock,vocational,food-and-nutrition,solution,manual_review,verified_pending_import,confirmed,official_catalog_and_pdf,not_imported,,https://wdown.ebsi.co.kr/W61001/01exam/20080904/j_jic04_hsj.pdf
2008,3,9,kice_mock,vocational,human-development,question,manual_review,verified_pending_import,confirmed,official_catalog_and_pdf,not_imported,,https://wdown.ebsi.co.kr/W61001/01exam/20080904/J_gsnsup_mun.pdf
2008,3,9,kice_mock,vocational,human-development,solution,manual_review,verified_pending_import,confirmed,official_catalog_and_pdf,not_imported,,https://wdown.ebsi.co.kr/W61001/01exam/20080904/J_gsnsup_hsj.pdf
2008,3,9,kice_mock,vocational,industry-intro,question,manual_review,verified_pending_import,confirmed,official_catalog_and_pdf,not_imported,,https://wdown.ebsi.co.kr/W61001/01exam/20080904/J_gup_mun.pdf
2008,3,9,kice_mock,vocational,industry-intro,solution,manual_review,verified_pending_import,confirmed,official_catalog_and_pdf,not_imported,,https://wdown.ebsi.co.kr/W61001/01exam/20080904/J_gup_hsj.pdf
2008,3,9,kice_mock,vocational,information-technology-basics,question,manual_review,verified_pending_import,confirmed,official_catalog_and_pdf,not_imported,,https://wdown.ebsi.co.kr/W61001/01exam/20080904/j_jic05_mun.pdf
2008,3,9,kice_mock,vocational,information-technology-basics,solution,manual_review,verified_pending_import,confirmed,official_catalog_and_pdf,not_imported,,https://wdown.ebsi.co.kr/W61001/01exam/20080904/j_jic05_hsj.pdf
2008,3,9,kice_mock,vocational,maritime-general,question,manual_review,verified_pending_import,confirmed,official_catalog_and_pdf,not_imported,,https://wdown.ebsi.co.kr/W61001/01exam/20080904/j_jic07_mun.pdf
2008,3,9,kice_mock,vocational,maritime-general,solution,manual_review,verified_pending_import,confirmed,official_catalog_and_pdf,not_imported,,https://wdown.ebsi.co.kr/W61001/01exam/20080904/j_jic07_hsj.pdf
2008,3,9,kice_mock,vocational,ocean-general,question,manual_review,verified_pending_import,confirmed,official_catalog_and_pdf,not_imported,,https://wdown.ebsi.co.kr/W61001/01exam/20080904/J_ssnw_mun.pdf
2008,3,9,kice_mock,vocational,ocean-general,solution,manual_review,verified_pending_import,confirmed,official_catalog_and_pdf,not_imported,,https://wdown.ebsi.co.kr/W61001/01exam/20080904/J_ssnw_hsj.pdf
2008,3,9,kice_mock,vocational,programming,question,manual_review,verified_pending_import,confirmed,official_catalog_and_pdf,not_imported,,https://wdown.ebsi.co.kr/W61001/01exam/20080904/j_jic06_mun.pdf
2008,3,9,kice_mock,vocational,programming,solution,manual_review,verified_pending_import,confirmed,official_catalog_and_pdf,not_imported,,https://wdown.ebsi.co.kr/W61001/01exam/20080904/j_jic06_hsj.pdf
2008,3,9,kice_mock,second_language,arabic-1,question,manual_review,verified_pending_import,confirmed,official_catalog_and_pdf,not_imported,,https://wdown.ebsi.co.kr/W61001/01exam/20080904/2nd_ar1_mun.pdf
2008,3,9,kice_mock,second_language,arabic-1,solution,manual_review,verified_pending_import,confirmed,official_catalog_and_pdf,not_imported,,https://wdown.ebsi.co.kr/W61001/01exam/20080904/2nd_ar1_hsj.pdf
2008,3,9,kice_mock,second_language,chinese-1,question,manual_review,verified_pending_import,confirmed,official_catalog_and_pdf,not_imported,,https://wdown.ebsi.co.kr/W61001/01exam/20080904/2nd_ch1_mun.pdf
2008,3,9,kice_mock,second_language,chinese-1,solution,manual_review,verified_pending_import,confirmed,official_catalog_and_pdf,not_imported,,https://wdown.ebsi.co.kr/W61001/01exam/20080904/2nd_ch1_hsj.pdf
2008,3,9,kice_mock,second_language,classical-chinese-1,question,manual_review,verified_pending_import,confirmed,official_catalog_and_pdf,not_imported,,https://wdown.ebsi.co.kr/W61001/01exam/20080904/2nd_han_mun.pdf
2008,3,9,kice_mock,second_language,classical-chinese-1,solution,manual_review,verified_pending_import,confirmed,official_catalog_and_pdf,not_imported,,https://wdown.ebsi.co.kr/W61001/01exam/20080904/2nd_han_hsj.pdf
2008,3,9,kice_mock,second_language,french-1,question,manual_review,verified_pending_import,confirmed,official_catalog_and_pdf,not_imported,,https://wdown.ebsi.co.kr/W61001/01exam/20080904/2nd_fr1_mun.pdf
2008,3,9,kice_mock,second_language,french-1,solution,manual_review,verified_pending_import,confirmed,official_catalog_and_pdf,not_imported,,https://wdown.ebsi.co.kr/W61001/01exam/20080904/2nd_fr1_hsj.pdf
2008,3,9,kice_mock,second_language,german-1,question,manual_review,verified_pending_import,confirmed,official_catalog_and_pdf,not_imported,,https://wdown.ebsi.co.kr/W61001/01exam/20080904/2nd_gr1_mun.pdf
2008,3,9,kice_mock,second_language,german-1,solution,manual_review,verified_pending_import,confirmed,official_catalog_and_pdf,not_imported,,https://wdown.ebsi.co.kr/W61001/01exam/20080904/2nd_gr1_hsj.pdf
2008,3,9,kice_mock,second_language,japanese-1,question,manual_review,verified_pending_import,confirmed,official_catalog_and_pdf,not_imported,,https://wdown.ebsi.co.kr/W61001/01exam/20080904/2nd_ja1_mun.pdf
2008,3,9,kice_mock,second_language,japanese-1,solution,manual_review,verified_pending_import,confirmed,official_catalog_and_pdf,not_imported,,https://wdown.ebsi.co.kr/W61001/01exam/20080904/2nd_ja1_hsj.pdf
2008,3,9,kice_mock,second_language,russian-1,question,manual_review,verified_pending_import,confirmed,official_catalog_and_pdf,not_imported,,https://wdown.ebsi.co.kr/W61001/01exam/20080904/2nd_ru1_mun.pdf
2008,3,9,kice_mock,second_language,russian-1,solution,manual_review,verified_pending_import,confirmed,official_catalog_and_pdf,not_imported,,https://wdown.ebsi.co.kr/W61001/01exam/20080904/2nd_ru1_hsj.pdf
2008,3,9,kice_mock,second_language,spanish-1,question,manual_review,verified_pending_import,confirmed,official_catalog_and_pdf,not_imported,,https://wdown.ebsi.co.kr/W61001/01exam/20080904/2nd_sp1_mun.pdf
2008,3,9,kice_mock,second_language,spanish-1,solution,manual_review,verified_pending_import,confirmed,official_catalog_and_pdf,not_imported,,https://wdown.ebsi.co.kr/W61001/01exam/20080904/2nd_sp1_hsj.pdf
2008,3,10,school_mock,korean,korean-old,question,manual_review,verified_pending_import,confirmed,official_catalog_and_pdf,not_imported,,https://wdown.ebsi.co.kr/W61001/01exam/20081016/kor_mun.pdf
2008,3,10,school_mock,korean,korean-old,solution,manual_review,verified_pending_import,confirmed,official_catalog_and_pdf,not_imported,,https://wdown.ebsi.co.kr/W61001/01exam/20081016/kor_hsj.pdf
2008,3,10,school_mock,math,math-a,question,manual_review,verified_pending_import,confirmed,official_catalog_and_pdf,not_imported,,https://wdown.ebsi.co.kr/W61001/01exam/20081016/mathga_mun.pdf
2008,3,10,school_mock,math,math-a,solution,manual_review,verified_pending_import,confirmed,official_catalog_and_pdf,not_imported,,https://wdown.ebsi.co.kr/W61001/01exam/20081016/mathga_hsj.pdf
2008,3,10,school_mock,math,math-b,question,manual_review,verified_pending_import,confirmed,official_catalog_and_pdf,not_imported,,https://wdown.ebsi.co.kr/W61001/01exam/20081016/mathna_mun.pdf
2008,3,10,school_mock,math,math-b,solution,manual_review,verified_pending_import,confirmed,official_catalog_and_pdf,not_imported,,https://wdown.ebsi.co.kr/W61001/01exam/20081016/mathna_hsj.pdf
2008,3,10,school_mock,english,english-old,question,manual_review,verified_pending_import,confirmed,official_catalog_and_pdf,not_imported,,https://wdown.ebsi.co.kr/W61001/01exam/20081016/eng_mun.pdf
2008,3,10,school_mock,english,english-old,solution,manual_review,verified_pending_import,confirmed,official_catalog_and_pdf,not_imported,,https://wdown.ebsi.co.kr/W61001/01exam/20081016/eng_hsj.pdf
2008,3,10,school_mock,history,,question,manual_review,verified_pending_import,confirmed,official_catalog_and_pdf,not_imported,,https://wdown.ebsi.co.kr/W61001/01exam/20081016/s_his_mun.pdf
2008,3,10,school_mock,history,,solution,manual_review,verified_pending_import,confirmed,official_catalog_and_pdf,not_imported,,https://wdown.ebsi.co.kr/W61001/01exam/20081016/s_his_hsj.pdf
2008,3,10,school_mock,history,korean-modern-history,question,manual_review,verified_pending_import,confirmed,official_catalog_and_pdf,not_imported,,https://wdown.ebsi.co.kr/W61001/01exam/20081016/s_hgh_mun.pdf
2008,3,10,school_mock,history,korean-modern-history,solution,manual_review,verified_pending_import,confirmed,official_catalog_and_pdf,not_imported,,https://wdown.ebsi.co.kr/W61001/01exam/20081016/s_hgh_hsj.pdf
2008,3,10,school_mock,social,economic-geography,question,manual_review,verified_pending_import,confirmed,official_catalog_and_pdf,not_imported,,https://wdown.ebsi.co.kr/W61001/01exam/20081016/s_kyaji_mun.pdf
2008,3,10,school_mock,social,economic-geography,solution,manual_review,verified_pending_import,confirmed,official_catalog_and_pdf,not_imported,,https://wdown.ebsi.co.kr/W61001/01exam/20081016/s_kyaji_hsj.pdf
2008,3,10,school_mock,social,economics,question,manual_review,verified_pending_import,confirmed,official_catalog_and_pdf,not_imported,,https://wdown.ebsi.co.kr/W61001/01exam/20081016/s_eco_mun.pdf
2008,3,10,school_mock,social,economics,solution,manual_review,verified_pending_import,confirmed,official_catalog_and_pdf,not_imported,,https://wdown.ebsi.co.kr/W61001/01exam/20081016/s_eco_hsj.pdf
2008,3,10,school_mock,social,ethics,question,manual_review,verified_pending_import,confirmed,official_catalog_and_pdf,not_imported,,https://wdown.ebsi.co.kr/W61001/01exam/20081016/s_eth_mun.pdf
2008,3,10,school_mock,social,ethics,solution,manual_review,verified_pending_import,confirmed,official_catalog_and_pdf,not_imported,,https://wdown.ebsi.co.kr/W61001/01exam/20081016/s_eth_hsj.pdf
2008,3,10,school_mock,social,korean-geography,question,manual_review,verified_pending_import,confirmed,official_catalog_and_pdf,not_imported,,https://wdown.ebsi.co.kr/W61001/01exam/20081016/s_hanji_mun.pdf
2008,3,10,school_mock,social,korean-geography,solution,manual_review,verified_pending_import,confirmed,official_catalog_and_pdf,not_imported,,https://wdown.ebsi.co.kr/W61001/01exam/20081016/s_hanji_hsj.pdf
2008,3,10,school_mock,social,law-and-society,question,manual_review,verified_pending_import,confirmed,official_catalog_and_pdf,not_imported,,https://wdown.ebsi.co.kr/W61001/01exam/20081016/s_bns_mun.pdf
2008,3,10,school_mock,social,law-and-society,solution,manual_review,verified_pending_import,confirmed,official_catalog_and_pdf,not_imported,,https://wdown.ebsi.co.kr/W61001/01exam/20081016/s_bns_hsj.pdf
2008,3,10,school_mock,social,politics,question,manual_review,verified_pending_import,confirmed,official_catalog_and_pdf,not_imported,,https://wdown.ebsi.co.kr/W61001/01exam/20081016/s_pol_mun.pdf
2008,3,10,school_mock,social,politics,solution,manual_review,verified_pending_import,confirmed,official_catalog_and_pdf,not_imported,,https://wdown.ebsi.co.kr/W61001/01exam/20081016/s_pol_hsj.pdf
2008,3,10,school_mock,social,social-culture,question,manual_review,verified_pending_import,confirmed,official_catalog_and_pdf,not_imported,,https://wdown.ebsi.co.kr/W61001/01exam/20081016/s_samun_mun.pdf
2008,3,10,school_mock,social,social-culture,solution,manual_review,verified_pending_import,confirmed,official_catalog_and_pdf,not_imported,,https://wdown.ebsi.co.kr/W61001/01exam/20081016/s_samun_hsj.pdf
2008,3,10,school_mock,social,world-geography,question,manual_review,verified_pending_import,confirmed,official_catalog_and_pdf,not_imported,,https://wdown.ebsi.co.kr/W61001/01exam/20081016/s_saeji_mun.pdf
2008,3,10,school_mock,social,world-geography,solution,manual_review,verified_pending_import,confirmed,official_catalog_and_pdf,not_imported,,https://wdown.ebsi.co.kr/W61001/01exam/20081016/s_saeji_hsj.pdf
2008,3,10,school_mock,social,world-history,question,manual_review,verified_pending_import,confirmed,official_catalog_and_pdf,not_imported,,https://wdown.ebsi.co.kr/W61001/01exam/20081016/s_sks_mun.pdf
2008,3,10,school_mock,social,world-history,solution,manual_review,verified_pending_import,confirmed,official_catalog_and_pdf,not_imported,,https://wdown.ebsi.co.kr/W61001/01exam/20081016/s_sks_hsj.pdf
2008,3,10,school_mock,science,chemistry-1,question,manual_review,verified_pending_import,confirmed,official_catalog_and_pdf,not_imported,,https://wdown.ebsi.co.kr/W61001/01exam/20081016/g_che1_mun.pdf
2008,3,10,school_mock,science,chemistry-1,solution,manual_review,verified_pending_import,confirmed,official_catalog_and_pdf,not_imported,,https://wdown.ebsi.co.kr/W61001/01exam/20081016/g_che1_hsj.pdf
2008,3,10,school_mock,science,chemistry-2,question,manual_review,verified_pending_import,confirmed,official_catalog_and_pdf,not_imported,,https://wdown.ebsi.co.kr/W61001/01exam/20081016/g_che2_mun.pdf
2008,3,10,school_mock,science,chemistry-2,solution,manual_review,verified_pending_import,confirmed,official_catalog_and_pdf,not_imported,,https://wdown.ebsi.co.kr/W61001/01exam/20081016/g_che2_hsj.pdf
2008,3,10,school_mock,science,earth-science-1,question,manual_review,verified_pending_import,confirmed,official_catalog_and_pdf,not_imported,,https://wdown.ebsi.co.kr/W61001/01exam/20081016/g_ear1_mun.pdf
2008,3,10,school_mock,science,earth-science-1,solution,manual_review,verified_pending_import,confirmed,official_catalog_and_pdf,not_imported,,https://wdown.ebsi.co.kr/W61001/01exam/20081016/g_ear1_hsj.pdf
2008,3,10,school_mock,science,earth-science-2,question,manual_review,verified_pending_import,confirmed,official_catalog_and_pdf,not_imported,,https://wdown.ebsi.co.kr/W61001/01exam/20081016/g_ear2_mun.pdf
2008,3,10,school_mock,science,earth-science-2,solution,manual_review,verified_pending_import,confirmed,official_catalog_and_pdf,not_imported,,https://wdown.ebsi.co.kr/W61001/01exam/20081016/g_ear2_hsj.pdf
2008,3,10,school_mock,science,life-science-1,question,manual_review,verified_pending_import,confirmed,official_catalog_and_pdf,not_imported,,https://wdown.ebsi.co.kr/W61001/01exam/20081016/g_bio1_mun.pdf
2008,3,10,school_mock,science,life-science-1,solution,manual_review,verified_pending_import,confirmed,official_catalog_and_pdf,not_imported,,https://wdown.ebsi.co.kr/W61001/01exam/20081016/g_bio1_hsj.pdf
2008,3,10,school_mock,science,life-science-2,question,manual_review,verified_pending_import,confirmed,official_catalog_and_pdf,not_imported,,https://wdown.ebsi.co.kr/W61001/01exam/20081016/g_bio2_mun.pdf
2008,3,10,school_mock,science,life-science-2,solution,manual_review,verified_pending_import,confirmed,official_catalog_and_pdf,not_imported,,https://wdown.ebsi.co.kr/W61001/01exam/20081016/g_bio2_hsj.pdf
2008,3,10,school_mock,science,physics-1,question,manual_review,verified_pending_import,confirmed,official_catalog_and_pdf,not_imported,,https://wdown.ebsi.co.kr/W61001/01exam/20081016/g_phy1_mun.pdf
2008,3,10,school_mock,science,physics-1,solution,manual_review,verified_pending_import,confirmed,official_catalog_and_pdf,not_imported,,https://wdown.ebsi.co.kr/W61001/01exam/20081016/g_phy1_hsj.pdf
2008,3,10,school_mock,science,physics-2,question,manual_review,verified_pending_import,confirmed,official_catalog_and_pdf,not_imported,,https://wdown.ebsi.co.kr/W61001/01exam/20081016/g_phy2_mun.pdf
2008,3,10,school_mock,science,physics-2,solution,manual_review,verified_pending_import,confirmed,official_catalog_and_pdf,not_imported,,https://wdown.ebsi.co.kr/W61001/01exam/20081016/g_phy2_hsj.pdf
2008,3,10,school_mock,vocational,accounting-principles,question,manual_review,verified_pending_import,confirmed,official_catalog_and_pdf,not_imported,,https://wdown.ebsi.co.kr/W61001/01exam/20081016/j_jic12_mun.pdf
2008,3,10,school_mock,vocational,accounting-principles,solution,manual_review,verified_pending_import,confirmed,official_catalog_and_pdf,not_imported,,https://wdown.ebsi.co.kr/W61001/01exam/20081016/j_jic12_hsj.pdf
2008,3,10,school_mock,vocational,agriculture-basics,question,manual_review,verified_pending_import,confirmed,official_catalog_and_pdf,not_imported,,https://wdown.ebsi.co.kr/W61001/01exam/20081016/j_jic10_mun.pdf
2008,3,10,school_mock,vocational,agriculture-basics,solution,manual_review,verified_pending_import,confirmed,official_catalog_and_pdf,not_imported,,https://wdown.ebsi.co.kr/W61001/01exam/20081016/j_jic10_hsj.pdf
2008,3,10,school_mock,vocational,agriculture-information,question,manual_review,verified_pending_import,confirmed,official_catalog_and_pdf,not_imported,,https://wdown.ebsi.co.kr/W61001/01exam/20081016/j_jic01_mun.pdf
2008,3,10,school_mock,vocational,agriculture-information,solution,manual_review,verified_pending_import,confirmed,official_catalog_and_pdf,not_imported,,https://wdown.ebsi.co.kr/W61001/01exam/20081016/j_jic01_hsj.pdf
2008,3,10,school_mock,vocational,agriculture-understanding,question,manual_review,verified_pending_import,confirmed,official_catalog_and_pdf,not_imported,,https://wdown.ebsi.co.kr/W61001/01exam/20081016/J_nsmsup_mun.pdf
2008,3,10,school_mock,vocational,agriculture-understanding,solution,manual_review,verified_pending_import,confirmed,official_catalog_and_pdf,not_imported,,https://wdown.ebsi.co.kr/W61001/01exam/20081016/J_nsmsup_hsj.pdf
2008,3,10,school_mock,vocational,basic-drafting,question,manual_review,verified_pending_import,confirmed,official_catalog_and_pdf,not_imported,,https://wdown.ebsi.co.kr/W61001/01exam/20081016/j_jic11_mun.pdf
2008,3,10,school_mock,vocational,basic-drafting,solution,manual_review,verified_pending_import,confirmed,official_catalog_and_pdf,not_imported,,https://wdown.ebsi.co.kr/W61001/01exam/20081016/j_jic11_hsj.pdf
2008,3,10,school_mock,vocational,commercial-economics,question,manual_review,verified_pending_import,confirmed,official_catalog_and_pdf,not_imported,,https://wdown.ebsi.co.kr/W61001/01exam/20081016/J_supjb_mun.pdf
2008,3,10,school_mock,vocational,commercial-economics,solution,manual_review,verified_pending_import,confirmed,official_catalog_and_pdf,not_imported,,https://wdown.ebsi.co.kr/W61001/01exam/20081016/J_supjb_hsj.pdf
2008,3,10,school_mock,vocational,computer-general,question,manual_review,verified_pending_import,confirmed,official_catalog_and_pdf,not_imported,,https://wdown.ebsi.co.kr/W61001/01exam/20081016/j_jic08_mun.pdf
2008,3,10,school_mock,vocational,computer-general,solution,manual_review,verified_pending_import,confirmed,official_catalog_and_pdf,not_imported,,https://wdown.ebsi.co.kr/W61001/01exam/20081016/j_jic08_hsj.pdf
2008,3,10,school_mock,vocational,design-general,question,manual_review,verified_pending_import,confirmed,official_catalog_and_pdf,not_imported,,https://wdown.ebsi.co.kr/W61001/01exam/20081016/j_jic02_mun.pdf
2008,3,10,school_mock,vocational,design-general,solution,manual_review,verified_pending_import,confirmed,official_catalog_and_pdf,not_imported,,https://wdown.ebsi.co.kr/W61001/01exam/20081016/j_jic02_hsj.pdf
2008,3,10,school_mock,vocational,fisheries-general,question,manual_review,verified_pending_import,confirmed,official_catalog_and_pdf,not_imported,,https://wdown.ebsi.co.kr/W61001/01exam/20081016/j_jic03_mun.pdf
2008,3,10,school_mock,vocational,fisheries-general,solution,manual_review,verified_pending_import,confirmed,official_catalog_and_pdf,not_imported,,https://wdown.ebsi.co.kr/W61001/01exam/20081016/j_jic03_hsj.pdf
2008,3,10,school_mock,vocational,fisheries-shipping-information,question,manual_review,verified_pending_import,confirmed,official_catalog_and_pdf,not_imported,,https://wdown.ebsi.co.kr/W61001/01exam/20081016/J_ssnw_mun.pdf
2008,3,10,school_mock,vocational,fisheries-shipping-information,solution,manual_review,verified_pending_import,confirmed,official_catalog_and_pdf,not_imported,,https://wdown.ebsi.co.kr/W61001/01exam/20081016/J_ssnw_hsj.pdf
2008,3,10,school_mock,vocational,food-and-nutrition,question,manual_review,verified_pending_import,confirmed,official_catalog_and_pdf,not_imported,,https://wdown.ebsi.co.kr/W61001/01exam/20081016/j_jic04_mun.pdf
2008,3,10,school_mock,vocational,food-and-nutrition,solution,manual_review,verified_pending_import,confirmed,official_catalog_and_pdf,not_imported,,https://wdown.ebsi.co.kr/W61001/01exam/20081016/j_jic04_hsj.pdf
2008,3,10,school_mock,vocational,human-development,question,manual_review,verified_pending_import,confirmed,official_catalog_and_pdf,not_imported,,https://wdown.ebsi.co.kr/W61001/01exam/20081016/J_gsnsup_mun.pdf
2008,3,10,school_mock,vocational,human-development,solution,manual_review,verified_pending_import,confirmed,official_catalog_and_pdf,not_imported,,https://wdown.ebsi.co.kr/W61001/01exam/20081016/J_gsnsup_hsj.pdf
2008,3,10,school_mock,vocational,industry-intro,question,manual_review,verified_pending_import,confirmed,official_catalog_and_pdf,not_imported,,https://wdown.ebsi.co.kr/W61001/01exam/20081016/J_gup_mun.pdf
2008,3,10,school_mock,vocational,industry-intro,solution,manual_review,verified_pending_import,confirmed,official_catalog_and_pdf,not_imported,,https://wdown.ebsi.co.kr/W61001/01exam/20081016/J_gup_hsj.pdf
2008,3,10,school_mock,vocational,information-technology-basics,question,manual_review,verified_pending_import,confirmed,official_catalog_and_pdf,not_imported,,https://wdown.ebsi.co.kr/W61001/01exam/20081016/j_jic05_mun.pdf
2008,3,10,school_mock,vocational,information-technology-basics,solution,manual_review,verified_pending_import,confirmed,official_catalog_and_pdf,not_imported,,https://wdown.ebsi.co.kr/W61001/01exam/20081016/j_jic05_hsj.pdf
2008,3,10,school_mock,vocational,maritime-general,question,manual_review,verified_pending_import,confirmed,official_catalog_and_pdf,not_imported,,https://wdown.ebsi.co.kr/W61001/01exam/20081016/j_jic07_mun.pdf
2008,3,10,school_mock,vocational,maritime-general,solution,manual_review,verified_pending_import,confirmed,official_catalog_and_pdf,not_imported,,https://wdown.ebsi.co.kr/W61001/01exam/20081016/j_jic07_hsj.pdf
2008,3,10,school_mock,vocational,ocean-general,question,manual_review,verified_pending_import,confirmed,official_catalog_and_pdf,not_imported,,https://wdown.ebsi.co.kr/W61001/01exam/20081016/J_ssnw_mun.pdf
2008,3,10,school_mock,vocational,ocean-general,solution,manual_review,verified_pending_import,confirmed,official_catalog_and_pdf,not_imported,,https://wdown.ebsi.co.kr/W61001/01exam/20081016/J_ssnw_hsj.pdf
2008,3,10,school_mock,vocational,programming,question,manual_review,verified_pending_import,confirmed,official_catalog_and_pdf,not_imported,,https://wdown.ebsi.co.kr/W61001/01exam/20081016/j_jic06_mun.pdf
2008,3,10,school_mock,vocational,programming,solution,manual_review,verified_pending_import,confirmed,official_catalog_and_pdf,not_imported,,https://wdown.ebsi.co.kr/W61001/01exam/20081016/j_jic06_hsj.pdf
2008,3,10,school_mock,second_language,chinese-1,question,manual_review,verified_pending_import,confirmed,official_catalog_and_pdf,not_imported,,https://wdown.ebsi.co.kr/W61001/01exam/20081016/2nd_ch1_mun.pdf
2008,3,10,school_mock,second_language,chinese-1,solution,manual_review,verified_pending_import,confirmed,official_catalog_and_pdf,not_imported,,https://wdown.ebsi.co.kr/W61001/01exam/20081016/2nd_ch1_hsj.pdf
2008,3,10,school_mock,second_language,classical-chinese-1,question,manual_review,verified_pending_import,confirmed,official_catalog_and_pdf,not_imported,,https://wdown.ebsi.co.kr/W61001/01exam/20081016/2nd_han_mun.pdf
2008,3,10,school_mock,second_language,classical-chinese-1,solution,manual_review,verified_pending_import,confirmed,official_catalog_and_pdf,not_imported,,https://wdown.ebsi.co.kr/W61001/01exam/20081016/2nd_han_hsj.pdf
2008,3,10,school_mock,second_language,french-1,question,manual_review,verified_pending_import,confirmed,official_catalog_and_pdf,not_imported,,https://wdown.ebsi.co.kr/W61001/01exam/20081016/2nd_fr1_mun.pdf
2008,3,10,school_mock,second_language,french-1,solution,manual_review,verified_pending_import,confirmed,official_catalog_and_pdf,not_imported,,https://wdown.ebsi.co.kr/W61001/01exam/20081016/2nd_fr1_hsj.pdf
2008,3,10,school_mock,second_language,german-1,question,manual_review,verified_pending_import,confirmed,official_catalog_and_pdf,not_imported,,https://wdown.ebsi.co.kr/W61001/01exam/20081016/2nd_gr1_mun.pdf
2008,3,10,school_mock,second_language,german-1,solution,manual_review,verified_pending_import,confirmed,official_catalog_and_pdf,not_imported,,https://wdown.ebsi.co.kr/W61001/01exam/20081016/2nd_gr1_hsj.pdf
2008,3,10,school_mock,second_language,japanese-1,question,manual_review,verified_pending_import,confirmed,official_catalog_and_pdf,not_imported,,https://wdown.ebsi.co.kr/W61001/01exam/20081016/2nd_ja1_mun.pdf
2008,3,10,school_mock,second_language,japanese-1,solution,manual_review,verified_pending_import,confirmed,official_catalog_and_pdf,not_imported,,https://wdown.ebsi.co.kr/W61001/01exam/20081016/2nd_ja1_hsj.pdf
2008,3,10,school_mock,second_language,russian-1,question,manual_review,verified_pending_import,confirmed,official_catalog_and_pdf,not_imported,,https://wdown.ebsi.co.kr/W61001/01exam/20081016/2nd_ru1_mun.pdf
2008,3,10,school_mock,second_language,russian-1,solution,manual_review,verified_pending_import,confirmed,official_catalog_and_pdf,not_imported,,https://wdown.ebsi.co.kr/W61001/01exam/20081016/2nd_ru1_hsj.pdf
2008,3,10,school_mock,second_language,spanish-1,question,manual_review,verified_pending_import,confirmed,official_catalog_and_pdf,not_imported,,https://wdown.ebsi.co.kr/W61001/01exam/20081016/2nd_sp1_mun.pdf
2008,3,10,school_mock,second_language,spanish-1,solution,manual_review,verified_pending_import,confirmed,official_catalog_and_pdf,not_imported,,https://wdown.ebsi.co.kr/W61001/01exam/20081016/2nd_sp1_hsj.pdf
2008,3,11,csat,korean,korean-old,question,manual_review,verified_pending_import,confirmed,official_catalog_and_pdf,not_imported,,https://wdown.ebsi.co.kr/W61001/01exam/20081113/kor1_mun.pdf
2008,3,11,csat,korean,korean-old,solution,manual_review,verified_pending_import,confirmed,official_catalog_and_pdf,not_imported,,https://wdown.ebsi.co.kr/W61001/01exam/20081113/kor1_hsj.pdf
2008,3,11,csat,math,math-a,question,manual_review,verified_pending_import,confirmed,official_catalog_and_pdf,not_imported,,https://wdown.ebsi.co.kr/W61001/01exam/20081113/mathga1_mun.pdf
2008,3,11,csat,math,math-a,solution,manual_review,verified_pending_import,confirmed,official_catalog_and_pdf,not_imported,,https://wdown.ebsi.co.kr/W61001/01exam/20081113/mathga1_hsj.pdf
2008,3,11,csat,math,math-b,question,manual_review,verified_pending_import,confirmed,official_catalog_and_pdf,not_imported,,https://wdown.ebsi.co.kr/W61001/01exam/20081113/mathna1_mun.pdf
2008,3,11,csat,math,math-b,solution,manual_review,verified_pending_import,confirmed,official_catalog_and_pdf,not_imported,,https://wdown.ebsi.co.kr/W61001/01exam/20081113/mathna1_hsj.pdf
2008,3,11,csat,english,english-old,question,manual_review,verified_pending_import,confirmed,official_catalog_and_pdf,not_imported,,https://wdown.ebsi.co.kr/W61001/01exam/20081113/eng1_mun.pdf
2008,3,11,csat,english,english-old,solution,manual_review,verified_pending_import,confirmed,official_catalog_and_pdf,not_imported,,https://wdown.ebsi.co.kr/W61001/01exam/20081113/eng1_hsj.pdf
2008,3,11,csat,history,,question,manual_review,verified_pending_import,confirmed,official_catalog_and_pdf,not_imported,,https://wdown.ebsi.co.kr/W61001/01exam/20081113/s_his_mun.pdf
2008,3,11,csat,history,,solution,manual_review,verified_pending_import,confirmed,official_catalog_and_pdf,not_imported,,https://wdown.ebsi.co.kr/W61001/01exam/20081113/s_his_hsj.pdf
2008,3,11,csat,history,korean-modern-history,question,manual_review,verified_pending_import,confirmed,official_catalog_and_pdf,not_imported,,https://wdown.ebsi.co.kr/W61001/01exam/20081113/s_hgh_mun.pdf
2008,3,11,csat,history,korean-modern-history,solution,manual_review,verified_pending_import,confirmed,official_catalog_and_pdf,not_imported,,https://wdown.ebsi.co.kr/W61001/01exam/20081113/s_hgh_hsj_1.pdf
2008,3,11,csat,social,economic-geography,question,manual_review,verified_pending_import,confirmed,official_catalog_and_pdf,not_imported,,https://wdown.ebsi.co.kr/W61001/01exam/20081113/s_kyaji_mun.pdf
2008,3,11,csat,social,economic-geography,solution,manual_review,verified_pending_import,confirmed,official_catalog_and_pdf,not_imported,,https://wdown.ebsi.co.kr/W61001/01exam/20081113/s_kyaji_hsj.pdf
2008,3,11,csat,social,economics,question,manual_review,verified_pending_import,confirmed,official_catalog_and_pdf,not_imported,,https://wdown.ebsi.co.kr/W61001/01exam/20081113/s_eco_mun.pdf
2008,3,11,csat,social,economics,solution,manual_review,verified_pending_import,confirmed,official_catalog_and_pdf,not_imported,,https://wdown.ebsi.co.kr/W61001/01exam/20081113/s_eco_hsj.pdf
2008,3,11,csat,social,ethics,question,manual_review,verified_pending_import,confirmed,official_catalog_and_pdf,not_imported,,https://wdown.ebsi.co.kr/W61001/01exam/20081113/s_eth_mun.pdf
2008,3,11,csat,social,ethics,solution,manual_review,verified_pending_import,confirmed,official_catalog_and_pdf,not_imported,,https://wdown.ebsi.co.kr/W61001/01exam/20081113/s_eth_hsj.pdf
2008,3,11,csat,social,korean-geography,question,manual_review,verified_pending_import,confirmed,official_catalog_and_pdf,not_imported,,https://wdown.ebsi.co.kr/W61001/01exam/20081113/s_hanji_mun.pdf
2008,3,11,csat,social,korean-geography,solution,manual_review,verified_pending_import,confirmed,official_catalog_and_pdf,not_imported,,https://wdown.ebsi.co.kr/W61001/01exam/20081113/s_hanji_hsj.pdf
2008,3,11,csat,social,law-and-society,question,manual_review,verified_pending_import,confirmed,official_catalog_and_pdf,not_imported,,https://wdown.ebsi.co.kr/W61001/01exam/20081113/s_bns_mun.pdf
2008,3,11,csat,social,law-and-society,solution,manual_review,verified_pending_import,confirmed,official_catalog_and_pdf,not_imported,,https://wdown.ebsi.co.kr/W61001/01exam/20081113/s_bns_hsj.pdf
2008,3,11,csat,social,politics,question,manual_review,verified_pending_import,confirmed,official_catalog_and_pdf,not_imported,,https://wdown.ebsi.co.kr/W61001/01exam/20081113/s_pol_mun.pdf
2008,3,11,csat,social,politics,solution,manual_review,verified_pending_import,confirmed,official_catalog_and_pdf,not_imported,,https://wdown.ebsi.co.kr/W61001/01exam/20081113/s_pol_hsj.pdf
2008,3,11,csat,social,social-culture,question,manual_review,verified_pending_import,confirmed,official_catalog_and_pdf,not_imported,,https://wdown.ebsi.co.kr/W61001/01exam/20081113/s_samun_mun.pdf
2008,3,11,csat,social,social-culture,solution,manual_review,verified_pending_import,confirmed,official_catalog_and_pdf,not_imported,,https://wdown.ebsi.co.kr/W61001/01exam/20081113/s_samun_hsj.pdf
2008,3,11,csat,social,world-geography,question,manual_review,verified_pending_import,confirmed,official_catalog_and_pdf,not_imported,,https://wdown.ebsi.co.kr/W61001/01exam/20081113/s_saeji_mun.pdf
2008,3,11,csat,social,world-geography,solution,manual_review,verified_pending_import,confirmed,official_catalog_and_pdf,not_imported,,https://wdown.ebsi.co.kr/W61001/01exam/20081113/s_saeji_hsj.pdf
2008,3,11,csat,social,world-history,question,manual_review,verified_pending_import,confirmed,official_catalog_and_pdf,not_imported,,https://wdown.ebsi.co.kr/W61001/01exam/20081113/s_sks_mun.pdf
2008,3,11,csat,social,world-history,solution,manual_review,verified_pending_import,confirmed,official_catalog_and_pdf,not_imported,,https://wdown.ebsi.co.kr/W61001/01exam/20081113/s_sks_hsj.pdf
2008,3,11,csat,science,chemistry-1,question,manual_review,verified_pending_import,confirmed,official_catalog_and_pdf,not_imported,,https://wdown.ebsi.co.kr/W61001/01exam/20081113/g_che1_mun.pdf
2008,3,11,csat,science,chemistry-1,solution,manual_review,verified_pending_import,confirmed,official_catalog_and_pdf,not_imported,,https://wdown.ebsi.co.kr/W61001/01exam/20081113/g_che1_hsj.pdf
2008,3,11,csat,science,chemistry-2,question,manual_review,verified_pending_import,confirmed,official_catalog_and_pdf,not_imported,,https://wdown.ebsi.co.kr/W61001/01exam/20081113/g_che2_mun.pdf
2008,3,11,csat,science,chemistry-2,solution,manual_review,verified_pending_import,confirmed,official_catalog_and_pdf,not_imported,,https://wdown.ebsi.co.kr/W61001/01exam/20081113/g_che2_hsj.pdf
2008,3,11,csat,science,earth-science-1,question,manual_review,verified_pending_import,confirmed,official_catalog_and_pdf,not_imported,,https://wdown.ebsi.co.kr/W61001/01exam/20081113/g_ear1_mun.pdf
2008,3,11,csat,science,earth-science-1,solution,manual_review,verified_pending_import,confirmed,official_catalog_and_pdf,not_imported,,https://wdown.ebsi.co.kr/W61001/01exam/20081113/g_ear1_hsj.pdf
2008,3,11,csat,science,earth-science-2,question,manual_review,verified_pending_import,confirmed,official_catalog_and_pdf,not_imported,,https://wdown.ebsi.co.kr/W61001/01exam/20081113/g_ear2_mun.pdf
2008,3,11,csat,science,earth-science-2,solution,manual_review,verified_pending_import,confirmed,official_catalog_and_pdf,not_imported,,https://wdown.ebsi.co.kr/W61001/01exam/20081113/g_ear2_hsj.pdf
2008,3,11,csat,science,life-science-1,question,manual_review,verified_pending_import,confirmed,official_catalog_and_pdf,not_imported,,https://wdown.ebsi.co.kr/W61001/01exam/20081113/g_bio1_mun.pdf
2008,3,11,csat,science,life-science-1,solution,manual_review,verified_pending_import,confirmed,official_catalog_and_pdf,not_imported,,https://wdown.ebsi.co.kr/W61001/01exam/20081113/g_bio1_hsj.pdf
2008,3,11,csat,science,life-science-2,question,manual_review,verified_pending_import,confirmed,official_catalog_and_pdf,not_imported,,https://wdown.ebsi.co.kr/W61001/01exam/20081113/g_bio2_mun.pdf
2008,3,11,csat,science,life-science-2,solution,manual_review,verified_pending_import,confirmed,official_catalog_and_pdf,not_imported,,https://wdown.ebsi.co.kr/W61001/01exam/20081113/g_bio2_hsj.pdf
2008,3,11,csat,science,physics-1,question,manual_review,verified_pending_import,confirmed,official_catalog_and_pdf,not_imported,,https://wdown.ebsi.co.kr/W61001/01exam/20081113/g_phy1_mun.pdf
2008,3,11,csat,science,physics-1,solution,manual_review,verified_pending_import,confirmed,official_catalog_and_pdf,not_imported,,https://wdown.ebsi.co.kr/W61001/01exam/20081113/g_phy1_hsj.pdf
2008,3,11,csat,science,physics-2,question,manual_review,verified_pending_import,confirmed,official_catalog_and_pdf,not_imported,,https://wdown.ebsi.co.kr/W61001/01exam/20081113/g_phy2_mun.pdf
2008,3,11,csat,science,physics-2,solution,manual_review,verified_pending_import,confirmed,official_catalog_and_pdf,not_imported,,https://wdown.ebsi.co.kr/W61001/01exam/20081113/g_phy2_hsj.pdf
2008,3,11,csat,vocational,accounting-principles,question,manual_review,verified_pending_import,confirmed,official_catalog_and_pdf,not_imported,,https://wdown.ebsi.co.kr/W61001/01exam/20081113/j_jic12_mun.pdf
2008,3,11,csat,vocational,accounting-principles,solution,manual_review,verified_pending_import,confirmed,official_catalog_and_pdf,not_imported,,https://wdown.ebsi.co.kr/W61001/01exam/20081113/j_jic12_hsj.pdf
2008,3,11,csat,vocational,agriculture-basics,question,manual_review,verified_pending_import,confirmed,official_catalog_and_pdf,not_imported,,https://wdown.ebsi.co.kr/W61001/01exam/20081113/j_jic10_mun.pdf
2008,3,11,csat,vocational,agriculture-basics,solution,manual_review,verified_pending_import,confirmed,official_catalog_and_pdf,not_imported,,https://wdown.ebsi.co.kr/W61001/01exam/20081113/j_jic10_hsj.pdf
2008,3,11,csat,vocational,agriculture-information,question,manual_review,verified_pending_import,confirmed,official_catalog_and_pdf,not_imported,,https://wdown.ebsi.co.kr/W61001/01exam/20081113/j_jic01_mun.pdf
2008,3,11,csat,vocational,agriculture-information,solution,manual_review,verified_pending_import,confirmed,official_catalog_and_pdf,not_imported,,https://wdown.ebsi.co.kr/W61001/01exam/20081113/j_jic01_hsj.pdf
2008,3,11,csat,vocational,agriculture-understanding,question,manual_review,verified_pending_import,confirmed,official_catalog_and_pdf,not_imported,,https://wdown.ebsi.co.kr/W61001/01exam/20081113/J_nsmsup_mun.pdf
2008,3,11,csat,vocational,agriculture-understanding,solution,manual_review,verified_pending_import,confirmed,official_catalog_and_pdf,not_imported,,https://wdown.ebsi.co.kr/W61001/01exam/20081113/J_nsmsup_hsj.pdf
2008,3,11,csat,vocational,basic-drafting,question,manual_review,verified_pending_import,confirmed,official_catalog_and_pdf,not_imported,,https://wdown.ebsi.co.kr/W61001/01exam/20081113/j_jic11_mun.pdf
2008,3,11,csat,vocational,basic-drafting,solution,manual_review,verified_pending_import,confirmed,official_catalog_and_pdf,not_imported,,https://wdown.ebsi.co.kr/W61001/01exam/20081113/j_jic11_hsj.pdf
2008,3,11,csat,vocational,commercial-economics,question,manual_review,verified_pending_import,confirmed,official_catalog_and_pdf,not_imported,,https://wdown.ebsi.co.kr/W61001/01exam/20081113/J_supjb_mun.pdf
2008,3,11,csat,vocational,commercial-economics,solution,manual_review,verified_pending_import,confirmed,official_catalog_and_pdf,not_imported,,https://wdown.ebsi.co.kr/W61001/01exam/20081113/J_supjb_hsj.pdf
2008,3,11,csat,vocational,computer-general,question,manual_review,verified_pending_import,confirmed,official_catalog_and_pdf,not_imported,,https://wdown.ebsi.co.kr/W61001/01exam/20081113/j_jic08_mun.pdf
2008,3,11,csat,vocational,computer-general,solution,manual_review,verified_pending_import,confirmed,official_catalog_and_pdf,not_imported,,https://wdown.ebsi.co.kr/W61001/01exam/20081113/j_jic08_hsj.pdf
2008,3,11,csat,vocational,design-general,question,manual_review,verified_pending_import,confirmed,official_catalog_and_pdf,not_imported,,https://wdown.ebsi.co.kr/W61001/01exam/20081113/j_jic02_mun.pdf
2008,3,11,csat,vocational,design-general,solution,manual_review,verified_pending_import,confirmed,official_catalog_and_pdf,not_imported,,https://wdown.ebsi.co.kr/W61001/01exam/20081113/j_jic02_hsj.pdf
2008,3,11,csat,vocational,fisheries-general,question,manual_review,verified_pending_import,confirmed,official_catalog_and_pdf,not_imported,,https://wdown.ebsi.co.kr/W61001/01exam/20081113/j_jic03_mun.pdf
2008,3,11,csat,vocational,fisheries-general,solution,manual_review,verified_pending_import,confirmed,official_catalog_and_pdf,not_imported,,https://wdown.ebsi.co.kr/W61001/01exam/20081113/j_jic03_hsj.pdf
2008,3,11,csat,vocational,fisheries-shipping-information,question,manual_review,verified_pending_import,confirmed,official_catalog_and_pdf,not_imported,,https://wdown.ebsi.co.kr/W61001/01exam/20081113/J_ssnw_mun.pdf
2008,3,11,csat,vocational,fisheries-shipping-information,solution,manual_review,verified_pending_import,confirmed,official_catalog_and_pdf,not_imported,,https://wdown.ebsi.co.kr/W61001/01exam/20081113/J_ssnw_hsj.pdf
2008,3,11,csat,vocational,food-and-nutrition,question,manual_review,verified_pending_import,confirmed,official_catalog_and_pdf,not_imported,,https://wdown.ebsi.co.kr/W61001/01exam/20081113/j_jic04_mun.pdf
2008,3,11,csat,vocational,food-and-nutrition,solution,manual_review,verified_pending_import,confirmed,official_catalog_and_pdf,not_imported,,https://wdown.ebsi.co.kr/W61001/01exam/20081113/j_jic04_hsj.pdf
2008,3,11,csat,vocational,human-development,question,manual_review,verified_pending_import,confirmed,official_catalog_and_pdf,not_imported,,https://wdown.ebsi.co.kr/W61001/01exam/20081113/J_gsnsup_mun.pdf
2008,3,11,csat,vocational,human-development,solution,manual_review,verified_pending_import,confirmed,official_catalog_and_pdf,not_imported,,https://wdown.ebsi.co.kr/W61001/01exam/20081113/J_gsnsup_hsj.pdf
2008,3,11,csat,vocational,industry-intro,question,manual_review,verified_pending_import,confirmed,official_catalog_and_pdf,not_imported,,https://wdown.ebsi.co.kr/W61001/01exam/20081113/J_gup_mun.pdf
2008,3,11,csat,vocational,industry-intro,solution,manual_review,verified_pending_import,confirmed,official_catalog_and_pdf,not_imported,,https://wdown.ebsi.co.kr/W61001/01exam/20081113/J_gup_hsj.pdf
2008,3,11,csat,vocational,information-technology-basics,question,manual_review,verified_pending_import,confirmed,official_catalog_and_pdf,not_imported,,https://wdown.ebsi.co.kr/W61001/01exam/20081113/j_jic05_mun.pdf
2008,3,11,csat,vocational,information-technology-basics,solution,manual_review,verified_pending_import,confirmed,official_catalog_and_pdf,not_imported,,https://wdown.ebsi.co.kr/W61001/01exam/20081113/j_jic05_hsj.pdf
2008,3,11,csat,vocational,maritime-general,question,manual_review,verified_pending_import,confirmed,official_catalog_and_pdf,not_imported,,https://wdown.ebsi.co.kr/W61001/01exam/20081113/j_jic07_mun.pdf
2008,3,11,csat,vocational,maritime-general,solution,manual_review,verified_pending_import,confirmed,official_catalog_and_pdf,not_imported,,https://wdown.ebsi.co.kr/W61001/01exam/20081113/j_jic07_hsj.pdf
2008,3,11,csat,vocational,ocean-general,question,manual_review,verified_pending_import,confirmed,official_catalog_and_pdf,not_imported,,https://wdown.ebsi.co.kr/W61001/01exam/20081113/J_ssnw_mun.pdf
2008,3,11,csat,vocational,ocean-general,solution,manual_review,verified_pending_import,confirmed,official_catalog_and_pdf,not_imported,,https://wdown.ebsi.co.kr/W61001/01exam/20081113/J_ssnw_hsj.pdf
2008,3,11,csat,vocational,programming,question,manual_review,verified_pending_import,confirmed,official_catalog_and_pdf,not_imported,,https://wdown.ebsi.co.kr/W61001/01exam/20081113/j_jic06_mun.pdf
2008,3,11,csat,vocational,programming,solution,manual_review,verified_pending_import,confirmed,official_catalog_and_pdf,not_imported,,https://wdown.ebsi.co.kr/W61001/01exam/20081113/j_jic06_hsj.pdf
2008,3,11,csat,second_language,arabic-1,question,manual_review,verified_pending_import,confirmed,official_catalog_and_pdf,not_imported,,https://wdown.ebsi.co.kr/W61001/01exam/20081113/2nd_ar1_mun.pdf
2008,3,11,csat,second_language,arabic-1,solution,manual_review,verified_pending_import,confirmed,official_catalog_and_pdf,not_imported,,https://wdown.ebsi.co.kr/W61001/01exam/20081113/2nd_ar1_hsj.pdf
2008,3,11,csat,second_language,chinese-1,question,manual_review,verified_pending_import,confirmed,official_catalog_and_pdf,not_imported,,https://wdown.ebsi.co.kr/W61001/01exam/20081113/2nd_ch1_mun.pdf
2008,3,11,csat,second_language,chinese-1,solution,manual_review,verified_pending_import,confirmed,official_catalog_and_pdf,not_imported,,https://wdown.ebsi.co.kr/W61001/01exam/20081113/2nd_ch1_hsj.pdf
2008,3,11,csat,second_language,classical-chinese-1,question,manual_review,verified_pending_import,confirmed,official_catalog_and_pdf,not_imported,,https://wdown.ebsi.co.kr/W61001/01exam/20081113/2nd_han_mun.pdf
2008,3,11,csat,second_language,classical-chinese-1,solution,manual_review,verified_pending_import,confirmed,official_catalog_and_pdf,not_imported,,https://wdown.ebsi.co.kr/W61001/01exam/20081113/2nd_han_hsj.pdf
2008,3,11,csat,second_language,french-1,question,manual_review,verified_pending_import,confirmed,official_catalog_and_pdf,not_imported,,https://wdown.ebsi.co.kr/W61001/01exam/20081113/2nd_fr1_mun.pdf
2008,3,11,csat,second_language,french-1,solution,manual_review,verified_pending_import,confirmed,official_catalog_and_pdf,not_imported,,https://wdown.ebsi.co.kr/W61001/01exam/20081113/2nd_fr1_hsj.pdf
2008,3,11,csat,second_language,german-1,question,manual_review,verified_pending_import,confirmed,official_catalog_and_pdf,not_imported,,https://wdown.ebsi.co.kr/W61001/01exam/20081113/2nd_gr1_mun.pdf
2008,3,11,csat,second_language,german-1,solution,manual_review,verified_pending_import,confirmed,official_catalog_and_pdf,not_imported,,https://wdown.ebsi.co.kr/W61001/01exam/20081113/2nd_gr1_hsj.pdf
2008,3,11,csat,second_language,japanese-1,question,manual_review,verified_pending_import,confirmed,official_catalog_and_pdf,not_imported,,https://wdown.ebsi.co.kr/W61001/01exam/20081113/2nd_ja1_mun.pdf
2008,3,11,csat,second_language,japanese-1,solution,manual_review,verified_pending_import,confirmed,official_catalog_and_pdf,not_imported,,https://wdown.ebsi.co.kr/W61001/01exam/20081113/2nd_ja1_hsj.pdf
2008,3,11,csat,second_language,russian-1,question,manual_review,verified_pending_import,confirmed,official_catalog_and_pdf,not_imported,,https://wdown.ebsi.co.kr/W61001/01exam/20081113/2nd_ru1_mun.pdf
2008,3,11,csat,second_language,russian-1,solution,manual_review,verified_pending_import,confirmed,official_catalog_and_pdf,not_imported,,https://wdown.ebsi.co.kr/W61001/01exam/20081113/2nd_ru1_hsj.pdf
2008,3,11,csat,second_language,spanish-1,question,manual_review,verified_pending_import,confirmed,official_catalog_and_pdf,not_imported,,https://wdown.ebsi.co.kr/W61001/01exam/20081113/2nd_sp1_mun.pdf
2008,3,11,csat,second_language,spanish-1,solution,manual_review,verified_pending_import,confirmed,official_catalog_and_pdf,not_imported,,https://wdown.ebsi.co.kr/W61001/01exam/20081113/2nd_sp1_hsj.pdf
