year,grade,month,exam_type,subject,course_code,file_type,status,reason,count_as_expected,expected_basis,db_status,public_file_id,official_url
2009,1,3,school_mock,korean,,question,manual_review,verified_pending_import,confirmed,official_catalog_and_pdf,not_imported,,https://wdown.ebsi.co.kr/W61001/01exam/20090311/kor_mun.pdf
2009,1,3,school_mock,korean,,solution,manual_review,verified_pending_import,confirmed,official_catalog_and_pdf,not_imported,,https://wdown.ebsi.co.kr/W61001/01exam/20090311/kor_hsj.pdf
2009,1,3,school_mock,math,,question,manual_review,verified_pending_import,confirmed,official_catalog_and_pdf,not_imported,,https://wdown.ebsi.co.kr/W61001/01exam/20090311/math_mun.pdf
2009,1,3,school_mock,math,,solution,manual_review,verified_pending_import,confirmed,official_catalog_and_pdf,not_imported,,https://wdown.ebsi.co.kr/W61001/01exam/20090311/math_hsj.pdf
2009,1,3,school_mock,english,,question,manual_review,verified_pending_import,confirmed,official_catalog_and_pdf,not_imported,,https://wdown.ebsi.co.kr/W61001/01exam/20090311/eng_mun.pdf
2009,1,3,school_mock,english,,solution,manual_review,verified_pending_import,confirmed,official_catalog_and_pdf,not_imported,,https://wdown.ebsi.co.kr/W61001/01exam/20090311/eng_hsj.pdf
2009,1,3,school_mock,social,social-science-studies,question,manual_review,verified_pending_import,confirmed,official_catalog_and_pdf,not_imported,,https://wdown.ebsi.co.kr/W61001/01exam/20090311/saga_mun.pdf
2009,1,3,school_mock,social,social-science-studies,solution,manual_review,verified_pending_import,confirmed,official_catalog_and_pdf,not_imported,,https://wdown.ebsi.co.kr/W61001/01exam/20090311/saga_hsj.pdf
2009,1,6,school_mock,korean,,question,manual_review,verified_pending_import,confirmed,official_catalog_and_pdf,not_imported,,https://wdown.ebsi.co.kr/W61001/01exam/20090617/kor_mun.pdf
2009,1,6,school_mock,korean,,solution,manual_review,verified_pending_import,confirmed,official_catalog_and_pdf,not_imported,,https://wdown.ebsi.co.kr/W61001/01exam/20090617/kor_hsj.pdf
2009,1,6,school_mock,math,,question,manual_review,verified_pending_import,confirmed,official_catalog_and_pdf,not_imported,,https://wdown.ebsi.co.kr/W61001/01exam/20090617/math_mun.pdf
2009,1,6,school_mock,math,,solution,manual_review,verified_pending_import,confirmed,official_catalog_and_pdf,not_imported,,https://wdown.ebsi.co.kr/W61001/01exam/20090617/math_hsj.pdf
2009,1,6,school_mock,english,,question,manual_review,verified_pending_import,confirmed,official_catalog_and_pdf,not_imported,,https://wdown.ebsi.co.kr/W61001/01exam/20090617/eng_mun.pdf
2009,1,6,school_mock,english,,solution,manual_review,verified_pending_import,confirmed,official_catalog_and_pdf,not_imported,,https://wdown.ebsi.co.kr/W61001/01exam/20090617/eng_hsj.pdf
2009,1,6,school_mock,social,social-science-studies,question,manual_review,verified_pending_import,confirmed,official_catalog_and_pdf,not_imported,,https://wdown.ebsi.co.kr/W61001/01exam/20090617/saga_mun.pdf
2009,1,6,school_mock,social,social-science-studies,solution,manual_review,verified_pending_import,confirmed,official_catalog_and_pdf,not_imported,,https://wdown.ebsi.co.kr/W61001/01exam/20090617/saga_hsj.pdf
2009,1,9,school_mock,korean,,question,manual_review,verified_pending_import,confirmed,official_catalog_and_pdf,not_imported,,https://wdown.ebsi.co.kr/W61001/01exam/20090917/kor_mun.pdf
2009,1,9,school_mock,korean,,solution,manual_review,verified_pending_import,confirmed,official_catalog_and_pdf,not_imported,,https://wdown.ebsi.co.kr/W61001/01exam/20090917/kor_hsj.pdf
2009,1,9,school_mock,math,,question,manual_review,verified_pending_import,confirmed,official_catalog_and_pdf,not_imported,,https://wdown.ebsi.co.kr/W61001/01exam/20090917/math_mun.pdf
2009,1,9,school_mock,math,,solution,manual_review,verified_pending_import,confirmed,official_catalog_and_pdf,not_imported,,https://wdown.ebsi.co.kr/W61001/01exam/20090917/math_hsj.pdf
2009,1,9,school_mock,english,,question,manual_review,verified_pending_import,confirmed,official_catalog_and_pdf,not_imported,,https://wdown.ebsi.co.kr/W61001/01exam/20090917/eng_mun.pdf
2009,1,9,school_mock,english,,solution,manual_review,verified_pending_import,confirmed,official_catalog_and_pdf,not_imported,,https://wdown.ebsi.co.kr/W61001/01exam/20090917/eng_hsj.pdf
2009,1,9,school_mock,social,social-science-studies,question,manual_review,verified_pending_import,confirmed,official_catalog_and_pdf,not_imported,,https://wdown.ebsi.co.kr/W61001/01exam/20090917/saga_mun.pdf
2009,1,9,school_mock,social,social-science-studies,solution,manual_review,verified_pending_import,confirmed,official_catalog_and_pdf,not_imported,,https://wdown.ebsi.co.kr/W61001/01exam/20090917/saga_hsj.pdf
2009,1,11,school_mock,korean,,question,manual_review,verified_pending_import,confirmed,official_catalog_and_pdf,not_imported,,https://wdown.ebsi.co.kr/W61001/01exam/20091118/kor_mun.pdf
2009,1,11,school_mock,korean,,solution,manual_review,verified_pending_import,confirmed,official_catalog_and_pdf,not_imported,,https://wdown.ebsi.co.kr/W61001/01exam/20091118/kor_hsj.pdf
2009,1,11,school_mock,math,,question,manual_review,verified_pending_import,confirmed,official_catalog_and_pdf,not_imported,,https://wdown.ebsi.co.kr/W61001/01exam/20091118/math_mun.pdf
2009,1,11,school_mock,math,,solution,manual_review,verified_pending_import,confirmed,official_catalog_and_pdf,not_imported,,https://wdown.ebsi.co.kr/W61001/01exam/20091118/math_hsj.pdf
2009,1,11,school_mock,english,,question,manual_review,verified_pending_import,confirmed,official_catalog_and_pdf,not_imported,,https://wdown.ebsi.co.kr/W61001/01exam/20091118/eng_mun.pdf
2009,1,11,school_mock,english,,solution,manual_review,verified_pending_import,confirmed,official_catalog_and_pdf,not_imported,,https://wdown.ebsi.co.kr/W61001/01exam/20091118/eng_hsj.pdf
2009,1,11,school_mock,social,social-science-studies,question,manual_review,verified_pending_import,confirmed,official_catalog_and_pdf,not_imported,,https://wdown.ebsi.co.kr/W61001/01exam/20091118/saga_mun.pdf
2009,1,11,school_mock,social,social-science-studies,solution,manual_review,verified_pending_import,confirmed,official_catalog_and_pdf,not_imported,,https://wdown.ebsi.co.kr/W61001/01exam/20091118/saga_hsj.pdf
2009,2,3,school_mock,korean,korean-a,question,manual_review,verified_pending_import,confirmed,official_catalog_and_pdf,not_imported,,https://wdown.ebsi.co.kr/W61001/01exam/20090312/kor_mun.pdf
2009,2,3,school_mock,korean,korean-a,solution,manual_review,verified_pending_import,confirmed,official_catalog_and_pdf,not_imported,,https://wdown.ebsi.co.kr/W61001/01exam/20090312/kor_hsj.pdf
2009,2,3,school_mock,math,math-a,question,manual_review,verified_pending_import,confirmed,official_catalog_and_pdf,not_imported,,https://wdown.ebsi.co.kr/W61001/01exam/20090312/math_mun.pdf
2009,2,3,school_mock,math,math-a,solution,manual_review,verified_pending_import,confirmed,official_catalog_and_pdf,not_imported,,https://wdown.ebsi.co.kr/W61001/01exam/20090312/math_hsj.pdf
2009,2,3,school_mock,english,english-a,question,manual_review,verified_pending_import,confirmed,official_catalog_and_pdf,not_imported,,https://wdown.ebsi.co.kr/W61001/01exam/20090312/eng_mun.pdf
2009,2,3,school_mock,english,english-a,solution,manual_review,verified_pending_import,confirmed,official_catalog_and_pdf,not_imported,,https://wdown.ebsi.co.kr/W61001/01exam/20090312/eng_hsj.pdf
2009,2,6,school_mock,korean,korean-a,question,manual_review,verified_pending_import,confirmed,official_catalog_and_pdf,not_imported,,https://wdown.ebsi.co.kr/W61001/01exam/20090618/kor_mun.pdf
2009,2,6,school_mock,korean,korean-a,solution,manual_review,verified_pending_import,confirmed,official_catalog_and_pdf,not_imported,,https://wdown.ebsi.co.kr/W61001/01exam/20090618/kor_hsj.pdf
2009,2,6,school_mock,math,math-a,question,manual_review,verified_pending_import,confirmed,official_catalog_and_pdf,not_imported,,https://wdown.ebsi.co.kr/W61001/01exam/20090618/mathga_mun.pdf
2009,2,6,school_mock,math,math-a,solution,manual_review,verified_pending_import,confirmed,official_catalog_and_pdf,not_imported,,https://wdown.ebsi.co.kr/W61001/01exam/20090618/mathga_hsj.pdf
2009,2,6,school_mock,math,math-b,question,manual_review,verified_pending_import,confirmed,official_catalog_and_pdf,not_imported,,https://wdown.ebsi.co.kr/W61001/01exam/20090618/mathna_mun.pdf
2009,2,6,school_mock,math,math-b,solution,manual_review,verified_pending_import,confirmed,official_catalog_and_pdf,not_imported,,https://wdown.ebsi.co.kr/W61001/01exam/20090618/mathna_hsj.pdf
2009,2,6,school_mock,english,english-a,question,manual_review,verified_pending_import,confirmed,official_catalog_and_pdf,not_imported,,https://wdown.ebsi.co.kr/W61001/01exam/20090618/eng_mun.pdf
2009,2,6,school_mock,english,english-a,solution,manual_review,verified_pending_import,confirmed,official_catalog_and_pdf,not_imported,,https://wdown.ebsi.co.kr/W61001/01exam/20090618/eng_hsj.pdf
2009,2,6,school_mock,history,,question,manual_review,verified_pending_import,confirmed,official_catalog_and_pdf,not_imported,,https://wdown.ebsi.co.kr/W61001/01exam/20090618/s_his_mun.pdf
2009,2,6,school_mock,history,,solution,manual_review,verified_pending_import,confirmed,official_catalog_and_pdf,not_imported,,https://wdown.ebsi.co.kr/W61001/01exam/20090618/s_his_hsj.pdf
2009,2,6,school_mock,history,korean-modern-history,question,manual_review,verified_pending_import,confirmed,official_catalog_and_pdf,not_imported,,https://wdown.ebsi.co.kr/W61001/01exam/20090618/s_hgh_mun.pdf
2009,2,6,school_mock,history,korean-modern-history,solution,manual_review,verified_pending_import,confirmed,official_catalog_and_pdf,not_imported,,https://wdown.ebsi.co.kr/W61001/01exam/20090618/s_hgh_hsj.pdf
2009,2,6,school_mock,social,economic-geography,question,manual_review,verified_pending_import,confirmed,official_catalog_and_pdf,not_imported,,https://wdown.ebsi.co.kr/W61001/01exam/20090618/s_kyaji_mun.pdf
2009,2,6,school_mock,social,economic-geography,solution,manual_review,verified_pending_import,confirmed,official_catalog_and_pdf,not_imported,,https://wdown.ebsi.co.kr/W61001/01exam/20090618/s_kyaji_hsj.pdf
2009,2,6,school_mock,social,economics,question,manual_review,verified_pending_import,confirmed,official_catalog_and_pdf,not_imported,,https://wdown.ebsi.co.kr/W61001/01exam/20090618/s_eco_mun.pdf
2009,2,6,school_mock,social,economics,solution,manual_review,verified_pending_import,confirmed,official_catalog_and_pdf,not_imported,,https://wdown.ebsi.co.kr/W61001/01exam/20090618/s_eco_hsj.pdf
2009,2,6,school_mock,social,ethics,question,manual_review,verified_pending_import,confirmed,official_catalog_and_pdf,not_imported,,https://wdown.ebsi.co.kr/W61001/01exam/20090618/s_eth_mun.pdf
2009,2,6,school_mock,social,ethics,solution,manual_review,verified_pending_import,confirmed,official_catalog_and_pdf,not_imported,,https://wdown.ebsi.co.kr/W61001/01exam/20090618/s_eth_hsj.pdf
2009,2,6,school_mock,social,korean-geography,question,manual_review,verified_pending_import,confirmed,official_catalog_and_pdf,not_imported,,https://wdown.ebsi.co.kr/W61001/01exam/20090618/s_hanji_mun.pdf
2009,2,6,school_mock,social,korean-geography,solution,manual_review,verified_pending_import,confirmed,official_catalog_and_pdf,not_imported,,https://wdown.ebsi.co.kr/W61001/01exam/20090618/s_hanji_hsj.pdf
2009,2,6,school_mock,social,law-and-society,question,manual_review,verified_pending_import,confirmed,official_catalog_and_pdf,not_imported,,https://wdown.ebsi.co.kr/W61001/01exam/20090618/s_bns_mun.pdf
2009,2,6,school_mock,social,law-and-society,solution,manual_review,verified_pending_import,confirmed,official_catalog_and_pdf,not_imported,,https://wdown.ebsi.co.kr/W61001/01exam/20090618/s_bns_hsj.pdf
2009,2,6,school_mock,social,politics,question,manual_review,verified_pending_import,confirmed,official_catalog_and_pdf,not_imported,,https://wdown.ebsi.co.kr/W61001/01exam/20090618/s_pol_mun.pdf
2009,2,6,school_mock,social,politics,solution,manual_review,verified_pending_import,confirmed,official_catalog_and_pdf,not_imported,,https://wdown.ebsi.co.kr/W61001/01exam/20090618/s_pol_hsj.pdf
2009,2,6,school_mock,social,social-culture,question,manual_review,verified_pending_import,confirmed,official_catalog_and_pdf,not_imported,,https://wdown.ebsi.co.kr/W61001/01exam/20090618/s_samun_mun.pdf
2009,2,6,school_mock,social,social-culture,solution,manual_review,verified_pending_import,confirmed,official_catalog_and_pdf,not_imported,,https://wdown.ebsi.co.kr/W61001/01exam/20090618/s_samun_hsj.pdf
2009,2,6,school_mock,social,world-geography,question,manual_review,verified_pending_import,confirmed,official_catalog_and_pdf,not_imported,,https://wdown.ebsi.co.kr/W61001/01exam/20090618/s_saeji_mun.pdf
2009,2,6,school_mock,social,world-geography,solution,manual_review,verified_pending_import,confirmed,official_catalog_and_pdf,not_imported,,https://wdown.ebsi.co.kr/W61001/01exam/20090618/s_saeji_hsj.pdf
2009,2,6,school_mock,social,world-history,question,manual_review,verified_pending_import,confirmed,official_catalog_and_pdf,not_imported,,https://wdown.ebsi.co.kr/W61001/01exam/20090618/s_sks_mun.pdf
2009,2,6,school_mock,social,world-history,solution,manual_review,verified_pending_import,confirmed,official_catalog_and_pdf,not_imported,,https://wdown.ebsi.co.kr/W61001/01exam/20090618/s_sks_hsj.pdf
2009,2,6,school_mock,science,chemistry-1,question,manual_review,verified_pending_import,confirmed,official_catalog_and_pdf,not_imported,,https://wdown.ebsi.co.kr/W61001/01exam/20090618/g_che1_mun_1.pdf
2009,2,6,school_mock,science,chemistry-1,solution,manual_review,verified_pending_import,confirmed,official_catalog_and_pdf,not_imported,,https://wdown.ebsi.co.kr/W61001/01exam/20090618/g_che1_hsj.pdf
2009,2,6,school_mock,science,earth-science-1,question,manual_review,verified_pending_import,confirmed,official_catalog_and_pdf,not_imported,,https://wdown.ebsi.co.kr/W61001/01exam/20090618/g_ear1_mun_1.pdf
2009,2,6,school_mock,science,earth-science-1,solution,manual_review,verified_pending_import,confirmed,official_catalog_and_pdf,not_imported,,https://wdown.ebsi.co.kr/W61001/01exam/20090618/g_ear1_hsj.pdf
2009,2,6,school_mock,science,life-science-1,question,manual_review,verified_pending_import,confirmed,official_catalog_and_pdf,not_imported,,https://wdown.ebsi.co.kr/W61001/01exam/20090618/g_bio1_mun.pdf
2009,2,6,school_mock,science,life-science-1,solution,manual_review,verified_pending_import,confirmed,official_catalog_and_pdf,not_imported,,https://wdown.ebsi.co.kr/W61001/01exam/20090618/g_bio1_hsj.pdf
2009,2,6,school_mock,science,physics-1,question,manual_review,verified_pending_import,confirmed,official_catalog_and_pdf,not_imported,,https://wdown.ebsi.co.kr/W61001/01exam/20090618/g_phy1_mun.pdf
2009,2,6,school_mock,science,physics-1,solution,manual_review,verified_pending_import,confirmed,official_catalog_and_pdf,not_imported,,https://wdown.ebsi.co.kr/W61001/01exam/20090618/g_phy1_hsj.pdf
2009,2,9,school_mock,korean,korean-a,question,manual_review,verified_pending_import,confirmed,official_catalog_and_pdf,not_imported,,https://wdown.ebsi.co.kr/W61001/01exam/20090918/kor_mun.pdf
2009,2,9,school_mock,korean,korean-a,solution,manual_review,verified_pending_import,confirmed,official_catalog_and_pdf,not_imported,,https://wdown.ebsi.co.kr/W61001/01exam/20090918/kor_hsj.pdf
2009,2,9,school_mock,math,math-a,question,manual_review,verified_pending_import,confirmed,official_catalog_and_pdf,not_imported,,https://wdown.ebsi.co.kr/W61001/01exam/20090918/mathga_mun.pdf
2009,2,9,school_mock,math,math-a,solution,manual_review,verified_pending_import,confirmed,official_catalog_and_pdf,not_imported,,https://wdown.ebsi.co.kr/W61001/01exam/20090918/mathga_hsj.pdf
2009,2,9,school_mock,math,math-b,question,manual_review,verified_pending_import,confirmed,official_catalog_and_pdf,not_imported,,https://wdown.ebsi.co.kr/W61001/01exam/20090918/mathna_mun.pdf
2009,2,9,school_mock,math,math-b,solution,manual_review,verified_pending_import,confirmed,official_catalog_and_pdf,not_imported,,https://wdown.ebsi.co.kr/W61001/01exam/20090918/mathna_hsj.pdf
2009,2,9,school_mock,english,english-a,question,manual_review,verified_pending_import,confirmed,official_catalog_and_pdf,not_imported,,https://wdown.ebsi.co.kr/W61001/01exam/20090918/eng_mun.pdf
2009,2,9,school_mock,english,english-a,solution,manual_review,verified_pending_import,confirmed,official_catalog_and_pdf,not_imported,,https://wdown.ebsi.co.kr/W61001/01exam/20090918/eng_hsj.pdf
2009,2,9,school_mock,history,,question,manual_review,verified_pending_import,confirmed,official_catalog_and_pdf,not_imported,,https://wdown.ebsi.co.kr/W61001/01exam/20090918/s_his_mun.pdf
2009,2,9,school_mock,history,,solution,manual_review,verified_pending_import,confirmed,official_catalog_and_pdf,not_imported,,https://wdown.ebsi.co.kr/W61001/01exam/20090918/s_his_hsj.pdf
2009,2,9,school_mock,history,korean-modern-history,question,manual_review,verified_pending_import,confirmed,official_catalog_and_pdf,not_imported,,https://wdown.ebsi.co.kr/W61001/01exam/20090918/s_hgh_mun.pdf
2009,2,9,school_mock,history,korean-modern-history,solution,manual_review,verified_pending_import,confirmed,official_catalog_and_pdf,not_imported,,https://wdown.ebsi.co.kr/W61001/01exam/20090918/s_hgh_hsj.pdf
2009,2,9,school_mock,social,economic-geography,question,manual_review,verified_pending_import,confirmed,official_catalog_and_pdf,not_imported,,https://wdown.ebsi.co.kr/W61001/01exam/20090918/s_kyaji_mun.pdf
2009,2,9,school_mock,social,economic-geography,solution,manual_review,verified_pending_import,confirmed,official_catalog_and_pdf,not_imported,,https://wdown.ebsi.co.kr/W61001/01exam/20090918/s_kyaji_hsj.pdf
2009,2,9,school_mock,social,economics,question,manual_review,verified_pending_import,confirmed,official_catalog_and_pdf,not_imported,,https://wdown.ebsi.co.kr/W61001/01exam/20090918/s_eco_mun.pdf
2009,2,9,school_mock,social,economics,solution,manual_review,verified_pending_import,confirmed,official_catalog_and_pdf,not_imported,,https://wdown.ebsi.co.kr/W61001/01exam/20090918/s_eco_hsj.pdf
2009,2,9,school_mock,social,ethics,question,manual_review,verified_pending_import,confirmed,official_catalog_and_pdf,not_imported,,https://wdown.ebsi.co.kr/W61001/01exam/20090918/s_eth_mun.pdf
2009,2,9,school_mock,social,ethics,solution,manual_review,verified_pending_import,confirmed,official_catalog_and_pdf,not_imported,,https://wdown.ebsi.co.kr/W61001/01exam/20090918/s_eth_hsj.pdf
2009,2,9,school_mock,social,korean-geography,question,manual_review,verified_pending_import,confirmed,official_catalog_and_pdf,not_imported,,https://wdown.ebsi.co.kr/W61001/01exam/20090918/s_hanji_mun.pdf
2009,2,9,school_mock,social,korean-geography,solution,manual_review,verified_pending_import,confirmed,official_catalog_and_pdf,not_imported,,https://wdown.ebsi.co.kr/W61001/01exam/20090918/s_hanji_hsj.pdf
2009,2,9,school_mock,social,law-and-society,question,manual_review,verified_pending_import,confirmed,official_catalog_and_pdf,not_imported,,https://wdown.ebsi.co.kr/W61001/01exam/20090918/s_bns_mun.pdf
2009,2,9,school_mock,social,law-and-society,solution,manual_review,verified_pending_import,confirmed,official_catalog_and_pdf,not_imported,,https://wdown.ebsi.co.kr/W61001/01exam/20090918/s_bns_hsj.pdf
2009,2,9,school_mock,social,politics,question,manual_review,verified_pending_import,confirmed,official_catalog_and_pdf,not_imported,,https://wdown.ebsi.co.kr/W61001/01exam/20090918/s_pol_mun.pdf
2009,2,9,school_mock,social,politics,solution,manual_review,verified_pending_import,confirmed,official_catalog_and_pdf,not_imported,,https://wdown.ebsi.co.kr/W61001/01exam/20090918/s_pol_hsj.pdf
2009,2,9,school_mock,social,social-culture,question,manual_review,verified_pending_import,confirmed,official_catalog_and_pdf,not_imported,,https://wdown.ebsi.co.kr/W61001/01exam/20090918/s_samun_mun.pdf
2009,2,9,school_mock,social,social-culture,solution,manual_review,verified_pending_import,confirmed,official_catalog_and_pdf,not_imported,,https://wdown.ebsi.co.kr/W61001/01exam/20090918/s_samun_hsj.pdf
2009,2,9,school_mock,social,world-geography,question,manual_review,verified_pending_import,confirmed,official_catalog_and_pdf,not_imported,,https://wdown.ebsi.co.kr/W61001/01exam/20090918/s_saeji_mun.pdf
2009,2,9,school_mock,social,world-geography,solution,manual_review,verified_pending_import,confirmed,official_catalog_and_pdf,not_imported,,https://wdown.ebsi.co.kr/W61001/01exam/20090918/s_saeji_hsj.pdf
2009,2,9,school_mock,social,world-history,question,manual_review,verified_pending_import,confirmed,official_catalog_and_pdf,not_imported,,https://wdown.ebsi.co.kr/W61001/01exam/20090918/s_sks_mun.pdf
2009,2,9,school_mock,social,world-history,solution,manual_review,verified_pending_import,confirmed,official_catalog_and_pdf,not_imported,,https://wdown.ebsi.co.kr/W61001/01exam/20090918/s_sks_hsj.pdf
2009,2,9,school_mock,science,chemistry-1,question,manual_review,verified_pending_import,confirmed,official_catalog_and_pdf,not_imported,,https://wdown.ebsi.co.kr/W61001/01exam/20090918/g_che1_mun.pdf
2009,2,9,school_mock,science,chemistry-1,solution,manual_review,verified_pending_import,confirmed,official_catalog_and_pdf,not_imported,,https://wdown.ebsi.co.kr/W61001/01exam/20090918/g_che1_hsj.pdf
2009,2,9,school_mock,science,earth-science-1,question,manual_review,verified_pending_import,confirmed,official_catalog_and_pdf,not_imported,,https://wdown.ebsi.co.kr/W61001/01exam/20090918/g_ear1_mun.pdf
2009,2,9,school_mock,science,earth-science-1,solution,manual_review,verified_pending_import,confirmed,official_catalog_and_pdf,not_imported,,https://wdown.ebsi.co.kr/W61001/01exam/20090918/g_ear1_hsj.pdf
2009,2,9,school_mock,science,life-science-1,question,manual_review,verified_pending_import,confirmed,official_catalog_and_pdf,not_imported,,https://wdown.ebsi.co.kr/W61001/01exam/20090918/g_bio1_mun.pdf
2009,2,9,school_mock,science,life-science-1,solution,manual_review,verified_pending_import,confirmed,official_catalog_and_pdf,not_imported,,https://wdown.ebsi.co.kr/W61001/01exam/20090918/g_bio1_hsj.pdf
2009,2,9,school_mock,science,physics-1,question,manual_review,verified_pending_import,confirmed,official_catalog_and_pdf,not_imported,,https://wdown.ebsi.co.kr/W61001/01exam/20090918/g_phy1_mun.pdf
2009,2,9,school_mock,science,physics-1,solution,manual_review,verified_pending_import,confirmed,official_catalog_and_pdf,not_imported,,https://wdown.ebsi.co.kr/W61001/01exam/20090918/g_phy1_hsj.pdf
2009,2,11,school_mock,korean,korean-a,question,manual_review,verified_pending_import,confirmed,official_catalog_and_pdf,not_imported,,https://wdown.ebsi.co.kr/W61001/01exam/20091117/kor_mun.pdf
2009,2,11,school_mock,korean,korean-a,solution,manual_review,verified_pending_import,confirmed,official_catalog_and_pdf,not_imported,,https://wdown.ebsi.co.kr/W61001/01exam/20091117/kor_hsj.pdf
2009,2,11,school_mock,math,math-a,question,manual_review,verified_pending_import,confirmed,official_catalog_and_pdf,not_imported,,https://wdown.ebsi.co.kr/W61001/01exam/20091117/mathga_mun.pdf
2009,2,11,school_mock,math,math-a,solution,manual_review,verified_pending_import,confirmed,official_catalog_and_pdf,not_imported,,https://wdown.ebsi.co.kr/W61001/01exam/20091117/mathga_hsj.pdf
2009,2,11,school_mock,math,math-b,question,manual_review,verified_pending_import,confirmed,official_catalog_and_pdf,not_imported,,https://wdown.ebsi.co.kr/W61001/01exam/20091117/mathna_mun.pdf
2009,2,11,school_mock,math,math-b,solution,manual_review,verified_pending_import,confirmed,official_catalog_and_pdf,not_imported,,https://wdown.ebsi.co.kr/W61001/01exam/20091117/mathna_hsj.pdf
2009,2,11,school_mock,english,english-a,question,manual_review,verified_pending_import,confirmed,official_catalog_and_pdf,not_imported,,https://wdown.ebsi.co.kr/W61001/01exam/20091117/eng_mun.pdf
2009,2,11,school_mock,english,english-a,solution,manual_review,verified_pending_import,confirmed,official_catalog_and_pdf,not_imported,,https://wdown.ebsi.co.kr/W61001/01exam/20091117/eng_hsj.pdf
2009,2,11,school_mock,history,,question,manual_review,verified_pending_import,confirmed,official_catalog_and_pdf,not_imported,,https://wdown.ebsi.co.kr/W61001/01exam/20091117/s_his_mun.pdf
2009,2,11,school_mock,history,,solution,manual_review,verified_pending_import,confirmed,official_catalog_and_pdf,not_imported,,https://wdown.ebsi.co.kr/W61001/01exam/20091117/s_his_hsj.pdf
2009,2,11,school_mock,history,korean-modern-history,question,manual_review,verified_pending_import,confirmed,official_catalog_and_pdf,not_imported,,https://wdown.ebsi.co.kr/W61001/01exam/20091117/s_hgh_mun.pdf
2009,2,11,school_mock,history,korean-modern-history,solution,manual_review,verified_pending_import,confirmed,official_catalog_and_pdf,not_imported,,https://wdown.ebsi.co.kr/W61001/01exam/20091117/s_hgh_hsj.pdf
2009,2,11,school_mock,social,economic-geography,question,manual_review,verified_pending_import,confirmed,official_catalog_and_pdf,not_imported,,https://wdown.ebsi.co.kr/W61001/01exam/20091117/s_kyaji_mun.pdf
2009,2,11,school_mock,social,economic-geography,solution,manual_review,verified_pending_import,confirmed,official_catalog_and_pdf,not_imported,,https://wdown.ebsi.co.kr/W61001/01exam/20091117/s_kyaji_hsj.pdf
2009,2,11,school_mock,social,economics,question,manual_review,verified_pending_import,confirmed,official_catalog_and_pdf,not_imported,,https://wdown.ebsi.co.kr/W61001/01exam/20091117/s_eco_mun.pdf
2009,2,11,school_mock,social,economics,solution,manual_review,verified_pending_import,confirmed,official_catalog_and_pdf,not_imported,,https://wdown.ebsi.co.kr/W61001/01exam/20091117/s_eco_hsj.pdf
2009,2,11,school_mock,social,ethics,question,manual_review,verified_pending_import,confirmed,official_catalog_and_pdf,not_imported,,https://wdown.ebsi.co.kr/W61001/01exam/20091117/s_eth_mun.pdf
2009,2,11,school_mock,social,ethics,solution,manual_review,verified_pending_import,confirmed,official_catalog_and_pdf,not_imported,,https://wdown.ebsi.co.kr/W61001/01exam/20091117/s_eth_hsj.pdf
2009,2,11,school_mock,social,korean-geography,question,manual_review,verified_pending_import,confirmed,official_catalog_and_pdf,not_imported,,https://wdown.ebsi.co.kr/W61001/01exam/20091117/s_hanji_mun.pdf
2009,2,11,school_mock,social,korean-geography,solution,manual_review,verified_pending_import,confirmed,official_catalog_and_pdf,not_imported,,https://wdown.ebsi.co.kr/W61001/01exam/20091117/s_hanji_hsj.pdf
2009,2,11,school_mock,social,law-and-society,question,manual_review,verified_pending_import,confirmed,official_catalog_and_pdf,not_imported,,https://wdown.ebsi.co.kr/W61001/01exam/20091117/s_bns_mun.pdf
2009,2,11,school_mock,social,law-and-society,solution,manual_review,verified_pending_import,confirmed,official_catalog_and_pdf,not_imported,,https://wdown.ebsi.co.kr/W61001/01exam/20091117/s_bns_hsj.pdf
2009,2,11,school_mock,social,politics,question,manual_review,verified_pending_import,confirmed,official_catalog_and_pdf,not_imported,,https://wdown.ebsi.co.kr/W61001/01exam/20091117/s_pol_mun.pdf
2009,2,11,school_mock,social,politics,solution,manual_review,verified_pending_import,confirmed,official_catalog_and_pdf,not_imported,,https://wdown.ebsi.co.kr/W61001/01exam/20091117/s_pol_hsj.pdf
2009,2,11,school_mock,social,social-culture,question,manual_review,verified_pending_import,confirmed,official_catalog_and_pdf,not_imported,,https://wdown.ebsi.co.kr/W61001/01exam/20091117/s_samun_mun.pdf
2009,2,11,school_mock,social,social-culture,solution,manual_review,verified_pending_import,confirmed,official_catalog_and_pdf,not_imported,,https://wdown.ebsi.co.kr/W61001/01exam/20091117/s_samun_hsj.pdf
2009,2,11,school_mock,social,world-geography,question,manual_review,verified_pending_import,confirmed,official_catalog_and_pdf,not_imported,,https://wdown.ebsi.co.kr/W61001/01exam/20091117/s_saeji_mun.pdf
2009,2,11,school_mock,social,world-geography,solution,manual_review,verified_pending_import,confirmed,official_catalog_and_pdf,not_imported,,https://wdown.ebsi.co.kr/W61001/01exam/20091117/s_saeji_hsj.pdf
2009,2,11,school_mock,social,world-history,question,manual_review,verified_pending_import,confirmed,official_catalog_and_pdf,not_imported,,https://wdown.ebsi.co.kr/W61001/01exam/20091117/s_sks_mun.pdf
2009,2,11,school_mock,social,world-history,solution,manual_review,verified_pending_import,confirmed,official_catalog_and_pdf,not_imported,,https://wdown.ebsi.co.kr/W61001/01exam/20091117/s_sks_hsj.pdf
2009,2,11,school_mock,science,chemistry-1,question,manual_review,verified_pending_import,confirmed,official_catalog_and_pdf,not_imported,,https://wdown.ebsi.co.kr/W61001/01exam/20091117/g_che1_mun.pdf
2009,2,11,school_mock,science,chemistry-1,solution,manual_review,verified_pending_import,confirmed,official_catalog_and_pdf,not_imported,,https://wdown.ebsi.co.kr/W61001/01exam/20091117/g_che1_hsj.pdf
2009,2,11,school_mock,science,earth-science-1,question,manual_review,verified_pending_import,confirmed,official_catalog_and_pdf,not_imported,,https://wdown.ebsi.co.kr/W61001/01exam/20091117/g_ear1_mun.pdf
2009,2,11,school_mock,science,earth-science-1,solution,manual_review,verified_pending_import,confirmed,official_catalog_and_pdf,not_imported,,https://wdown.ebsi.co.kr/W61001/01exam/20091117/g_ear1_hsj.pdf
2009,2,11,school_mock,science,life-science-1,question,manual_review,verified_pending_import,confirmed,official_catalog_and_pdf,not_imported,,https://wdown.ebsi.co.kr/W61001/01exam/20091117/g_bio1_mun.pdf
2009,2,11,school_mock,science,life-science-1,solution,manual_review,verified_pending_import,confirmed,official_catalog_and_pdf,not_imported,,https://wdown.ebsi.co.kr/W61001/01exam/20091117/g_bio1_hsj.pdf
2009,2,11,school_mock,science,physics-1,question,manual_review,verified_pending_import,confirmed,official_catalog_and_pdf,not_imported,,https://wdown.ebsi.co.kr/W61001/01exam/20091117/g_phy1_mun.pdf
2009,2,11,school_mock,science,physics-1,solution,manual_review,verified_pending_import,confirmed,official_catalog_and_pdf,not_imported,,https://wdown.ebsi.co.kr/W61001/01exam/20091117/g_phy1_hsj.pdf
2009,2,11,school_mock,vocational,accounting-principles,question,manual_review,verified_pending_import,confirmed,official_catalog_and_pdf,not_imported,,https://wdown.ebsi.co.kr/W61001/01exam/20091117/j_jic12_mun.pdf
2009,2,11,school_mock,vocational,accounting-principles,solution,manual_review,verified_pending_import,confirmed,official_catalog_and_pdf,not_imported,,https://wdown.ebsi.co.kr/W61001/01exam/20091117/j_jic12_hsj.pdf
2009,2,11,school_mock,vocational,agriculture-basics,question,manual_review,verified_pending_import,confirmed,official_catalog_and_pdf,not_imported,,https://wdown.ebsi.co.kr/W61001/01exam/20091117/j_jic10_mun.pdf
2009,2,11,school_mock,vocational,agriculture-basics,solution,manual_review,verified_pending_import,confirmed,official_catalog_and_pdf,not_imported,,https://wdown.ebsi.co.kr/W61001/01exam/20091117/j_jic10_hsj.pdf
2009,2,11,school_mock,vocational,agriculture-information,question,manual_review,verified_pending_import,confirmed,official_catalog_and_pdf,not_imported,,https://wdown.ebsi.co.kr/W61001/01exam/20091117/j_jic01_mun.pdf
2009,2,11,school_mock,vocational,agriculture-information,solution,manual_review,verified_pending_import,confirmed,official_catalog_and_pdf,not_imported,,https://wdown.ebsi.co.kr/W61001/01exam/20091117/j_jic01_hsj.pdf
2009,2,11,school_mock,vocational,agriculture-understanding,question,manual_review,verified_pending_import,confirmed,official_catalog_and_pdf,not_imported,,https://wdown.ebsi.co.kr/W61001/01exam/20091117/J_nsmsup_mun.pdf
2009,2,11,school_mock,vocational,agriculture-understanding,solution,manual_review,verified_pending_import,confirmed,official_catalog_and_pdf,not_imported,,https://wdown.ebsi.co.kr/W61001/01exam/20091117/J_nsmsup_hsj.pdf
2009,2,11,school_mock,vocational,basic-drafting,question,manual_review,verified_pending_import,confirmed,official_catalog_and_pdf,not_imported,,https://wdown.ebsi.co.kr/W61001/01exam/20091117/j_jic11_mun.pdf
2009,2,11,school_mock,vocational,basic-drafting,solution,manual_review,verified_pending_import,confirmed,official_catalog_and_pdf,not_imported,,https://wdown.ebsi.co.kr/W61001/01exam/20091117/j_jic11_hsj.pdf
2009,2,11,school_mock,vocational,commercial-economics,question,manual_review,verified_pending_import,confirmed,official_catalog_and_pdf,not_imported,,https://wdown.ebsi.co.kr/W61001/01exam/20091117/J_nsmsup_mun.pdf
2009,2,11,school_mock,vocational,commercial-economics,solution,manual_review,verified_pending_import,confirmed,official_catalog_and_pdf,not_imported,,https://wdown.ebsi.co.kr/W61001/01exam/20091117/J_nsmsup_hsj.pdf
2009,2,11,school_mock,vocational,design-general,question,manual_review,verified_pending_import,confirmed,official_catalog_and_pdf,not_imported,,https://wdown.ebsi.co.kr/W61001/01exam/20091117/j_jic02_mun.pdf
2009,2,11,school_mock,vocational,design-general,solution,manual_review,verified_pending_import,confirmed,official_catalog_and_pdf,not_imported,,https://wdown.ebsi.co.kr/W61001/01exam/20091117/j_jic02_hsj.pdf
2009,2,11,school_mock,vocational,fisheries-general,question,manual_review,verified_pending_import,confirmed,official_catalog_and_pdf,not_imported,,https://wdown.ebsi.co.kr/W61001/01exam/20091117/j_jic03_mun.pdf
2009,2,11,school_mock,vocational,fisheries-general,solution,manual_review,verified_pending_import,confirmed,official_catalog_and_pdf,not_imported,,https://wdown.ebsi.co.kr/W61001/01exam/20091117/j_jic03_hsj.pdf
2009,2,11,school_mock,vocational,fisheries-shipping-information,question,manual_review,verified_pending_import,confirmed,official_catalog_and_pdf,not_imported,,https://wdown.ebsi.co.kr/W61001/01exam/20091117/J_ssnw_mun.pdf
2009,2,11,school_mock,vocational,fisheries-shipping-information,solution,manual_review,verified_pending_import,confirmed,official_catalog_and_pdf,not_imported,,https://wdown.ebsi.co.kr/W61001/01exam/20091117/J_ssnw_hsj.pdf
2009,2,11,school_mock,vocational,food-and-nutrition,question,manual_review,verified_pending_import,confirmed,official_catalog_and_pdf,not_imported,,https://wdown.ebsi.co.kr/W61001/01exam/20091117/j_jic04_mun.pdf
2009,2,11,school_mock,vocational,food-and-nutrition,solution,manual_review,verified_pending_import,confirmed,official_catalog_and_pdf,not_imported,,https://wdown.ebsi.co.kr/W61001/01exam/20091117/j_jic04_hsj.pdf
2009,2,11,school_mock,vocational,human-development,question,manual_review,verified_pending_import,confirmed,official_catalog_and_pdf,not_imported,,https://wdown.ebsi.co.kr/W61001/01exam/20091117/J_gsnsup_mun.pdf
2009,2,11,school_mock,vocational,human-development,solution,manual_review,verified_pending_import,confirmed,official_catalog_and_pdf,not_imported,,https://wdown.ebsi.co.kr/W61001/01exam/20091117/J_gsnsup_hsj.pdf
2009,2,11,school_mock,vocational,industry-intro,question,manual_review,verified_pending_import,confirmed,official_catalog_and_pdf,not_imported,,https://wdown.ebsi.co.kr/W61001/01exam/20091117/J_gup_mun.pdf
2009,2,11,school_mock,vocational,industry-intro,solution,manual_review,verified_pending_import,confirmed,official_catalog_and_pdf,not_imported,,https://wdown.ebsi.co.kr/W61001/01exam/20091117/J_gup_hsj.pdf
2009,2,11,school_mock,vocational,information-technology-basics,question,manual_review,verified_pending_import,confirmed,official_catalog_and_pdf,not_imported,,https://wdown.ebsi.co.kr/W61001/01exam/20091117/j_jic05_mun.pdf
2009,2,11,school_mock,vocational,information-technology-basics,solution,manual_review,verified_pending_import,confirmed,official_catalog_and_pdf,not_imported,,https://wdown.ebsi.co.kr/W61001/01exam/20091117/j_jic05_hsj.pdf
2009,2,11,school_mock,vocational,maritime-general,question,manual_review,verified_pending_import,confirmed,official_catalog_and_pdf,not_imported,,https://wdown.ebsi.co.kr/W61001/01exam/20091117/j_jic07_mun.pdf
2009,2,11,school_mock,vocational,maritime-general,solution,manual_review,verified_pending_import,confirmed,official_catalog_and_pdf,not_imported,,https://wdown.ebsi.co.kr/W61001/01exam/20091117/j_jic07_hsj.pdf
2009,2,11,school_mock,vocational,ocean-general,question,manual_review,verified_pending_import,confirmed,official_catalog_and_pdf,not_imported,,https://wdown.ebsi.co.kr/W61001/01exam/20091117/J_ssnw_mun.pdf
2009,2,11,school_mock,vocational,ocean-general,solution,manual_review,verified_pending_import,confirmed,official_catalog_and_pdf,not_imported,,https://wdown.ebsi.co.kr/W61001/01exam/20091117/J_ssnw_hsj.pdf
2009,2,11,school_mock,vocational,programming,question,manual_review,verified_pending_import,confirmed,official_catalog_and_pdf,not_imported,,https://wdown.ebsi.co.kr/W61001/01exam/20091117/j_jic06_mun.pdf
2009,2,11,school_mock,vocational,programming,solution,manual_review,verified_pending_import,confirmed,official_catalog_and_pdf,not_imported,,https://wdown.ebsi.co.kr/W61001/01exam/20091117/j_jic06_hsj.pdf
2009,2,11,school_mock,second_language,chinese-1,question,manual_review,verified_pending_import,confirmed,official_catalog_and_pdf,not_imported,,https://wdown.ebsi.co.kr/W61001/01exam/20091117/2nd_ch1_mun.pdf
2009,2,11,school_mock,second_language,chinese-1,solution,manual_review,verified_pending_import,confirmed,official_catalog_and_pdf,not_imported,,https://wdown.ebsi.co.kr/W61001/01exam/20091117/2nd_ch1_hsj.pdf
2009,2,11,school_mock,second_language,classical-chinese-1,question,manual_review,verified_pending_import,confirmed,official_catalog_and_pdf,not_imported,,https://wdown.ebsi.co.kr/W61001/01exam/20091117/2nd_han_mun.pdf
2009,2,11,school_mock,second_language,classical-chinese-1,solution,manual_review,verified_pending_import,confirmed,official_catalog_and_pdf,not_imported,,https://wdown.ebsi.co.kr/W61001/01exam/20091117/2nd_han_hsj.pdf
2009,2,11,school_mock,second_language,french-1,question,manual_review,verified_pending_import,confirmed,official_catalog_and_pdf,not_imported,,https://wdown.ebsi.co.kr/W61001/01exam/20091117/2nd_fr1_mun.pdf
2009,2,11,school_mock,second_language,french-1,solution,manual_review,verified_pending_import,confirmed,official_catalog_and_pdf,not_imported,,https://wdown.ebsi.co.kr/W61001/01exam/20091117/2nd_fr1_hsj.pdf
2009,2,11,school_mock,second_language,german-1,question,manual_review,verified_pending_import,confirmed,official_catalog_and_pdf,not_imported,,https://wdown.ebsi.co.kr/W61001/01exam/20091117/2nd_gr1_mun.pdf
2009,2,11,school_mock,second_language,german-1,solution,manual_review,verified_pending_import,confirmed,official_catalog_and_pdf,not_imported,,https://wdown.ebsi.co.kr/W61001/01exam/20091117/2nd_gr1_hsj.pdf
2009,2,11,school_mock,second_language,japanese-1,question,manual_review,verified_pending_import,confirmed,official_catalog_and_pdf,not_imported,,https://wdown.ebsi.co.kr/W61001/01exam/20091117/2nd_ja1_mun.pdf
2009,2,11,school_mock,second_language,japanese-1,solution,manual_review,verified_pending_import,confirmed,official_catalog_and_pdf,not_imported,,https://wdown.ebsi.co.kr/W61001/01exam/20091117/2nd_ja1_hsj.pdf
2009,2,11,school_mock,second_language,russian-1,question,manual_review,verified_pending_import,confirmed,official_catalog_and_pdf,not_imported,,https://wdown.ebsi.co.kr/W61001/01exam/20091117/2nd_ru1_mun.pdf
2009,2,11,school_mock,second_language,russian-1,solution,manual_review,verified_pending_import,confirmed,official_catalog_and_pdf,not_imported,,https://wdown.ebsi.co.kr/W61001/01exam/20091117/2nd_ru1_hsj.pdf
2009,2,11,school_mock,second_language,spanish-1,question,manual_review,verified_pending_import,confirmed,official_catalog_and_pdf,not_imported,,https://wdown.ebsi.co.kr/W61001/01exam/20091117/2nd_sp1_mun.pdf
2009,2,11,school_mock,second_language,spanish-1,solution,manual_review,verified_pending_import,confirmed,official_catalog_and_pdf,not_imported,,https://wdown.ebsi.co.kr/W61001/01exam/20091117/2nd_sp1_hsj.pdf
2009,3,3,school_mock,korean,korean-old,question,manual_review,verified_pending_import,confirmed,official_catalog_and_pdf,not_imported,,https://wdown.ebsi.co.kr/W61001/01exam/20090313/kor_mun.pdf
2009,3,3,school_mock,korean,korean-old,solution,manual_review,verified_pending_import,confirmed,official_catalog_and_pdf,not_imported,,https://wdown.ebsi.co.kr/W61001/01exam/20090313/kor_hsj.pdf
2009,3,3,school_mock,math,math-a,question,manual_review,verified_pending_import,confirmed,official_catalog_and_pdf,not_imported,,https://wdown.ebsi.co.kr/W61001/01exam/20090313/mathga_mun.pdf
2009,3,3,school_mock,math,math-a,solution,manual_review,verified_pending_import,confirmed,official_catalog_and_pdf,not_imported,,https://wdown.ebsi.co.kr/W61001/01exam/20090313/mathga_hsj.pdf
2009,3,3,school_mock,math,math-b,question,manual_review,verified_pending_import,confirmed,official_catalog_and_pdf,not_imported,,https://wdown.ebsi.co.kr/W61001/01exam/20090313/mathna_mun.pdf
2009,3,3,school_mock,math,math-b,solution,manual_review,verified_pending_import,confirmed,official_catalog_and_pdf,not_imported,,https://wdown.ebsi.co.kr/W61001/01exam/20090313/mathna_hsj.pdf
2009,3,3,school_mock,english,english-old,question,manual_review,verified_pending_import,confirmed,official_catalog_and_pdf,not_imported,,https://wdown.ebsi.co.kr/W61001/01exam/20090313/eng_mun.pdf
2009,3,3,school_mock,english,english-old,solution,manual_review,verified_pending_import,confirmed,official_catalog_and_pdf,not_imported,,https://wdown.ebsi.co.kr/W61001/01exam/20090313/eng_hsj.pdf
2009,3,3,school_mock,history,,question,manual_review,verified_pending_import,confirmed,official_catalog_and_pdf,not_imported,,https://wdown.ebsi.co.kr/W61001/01exam/20090313/s_his_mun.pdf
2009,3,3,school_mock,history,,solution,manual_review,verified_pending_import,confirmed,official_catalog_and_pdf,not_imported,,https://wdown.ebsi.co.kr/W61001/01exam/20090313/s_his_hsj.pdf
2009,3,3,school_mock,history,korean-modern-history,question,manual_review,verified_pending_import,confirmed,official_catalog_and_pdf,not_imported,,https://wdown.ebsi.co.kr/W61001/01exam/20090313/s_hgh_mun.pdf
2009,3,3,school_mock,history,korean-modern-history,solution,manual_review,verified_pending_import,confirmed,official_catalog_and_pdf,not_imported,,https://wdown.ebsi.co.kr/W61001/01exam/20090313/s_hgh_hsj.pdf
2009,3,3,school_mock,social,economic-geography,question,manual_review,verified_pending_import,confirmed,official_catalog_and_pdf,not_imported,,https://wdown.ebsi.co.kr/W61001/01exam/20090313/s_kyaji_mun.pdf
2009,3,3,school_mock,social,economic-geography,solution,manual_review,verified_pending_import,confirmed,official_catalog_and_pdf,not_imported,,https://wdown.ebsi.co.kr/W61001/01exam/20090313/s_kyaji_hsj.pdf
2009,3,3,school_mock,social,economics,question,manual_review,verified_pending_import,confirmed,official_catalog_and_pdf,not_imported,,https://wdown.ebsi.co.kr/W61001/01exam/20090313/s_eco_mun.pdf
2009,3,3,school_mock,social,economics,solution,manual_review,verified_pending_import,confirmed,official_catalog_and_pdf,not_imported,,https://wdown.ebsi.co.kr/W61001/01exam/20090313/s_eco_hsj.pdf
2009,3,3,school_mock,social,ethics,question,manual_review,verified_pending_import,confirmed,official_catalog_and_pdf,not_imported,,https://wdown.ebsi.co.kr/W61001/01exam/20090313/s_eth_mun.pdf
2009,3,3,school_mock,social,ethics,solution,manual_review,verified_pending_import,confirmed,official_catalog_and_pdf,not_imported,,https://wdown.ebsi.co.kr/W61001/01exam/20090313/s_eth_hsj.pdf
2009,3,3,school_mock,social,korean-geography,question,manual_review,verified_pending_import,confirmed,official_catalog_and_pdf,not_imported,,https://wdown.ebsi.co.kr/W61001/01exam/20090313/s_hanji_mun.pdf
2009,3,3,school_mock,social,korean-geography,solution,manual_review,verified_pending_import,confirmed,official_catalog_and_pdf,not_imported,,https://wdown.ebsi.co.kr/W61001/01exam/20090313/s_hanji_hsj.pdf
2009,3,3,school_mock,social,law-and-society,question,manual_review,verified_pending_import,confirmed,official_catalog_and_pdf,not_imported,,https://wdown.ebsi.co.kr/W61001/01exam/20090313/s_bns_mun.pdf
2009,3,3,school_mock,social,law-and-society,solution,manual_review,verified_pending_import,confirmed,official_catalog_and_pdf,not_imported,,https://wdown.ebsi.co.kr/W61001/01exam/20090313/s_bns_hsj.pdf
2009,3,3,school_mock,social,politics,question,manual_review,verified_pending_import,confirmed,official_catalog_and_pdf,not_imported,,https://wdown.ebsi.co.kr/W61001/01exam/20090313/s_pol_mun.pdf
2009,3,3,school_mock,social,politics,solution,manual_review,verified_pending_import,confirmed,official_catalog_and_pdf,not_imported,,https://wdown.ebsi.co.kr/W61001/01exam/20090313/s_pol_hsj.pdf
2009,3,3,school_mock,social,social-culture,question,manual_review,verified_pending_import,confirmed,official_catalog_and_pdf,not_imported,,https://wdown.ebsi.co.kr/W61001/01exam/20090313/s_samun_mun.pdf
2009,3,3,school_mock,social,social-culture,solution,manual_review,verified_pending_import,confirmed,official_catalog_and_pdf,not_imported,,https://wdown.ebsi.co.kr/W61001/01exam/20090313/s_samun_hsj.pdf
2009,3,3,school_mock,social,world-geography,question,manual_review,verified_pending_import,confirmed,official_catalog_and_pdf,not_imported,,https://wdown.ebsi.co.kr/W61001/01exam/20090313/s_saeji_mun.pdf
2009,3,3,school_mock,social,world-geography,solution,manual_review,verified_pending_import,confirmed,official_catalog_and_pdf,not_imported,,https://wdown.ebsi.co.kr/W61001/01exam/20090313/s_saeji_hsj.pdf
2009,3,3,school_mock,social,world-history,question,manual_review,verified_pending_import,confirmed,official_catalog_and_pdf,not_imported,,https://wdown.ebsi.co.kr/W61001/01exam/20090313/s_sks_mun.pdf
2009,3,3,school_mock,social,world-history,solution,manual_review,verified_pending_import,confirmed,official_catalog_and_pdf,not_imported,,https://wdown.ebsi.co.kr/W61001/01exam/20090313/s_sks_hsj.pdf
2009,3,3,school_mock,science,chemistry-1,question,manual_review,verified_pending_import,confirmed,official_catalog_and_pdf,not_imported,,https://wdown.ebsi.co.kr/W61001/01exam/20090313/g_che1_mun.pdf
2009,3,3,school_mock,science,chemistry-1,solution,manual_review,verified_pending_import,confirmed,official_catalog_and_pdf,not_imported,,https://wdown.ebsi.co.kr/W61001/01exam/20090313/g_che1_hsj.pdf
2009,3,3,school_mock,science,earth-science-1,question,manual_review,verified_pending_import,confirmed,official_catalog_and_pdf,not_imported,,https://wdown.ebsi.co.kr/W61001/01exam/20090313/g_ear1_mun.pdf
2009,3,3,school_mock,science,earth-science-1,solution,manual_review,verified_pending_import,confirmed,official_catalog_and_pdf,not_imported,,https://wdown.ebsi.co.kr/W61001/01exam/20090313/g_ear1_hsj.pdf
2009,3,3,school_mock,science,life-science-1,question,manual_review,verified_pending_import,confirmed,official_catalog_and_pdf,not_imported,,https://wdown.ebsi.co.kr/W61001/01exam/20090313/g_bio1_mun.pdf
2009,3,3,school_mock,science,life-science-1,solution,manual_review,verified_pending_import,confirmed,official_catalog_and_pdf,not_imported,,https://wdown.ebsi.co.kr/W61001/01exam/20090313/g_bio1_hsj.pdf
2009,3,3,school_mock,science,physics-1,question,manual_review,verified_pending_import,confirmed,official_catalog_and_pdf,not_imported,,https://wdown.ebsi.co.kr/W61001/01exam/20090313/g_phy1_mun.pdf
2009,3,3,school_mock,science,physics-1,solution,manual_review,verified_pending_import,confirmed,official_catalog_and_pdf,not_imported,,https://wdown.ebsi.co.kr/W61001/01exam/20090313/g_phy1_hsj.pdf
2009,3,4,school_mock,korean,korean-old,question,manual_review,verified_pending_import,confirmed,official_catalog_and_pdf,not_imported,,https://wdown.ebsi.co.kr/W61001/01exam/20090415/kor_mun.pdf
2009,3,4,school_mock,korean,korean-old,solution,manual_review,verified_pending_import,confirmed,official_catalog_and_pdf,not_imported,,https://wdown.ebsi.co.kr/W61001/01exam/20090415/kor_hsj.pdf
2009,3,4,school_mock,math,math-a,question,manual_review,verified_pending_import,confirmed,official_catalog_and_pdf,not_imported,,https://wdown.ebsi.co.kr/W61001/01exam/20090415/mathga_mun.pdf
2009,3,4,school_mock,math,math-a,solution,manual_review,verified_pending_import,confirmed,official_catalog_and_pdf,not_imported,,https://wdown.ebsi.co.kr/W61001/01exam/20090415/mathga_hsj.pdf
2009,3,4,school_mock,math,math-b,question,manual_review,verified_pending_import,confirmed,official_catalog_and_pdf,not_imported,,https://wdown.ebsi.co.kr/W61001/01exam/20090415/mathna_mun.pdf
2009,3,4,school_mock,math,math-b,solution,manual_review,verified_pending_import,confirmed,official_catalog_and_pdf,not_imported,,https://wdown.ebsi.co.kr/W61001/01exam/20090415/mathna_hsj.pdf
2009,3,4,school_mock,english,english-old,question,manual_review,verified_pending_import,confirmed,official_catalog_and_pdf,not_imported,,https://wdown.ebsi.co.kr/W61001/01exam/20090415/eng_mun.pdf
2009,3,4,school_mock,english,english-old,solution,manual_review,verified_pending_import,confirmed,official_catalog_and_pdf,not_imported,,https://wdown.ebsi.co.kr/W61001/01exam/20090415/eng_hsj.pdf
2009,3,4,school_mock,history,,question,manual_review,verified_pending_import,confirmed,official_catalog_and_pdf,not_imported,,https://wdown.ebsi.co.kr/W61001/01exam/20090415/s_his_mun.pdf
2009,3,4,school_mock,history,,solution,manual_review,verified_pending_import,confirmed,official_catalog_and_pdf,not_imported,,https://wdown.ebsi.co.kr/W61001/01exam/20090415/s_his_hsj.pdf
2009,3,4,school_mock,history,korean-modern-history,question,manual_review,verified_pending_import,confirmed,official_catalog_and_pdf,not_imported,,https://wdown.ebsi.co.kr/W61001/01exam/20090415/s_hgh_mun.pdf
2009,3,4,school_mock,history,korean-modern-history,solution,manual_review,verified_pending_import,confirmed,official_catalog_and_pdf,not_imported,,https://wdown.ebsi.co.kr/W61001/01exam/20090415/s_hgh_hsj.pdf
2009,3,4,school_mock,social,economic-geography,question,manual_review,verified_pending_import,confirmed,official_catalog_and_pdf,not_imported,,https://wdown.ebsi.co.kr/W61001/01exam/20090415/s_kyaji_mun.pdf
2009,3,4,school_mock,social,economic-geography,solution,manual_review,verified_pending_import,confirmed,official_catalog_and_pdf,not_imported,,https://wdown.ebsi.co.kr/W61001/01exam/20090415/s_kyaji_hsj.pdf
2009,3,4,school_mock,social,economics,question,manual_review,verified_pending_import,confirmed,official_catalog_and_pdf,not_imported,,https://wdown.ebsi.co.kr/W61001/01exam/20090415/s_eco_mun.pdf
2009,3,4,school_mock,social,economics,solution,manual_review,verified_pending_import,confirmed,official_catalog_and_pdf,not_imported,,https://wdown.ebsi.co.kr/W61001/01exam/20090415/s_eco_hsj.pdf
2009,3,4,school_mock,social,ethics,question,manual_review,verified_pending_import,confirmed,official_catalog_and_pdf,not_imported,,https://wdown.ebsi.co.kr/W61001/01exam/20090415/s_eth_mun.pdf
2009,3,4,school_mock,social,ethics,solution,manual_review,verified_pending_import,confirmed,official_catalog_and_pdf,not_imported,,https://wdown.ebsi.co.kr/W61001/01exam/20090415/s_eth_hsj.pdf
2009,3,4,school_mock,social,korean-geography,question,manual_review,verified_pending_import,confirmed,official_catalog_and_pdf,not_imported,,https://wdown.ebsi.co.kr/W61001/01exam/20090415/s_hanji_mun.pdf
2009,3,4,school_mock,social,korean-geography,solution,manual_review,verified_pending_import,confirmed,official_catalog_and_pdf,not_imported,,https://wdown.ebsi.co.kr/W61001/01exam/20090415/s_hanji_hsj.pdf
2009,3,4,school_mock,social,law-and-society,question,manual_review,verified_pending_import,confirmed,official_catalog_and_pdf,not_imported,,https://wdown.ebsi.co.kr/W61001/01exam/20090415/s_bns_mun.pdf
2009,3,4,school_mock,social,law-and-society,solution,manual_review,verified_pending_import,confirmed,official_catalog_and_pdf,not_imported,,https://wdown.ebsi.co.kr/W61001/01exam/20090415/s_bns_hsj.pdf
2009,3,4,school_mock,social,politics,question,manual_review,verified_pending_import,confirmed,official_catalog_and_pdf,not_imported,,https://wdown.ebsi.co.kr/W61001/01exam/20090415/s_pol_mun.pdf
2009,3,4,school_mock,social,politics,solution,manual_review,verified_pending_import,confirmed,official_catalog_and_pdf,not_imported,,https://wdown.ebsi.co.kr/W61001/01exam/20090415/s_pol_hsj.pdf
2009,3,4,school_mock,social,social-culture,question,manual_review,verified_pending_import,confirmed,official_catalog_and_pdf,not_imported,,https://wdown.ebsi.co.kr/W61001/01exam/20090415/s_samun_mun.pdf
2009,3,4,school_mock,social,social-culture,solution,manual_review,verified_pending_import,confirmed,official_catalog_and_pdf,not_imported,,https://wdown.ebsi.co.kr/W61001/01exam/20090415/s_samun_hsj.pdf
2009,3,4,school_mock,social,world-geography,question,manual_review,verified_pending_import,confirmed,official_catalog_and_pdf,not_imported,,https://wdown.ebsi.co.kr/W61001/01exam/20090415/s_saeji_mun.pdf
2009,3,4,school_mock,social,world-geography,solution,manual_review,verified_pending_import,confirmed,official_catalog_and_pdf,not_imported,,https://wdown.ebsi.co.kr/W61001/01exam/20090415/s_saeji_hsj.pdf
2009,3,4,school_mock,social,world-history,question,manual_review,verified_pending_import,confirmed,official_catalog_and_pdf,not_imported,,https://wdown.ebsi.co.kr/W61001/01exam/20090415/s_sks_mun.pdf
2009,3,4,school_mock,social,world-history,solution,manual_review,verified_pending_import,confirmed,official_catalog_and_pdf,not_imported,,https://wdown.ebsi.co.kr/W61001/01exam/20090415/s_sks_hsj.pdf
2009,3,4,school_mock,science,chemistry-1,question,manual_review,verified_pending_import,confirmed,official_catalog_and_pdf,not_imported,,https://wdown.ebsi.co.kr/W61001/01exam/20090415/g_che1_mun.pdf
2009,3,4,school_mock,science,chemistry-1,solution,manual_review,verified_pending_import,confirmed,official_catalog_and_pdf,not_imported,,https://wdown.ebsi.co.kr/W61001/01exam/20090415/g_che1_hsj.pdf
2009,3,4,school_mock,science,chemistry-2,question,manual_review,verified_pending_import,confirmed,official_catalog_and_pdf,not_imported,,https://wdown.ebsi.co.kr/W61001/01exam/20090415/g_che2_mun.pdf
2009,3,4,school_mock,science,chemistry-2,solution,manual_review,verified_pending_import,confirmed,official_catalog_and_pdf,not_imported,,https://wdown.ebsi.co.kr/W61001/01exam/20090415/g_che2_hsj.pdf
2009,3,4,school_mock,science,earth-science-1,question,manual_review,verified_pending_import,confirmed,official_catalog_and_pdf,not_imported,,https://wdown.ebsi.co.kr/W61001/01exam/20090415/g_ear1_mun.pdf
2009,3,4,school_mock,science,earth-science-1,solution,manual_review,verified_pending_import,confirmed,official_catalog_and_pdf,not_imported,,https://wdown.ebsi.co.kr/W61001/01exam/20090415/g_ear1_hsj.pdf
2009,3,4,school_mock,science,earth-science-2,question,manual_review,verified_pending_import,confirmed,official_catalog_and_pdf,not_imported,,https://wdown.ebsi.co.kr/W61001/01exam/20090415/g_ear2_mun.pdf
2009,3,4,school_mock,science,earth-science-2,solution,manual_review,verified_pending_import,confirmed,official_catalog_and_pdf,not_imported,,https://wdown.ebsi.co.kr/W61001/01exam/20090415/g_ear2_hsj.pdf
2009,3,4,school_mock,science,life-science-1,question,manual_review,verified_pending_import,confirmed,official_catalog_and_pdf,not_imported,,https://wdown.ebsi.co.kr/W61001/01exam/20090415/g_bio1_mun.pdf
2009,3,4,school_mock,science,life-science-1,solution,manual_review,verified_pending_import,confirmed,official_catalog_and_pdf,not_imported,,https://wdown.ebsi.co.kr/W61001/01exam/20090415/g_bio1_hsj.pdf
2009,3,4,school_mock,science,life-science-2,question,manual_review,verified_pending_import,confirmed,official_catalog_and_pdf,not_imported,,https://wdown.ebsi.co.kr/W61001/01exam/20090415/g_bio2_mun.pdf
2009,3,4,school_mock,science,life-science-2,solution,manual_review,verified_pending_import,confirmed,official_catalog_and_pdf,not_imported,,https://wdown.ebsi.co.kr/W61001/01exam/20090415/g_bio2_hsj.pdf
2009,3,4,school_mock,science,physics-1,question,manual_review,verified_pending_import,confirmed,official_catalog_and_pdf,not_imported,,https://wdown.ebsi.co.kr/W61001/01exam/20090415/g_phy1_mun.pdf
2009,3,4,school_mock,science,physics-1,solution,manual_review,verified_pending_import,confirmed,official_catalog_and_pdf,not_imported,,https://wdown.ebsi.co.kr/W61001/01exam/20090415/g_phy1_hsj.pdf
2009,3,4,school_mock,science,physics-2,question,manual_review,verified_pending_import,confirmed,official_catalog_and_pdf,not_imported,,https://wdown.ebsi.co.kr/W61001/01exam/20090415/g_phy2_mun.pdf
2009,3,4,school_mock,science,physics-2,solution,manual_review,verified_pending_import,confirmed,official_catalog_and_pdf,not_imported,,https://wdown.ebsi.co.kr/W61001/01exam/20090415/g_phy2_hsj.pdf
2009,3,6,kice_mock,korean,korean-old,question,manual_review,verified_pending_import,confirmed,official_catalog_and_pdf,not_imported,,https://wdown.ebsi.co.kr/W61001/01exam/20090604/kor_mun.pdf
2009,3,6,kice_mock,korean,korean-old,solution,manual_review,verified_pending_import,confirmed,official_catalog_and_pdf,not_imported,,https://wdown.ebsi.co.kr/W61001/01exam/20090604/kor_hsj.pdf
2009,3,6,kice_mock,math,math-a,question,manual_review,verified_pending_import,confirmed,official_catalog_and_pdf,not_imported,,https://wdown.ebsi.co.kr/W61001/01exam/20090604/mathga_mun.pdf
2009,3,6,kice_mock,math,math-a,solution,manual_review,verified_pending_import,confirmed,official_catalog_and_pdf,not_imported,,https://wdown.ebsi.co.kr/W61001/01exam/20090604/mathga_hsj.pdf
2009,3,6,kice_mock,math,math-b,question,manual_review,verified_pending_import,confirmed,official_catalog_and_pdf,not_imported,,https://wdown.ebsi.co.kr/W61001/01exam/20090604/mathna_mun.pdf
2009,3,6,kice_mock,math,math-b,solution,manual_review,verified_pending_import,confirmed,official_catalog_and_pdf,not_imported,,https://wdown.ebsi.co.kr/W61001/01exam/20090604/mathna_hsj.pdf
2009,3,6,kice_mock,english,english-old,question,manual_review,verified_pending_import,confirmed,official_catalog_and_pdf,not_imported,,https://wdown.ebsi.co.kr/W61001/01exam/20090604/eng_mun.pdf
2009,3,6,kice_mock,english,english-old,solution,manual_review,verified_pending_import,confirmed,official_catalog_and_pdf,not_imported,,https://wdown.ebsi.co.kr/W61001/01exam/20090604/eng_hsj.pdf
2009,3,6,kice_mock,history,,question,manual_review,verified_pending_import,confirmed,official_catalog_and_pdf,not_imported,,https://wdown.ebsi.co.kr/W61001/01exam/20090604/s_his_mun.pdf
2009,3,6,kice_mock,history,,solution,manual_review,verified_pending_import,confirmed,official_catalog_and_pdf,not_imported,,https://wdown.ebsi.co.kr/W61001/01exam/20090604/s_his_hsj.pdf
2009,3,6,kice_mock,history,korean-modern-history,question,manual_review,verified_pending_import,confirmed,official_catalog_and_pdf,not_imported,,https://wdown.ebsi.co.kr/W61001/01exam/20090604/s_hgh_mun.pdf
2009,3,6,kice_mock,history,korean-modern-history,solution,manual_review,verified_pending_import,confirmed,official_catalog_and_pdf,not_imported,,https://wdown.ebsi.co.kr/W61001/01exam/20090604/s_hgh_hsj.pdf
2009,3,6,kice_mock,social,economic-geography,question,manual_review,verified_pending_import,confirmed,official_catalog_and_pdf,not_imported,,https://wdown.ebsi.co.kr/W61001/01exam/20090604/s_kyaji_mun.pdf
2009,3,6,kice_mock,social,economic-geography,solution,manual_review,verified_pending_import,confirmed,official_catalog_and_pdf,not_imported,,https://wdown.ebsi.co.kr/W61001/01exam/20090604/s_kyaji_hsj.pdf
2009,3,6,kice_mock,social,economics,question,manual_review,verified_pending_import,confirmed,official_catalog_and_pdf,not_imported,,https://wdown.ebsi.co.kr/W61001/01exam/20090604/s_eco_mun.pdf
2009,3,6,kice_mock,social,economics,solution,manual_review,verified_pending_import,confirmed,official_catalog_and_pdf,not_imported,,https://wdown.ebsi.co.kr/W61001/01exam/20090604/s_eco_hsj.pdf
2009,3,6,kice_mock,social,ethics,question,manual_review,verified_pending_import,confirmed,official_catalog_and_pdf,not_imported,,https://wdown.ebsi.co.kr/W61001/01exam/20090604/s_eth_mun.pdf
2009,3,6,kice_mock,social,ethics,solution,manual_review,verified_pending_import,confirmed,official_catalog_and_pdf,not_imported,,https://wdown.ebsi.co.kr/W61001/01exam/20090604/s_eth_hsj.pdf
2009,3,6,kice_mock,social,korean-geography,question,manual_review,verified_pending_import,confirmed,official_catalog_and_pdf,not_imported,,https://wdown.ebsi.co.kr/W61001/01exam/20090604/s_hanji_mun.pdf
2009,3,6,kice_mock,social,korean-geography,solution,manual_review,verified_pending_import,confirmed,official_catalog_and_pdf,not_imported,,https://wdown.ebsi.co.kr/W61001/01exam/20090604/s_hanji_hsj.pdf
2009,3,6,kice_mock,social,law-and-society,question,manual_review,verified_pending_import,confirmed,official_catalog_and_pdf,not_imported,,https://wdown.ebsi.co.kr/W61001/01exam/20090604/s_bns_mun.pdf
2009,3,6,kice_mock,social,law-and-society,solution,manual_review,verified_pending_import,confirmed,official_catalog_and_pdf,not_imported,,https://wdown.ebsi.co.kr/W61001/01exam/20090604/s_bns_hsj.pdf
2009,3,6,kice_mock,social,politics,question,manual_review,verified_pending_import,confirmed,official_catalog_and_pdf,not_imported,,https://wdown.ebsi.co.kr/W61001/01exam/20090604/s_pol_mun.pdf
2009,3,6,kice_mock,social,politics,solution,manual_review,verified_pending_import,confirmed,official_catalog_and_pdf,not_imported,,https://wdown.ebsi.co.kr/W61001/01exam/20090604/s_pol_hsj.pdf
2009,3,6,kice_mock,social,social-culture,question,manual_review,verified_pending_import,confirmed,official_catalog_and_pdf,not_imported,,https://wdown.ebsi.co.kr/W61001/01exam/20090604/s_samun_mun.pdf
2009,3,6,kice_mock,social,social-culture,solution,manual_review,verified_pending_import,confirmed,official_catalog_and_pdf,not_imported,,https://wdown.ebsi.co.kr/W61001/01exam/20090604/s_samun_hsj.pdf
2009,3,6,kice_mock,social,world-geography,question,manual_review,verified_pending_import,confirmed,official_catalog_and_pdf,not_imported,,https://wdown.ebsi.co.kr/W61001/01exam/20090604/s_saeji_mun.pdf
2009,3,6,kice_mock,social,world-geography,solution,manual_review,verified_pending_import,confirmed,official_catalog_and_pdf,not_imported,,https://wdown.ebsi.co.kr/W61001/01exam/20090604/s_saeji_hsj.pdf
2009,3,6,kice_mock,social,world-history,question,manual_review,verified_pending_import,confirmed,official_catalog_and_pdf,not_imported,,https://wdown.ebsi.co.kr/W61001/01exam/20090604/s_sks_mun.pdf
2009,3,6,kice_mock,social,world-history,solution,manual_review,verified_pending_import,confirmed,official_catalog_and_pdf,not_imported,,https://wdown.ebsi.co.kr/W61001/01exam/20090604/s_sks_hsj.pdf
2009,3,6,kice_mock,science,chemistry-1,question,manual_review,verified_pending_import,confirmed,official_catalog_and_pdf,not_imported,,https://wdown.ebsi.co.kr/W61001/01exam/20090604/g_che1_mun.pdf
2009,3,6,kice_mock,science,chemistry-1,solution,manual_review,verified_pending_import,confirmed,official_catalog_and_pdf,not_imported,,https://wdown.ebsi.co.kr/W61001/01exam/20090604/g_che1_hsj.pdf
2009,3,6,kice_mock,science,chemistry-2,question,manual_review,verified_pending_import,confirmed,official_catalog_and_pdf,not_imported,,https://wdown.ebsi.co.kr/W61001/01exam/20090604/g_che2_mun.pdf
2009,3,6,kice_mock,science,chemistry-2,solution,manual_review,verified_pending_import,confirmed,official_catalog_and_pdf,not_imported,,https://wdown.ebsi.co.kr/W61001/01exam/20090604/g_che2_hsj.pdf
2009,3,6,kice_mock,science,earth-science-1,question,manual_review,verified_pending_import,confirmed,official_catalog_and_pdf,not_imported,,https://wdown.ebsi.co.kr/W61001/01exam/20090604/g_ear1_mun.pdf
2009,3,6,kice_mock,science,earth-science-1,solution,manual_review,verified_pending_import,confirmed,official_catalog_and_pdf,not_imported,,https://wdown.ebsi.co.kr/W61001/01exam/20090604/g_ear1_hsj.pdf
2009,3,6,kice_mock,science,earth-science-2,question,manual_review,verified_pending_import,confirmed,official_catalog_and_pdf,not_imported,,https://wdown.ebsi.co.kr/W61001/01exam/20090604/g_ear2_mun.pdf
2009,3,6,kice_mock,science,earth-science-2,solution,manual_review,verified_pending_import,confirmed,official_catalog_and_pdf,not_imported,,https://wdown.ebsi.co.kr/W61001/01exam/20090604/g_ear2_hsj.pdf
2009,3,6,kice_mock,science,life-science-1,question,manual_review,verified_pending_import,confirmed,official_catalog_and_pdf,not_imported,,https://wdown.ebsi.co.kr/W61001/01exam/20090604/g_bio1_mun.pdf
2009,3,6,kice_mock,science,life-science-1,solution,manual_review,verified_pending_import,confirmed,official_catalog_and_pdf,not_imported,,https://wdown.ebsi.co.kr/W61001/01exam/20090604/g_bio1_hsj.pdf
2009,3,6,kice_mock,science,life-science-2,question,manual_review,verified_pending_import,confirmed,official_catalog_and_pdf,not_imported,,https://wdown.ebsi.co.kr/W61001/01exam/20090604/g_bio2_mun.pdf
2009,3,6,kice_mock,science,life-science-2,solution,manual_review,verified_pending_import,confirmed,official_catalog_and_pdf,not_imported,,https://wdown.ebsi.co.kr/W61001/01exam/20090604/g_bio2_hsj.pdf
2009,3,6,kice_mock,science,physics-1,question,manual_review,verified_pending_import,confirmed,official_catalog_and_pdf,not_imported,,https://wdown.ebsi.co.kr/W61001/01exam/20090604/g_phy1_mun.pdf
2009,3,6,kice_mock,science,physics-1,solution,manual_review,verified_pending_import,confirmed,official_catalog_and_pdf,not_imported,,https://wdown.ebsi.co.kr/W61001/01exam/20090604/g_phy1_hsj.pdf
2009,3,6,kice_mock,science,physics-2,question,manual_review,verified_pending_import,confirmed,official_catalog_and_pdf,not_imported,,https://wdown.ebsi.co.kr/W61001/01exam/20090604/g_phy2_mun.pdf
2009,3,6,kice_mock,science,physics-2,solution,manual_review,verified_pending_import,confirmed,official_catalog_and_pdf,not_imported,,https://wdown.ebsi.co.kr/W61001/01exam/20090604/g_phy2_hsj.pdf
2009,3,6,kice_mock,vocational,accounting-principles,question,manual_review,verified_pending_import,confirmed,official_catalog_and_pdf,not_imported,,https://wdown.ebsi.co.kr/W61001/01exam/20090604/j_jic12_mun.pdf
2009,3,6,kice_mock,vocational,accounting-principles,solution,manual_review,verified_pending_import,confirmed,official_catalog_and_pdf,not_imported,,https://wdown.ebsi.co.kr/W61001/01exam/20090604/j_jic12_hsj.pdf
2009,3,6,kice_mock,vocational,agriculture-basics,question,manual_review,verified_pending_import,confirmed,official_catalog_and_pdf,not_imported,,https://wdown.ebsi.co.kr/W61001/01exam/20090604/j_jic10_mun.pdf
2009,3,6,kice_mock,vocational,agriculture-basics,solution,manual_review,verified_pending_import,confirmed,official_catalog_and_pdf,not_imported,,https://wdown.ebsi.co.kr/W61001/01exam/20090604/j_jic10_hsj.pdf
2009,3,6,kice_mock,vocational,agriculture-information,question,manual_review,verified_pending_import,confirmed,official_catalog_and_pdf,not_imported,,https://wdown.ebsi.co.kr/W61001/01exam/20090604/j_jic01_mun.pdf
2009,3,6,kice_mock,vocational,agriculture-information,solution,manual_review,verified_pending_import,confirmed,official_catalog_and_pdf,not_imported,,https://wdown.ebsi.co.kr/W61001/01exam/20090604/j_jic01_hsj.pdf
2009,3,6,kice_mock,vocational,agriculture-understanding,question,manual_review,verified_pending_import,confirmed,official_catalog_and_pdf,not_imported,,https://wdown.ebsi.co.kr/W61001/01exam/20090604/J_nsmsup_mun.pdf
2009,3,6,kice_mock,vocational,agriculture-understanding,solution,manual_review,verified_pending_import,confirmed,official_catalog_and_pdf,not_imported,,https://wdown.ebsi.co.kr/W61001/01exam/20090604/J_nsmsup_hsj.pdf
2009,3,6,kice_mock,vocational,basic-drafting,question,manual_review,verified_pending_import,confirmed,official_catalog_and_pdf,not_imported,,https://wdown.ebsi.co.kr/W61001/01exam/20090604/j_jic11_mun.pdf
2009,3,6,kice_mock,vocational,basic-drafting,solution,manual_review,verified_pending_import,confirmed,official_catalog_and_pdf,not_imported,,https://wdown.ebsi.co.kr/W61001/01exam/20090604/j_jic11_hsj.pdf
2009,3,6,kice_mock,vocational,commercial-economics,question,manual_review,verified_pending_import,confirmed,official_catalog_and_pdf,not_imported,,https://wdown.ebsi.co.kr/W61001/01exam/20090604/J_supjb_mun.pdf
2009,3,6,kice_mock,vocational,commercial-economics,solution,manual_review,verified_pending_import,confirmed,official_catalog_and_pdf,not_imported,,https://wdown.ebsi.co.kr/W61001/01exam/20090604/J_supjb_hsj.pdf
2009,3,6,kice_mock,vocational,computer-general,question,manual_review,verified_pending_import,confirmed,official_catalog_and_pdf,not_imported,,https://wdown.ebsi.co.kr/W61001/01exam/20090604/j_jic08_mun.pdf
2009,3,6,kice_mock,vocational,computer-general,solution,manual_review,verified_pending_import,confirmed,official_catalog_and_pdf,not_imported,,https://wdown.ebsi.co.kr/W61001/01exam/20090604/j_jic08_hsj.pdf
2009,3,6,kice_mock,vocational,design-general,question,manual_review,verified_pending_import,confirmed,official_catalog_and_pdf,not_imported,,https://wdown.ebsi.co.kr/W61001/01exam/20090604/j_jic02_mun.pdf
2009,3,6,kice_mock,vocational,design-general,solution,manual_review,verified_pending_import,confirmed,official_catalog_and_pdf,not_imported,,https://wdown.ebsi.co.kr/W61001/01exam/20090604/j_jic02_hsj.pdf
2009,3,6,kice_mock,vocational,fisheries-general,question,manual_review,verified_pending_import,confirmed,official_catalog_and_pdf,not_imported,,https://wdown.ebsi.co.kr/W61001/01exam/20090604/j_jic03_mun.pdf
2009,3,6,kice_mock,vocational,fisheries-general,solution,manual_review,verified_pending_import,confirmed,official_catalog_and_pdf,not_imported,,https://wdown.ebsi.co.kr/W61001/01exam/20090604/j_jic03_hsj.pdf
2009,3,6,kice_mock,vocational,fisheries-shipping-information,question,manual_review,verified_pending_import,confirmed,official_catalog_and_pdf,not_imported,,https://wdown.ebsi.co.kr/W61001/01exam/20090604/J_ssnw_mun.pdf
2009,3,6,kice_mock,vocational,fisheries-shipping-information,solution,manual_review,verified_pending_import,confirmed,official_catalog_and_pdf,not_imported,,https://wdown.ebsi.co.kr/W61001/01exam/20090604/J_ssnw_hsj.pdf
2009,3,6,kice_mock,vocational,food-and-nutrition,question,manual_review,verified_pending_import,confirmed,official_catalog_and_pdf,not_imported,,https://wdown.ebsi.co.kr/W61001/01exam/20090604/j_jic04_mun.pdf
2009,3,6,kice_mock,vocational,food-and-nutrition,solution,manual_review,verified_pending_import,confirmed,official_catalog_and_pdf,not_imported,,https://wdown.ebsi.co.kr/W61001/01exam/20090604/j_jic04_hsj.pdf
2009,3,6,kice_mock,vocational,human-development,question,manual_review,verified_pending_import,confirmed,official_catalog_and_pdf,not_imported,,https://wdown.ebsi.co.kr/W61001/01exam/20090604/J_gsnsup_mun.pdf
2009,3,6,kice_mock,vocational,human-development,solution,manual_review,verified_pending_import,confirmed,official_catalog_and_pdf,not_imported,,https://wdown.ebsi.co.kr/W61001/01exam/20090604/J_gsnsup_hsj.pdf
2009,3,6,kice_mock,vocational,industry-intro,question,manual_review,verified_pending_import,confirmed,official_catalog_and_pdf,not_imported,,https://wdown.ebsi.co.kr/W61001/01exam/20090604/J_gup_mun.pdf
2009,3,6,kice_mock,vocational,industry-intro,solution,manual_review,verified_pending_import,confirmed,official_catalog_and_pdf,not_imported,,https://wdown.ebsi.co.kr/W61001/01exam/20090604/J_gup_hsj.pdf
2009,3,6,kice_mock,vocational,information-technology-basics,question,manual_review,verified_pending_import,confirmed,official_catalog_and_pdf,not_imported,,https://wdown.ebsi.co.kr/W61001/01exam/20090604/j_jic05_mun.pdf
2009,3,6,kice_mock,vocational,information-technology-basics,solution,manual_review,verified_pending_import,confirmed,official_catalog_and_pdf,not_imported,,https://wdown.ebsi.co.kr/W61001/01exam/20090604/j_jic05_hsj.pdf
2009,3,6,kice_mock,vocational,maritime-general,question,manual_review,verified_pending_import,confirmed,official_catalog_and_pdf,not_imported,,https://wdown.ebsi.co.kr/W61001/01exam/20090604/j_jic07_mun.pdf
2009,3,6,kice_mock,vocational,maritime-general,solution,manual_review,verified_pending_import,confirmed,official_catalog_and_pdf,not_imported,,https://wdown.ebsi.co.kr/W61001/01exam/20090604/j_jic07_hsj.pdf
2009,3,6,kice_mock,vocational,ocean-general,question,manual_review,verified_pending_import,confirmed,official_catalog_and_pdf,not_imported,,https://wdown.ebsi.co.kr/W61001/01exam/20090604/J_ssnw_mun.pdf
2009,3,6,kice_mock,vocational,ocean-general,solution,manual_review,verified_pending_import,confirmed,official_catalog_and_pdf,not_imported,,https://wdown.ebsi.co.kr/W61001/01exam/20090604/J_ssnw_hsj.pdf
2009,3,6,kice_mock,vocational,programming,question,manual_review,verified_pending_import,confirmed,official_catalog_and_pdf,not_imported,,https://wdown.ebsi.co.kr/W61001/01exam/20090604/j_jic06_mun.pdf
2009,3,6,kice_mock,vocational,programming,solution,manual_review,verified_pending_import,confirmed,official_catalog_and_pdf,not_imported,,https://wdown.ebsi.co.kr/W61001/01exam/20090604/j_jic06_hsj.pdf
2009,3,6,kice_mock,second_language,arabic-1,question,manual_review,verified_pending_import,confirmed,official_catalog_and_pdf,not_imported,,https://wdown.ebsi.co.kr/W61001/01exam/20090604/2nd_ar1_mun.pdf
2009,3,6,kice_mock,second_language,arabic-1,solution,manual_review,verified_pending_import,confirmed,official_catalog_and_pdf,not_imported,,https://wdown.ebsi.co.kr/W61001/01exam/20090604/2nd_ar1_hsj.pdf
2009,3,6,kice_mock,second_language,chinese-1,question,manual_review,verified_pending_import,confirmed,official_catalog_and_pdf,not_imported,,https://wdown.ebsi.co.kr/W61001/01exam/20090604/2nd_ch1_mun.pdf
2009,3,6,kice_mock,second_language,chinese-1,solution,manual_review,verified_pending_import,confirmed,official_catalog_and_pdf,not_imported,,https://wdown.ebsi.co.kr/W61001/01exam/20090604/2nd_ch1_hsj.pdf
2009,3,6,kice_mock,second_language,classical-chinese-1,question,manual_review,verified_pending_import,confirmed,official_catalog_and_pdf,not_imported,,https://wdown.ebsi.co.kr/W61001/01exam/20090604/2nd_han_mun.pdf
2009,3,6,kice_mock,second_language,classical-chinese-1,solution,manual_review,verified_pending_import,confirmed,official_catalog_and_pdf,not_imported,,https://wdown.ebsi.co.kr/W61001/01exam/20090604/2nd_han_hsj.pdf
2009,3,6,kice_mock,second_language,french-1,question,manual_review,verified_pending_import,confirmed,official_catalog_and_pdf,not_imported,,https://wdown.ebsi.co.kr/W61001/01exam/20090604/2nd_fr1_mun.pdf
2009,3,6,kice_mock,second_language,french-1,solution,manual_review,verified_pending_import,confirmed,official_catalog_and_pdf,not_imported,,https://wdown.ebsi.co.kr/W61001/01exam/20090604/2nd_fr1_hsj.pdf
2009,3,6,kice_mock,second_language,german-1,question,manual_review,verified_pending_import,confirmed,official_catalog_and_pdf,not_imported,,https://wdown.ebsi.co.kr/W61001/01exam/20090604/2nd_gr1_mun.pdf
2009,3,6,kice_mock,second_language,german-1,solution,manual_review,verified_pending_import,confirmed,official_catalog_and_pdf,not_imported,,https://wdown.ebsi.co.kr/W61001/01exam/20090604/2nd_gr1_hsj.pdf
2009,3,6,kice_mock,second_language,japanese-1,question,manual_review,verified_pending_import,confirmed,official_catalog_and_pdf,not_imported,,https://wdown.ebsi.co.kr/W61001/01exam/20090604/2nd_ja1_mun.pdf
2009,3,6,kice_mock,second_language,japanese-1,solution,manual_review,verified_pending_import,confirmed,official_catalog_and_pdf,not_imported,,https://wdown.ebsi.co.kr/W61001/01exam/20090604/2nd_ja1_hsj.pdf
2009,3,6,kice_mock,second_language,russian-1,question,manual_review,verified_pending_import,confirmed,official_catalog_and_pdf,not_imported,,https://wdown.ebsi.co.kr/W61001/01exam/20090604/2nd_ru1_mun.pdf
2009,3,6,kice_mock,second_language,russian-1,solution,manual_review,verified_pending_import,confirmed,official_catalog_and_pdf,not_imported,,https://wdown.ebsi.co.kr/W61001/01exam/20090604/2nd_ru1_hsj.pdf
2009,3,6,kice_mock,second_language,spanish-1,question,manual_review,verified_pending_import,confirmed,official_catalog_and_pdf,not_imported,,https://wdown.ebsi.co.kr/W61001/01exam/20090604/2nd_sp1_mun.pdf
2009,3,6,kice_mock,second_language,spanish-1,solution,manual_review,verified_pending_import,confirmed,official_catalog_and_pdf,not_imported,,https://wdown.ebsi.co.kr/W61001/01exam/20090604/2nd_sp1_hsj.pdf
2009,3,7,school_mock,korean,korean-old,question,manual_review,verified_pending_import,confirmed,official_catalog_and_pdf,not_imported,,https://wdown.ebsi.co.kr/W61001/01exam/20090714/kor_mun.pdf
2009,3,7,school_mock,korean,korean-old,solution,manual_review,verified_pending_import,confirmed,official_catalog_and_pdf,not_imported,,https://wdown.ebsi.co.kr/W61001/01exam/20090714/kor_hsj.pdf
2009,3,7,school_mock,math,math-a,question,manual_review,verified_pending_import,confirmed,official_catalog_and_pdf,not_imported,,https://wdown.ebsi.co.kr/W61001/01exam/20090714/mathga_mun.pdf
2009,3,7,school_mock,math,math-a,solution,manual_review,verified_pending_import,confirmed,official_catalog_and_pdf,not_imported,,https://wdown.ebsi.co.kr/W61001/01exam/20090714/mathga_hsj.pdf
2009,3,7,school_mock,math,math-b,question,manual_review,verified_pending_import,confirmed,official_catalog_and_pdf,not_imported,,https://wdown.ebsi.co.kr/W61001/01exam/20090714/mathna_mun.pdf
2009,3,7,school_mock,math,math-b,solution,manual_review,verified_pending_import,confirmed,official_catalog_and_pdf,not_imported,,https://wdown.ebsi.co.kr/W61001/01exam/20090714/mathna_hsj.pdf
2009,3,7,school_mock,english,english-old,question,manual_review,verified_pending_import,confirmed,official_catalog_and_pdf,not_imported,,https://wdown.ebsi.co.kr/W61001/01exam/20090714/eng_mun.pdf
2009,3,7,school_mock,english,english-old,solution,manual_review,verified_pending_import,confirmed,official_catalog_and_pdf,not_imported,,https://wdown.ebsi.co.kr/W61001/01exam/20090714/eng_hsj.pdf
2009,3,7,school_mock,history,,question,manual_review,verified_pending_import,confirmed,official_catalog_and_pdf,not_imported,,https://wdown.ebsi.co.kr/W61001/01exam/20090714/s_his_mun.pdf
2009,3,7,school_mock,history,,solution,manual_review,verified_pending_import,confirmed,official_catalog_and_pdf,not_imported,,https://wdown.ebsi.co.kr/W61001/01exam/20090714/s_his_hsj.pdf
2009,3,7,school_mock,history,korean-modern-history,question,manual_review,verified_pending_import,confirmed,official_catalog_and_pdf,not_imported,,https://wdown.ebsi.co.kr/W61001/01exam/20090714/s_hgh_mun.pdf
2009,3,7,school_mock,history,korean-modern-history,solution,manual_review,verified_pending_import,confirmed,official_catalog_and_pdf,not_imported,,https://wdown.ebsi.co.kr/W61001/01exam/20090714/s_hgh_hsj.pdf
2009,3,7,school_mock,social,economic-geography,question,manual_review,verified_pending_import,confirmed,official_catalog_and_pdf,not_imported,,https://wdown.ebsi.co.kr/W61001/01exam/20090714/s_kyaji_mun.pdf
2009,3,7,school_mock,social,economic-geography,solution,manual_review,verified_pending_import,confirmed,official_catalog_and_pdf,not_imported,,https://wdown.ebsi.co.kr/W61001/01exam/20090714/s_kyaji_hsj.pdf
2009,3,7,school_mock,social,economics,question,manual_review,verified_pending_import,confirmed,official_catalog_and_pdf,not_imported,,https://wdown.ebsi.co.kr/W61001/01exam/20090714/s_eco_mun.pdf
2009,3,7,school_mock,social,economics,solution,manual_review,verified_pending_import,confirmed,official_catalog_and_pdf,not_imported,,https://wdown.ebsi.co.kr/W61001/01exam/20090714/s_eco_hsj.pdf
2009,3,7,school_mock,social,ethics,question,manual_review,verified_pending_import,confirmed,official_catalog_and_pdf,not_imported,,https://wdown.ebsi.co.kr/W61001/01exam/20090714/s_eth_mun.pdf
2009,3,7,school_mock,social,ethics,solution,manual_review,verified_pending_import,confirmed,official_catalog_and_pdf,not_imported,,https://wdown.ebsi.co.kr/W61001/01exam/20090714/s_eth_hsj.pdf
2009,3,7,school_mock,social,korean-geography,question,manual_review,verified_pending_import,confirmed,official_catalog_and_pdf,not_imported,,https://wdown.ebsi.co.kr/W61001/01exam/20090714/s_hanji_mun.pdf
2009,3,7,school_mock,social,korean-geography,solution,manual_review,verified_pending_import,confirmed,official_catalog_and_pdf,not_imported,,https://wdown.ebsi.co.kr/W61001/01exam/20090714/s_hanji_hsj.pdf
2009,3,7,school_mock,social,law-and-society,question,manual_review,verified_pending_import,confirmed,official_catalog_and_pdf,not_imported,,https://wdown.ebsi.co.kr/W61001/01exam/20090714/s_bns_mun.pdf
2009,3,7,school_mock,social,law-and-society,solution,manual_review,verified_pending_import,confirmed,official_catalog_and_pdf,not_imported,,https://wdown.ebsi.co.kr/W61001/01exam/20090714/s_bns_hsj.pdf
2009,3,7,school_mock,social,politics,question,manual_review,verified_pending_import,confirmed,official_catalog_and_pdf,not_imported,,https://wdown.ebsi.co.kr/W61001/01exam/20090714/s_pol_mun.pdf
2009,3,7,school_mock,social,politics,solution,manual_review,verified_pending_import,confirmed,official_catalog_and_pdf,not_imported,,https://wdown.ebsi.co.kr/W61001/01exam/20090714/s_pol_hsj.pdf
2009,3,7,school_mock,social,social-culture,question,manual_review,verified_pending_import,confirmed,official_catalog_and_pdf,not_imported,,https://wdown.ebsi.co.kr/W61001/01exam/20090714/s_samun_mun.pdf
2009,3,7,school_mock,social,social-culture,solution,manual_review,verified_pending_import,confirmed,official_catalog_and_pdf,not_imported,,https://wdown.ebsi.co.kr/W61001/01exam/20090714/s_samun_hsj.pdf
2009,3,7,school_mock,social,world-geography,question,manual_review,verified_pending_import,confirmed,official_catalog_and_pdf,not_imported,,https://wdown.ebsi.co.kr/W61001/01exam/20090714/s_saeji_mun.pdf
2009,3,7,school_mock,social,world-geography,solution,manual_review,verified_pending_import,confirmed,official_catalog_and_pdf,not_imported,,https://wdown.ebsi.co.kr/W61001/01exam/20090714/s_saeji_hsj.pdf
2009,3,7,school_mock,social,world-history,question,manual_review,verified_pending_import,confirmed,official_catalog_and_pdf,not_imported,,https://wdown.ebsi.co.kr/W61001/01exam/20090714/s_sks_mun.pdf
2009,3,7,school_mock,social,world-history,solution,manual_review,verified_pending_import,confirmed,official_catalog_and_pdf,not_imported,,https://wdown.ebsi.co.kr/W61001/01exam/20090714/s_sks_hsj.pdf
2009,3,7,school_mock,science,chemistry-1,question,manual_review,verified_pending_import,confirmed,official_catalog_and_pdf,not_imported,,https://wdown.ebsi.co.kr/W61001/01exam/20090714/g_che1_mun.pdf
2009,3,7,school_mock,science,chemistry-1,solution,manual_review,verified_pending_import,confirmed,official_catalog_and_pdf,not_imported,,https://wdown.ebsi.co.kr/W61001/01exam/20090714/g_che1_hsj.pdf
2009,3,7,school_mock,science,chemistry-2,question,manual_review,verified_pending_import,confirmed,official_catalog_and_pdf,not_imported,,https://wdown.ebsi.co.kr/W61001/01exam/20090714/g_che2_mun.pdf
2009,3,7,school_mock,science,chemistry-2,solution,manual_review,verified_pending_import,confirmed,official_catalog_and_pdf,not_imported,,https://wdown.ebsi.co.kr/W61001/01exam/20090714/g_che2_hsj.pdf
2009,3,7,school_mock,science,earth-science-1,question,manual_review,verified_pending_import,confirmed,official_catalog_and_pdf,not_imported,,https://wdown.ebsi.co.kr/W61001/01exam/20090714/g_ear1_mun.pdf
2009,3,7,school_mock,science,earth-science-1,solution,manual_review,verified_pending_import,confirmed,official_catalog_and_pdf,not_imported,,https://wdown.ebsi.co.kr/W61001/01exam/20090714/g_ear1_hsj.pdf
2009,3,7,school_mock,science,earth-science-2,question,manual_review,verified_pending_import,confirmed,official_catalog_and_pdf,not_imported,,https://wdown.ebsi.co.kr/W61001/01exam/20090714/g_ear2_mun.pdf
2009,3,7,school_mock,science,earth-science-2,solution,manual_review,verified_pending_import,confirmed,official_catalog_and_pdf,not_imported,,https://wdown.ebsi.co.kr/W61001/01exam/20090714/g_ear2_hsj.pdf
2009,3,7,school_mock,science,life-science-1,question,manual_review,verified_pending_import,confirmed,official_catalog_and_pdf,not_imported,,https://wdown.ebsi.co.kr/W61001/01exam/20090714/g_bio1_mun.pdf
2009,3,7,school_mock,science,life-science-1,solution,manual_review,verified_pending_import,confirmed,official_catalog_and_pdf,not_imported,,https://wdown.ebsi.co.kr/W61001/01exam/20090714/g_bio1_hsj.pdf
2009,3,7,school_mock,science,life-science-2,question,manual_review,verified_pending_import,confirmed,official_catalog_and_pdf,not_imported,,https://wdown.ebsi.co.kr/W61001/01exam/20090714/g_bio2_mun.pdf
2009,3,7,school_mock,science,life-science-2,solution,manual_review,verified_pending_import,confirmed,official_catalog_and_pdf,not_imported,,https://wdown.ebsi.co.kr/W61001/01exam/20090714/g_bio2_hsj.pdf
2009,3,7,school_mock,science,physics-1,question,manual_review,verified_pending_import,confirmed,official_catalog_and_pdf,not_imported,,https://wdown.ebsi.co.kr/W61001/01exam/20090714/g_phy1_mun.pdf
2009,3,7,school_mock,science,physics-1,solution,manual_review,verified_pending_import,confirmed,official_catalog_and_pdf,not_imported,,https://wdown.ebsi.co.kr/W61001/01exam/20090714/g_phy1_hsj.pdf
2009,3,7,school_mock,science,physics-2,question,manual_review,verified_pending_import,confirmed,official_catalog_and_pdf,not_imported,,https://wdown.ebsi.co.kr/W61001/01exam/20090714/g_phy2_mun.pdf
2009,3,7,school_mock,science,physics-2,solution,manual_review,verified_pending_import,confirmed,official_catalog_and_pdf,not_imported,,https://wdown.ebsi.co.kr/W61001/01exam/20090714/g_phy2_hsj.pdf
2009,3,9,kice_mock,korean,korean-old,question,manual_review,verified_pending_import,confirmed,official_catalog_and_pdf,not_imported,,https://wdown.ebsi.co.kr/W61001/01exam/20090903/kor_mun2.pdf
2009,3,9,kice_mock,korean,korean-old,solution,manual_review,verified_pending_import,confirmed,official_catalog_and_pdf,not_imported,,https://wdown.ebsi.co.kr/W61001/01exam/20090903/kor_hsj.pdf
2009,3,9,kice_mock,math,math-a,question,manual_review,verified_pending_import,confirmed,official_catalog_and_pdf,not_imported,,https://wdown.ebsi.co.kr/W61001/01exam/20090903/mathga_mun.pdf
2009,3,9,kice_mock,math,math-a,solution,manual_review,verified_pending_import,confirmed,official_catalog_and_pdf,not_imported,,https://wdown.ebsi.co.kr/W61001/01exam/20090903/mathga_hsj.pdf
2009,3,9,kice_mock,math,math-b,question,manual_review,verified_pending_import,confirmed,official_catalog_and_pdf,not_imported,,https://wdown.ebsi.co.kr/W61001/01exam/20090903/mathna_mun.pdf
2009,3,9,kice_mock,math,math-b,solution,manual_review,verified_pending_import,confirmed,official_catalog_and_pdf,not_imported,,https://wdown.ebsi.co.kr/W61001/01exam/20090903/mathna_hsj.pdf
2009,3,9,kice_mock,english,english-old,question,manual_review,verified_pending_import,confirmed,official_catalog_and_pdf,not_imported,,https://wdown.ebsi.co.kr/W61001/01exam/20090903/eng_mun.pdf
2009,3,9,kice_mock,english,english-old,solution,manual_review,verified_pending_import,confirmed,official_catalog_and_pdf,not_imported,,https://wdown.ebsi.co.kr/W61001/01exam/20090903/eng_hsj.pdf
2009,3,9,kice_mock,history,,question,manual_review,verified_pending_import,confirmed,official_catalog_and_pdf,not_imported,,https://wdown.ebsi.co.kr/W61001/01exam/20090903/s_his_mun.pdf
2009,3,9,kice_mock,history,,solution,manual_review,verified_pending_import,confirmed,official_catalog_and_pdf,not_imported,,https://wdown.ebsi.co.kr/W61001/01exam/20090903/s_his_hsj.pdf
2009,3,9,kice_mock,history,korean-modern-history,question,manual_review,verified_pending_import,confirmed,official_catalog_and_pdf,not_imported,,https://wdown.ebsi.co.kr/W61001/01exam/20090903/s_hgh_mun.pdf
2009,3,9,kice_mock,history,korean-modern-history,solution,manual_review,verified_pending_import,confirmed,official_catalog_and_pdf,not_imported,,https://wdown.ebsi.co.kr/W61001/01exam/20090903/s_hgh_hsj.pdf
2009,3,9,kice_mock,social,economic-geography,question,manual_review,verified_pending_import,confirmed,official_catalog_and_pdf,not_imported,,https://wdown.ebsi.co.kr/W61001/01exam/20090903/s_kyaji_mun.pdf
2009,3,9,kice_mock,social,economic-geography,solution,manual_review,verified_pending_import,confirmed,official_catalog_and_pdf,not_imported,,https://wdown.ebsi.co.kr/W61001/01exam/20090903/s_kyaji_hsj.pdf
2009,3,9,kice_mock,social,economics,question,manual_review,verified_pending_import,confirmed,official_catalog_and_pdf,not_imported,,https://wdown.ebsi.co.kr/W61001/01exam/20090903/s_eco_mun.pdf
2009,3,9,kice_mock,social,economics,solution,manual_review,verified_pending_import,confirmed,official_catalog_and_pdf,not_imported,,https://wdown.ebsi.co.kr/W61001/01exam/20090903/s_eco_hsj.pdf
2009,3,9,kice_mock,social,ethics,question,manual_review,verified_pending_import,confirmed,official_catalog_and_pdf,not_imported,,https://wdown.ebsi.co.kr/W61001/01exam/20090903/s_eth_mun.pdf
2009,3,9,kice_mock,social,ethics,solution,manual_review,verified_pending_import,confirmed,official_catalog_and_pdf,not_imported,,https://wdown.ebsi.co.kr/W61001/01exam/20090903/s_eth_hsj.pdf
2009,3,9,kice_mock,social,korean-geography,question,manual_review,verified_pending_import,confirmed,official_catalog_and_pdf,not_imported,,https://wdown.ebsi.co.kr/W61001/01exam/20090903/s_hanji_mun.pdf
2009,3,9,kice_mock,social,korean-geography,solution,manual_review,verified_pending_import,confirmed,official_catalog_and_pdf,not_imported,,https://wdown.ebsi.co.kr/W61001/01exam/20090903/s_hanji_hsj.pdf
2009,3,9,kice_mock,social,law-and-society,question,manual_review,verified_pending_import,confirmed,official_catalog_and_pdf,not_imported,,https://wdown.ebsi.co.kr/W61001/01exam/20090903/s_bns_mun.pdf
2009,3,9,kice_mock,social,law-and-society,solution,manual_review,verified_pending_import,confirmed,official_catalog_and_pdf,not_imported,,https://wdown.ebsi.co.kr/W61001/01exam/20090903/s_bns_hsj.pdf
2009,3,9,kice_mock,social,politics,question,manual_review,verified_pending_import,confirmed,official_catalog_and_pdf,not_imported,,https://wdown.ebsi.co.kr/W61001/01exam/20090903/s_pol_mun.pdf
2009,3,9,kice_mock,social,politics,solution,manual_review,verified_pending_import,confirmed,official_catalog_and_pdf,not_imported,,https://wdown.ebsi.co.kr/W61001/01exam/20090903/s_pol_hsj.pdf
2009,3,9,kice_mock,social,social-culture,question,manual_review,verified_pending_import,confirmed,official_catalog_and_pdf,not_imported,,https://wdown.ebsi.co.kr/W61001/01exam/20090903/s_samun_mun.pdf
2009,3,9,kice_mock,social,social-culture,solution,manual_review,verified_pending_import,confirmed,official_catalog_and_pdf,not_imported,,https://wdown.ebsi.co.kr/W61001/01exam/20090903/s_samun_hsj.pdf
2009,3,9,kice_mock,social,world-geography,question,manual_review,verified_pending_import,confirmed,official_catalog_and_pdf,not_imported,,https://wdown.ebsi.co.kr/W61001/01exam/20090903/s_saeji_mun.pdf
2009,3,9,kice_mock,social,world-geography,solution,manual_review,verified_pending_import,confirmed,official_catalog_and_pdf,not_imported,,https://wdown.ebsi.co.kr/W61001/01exam/20090903/s_saeji_hsj.pdf
2009,3,9,kice_mock,social,world-history,question,manual_review,verified_pending_import,confirmed,official_catalog_and_pdf,not_imported,,https://wdown.ebsi.co.kr/W61001/01exam/20090903/s_sks_mun.pdf
2009,3,9,kice_mock,social,world-history,solution,manual_review,verified_pending_import,confirmed,official_catalog_and_pdf,not_imported,,https://wdown.ebsi.co.kr/W61001/01exam/20090903/s_sks_hsj.pdf
2009,3,9,kice_mock,science,chemistry-1,question,manual_review,verified_pending_import,confirmed,official_catalog_and_pdf,not_imported,,https://wdown.ebsi.co.kr/W61001/01exam/20090903/g_che1_mun.pdf
2009,3,9,kice_mock,science,chemistry-1,solution,manual_review,verified_pending_import,confirmed,official_catalog_and_pdf,not_imported,,https://wdown.ebsi.co.kr/W61001/01exam/20090903/g_che1_hsj.pdf
2009,3,9,kice_mock,science,chemistry-2,question,manual_review,verified_pending_import,confirmed,official_catalog_and_pdf,not_imported,,https://wdown.ebsi.co.kr/W61001/01exam/20090903/g_che2_mun.pdf
2009,3,9,kice_mock,science,chemistry-2,solution,manual_review,verified_pending_import,confirmed,official_catalog_and_pdf,not_imported,,https://wdown.ebsi.co.kr/W61001/01exam/20090903/g_che2_hsj.pdf
2009,3,9,kice_mock,science,earth-science-1,question,manual_review,verified_pending_import,confirmed,official_catalog_and_pdf,not_imported,,https://wdown.ebsi.co.kr/W61001/01exam/20090903/g_ear1_mun.pdf
2009,3,9,kice_mock,science,earth-science-1,solution,manual_review,verified_pending_import,confirmed,official_catalog_and_pdf,not_imported,,https://wdown.ebsi.co.kr/W61001/01exam/20090903/g_ear1_hsj.pdf
2009,3,9,kice_mock,science,earth-science-2,question,manual_review,verified_pending_import,confirmed,official_catalog_and_pdf,not_imported,,https://wdown.ebsi.co.kr/W61001/01exam/20090903/g_ear2_mun.pdf
2009,3,9,kice_mock,science,earth-science-2,solution,manual_review,verified_pending_import,confirmed,official_catalog_and_pdf,not_imported,,https://wdown.ebsi.co.kr/W61001/01exam/20090903/g_ear2_hsj.pdf
2009,3,9,kice_mock,science,life-science-1,question,manual_review,verified_pending_import,confirmed,official_catalog_and_pdf,not_imported,,https://wdown.ebsi.co.kr/W61001/01exam/20090903/g_bio1_mun.pdf
2009,3,9,kice_mock,science,life-science-1,solution,manual_review,verified_pending_import,confirmed,official_catalog_and_pdf,not_imported,,https://wdown.ebsi.co.kr/W61001/01exam/20090903/g_bio1_hsj.pdf
2009,3,9,kice_mock,science,life-science-2,question,manual_review,verified_pending_import,confirmed,official_catalog_and_pdf,not_imported,,https://wdown.ebsi.co.kr/W61001/01exam/20090903/g_bio2_mun.pdf
2009,3,9,kice_mock,science,life-science-2,solution,manual_review,verified_pending_import,confirmed,official_catalog_and_pdf,not_imported,,https://wdown.ebsi.co.kr/W61001/01exam/20090903/g_bio2_hsj.pdf
2009,3,9,kice_mock,science,physics-1,question,manual_review,verified_pending_import,confirmed,official_catalog_and_pdf,not_imported,,https://wdown.ebsi.co.kr/W61001/01exam/20090903/g_phy1_mun.pdf
2009,3,9,kice_mock,science,physics-1,solution,manual_review,verified_pending_import,confirmed,official_catalog_and_pdf,not_imported,,https://wdown.ebsi.co.kr/W61001/01exam/20090903/g_phy1_hsj.pdf
2009,3,9,kice_mock,science,physics-2,question,manual_review,verified_pending_import,confirmed,official_catalog_and_pdf,not_imported,,https://wdown.ebsi.co.kr/W61001/01exam/20090903/g_phy2_mun.pdf
2009,3,9,kice_mock,science,physics-2,solution,manual_review,verified_pending_import,confirmed,official_catalog_and_pdf,not_imported,,https://wdown.ebsi.co.kr/W61001/01exam/20090903/g_phy2_hsj.pdf
2009,3,9,kice_mock,vocational,accounting-principles,question,manual_review,verified_pending_import,confirmed,official_catalog_and_pdf,not_imported,,https://wdown.ebsi.co.kr/W61001/01exam/20090903/j_jic12_mun.pdf
2009,3,9,kice_mock,vocational,accounting-principles,solution,manual_review,verified_pending_import,confirmed,official_catalog_and_pdf,not_imported,,https://wdown.ebsi.co.kr/W61001/01exam/20090903/j_jic12_hsj.pdf
2009,3,9,kice_mock,vocational,agriculture-basics,question,manual_review,verified_pending_import,confirmed,official_catalog_and_pdf,not_imported,,https://wdown.ebsi.co.kr/W61001/01exam/20090903/j_jic10_mun.pdf
2009,3,9,kice_mock,vocational,agriculture-basics,solution,manual_review,verified_pending_import,confirmed,official_catalog_and_pdf,not_imported,,https://wdown.ebsi.co.kr/W61001/01exam/20090903/j_jic10_hsj.pdf
2009,3,9,kice_mock,vocational,agriculture-information,question,manual_review,verified_pending_import,confirmed,official_catalog_and_pdf,not_imported,,https://wdown.ebsi.co.kr/W61001/01exam/20090903/j_jic01_mun.pdf
2009,3,9,kice_mock,vocational,agriculture-information,solution,manual_review,verified_pending_import,confirmed,official_catalog_and_pdf,not_imported,,https://wdown.ebsi.co.kr/W61001/01exam/20090903/j_jic01_hsj.pdf
2009,3,9,kice_mock,vocational,agriculture-understanding,question,manual_review,verified_pending_import,confirmed,official_catalog_and_pdf,not_imported,,https://wdown.ebsi.co.kr/W61001/01exam/20090903/J_nsmsup_mun.pdf
2009,3,9,kice_mock,vocational,agriculture-understanding,solution,manual_review,verified_pending_import,confirmed,official_catalog_and_pdf,not_imported,,https://wdown.ebsi.co.kr/W61001/01exam/20090903/J_nsmsup_hsj.pdf
2009,3,9,kice_mock,vocational,basic-drafting,question,manual_review,verified_pending_import,confirmed,official_catalog_and_pdf,not_imported,,https://wdown.ebsi.co.kr/W61001/01exam/20090903/j_jic11_mun.pdf
2009,3,9,kice_mock,vocational,basic-drafting,solution,manual_review,verified_pending_import,confirmed,official_catalog_and_pdf,not_imported,,https://wdown.ebsi.co.kr/W61001/01exam/20090903/j_jic11_hsj.pdf
2009,3,9,kice_mock,vocational,commercial-economics,question,manual_review,verified_pending_import,confirmed,official_catalog_and_pdf,not_imported,,https://wdown.ebsi.co.kr/W61001/01exam/20090903/J_supjb_mun.pdf
2009,3,9,kice_mock,vocational,commercial-economics,solution,manual_review,verified_pending_import,confirmed,official_catalog_and_pdf,not_imported,,https://wdown.ebsi.co.kr/W61001/01exam/20090903/J_supjb_hsj.pdf
2009,3,9,kice_mock,vocational,computer-general,question,manual_review,verified_pending_import,confirmed,official_catalog_and_pdf,not_imported,,https://wdown.ebsi.co.kr/W61001/01exam/20090903/j_jic08_mun.pdf
2009,3,9,kice_mock,vocational,computer-general,solution,manual_review,verified_pending_import,confirmed,official_catalog_and_pdf,not_imported,,https://wdown.ebsi.co.kr/W61001/01exam/20090903/j_jic08_hsj.pdf
2009,3,9,kice_mock,vocational,design-general,question,manual_review,verified_pending_import,confirmed,official_catalog_and_pdf,not_imported,,https://wdown.ebsi.co.kr/W61001/01exam/20090903/j_jic02_mun.pdf
2009,3,9,kice_mock,vocational,design-general,solution,manual_review,verified_pending_import,confirmed,official_catalog_and_pdf,not_imported,,https://wdown.ebsi.co.kr/W61001/01exam/20090903/j_jic02_hsj.pdf
2009,3,9,kice_mock,vocational,fisheries-general,question,manual_review,verified_pending_import,confirmed,official_catalog_and_pdf,not_imported,,https://wdown.ebsi.co.kr/W61001/01exam/20090903/j_jic03_mun.pdf
2009,3,9,kice_mock,vocational,fisheries-general,solution,manual_review,verified_pending_import,confirmed,official_catalog_and_pdf,not_imported,,https://wdown.ebsi.co.kr/W61001/01exam/20090903/j_jic03_hsj.pdf
2009,3,9,kice_mock,vocational,fisheries-shipping-information,question,manual_review,verified_pending_import,confirmed,official_catalog_and_pdf,not_imported,,https://wdown.ebsi.co.kr/W61001/01exam/20090903/J_ssnw_mun.pdf
2009,3,9,kice_mock,vocational,fisheries-shipping-information,solution,manual_review,verified_pending_import,confirmed,official_catalog_and_pdf,not_imported,,https://wdown.ebsi.co.kr/W61001/01exam/20090903/J_ssnw_hsj.pdf
2009,3,9,kice_mock,vocational,food-and-nutrition,question,manual_review,verified_pending_import,confirmed,official_catalog_and_pdf,not_imported,,https://wdown.ebsi.co.kr/W61001/01exam/20090903/j_jic04_mun.pdf
2009,3,9,kice_mock,vocational,food-and-nutrition,solution,manual_review,verified_pending_import,confirmed,official_catalog_and_pdf,not_imported,,https://wdown.ebsi.co.kr/W61001/01exam/20090903/j_jic04_hsj.pdf
2009,3,9,kice_mock,vocational,human-development,question,manual_review,verified_pending_import,confirmed,official_catalog_and_pdf,not_imported,,https://wdown.ebsi.co.kr/W61001/01exam/20090903/J_gsnsup_mun.pdf
2009,3,9,kice_mock,vocational,human-development,solution,manual_review,verified_pending_import,confirmed,official_catalog_and_pdf,not_imported,,https://wdown.ebsi.co.kr/W61001/01exam/20090903/J_gsnsup_hsj.pdf
2009,3,9,kice_mock,vocational,industry-intro,question,manual_review,verified_pending_import,confirmed,official_catalog_and_pdf,not_imported,,https://wdown.ebsi.co.kr/W61001/01exam/20090903/J_gup_mun.pdf
2009,3,9,kice_mock,vocational,industry-intro,solution,manual_review,verified_pending_import,confirmed,official_catalog_and_pdf,not_imported,,https://wdown.ebsi.co.kr/W61001/01exam/20090903/J_gup_hsj.pdf
2009,3,9,kice_mock,vocational,information-technology-basics,question,manual_review,verified_pending_import,confirmed,official_catalog_and_pdf,not_imported,,https://wdown.ebsi.co.kr/W61001/01exam/20090903/j_jic05_mun.pdf
2009,3,9,kice_mock,vocational,information-technology-basics,solution,manual_review,verified_pending_import,confirmed,official_catalog_and_pdf,not_imported,,https://wdown.ebsi.co.kr/W61001/01exam/20090903/j_jic05_hsj.pdf
2009,3,9,kice_mock,vocational,maritime-general,question,manual_review,verified_pending_import,confirmed,official_catalog_and_pdf,not_imported,,https://wdown.ebsi.co.kr/W61001/01exam/20090903/j_jic07_mun.pdf
2009,3,9,kice_mock,vocational,maritime-general,solution,manual_review,verified_pending_import,confirmed,official_catalog_and_pdf,not_imported,,https://wdown.ebsi.co.kr/W61001/01exam/20090903/j_jic07_hsj.pdf
2009,3,9,kice_mock,vocational,ocean-general,question,manual_review,verified_pending_import,confirmed,official_catalog_and_pdf,not_imported,,https://wdown.ebsi.co.kr/W61001/01exam/20090903/J_ssnw_mun.pdf
2009,3,9,kice_mock,vocational,ocean-general,solution,manual_review,verified_pending_import,confirmed,official_catalog_and_pdf,not_imported,,https://wdown.ebsi.co.kr/W61001/01exam/20090903/J_ssnw_hsj.pdf
2009,3,9,kice_mock,vocational,programming,question,manual_review,verified_pending_import,confirmed,official_catalog_and_pdf,not_imported,,https://wdown.ebsi.co.kr/W61001/01exam/20090903/j_jic06_mun.pdf
2009,3,9,kice_mock,vocational,programming,solution,manual_review,verified_pending_import,confirmed,official_catalog_and_pdf,not_imported,,https://wdown.ebsi.co.kr/W61001/01exam/20090903/j_jic06_hsj.pdf
2009,3,9,kice_mock,second_language,arabic-1,question,manual_review,verified_pending_import,confirmed,official_catalog_and_pdf,not_imported,,https://wdown.ebsi.co.kr/W61001/01exam/20090903/2nd_ar1_mun.pdf
2009,3,9,kice_mock,second_language,arabic-1,solution,manual_review,verified_pending_import,confirmed,official_catalog_and_pdf,not_imported,,https://wdown.ebsi.co.kr/W61001/01exam/20090903/2nd_ar1_hsj.pdf
2009,3,9,kice_mock,second_language,chinese-1,question,manual_review,verified_pending_import,confirmed,official_catalog_and_pdf,not_imported,,https://wdown.ebsi.co.kr/W61001/01exam/20090903/2nd_ch1_mun.pdf
2009,3,9,kice_mock,second_language,chinese-1,solution,manual_review,verified_pending_import,confirmed,official_catalog_and_pdf,not_imported,,https://wdown.ebsi.co.kr/W61001/01exam/20090903/2nd_ch1_hsj_1.pdf
2009,3,9,kice_mock,second_language,classical-chinese-1,question,manual_review,verified_pending_import,confirmed,official_catalog_and_pdf,not_imported,,https://wdown.ebsi.co.kr/W61001/01exam/20090903/2nd_han_mun.pdf
2009,3,9,kice_mock,second_language,classical-chinese-1,solution,manual_review,verified_pending_import,confirmed,official_catalog_and_pdf,not_imported,,https://wdown.ebsi.co.kr/W61001/01exam/20090903/2nd_han_hsj.pdf
2009,3,9,kice_mock,second_language,french-1,question,manual_review,verified_pending_import,confirmed,official_catalog_and_pdf,not_imported,,https://wdown.ebsi.co.kr/W61001/01exam/20090903/2nd_fr1_mun.pdf
2009,3,9,kice_mock,second_language,french-1,solution,manual_review,verified_pending_import,confirmed,official_catalog_and_pdf,not_imported,,https://wdown.ebsi.co.kr/W61001/01exam/20090903/2nd_fr1_hsj.pdf
2009,3,9,kice_mock,second_language,german-1,question,manual_review,verified_pending_import,confirmed,official_catalog_and_pdf,not_imported,,https://wdown.ebsi.co.kr/W61001/01exam/20090903/2nd_gr1_mun.pdf
2009,3,9,kice_mock,second_language,german-1,solution,manual_review,verified_pending_import,confirmed,official_catalog_and_pdf,not_imported,,https://wdown.ebsi.co.kr/W61001/01exam/20090903/2nd_gr1_hsj.pdf
2009,3,9,kice_mock,second_language,japanese-1,question,manual_review,verified_pending_import,confirmed,official_catalog_and_pdf,not_imported,,https://wdown.ebsi.co.kr/W61001/01exam/20090903/2nd_ja1_mun.pdf
2009,3,9,kice_mock,second_language,japanese-1,solution,manual_review,verified_pending_import,confirmed,official_catalog_and_pdf,not_imported,,https://wdown.ebsi.co.kr/W61001/01exam/20090903/2nd_ja1_hsj.pdf
2009,3,9,kice_mock,second_language,russian-1,question,manual_review,verified_pending_import,confirmed,official_catalog_and_pdf,not_imported,,https://wdown.ebsi.co.kr/W61001/01exam/20090903/2nd_ru1_mun.pdf
2009,3,9,kice_mock,second_language,russian-1,solution,manual_review,verified_pending_import,confirmed,official_catalog_and_pdf,not_imported,,https://wdown.ebsi.co.kr/W61001/01exam/20090903/2nd_ru1_hsj.pdf
2009,3,9,kice_mock,second_language,spanish-1,question,manual_review,verified_pending_import,confirmed,official_catalog_and_pdf,not_imported,,https://wdown.ebsi.co.kr/W61001/01exam/20090903/2nd_sp1_mun.pdf
2009,3,9,kice_mock,second_language,spanish-1,solution,manual_review,verified_pending_import,confirmed,official_catalog_and_pdf,not_imported,,https://wdown.ebsi.co.kr/W61001/01exam/20090903/2nd_sp1_hsj.pdf
2009,3,10,school_mock,korean,korean-old,question,manual_review,verified_pending_import,confirmed,official_catalog_and_pdf,not_imported,,https://wdown.ebsi.co.kr/W61001/01exam/20091015/kor_mun.pdf
2009,3,10,school_mock,korean,korean-old,solution,manual_review,verified_pending_import,confirmed,official_catalog_and_pdf,not_imported,,https://wdown.ebsi.co.kr/W61001/01exam/20091015/kor_hsj.pdf
2009,3,10,school_mock,math,math-a,question,manual_review,verified_pending_import,confirmed,official_catalog_and_pdf,not_imported,,https://wdown.ebsi.co.kr/W61001/01exam/20091015/mathga_mun.pdf
2009,3,10,school_mock,math,math-a,solution,manual_review,verified_pending_import,confirmed,official_catalog_and_pdf,not_imported,,https://wdown.ebsi.co.kr/W61001/01exam/20091015/mathga_hsj.pdf
2009,3,10,school_mock,math,math-b,question,manual_review,verified_pending_import,confirmed,official_catalog_and_pdf,not_imported,,https://wdown.ebsi.co.kr/W61001/01exam/20091015/mathna_mun.pdf
2009,3,10,school_mock,math,math-b,solution,manual_review,verified_pending_import,confirmed,official_catalog_and_pdf,not_imported,,https://wdown.ebsi.co.kr/W61001/01exam/20091015/mathna_hsj.pdf
2009,3,10,school_mock,english,english-old,question,manual_review,verified_pending_import,confirmed,official_catalog_and_pdf,not_imported,,https://wdown.ebsi.co.kr/W61001/01exam/20091015/eng_mun.pdf
2009,3,10,school_mock,english,english-old,solution,manual_review,verified_pending_import,confirmed,official_catalog_and_pdf,not_imported,,https://wdown.ebsi.co.kr/W61001/01exam/20091015/eng_hsj.pdf
2009,3,10,school_mock,history,,question,manual_review,verified_pending_import,confirmed,official_catalog_and_pdf,not_imported,,https://wdown.ebsi.co.kr/W61001/01exam/20091015/s_his_mun.pdf
2009,3,10,school_mock,history,,solution,manual_review,verified_pending_import,confirmed,official_catalog_and_pdf,not_imported,,https://wdown.ebsi.co.kr/W61001/01exam/20091015/s_his_hsj.pdf
2009,3,10,school_mock,history,korean-modern-history,question,manual_review,verified_pending_import,confirmed,official_catalog_and_pdf,not_imported,,https://wdown.ebsi.co.kr/W61001/01exam/20091015/s_hgh_mun.pdf
2009,3,10,school_mock,history,korean-modern-history,solution,manual_review,verified_pending_import,confirmed,official_catalog_and_pdf,not_imported,,https://wdown.ebsi.co.kr/W61001/01exam/20091015/s_hgh_hsj.pdf
2009,3,10,school_mock,social,economic-geography,question,manual_review,verified_pending_import,confirmed,official_catalog_and_pdf,not_imported,,https://wdown.ebsi.co.kr/W61001/01exam/20091015/s_kyaji_mun.pdf
2009,3,10,school_mock,social,economic-geography,solution,manual_review,verified_pending_import,confirmed,official_catalog_and_pdf,not_imported,,https://wdown.ebsi.co.kr/W61001/01exam/20091015/s_kyaji_hsj.pdf
2009,3,10,school_mock,social,economics,question,manual_review,verified_pending_import,confirmed,official_catalog_and_pdf,not_imported,,https://wdown.ebsi.co.kr/W61001/01exam/20091015/s_eco_mun.pdf
2009,3,10,school_mock,social,economics,solution,manual_review,verified_pending_import,confirmed,official_catalog_and_pdf,not_imported,,https://wdown.ebsi.co.kr/W61001/01exam/20091015/s_eco_hsj.pdf
2009,3,10,school_mock,social,ethics,question,manual_review,verified_pending_import,confirmed,official_catalog_and_pdf,not_imported,,https://wdown.ebsi.co.kr/W61001/01exam/20091015/s_eth_mun.pdf
2009,3,10,school_mock,social,ethics,solution,manual_review,verified_pending_import,confirmed,official_catalog_and_pdf,not_imported,,https://wdown.ebsi.co.kr/W61001/01exam/20091015/s_eth_hsj.pdf
2009,3,10,school_mock,social,korean-geography,question,manual_review,verified_pending_import,confirmed,official_catalog_and_pdf,not_imported,,https://wdown.ebsi.co.kr/W61001/01exam/20091015/s_hanji_mun.pdf
2009,3,10,school_mock,social,korean-geography,solution,manual_review,verified_pending_import,confirmed,official_catalog_and_pdf,not_imported,,https://wdown.ebsi.co.kr/W61001/01exam/20091015/s_hanji_hsj.pdf
2009,3,10,school_mock,social,law-and-society,question,manual_review,verified_pending_import,confirmed,official_catalog_and_pdf,not_imported,,https://wdown.ebsi.co.kr/W61001/01exam/20091015/s_bns_mun.pdf
2009,3,10,school_mock,social,law-and-society,solution,manual_review,verified_pending_import,confirmed,official_catalog_and_pdf,not_imported,,https://wdown.ebsi.co.kr/W61001/01exam/20091015/s_bns_hsj.pdf
2009,3,10,school_mock,social,politics,question,manual_review,verified_pending_import,confirmed,official_catalog_and_pdf,not_imported,,https://wdown.ebsi.co.kr/W61001/01exam/20091015/s_pol_mun.pdf
2009,3,10,school_mock,social,politics,solution,manual_review,verified_pending_import,confirmed,official_catalog_and_pdf,not_imported,,https://wdown.ebsi.co.kr/W61001/01exam/20091015/s_pol_hsj.pdf
2009,3,10,school_mock,social,social-culture,question,manual_review,verified_pending_import,confirmed,official_catalog_and_pdf,not_imported,,https://wdown.ebsi.co.kr/W61001/01exam/20091015/s_samun_mun.pdf
2009,3,10,school_mock,social,social-culture,solution,manual_review,verified_pending_import,confirmed,official_catalog_and_pdf,not_imported,,https://wdown.ebsi.co.kr/W61001/01exam/20091015/s_samun_hsj.pdf
2009,3,10,school_mock,social,world-geography,question,manual_review,verified_pending_import,confirmed,official_catalog_and_pdf,not_imported,,https://wdown.ebsi.co.kr/W61001/01exam/20091015/s_saeji_mun.pdf
2009,3,10,school_mock,social,world-geography,solution,manual_review,verified_pending_import,confirmed,official_catalog_and_pdf,not_imported,,https://wdown.ebsi.co.kr/W61001/01exam/20091015/s_saeji_hsj.pdf
2009,3,10,school_mock,social,world-history,question,manual_review,verified_pending_import,confirmed,official_catalog_and_pdf,not_imported,,https://wdown.ebsi.co.kr/W61001/01exam/20091015/s_sks_mun.pdf
2009,3,10,school_mock,social,world-history,solution,manual_review,verified_pending_import,confirmed,official_catalog_and_pdf,not_imported,,https://wdown.ebsi.co.kr/W61001/01exam/20091015/s_sks_hsj.pdf
2009,3,10,school_mock,science,chemistry-1,question,manual_review,verified_pending_import,confirmed,official_catalog_and_pdf,not_imported,,https://wdown.ebsi.co.kr/W61001/01exam/20091015/g_che1_mun.pdf
2009,3,10,school_mock,science,chemistry-1,solution,manual_review,verified_pending_import,confirmed,official_catalog_and_pdf,not_imported,,https://wdown.ebsi.co.kr/W61001/01exam/20091015/g_che1_hsj.pdf
2009,3,10,school_mock,science,chemistry-2,question,manual_review,verified_pending_import,confirmed,official_catalog_and_pdf,not_imported,,https://wdown.ebsi.co.kr/W61001/01exam/20091015/g_che2_mun.pdf
2009,3,10,school_mock,science,chemistry-2,solution,manual_review,verified_pending_import,confirmed,official_catalog_and_pdf,not_imported,,https://wdown.ebsi.co.kr/W61001/01exam/20091015/g_che2_hsj.pdf
2009,3,10,school_mock,science,earth-science-1,question,manual_review,verified_pending_import,confirmed,official_catalog_and_pdf,not_imported,,https://wdown.ebsi.co.kr/W61001/01exam/20091015/g_ear1_mun.pdf
2009,3,10,school_mock,science,earth-science-1,solution,manual_review,verified_pending_import,confirmed,official_catalog_and_pdf,not_imported,,https://wdown.ebsi.co.kr/W61001/01exam/20091015/g_ear1_hsj.pdf
2009,3,10,school_mock,science,earth-science-2,question,manual_review,verified_pending_import,confirmed,official_catalog_and_pdf,not_imported,,https://wdown.ebsi.co.kr/W61001/01exam/20091015/g_ear2_mun.pdf
2009,3,10,school_mock,science,earth-science-2,solution,manual_review,verified_pending_import,confirmed,official_catalog_and_pdf,not_imported,,https://wdown.ebsi.co.kr/W61001/01exam/20091015/g_ear2_hsj.pdf
2009,3,10,school_mock,science,life-science-1,question,manual_review,verified_pending_import,confirmed,official_catalog_and_pdf,not_imported,,https://wdown.ebsi.co.kr/W61001/01exam/20091015/g_bio1_mun.pdf
2009,3,10,school_mock,science,life-science-1,solution,manual_review,verified_pending_import,confirmed,official_catalog_and_pdf,not_imported,,https://wdown.ebsi.co.kr/W61001/01exam/20091015/g_bio1_hsj.pdf
2009,3,10,school_mock,science,life-science-2,question,manual_review,verified_pending_import,confirmed,official_catalog_and_pdf,not_imported,,https://wdown.ebsi.co.kr/W61001/01exam/20091015/g_bio2_mun.pdf
2009,3,10,school_mock,science,life-science-2,solution,manual_review,verified_pending_import,confirmed,official_catalog_and_pdf,not_imported,,https://wdown.ebsi.co.kr/W61001/01exam/20091015/g_bio2_hsj.pdf
2009,3,10,school_mock,science,physics-1,question,manual_review,verified_pending_import,confirmed,official_catalog_and_pdf,not_imported,,https://wdown.ebsi.co.kr/W61001/01exam/20091015/g_phy1_mun.pdf
2009,3,10,school_mock,science,physics-1,solution,manual_review,verified_pending_import,confirmed,official_catalog_and_pdf,not_imported,,https://wdown.ebsi.co.kr/W61001/01exam/20091015/g_phy1_hsj.pdf
2009,3,10,school_mock,science,physics-2,question,manual_review,verified_pending_import,confirmed,official_catalog_and_pdf,not_imported,,https://wdown.ebsi.co.kr/W61001/01exam/20091015/g_phy2_mun.pdf
2009,3,10,school_mock,science,physics-2,solution,manual_review,verified_pending_import,confirmed,official_catalog_and_pdf,not_imported,,https://wdown.ebsi.co.kr/W61001/01exam/20091015/g_phy2_hsj.pdf
2009,3,10,school_mock,vocational,accounting-principles,question,manual_review,verified_pending_import,confirmed,official_catalog_and_pdf,not_imported,,https://wdown.ebsi.co.kr/W61001/01exam/20091015/j_jic12_mun.pdf
2009,3,10,school_mock,vocational,accounting-principles,solution,manual_review,verified_pending_import,confirmed,official_catalog_and_pdf,not_imported,,https://wdown.ebsi.co.kr/W61001/01exam/20091015/j_jic12_hsj.pdf
2009,3,10,school_mock,vocational,agriculture-basics,question,manual_review,verified_pending_import,confirmed,official_catalog_and_pdf,not_imported,,https://wdown.ebsi.co.kr/W61001/01exam/20091015/j_jic10_mun.pdf
2009,3,10,school_mock,vocational,agriculture-basics,solution,manual_review,verified_pending_import,confirmed,official_catalog_and_pdf,not_imported,,https://wdown.ebsi.co.kr/W61001/01exam/20091015/j_jic10_hsj.pdf
2009,3,10,school_mock,vocational,agriculture-information,question,manual_review,verified_pending_import,confirmed,official_catalog_and_pdf,not_imported,,https://wdown.ebsi.co.kr/W61001/01exam/20091015/j_jic01_mun.pdf
2009,3,10,school_mock,vocational,agriculture-information,solution,manual_review,verified_pending_import,confirmed,official_catalog_and_pdf,not_imported,,https://wdown.ebsi.co.kr/W61001/01exam/20091015/j_jic01_hsj.pdf
2009,3,10,school_mock,vocational,agriculture-understanding,question,manual_review,verified_pending_import,confirmed,official_catalog_and_pdf,not_imported,,https://wdown.ebsi.co.kr/W61001/01exam/20091015/J_nsmsup_mun.pdf
2009,3,10,school_mock,vocational,agriculture-understanding,solution,manual_review,verified_pending_import,confirmed,official_catalog_and_pdf,not_imported,,https://wdown.ebsi.co.kr/W61001/01exam/20091015/J_nsmsup_hsj.pdf
2009,3,10,school_mock,vocational,basic-drafting,question,manual_review,verified_pending_import,confirmed,official_catalog_and_pdf,not_imported,,https://wdown.ebsi.co.kr/W61001/01exam/20091015/j_jic11_mun.pdf
2009,3,10,school_mock,vocational,basic-drafting,solution,manual_review,verified_pending_import,confirmed,official_catalog_and_pdf,not_imported,,https://wdown.ebsi.co.kr/W61001/01exam/20091015/j_jic11_hsj.pdf
2009,3,10,school_mock,vocational,commercial-economics,question,manual_review,verified_pending_import,confirmed,official_catalog_and_pdf,not_imported,,https://wdown.ebsi.co.kr/W61001/01exam/20091015/J_supjb_mun.pdf
2009,3,10,school_mock,vocational,commercial-economics,solution,manual_review,verified_pending_import,confirmed,official_catalog_and_pdf,not_imported,,https://wdown.ebsi.co.kr/W61001/01exam/20091015/J_supjb_hsj.pdf
2009,3,10,school_mock,vocational,computer-general,question,manual_review,verified_pending_import,confirmed,official_catalog_and_pdf,not_imported,,https://wdown.ebsi.co.kr/W61001/01exam/20091015/j_jic08_mun.pdf
2009,3,10,school_mock,vocational,computer-general,solution,manual_review,verified_pending_import,confirmed,official_catalog_and_pdf,not_imported,,https://wdown.ebsi.co.kr/W61001/01exam/20091015/j_jic08_hsj.pdf
2009,3,10,school_mock,vocational,design-general,question,manual_review,verified_pending_import,confirmed,official_catalog_and_pdf,not_imported,,https://wdown.ebsi.co.kr/W61001/01exam/20091015/j_jic02_mun.pdf
2009,3,10,school_mock,vocational,design-general,solution,manual_review,verified_pending_import,confirmed,official_catalog_and_pdf,not_imported,,https://wdown.ebsi.co.kr/W61001/01exam/20091015/j_jic02_hsj.pdf
2009,3,10,school_mock,vocational,fisheries-general,question,manual_review,verified_pending_import,confirmed,official_catalog_and_pdf,not_imported,,https://wdown.ebsi.co.kr/W61001/01exam/20091015/j_jic03_mun.pdf
2009,3,10,school_mock,vocational,fisheries-general,solution,manual_review,verified_pending_import,confirmed,official_catalog_and_pdf,not_imported,,https://wdown.ebsi.co.kr/W61001/01exam/20091015/j_jic03_hsj.pdf
2009,3,10,school_mock,vocational,fisheries-shipping-information,question,manual_review,verified_pending_import,confirmed,official_catalog_and_pdf,not_imported,,https://wdown.ebsi.co.kr/W61001/01exam/20091015/J_ssnw_mun.pdf
2009,3,10,school_mock,vocational,fisheries-shipping-information,solution,manual_review,verified_pending_import,confirmed,official_catalog_and_pdf,not_imported,,https://wdown.ebsi.co.kr/W61001/01exam/20091015/J_ssnw_hsj.pdf
2009,3,10,school_mock,vocational,food-and-nutrition,question,manual_review,verified_pending_import,confirmed,official_catalog_and_pdf,not_imported,,https://wdown.ebsi.co.kr/W61001/01exam/20091015/j_jic04_mun.pdf
2009,3,10,school_mock,vocational,food-and-nutrition,solution,manual_review,verified_pending_import,confirmed,official_catalog_and_pdf,not_imported,,https://wdown.ebsi.co.kr/W61001/01exam/20091015/j_jic04_hsj.pdf
2009,3,10,school_mock,vocational,human-development,question,manual_review,verified_pending_import,confirmed,official_catalog_and_pdf,not_imported,,https://wdown.ebsi.co.kr/W61001/01exam/20091015/J_gsnsup_mun.pdf
2009,3,10,school_mock,vocational,human-development,solution,manual_review,verified_pending_import,confirmed,official_catalog_and_pdf,not_imported,,https://wdown.ebsi.co.kr/W61001/01exam/20091015/J_gsnsup_hsj.pdf
2009,3,10,school_mock,vocational,industry-intro,question,manual_review,verified_pending_import,confirmed,official_catalog_and_pdf,not_imported,,https://wdown.ebsi.co.kr/W61001/01exam/20091015/J_gup_mun.pdf
2009,3,10,school_mock,vocational,industry-intro,solution,manual_review,verified_pending_import,confirmed,official_catalog_and_pdf,not_imported,,https://wdown.ebsi.co.kr/W61001/01exam/20091015/J_gup_hsj.pdf
2009,3,10,school_mock,vocational,information-technology-basics,question,manual_review,verified_pending_import,confirmed,official_catalog_and_pdf,not_imported,,https://wdown.ebsi.co.kr/W61001/01exam/20091015/j_jic05_mun.pdf
2009,3,10,school_mock,vocational,information-technology-basics,solution,manual_review,verified_pending_import,confirmed,official_catalog_and_pdf,not_imported,,https://wdown.ebsi.co.kr/W61001/01exam/20091015/j_jic05_hsj.pdf
2009,3,10,school_mock,vocational,maritime-general,question,manual_review,verified_pending_import,confirmed,official_catalog_and_pdf,not_imported,,https://wdown.ebsi.co.kr/W61001/01exam/20091015/j_jic07_mun.pdf
2009,3,10,school_mock,vocational,maritime-general,solution,manual_review,verified_pending_import,confirmed,official_catalog_and_pdf,not_imported,,https://wdown.ebsi.co.kr/W61001/01exam/20091015/j_jic07_hsj.pdf
2009,3,10,school_mock,vocational,ocean-general,question,manual_review,verified_pending_import,confirmed,official_catalog_and_pdf,not_imported,,https://wdown.ebsi.co.kr/W61001/01exam/20091015/J_ssnw_mun.pdf
2009,3,10,school_mock,vocational,ocean-general,solution,manual_review,verified_pending_import,confirmed,official_catalog_and_pdf,not_imported,,https://wdown.ebsi.co.kr/W61001/01exam/20091015/J_ssnw_hsj.pdf
2009,3,10,school_mock,vocational,programming,question,manual_review,verified_pending_import,confirmed,official_catalog_and_pdf,not_imported,,https://wdown.ebsi.co.kr/W61001/01exam/20091015/j_jic06_mun.pdf
2009,3,10,school_mock,vocational,programming,solution,manual_review,verified_pending_import,confirmed,official_catalog_and_pdf,not_imported,,https://wdown.ebsi.co.kr/W61001/01exam/20091015/j_jic06_hsj.pdf
2009,3,10,school_mock,second_language,chinese-1,question,manual_review,verified_pending_import,confirmed,official_catalog_and_pdf,not_imported,,https://wdown.ebsi.co.kr/W61001/01exam/20091015/2nd_ch1_mun.pdf
2009,3,10,school_mock,second_language,chinese-1,solution,manual_review,verified_pending_import,confirmed,official_catalog_and_pdf,not_imported,,https://wdown.ebsi.co.kr/W61001/01exam/20091015/2nd_ch1_hsj.pdf
2009,3,10,school_mock,second_language,classical-chinese-1,question,manual_review,verified_pending_import,confirmed,official_catalog_and_pdf,not_imported,,https://wdown.ebsi.co.kr/W61001/01exam/20091015/2nd_han_mun.pdf
2009,3,10,school_mock,second_language,classical-chinese-1,solution,manual_review,verified_pending_import,confirmed,official_catalog_and_pdf,not_imported,,https://wdown.ebsi.co.kr/W61001/01exam/20091015/2nd_han_hsj.pdf
2009,3,10,school_mock,second_language,french-1,question,manual_review,verified_pending_import,confirmed,official_catalog_and_pdf,not_imported,,https://wdown.ebsi.co.kr/W61001/01exam/20091015/2nd_fr1_mun.pdf
2009,3,10,school_mock,second_language,french-1,solution,manual_review,verified_pending_import,confirmed,official_catalog_and_pdf,not_imported,,https://wdown.ebsi.co.kr/W61001/01exam/20091015/2nd_fr1_hsj.pdf
2009,3,10,school_mock,second_language,german-1,question,manual_review,verified_pending_import,confirmed,official_catalog_and_pdf,not_imported,,https://wdown.ebsi.co.kr/W61001/01exam/20091015/2nd_gr1_mun.pdf
2009,3,10,school_mock,second_language,german-1,solution,manual_review,verified_pending_import,confirmed,official_catalog_and_pdf,not_imported,,https://wdown.ebsi.co.kr/W61001/01exam/20091015/2nd_gr1_hsj.pdf
2009,3,10,school_mock,second_language,japanese-1,question,manual_review,verified_pending_import,confirmed,official_catalog_and_pdf,not_imported,,https://wdown.ebsi.co.kr/W61001/01exam/20091015/2nd_ja1_mun.pdf
2009,3,10,school_mock,second_language,japanese-1,solution,manual_review,verified_pending_import,confirmed,official_catalog_and_pdf,not_imported,,https://wdown.ebsi.co.kr/W61001/01exam/20091015/2nd_ja1_hsj.pdf
2009,3,10,school_mock,second_language,russian-1,question,manual_review,verified_pending_import,confirmed,official_catalog_and_pdf,not_imported,,https://wdown.ebsi.co.kr/W61001/01exam/20091015/2nd_ru1_mun.pdf
2009,3,10,school_mock,second_language,russian-1,solution,manual_review,verified_pending_import,confirmed,official_catalog_and_pdf,not_imported,,https://wdown.ebsi.co.kr/W61001/01exam/20091015/2nd_ru1_hsj.pdf
2009,3,10,school_mock,second_language,spanish-1,question,manual_review,verified_pending_import,confirmed,official_catalog_and_pdf,not_imported,,https://wdown.ebsi.co.kr/W61001/01exam/20091015/2nd_sp1_mun.pdf
2009,3,10,school_mock,second_language,spanish-1,solution,manual_review,verified_pending_import,confirmed,official_catalog_and_pdf,not_imported,,https://wdown.ebsi.co.kr/W61001/01exam/20091015/2nd_sp1_hsj.pdf
2009,3,11,csat,korean,korean-old,question,manual_review,verified_pending_import,confirmed,official_catalog_and_pdf,not_imported,,https://wdown.ebsi.co.kr/W61001/01exam/20091112/kor1_mun.pdf
2009,3,11,csat,korean,korean-old,solution,manual_review,verified_pending_import,confirmed,official_catalog_and_pdf,not_imported,,https://wdown.ebsi.co.kr/W61001/01exam/20091112/kor1_hsj.pdf
2009,3,11,csat,math,math-a,question,manual_review,verified_pending_import,confirmed,official_catalog_and_pdf,not_imported,,https://wdown.ebsi.co.kr/W61001/01exam/20091112/mathga1_mun.pdf
2009,3,11,csat,math,math-a,solution,manual_review,verified_pending_import,confirmed,official_catalog_and_pdf,not_imported,,https://wdown.ebsi.co.kr/W61001/01exam/20091112/mathga1_hsj.pdf
2009,3,11,csat,math,math-b,question,manual_review,verified_pending_import,confirmed,official_catalog_and_pdf,not_imported,,https://wdown.ebsi.co.kr/W61001/01exam/20091112/mathna1_mun.pdf
2009,3,11,csat,math,math-b,solution,manual_review,verified_pending_import,confirmed,official_catalog_and_pdf,not_imported,,https://wdown.ebsi.co.kr/W61001/01exam/20091112/mathna1_hsj.pdf
2009,3,11,csat,english,english-old,question,manual_review,verified_pending_import,confirmed,official_catalog_and_pdf,not_imported,,https://wdown.ebsi.co.kr/W61001/01exam/20091112/eng1_mun.pdf
2009,3,11,csat,english,english-old,solution,manual_review,verified_pending_import,confirmed,official_catalog_and_pdf,not_imported,,https://wdown.ebsi.co.kr/W61001/01exam/20091112/eng1_hsj.pdf
2009,3,11,csat,history,,question,manual_review,verified_pending_import,confirmed,official_catalog_and_pdf,not_imported,,https://wdown.ebsi.co.kr/W61001/01exam/20091112/s_his_mun.pdf
2009,3,11,csat,history,,solution,manual_review,verified_pending_import,confirmed,official_catalog_and_pdf,not_imported,,https://wdown.ebsi.co.kr/W61001/01exam/20091112/s_his_hsj.pdf
2009,3,11,csat,history,korean-modern-history,question,manual_review,verified_pending_import,confirmed,official_catalog_and_pdf,not_imported,,https://wdown.ebsi.co.kr/W61001/01exam/20091112/s_hgh_mun.pdf
2009,3,11,csat,history,korean-modern-history,solution,manual_review,verified_pending_import,confirmed,official_catalog_and_pdf,not_imported,,https://wdown.ebsi.co.kr/W61001/01exam/20091112/s_hgh_hsj.pdf
2009,3,11,csat,social,economic-geography,question,manual_review,verified_pending_import,confirmed,official_catalog_and_pdf,not_imported,,https://wdown.ebsi.co.kr/W61001/01exam/20091112/s_kyaji_mun.pdf
2009,3,11,csat,social,economic-geography,solution,manual_review,verified_pending_import,confirmed,official_catalog_and_pdf,not_imported,,https://wdown.ebsi.co.kr/W61001/01exam/20091112/s_kyaji_hsj.pdf
2009,3,11,csat,social,economics,question,manual_review,verified_pending_import,confirmed,official_catalog_and_pdf,not_imported,,https://wdown.ebsi.co.kr/W61001/01exam/20091112/s_eco_mun.pdf
2009,3,11,csat,social,economics,solution,manual_review,verified_pending_import,confirmed,official_catalog_and_pdf,not_imported,,https://wdown.ebsi.co.kr/W61001/01exam/20091112/s_eco_hsj.pdf
2009,3,11,csat,social,ethics,question,manual_review,verified_pending_import,confirmed,official_catalog_and_pdf,not_imported,,https://wdown.ebsi.co.kr/W61001/01exam/20091112/s_eth_mun.pdf
2009,3,11,csat,social,ethics,solution,manual_review,verified_pending_import,confirmed,official_catalog_and_pdf,not_imported,,https://wdown.ebsi.co.kr/W61001/01exam/20091112/s_eth_hsj.pdf
2009,3,11,csat,social,korean-geography,question,manual_review,verified_pending_import,confirmed,official_catalog_and_pdf,not_imported,,https://wdown.ebsi.co.kr/W61001/01exam/20091112/s_hanji_mun.pdf
2009,3,11,csat,social,korean-geography,solution,manual_review,verified_pending_import,confirmed,official_catalog_and_pdf,not_imported,,https://wdown.ebsi.co.kr/W61001/01exam/20091112/s_hanji_hsj.pdf
2009,3,11,csat,social,law-and-society,question,manual_review,verified_pending_import,confirmed,official_catalog_and_pdf,not_imported,,https://wdown.ebsi.co.kr/W61001/01exam/20091112/s_bns_mun.pdf
2009,3,11,csat,social,law-and-society,solution,manual_review,verified_pending_import,confirmed,official_catalog_and_pdf,not_imported,,https://wdown.ebsi.co.kr/W61001/01exam/20091112/s_bns_hsj.pdf
2009,3,11,csat,social,politics,question,manual_review,verified_pending_import,confirmed,official_catalog_and_pdf,not_imported,,https://wdown.ebsi.co.kr/W61001/01exam/20091112/s_pol_mun.pdf
2009,3,11,csat,social,politics,solution,manual_review,verified_pending_import,confirmed,official_catalog_and_pdf,not_imported,,https://wdown.ebsi.co.kr/W61001/01exam/20091112/s_pol_hsj.pdf
2009,3,11,csat,social,social-culture,question,manual_review,verified_pending_import,confirmed,official_catalog_and_pdf,not_imported,,https://wdown.ebsi.co.kr/W61001/01exam/20091112/s_samun_mun.pdf
2009,3,11,csat,social,social-culture,solution,manual_review,verified_pending_import,confirmed,official_catalog_and_pdf,not_imported,,https://wdown.ebsi.co.kr/W61001/01exam/20091112/s_samun_hsj.pdf
2009,3,11,csat,social,world-geography,question,manual_review,verified_pending_import,confirmed,official_catalog_and_pdf,not_imported,,https://wdown.ebsi.co.kr/W61001/01exam/20091112/s_saeji_mun.pdf
2009,3,11,csat,social,world-geography,solution,manual_review,verified_pending_import,confirmed,official_catalog_and_pdf,not_imported,,https://wdown.ebsi.co.kr/W61001/01exam/20091112/s_saeji_hsj.pdf
2009,3,11,csat,social,world-history,question,manual_review,verified_pending_import,confirmed,official_catalog_and_pdf,not_imported,,https://wdown.ebsi.co.kr/W61001/01exam/20091112/s_sks_mun.pdf
2009,3,11,csat,social,world-history,solution,manual_review,verified_pending_import,confirmed,official_catalog_and_pdf,not_imported,,https://wdown.ebsi.co.kr/W61001/01exam/20091112/s_sks_hsj.pdf
2009,3,11,csat,science,chemistry-1,question,manual_review,verified_pending_import,confirmed,official_catalog_and_pdf,not_imported,,https://wdown.ebsi.co.kr/W61001/01exam/20091112/g_che1_mun.pdf
2009,3,11,csat,science,chemistry-1,solution,manual_review,verified_pending_import,confirmed,official_catalog_and_pdf,not_imported,,https://wdown.ebsi.co.kr/W61001/01exam/20091112/g_che1_hsj.pdf
2009,3,11,csat,science,chemistry-2,question,manual_review,verified_pending_import,confirmed,official_catalog_and_pdf,not_imported,,https://wdown.ebsi.co.kr/W61001/01exam/20091112/g_che2_mun.pdf
2009,3,11,csat,science,chemistry-2,solution,manual_review,verified_pending_import,confirmed,official_catalog_and_pdf,not_imported,,https://wdown.ebsi.co.kr/W61001/01exam/20091112/g_che2_hsj.pdf
2009,3,11,csat,science,earth-science-1,question,manual_review,verified_pending_import,confirmed,official_catalog_and_pdf,not_imported,,https://wdown.ebsi.co.kr/W61001/01exam/20091112/g_ear1_mun.pdf
2009,3,11,csat,science,earth-science-1,solution,manual_review,verified_pending_import,confirmed,official_catalog_and_pdf,not_imported,,https://wdown.ebsi.co.kr/W61001/01exam/20091112/g_ear1_hsj.pdf
2009,3,11,csat,science,earth-science-2,question,manual_review,verified_pending_import,confirmed,official_catalog_and_pdf,not_imported,,https://wdown.ebsi.co.kr/W61001/01exam/20091112/g_ear2_mun.pdf
2009,3,11,csat,science,earth-science-2,solution,manual_review,verified_pending_import,confirmed,official_catalog_and_pdf,not_imported,,https://wdown.ebsi.co.kr/W61001/01exam/20091112/g_ear2_hsj.pdf
2009,3,11,csat,science,life-science-1,question,manual_review,verified_pending_import,confirmed,official_catalog_and_pdf,not_imported,,https://wdown.ebsi.co.kr/W61001/01exam/20091112/g_bio1_mun.pdf
2009,3,11,csat,science,life-science-1,solution,manual_review,verified_pending_import,confirmed,official_catalog_and_pdf,not_imported,,https://wdown.ebsi.co.kr/W61001/01exam/20091112/g_bio1_hsj.pdf
2009,3,11,csat,science,life-science-2,question,manual_review,verified_pending_import,confirmed,official_catalog_and_pdf,not_imported,,https://wdown.ebsi.co.kr/W61001/01exam/20091112/g_bio2_mun.pdf
2009,3,11,csat,science,life-science-2,solution,manual_review,verified_pending_import,confirmed,official_catalog_and_pdf,not_imported,,https://wdown.ebsi.co.kr/W61001/01exam/20091112/g_bio2_hsj.pdf
2009,3,11,csat,science,physics-1,question,manual_review,verified_pending_import,confirmed,official_catalog_and_pdf,not_imported,,https://wdown.ebsi.co.kr/W61001/01exam/20091112/g_phy1_mun.pdf
2009,3,11,csat,science,physics-1,solution,manual_review,verified_pending_import,confirmed,official_catalog_and_pdf,not_imported,,https://wdown.ebsi.co.kr/W61001/01exam/20091112/g_phy1_hsj.pdf
2009,3,11,csat,science,physics-2,question,manual_review,verified_pending_import,confirmed,official_catalog_and_pdf,not_imported,,https://wdown.ebsi.co.kr/W61001/01exam/20091112/g_phy2_mun.pdf
2009,3,11,csat,science,physics-2,solution,manual_review,verified_pending_import,confirmed,official_catalog_and_pdf,not_imported,,https://wdown.ebsi.co.kr/W61001/01exam/20091112/g_phy2_hsj.pdf
2009,3,11,csat,vocational,accounting-principles,question,manual_review,verified_pending_import,confirmed,official_catalog_and_pdf,not_imported,,https://wdown.ebsi.co.kr/W61001/01exam/20091112/j_jic12_mun.pdf
2009,3,11,csat,vocational,accounting-principles,solution,manual_review,verified_pending_import,confirmed,official_catalog_and_pdf,not_imported,,https://wdown.ebsi.co.kr/W61001/01exam/20091112/j_jic12_hsj.pdf
2009,3,11,csat,vocational,agriculture-basics,question,manual_review,verified_pending_import,confirmed,official_catalog_and_pdf,not_imported,,https://wdown.ebsi.co.kr/W61001/01exam/20091112/j_jic10_mun.pdf
2009,3,11,csat,vocational,agriculture-basics,solution,manual_review,verified_pending_import,confirmed,official_catalog_and_pdf,not_imported,,https://wdown.ebsi.co.kr/W61001/01exam/20091112/j_jic10_hsj.pdf
2009,3,11,csat,vocational,agriculture-information,question,manual_review,verified_pending_import,confirmed,official_catalog_and_pdf,not_imported,,https://wdown.ebsi.co.kr/W61001/01exam/20091112/j_jic01_mun.pdf
2009,3,11,csat,vocational,agriculture-information,solution,manual_review,verified_pending_import,confirmed,official_catalog_and_pdf,not_imported,,https://wdown.ebsi.co.kr/W61001/01exam/20091112/j_jic01_hsj.pdf
2009,3,11,csat,vocational,agriculture-understanding,question,manual_review,verified_pending_import,confirmed,official_catalog_and_pdf,not_imported,,https://wdown.ebsi.co.kr/W61001/01exam/20091112/J_nsmsup_mun.pdf
2009,3,11,csat,vocational,agriculture-understanding,solution,manual_review,verified_pending_import,confirmed,official_catalog_and_pdf,not_imported,,https://wdown.ebsi.co.kr/W61001/01exam/20091112/J_nsmsup_hsj.pdf
2009,3,11,csat,vocational,basic-drafting,question,manual_review,verified_pending_import,confirmed,official_catalog_and_pdf,not_imported,,https://wdown.ebsi.co.kr/W61001/01exam/20091112/j_jic11_mun.pdf
2009,3,11,csat,vocational,basic-drafting,solution,manual_review,verified_pending_import,confirmed,official_catalog_and_pdf,not_imported,,https://wdown.ebsi.co.kr/W61001/01exam/20091112/j_jic11_hsj.pdf
2009,3,11,csat,vocational,commercial-economics,question,manual_review,verified_pending_import,confirmed,official_catalog_and_pdf,not_imported,,https://wdown.ebsi.co.kr/W61001/01exam/20091112/J_supjb_mun.pdf
2009,3,11,csat,vocational,commercial-economics,solution,manual_review,verified_pending_import,confirmed,official_catalog_and_pdf,not_imported,,https://wdown.ebsi.co.kr/W61001/01exam/20091112/J_supjb_hsj.pdf
2009,3,11,csat,vocational,computer-general,question,manual_review,verified_pending_import,confirmed,official_catalog_and_pdf,not_imported,,https://wdown.ebsi.co.kr/W61001/01exam/20091112/j_jic08_mun.pdf
2009,3,11,csat,vocational,computer-general,solution,manual_review,verified_pending_import,confirmed,official_catalog_and_pdf,not_imported,,https://wdown.ebsi.co.kr/W61001/01exam/20091112/j_jic08_hsj.pdf
2009,3,11,csat,vocational,design-general,question,manual_review,verified_pending_import,confirmed,official_catalog_and_pdf,not_imported,,https://wdown.ebsi.co.kr/W61001/01exam/20091112/j_jic02_mun.pdf
2009,3,11,csat,vocational,design-general,solution,manual_review,verified_pending_import,confirmed,official_catalog_and_pdf,not_imported,,https://wdown.ebsi.co.kr/W61001/01exam/20091112/j_jic02_hsj.pdf
2009,3,11,csat,vocational,fisheries-general,question,manual_review,verified_pending_import,confirmed,official_catalog_and_pdf,not_imported,,https://wdown.ebsi.co.kr/W61001/01exam/20091112/j_jic03_mun.pdf
2009,3,11,csat,vocational,fisheries-general,solution,manual_review,verified_pending_import,confirmed,official_catalog_and_pdf,not_imported,,https://wdown.ebsi.co.kr/W61001/01exam/20091112/j_jic03_hsj.pdf
2009,3,11,csat,vocational,fisheries-shipping-information,question,manual_review,verified_pending_import,confirmed,official_catalog_and_pdf,not_imported,,https://wdown.ebsi.co.kr/W61001/01exam/20091112/J_ssnw_mun.pdf
2009,3,11,csat,vocational,fisheries-shipping-information,solution,manual_review,verified_pending_import,confirmed,official_catalog_and_pdf,not_imported,,https://wdown.ebsi.co.kr/W61001/01exam/20091112/J_ssnw_hsj.pdf
2009,3,11,csat,vocational,food-and-nutrition,question,manual_review,verified_pending_import,confirmed,official_catalog_and_pdf,not_imported,,https://wdown.ebsi.co.kr/W61001/01exam/20091112/j_jic04_mun.pdf
2009,3,11,csat,vocational,food-and-nutrition,solution,manual_review,verified_pending_import,confirmed,official_catalog_and_pdf,not_imported,,https://wdown.ebsi.co.kr/W61001/01exam/20091112/j_jic04_hsj.pdf
2009,3,11,csat,vocational,human-development,question,manual_review,verified_pending_import,confirmed,official_catalog_and_pdf,not_imported,,https://wdown.ebsi.co.kr/W61001/01exam/20091112/J_gsnsup_mun.pdf
2009,3,11,csat,vocational,human-development,solution,manual_review,verified_pending_import,confirmed,official_catalog_and_pdf,not_imported,,https://wdown.ebsi.co.kr/W61001/01exam/20091112/J_gsnsup_hsj.pdf
2009,3,11,csat,vocational,industry-intro,question,manual_review,verified_pending_import,confirmed,official_catalog_and_pdf,not_imported,,https://wdown.ebsi.co.kr/W61001/01exam/20091112/J_gup_mun.pdf
2009,3,11,csat,vocational,industry-intro,solution,manual_review,verified_pending_import,confirmed,official_catalog_and_pdf,not_imported,,https://wdown.ebsi.co.kr/W61001/01exam/20091112/J_gup_hsj.pdf
2009,3,11,csat,vocational,information-technology-basics,question,manual_review,verified_pending_import,confirmed,official_catalog_and_pdf,not_imported,,https://wdown.ebsi.co.kr/W61001/01exam/20091112/j_jic05_mun.pdf
2009,3,11,csat,vocational,information-technology-basics,solution,manual_review,verified_pending_import,confirmed,official_catalog_and_pdf,not_imported,,https://wdown.ebsi.co.kr/W61001/01exam/20091112/j_jic05_hsj.pdf
2009,3,11,csat,vocational,maritime-general,question,manual_review,verified_pending_import,confirmed,official_catalog_and_pdf,not_imported,,https://wdown.ebsi.co.kr/W61001/01exam/20091112/j_jic07_mun.pdf
2009,3,11,csat,vocational,maritime-general,solution,manual_review,verified_pending_import,confirmed,official_catalog_and_pdf,not_imported,,https://wdown.ebsi.co.kr/W61001/01exam/20091112/j_jic07_hsj.pdf
2009,3,11,csat,vocational,ocean-general,question,manual_review,verified_pending_import,confirmed,official_catalog_and_pdf,not_imported,,https://wdown.ebsi.co.kr/W61001/01exam/20091112/J_ssnw_mun.pdf
2009,3,11,csat,vocational,ocean-general,solution,manual_review,verified_pending_import,confirmed,official_catalog_and_pdf,not_imported,,https://wdown.ebsi.co.kr/W61001/01exam/20091112/J_ssnw_hsj.pdf
2009,3,11,csat,vocational,programming,question,manual_review,verified_pending_import,confirmed,official_catalog_and_pdf,not_imported,,https://wdown.ebsi.co.kr/W61001/01exam/20091112/j_jic06_mun.pdf
2009,3,11,csat,vocational,programming,solution,manual_review,verified_pending_import,confirmed,official_catalog_and_pdf,not_imported,,https://wdown.ebsi.co.kr/W61001/01exam/20091112/j_jic06_hsj.pdf
2009,3,11,csat,second_language,arabic-1,question,manual_review,verified_pending_import,confirmed,official_catalog_and_pdf,not_imported,,https://wdown.ebsi.co.kr/W61001/01exam/20091112/2nd_ar1_mun.pdf
2009,3,11,csat,second_language,arabic-1,solution,manual_review,verified_pending_import,confirmed,official_catalog_and_pdf,not_imported,,https://wdown.ebsi.co.kr/W61001/01exam/20091112/2nd_ar1_hsj.pdf
2009,3,11,csat,second_language,chinese-1,question,manual_review,verified_pending_import,confirmed,official_catalog_and_pdf,not_imported,,https://wdown.ebsi.co.kr/W61001/01exam/20091112/2nd_ch1_mun.pdf
2009,3,11,csat,second_language,chinese-1,solution,manual_review,verified_pending_import,confirmed,official_catalog_and_pdf,not_imported,,https://wdown.ebsi.co.kr/W61001/01exam/20091112/2nd_ch1_hsj.pdf
2009,3,11,csat,second_language,classical-chinese-1,question,manual_review,verified_pending_import,confirmed,official_catalog_and_pdf,not_imported,,https://wdown.ebsi.co.kr/W61001/01exam/20091112/2nd_han_mun.pdf
2009,3,11,csat,second_language,classical-chinese-1,solution,manual_review,verified_pending_import,confirmed,official_catalog_and_pdf,not_imported,,https://wdown.ebsi.co.kr/W61001/01exam/20091112/2nd_han_hsj.pdf
2009,3,11,csat,second_language,french-1,question,manual_review,verified_pending_import,confirmed,official_catalog_and_pdf,not_imported,,https://wdown.ebsi.co.kr/W61001/01exam/20091112/2nd_fr1_mun.pdf
2009,3,11,csat,second_language,french-1,solution,manual_review,verified_pending_import,confirmed,official_catalog_and_pdf,not_imported,,https://wdown.ebsi.co.kr/W61001/01exam/20091112/2nd_fr1_hsj.pdf
2009,3,11,csat,second_language,german-1,question,manual_review,verified_pending_import,confirmed,official_catalog_and_pdf,not_imported,,https://wdown.ebsi.co.kr/W61001/01exam/20091112/2nd_gr1_mun.pdf
2009,3,11,csat,second_language,german-1,solution,manual_review,verified_pending_import,confirmed,official_catalog_and_pdf,not_imported,,https://wdown.ebsi.co.kr/W61001/01exam/20091112/2nd_gr1_hsj.pdf
2009,3,11,csat,second_language,japanese-1,question,manual_review,verified_pending_import,confirmed,official_catalog_and_pdf,not_imported,,https://wdown.ebsi.co.kr/W61001/01exam/20091112/2nd_ja1_mun.pdf
2009,3,11,csat,second_language,japanese-1,solution,manual_review,verified_pending_import,confirmed,official_catalog_and_pdf,not_imported,,https://wdown.ebsi.co.kr/W61001/01exam/20091112/2nd_ja1_hsj.pdf
2009,3,11,csat,second_language,russian-1,question,manual_review,verified_pending_import,confirmed,official_catalog_and_pdf,not_imported,,https://wdown.ebsi.co.kr/W61001/01exam/20091112/2nd_ru1_mun.pdf
2009,3,11,csat,second_language,russian-1,solution,manual_review,verified_pending_import,confirmed,official_catalog_and_pdf,not_imported,,https://wdown.ebsi.co.kr/W61001/01exam/20091112/2nd_ru1_hsj.pdf
2009,3,11,csat,second_language,spanish-1,question,manual_review,verified_pending_import,confirmed,official_catalog_and_pdf,not_imported,,https://wdown.ebsi.co.kr/W61001/01exam/20091112/2nd_sp1_mun.pdf
2009,3,11,csat,second_language,spanish-1,solution,manual_review,verified_pending_import,confirmed,official_catalog_and_pdf,not_imported,,https://wdown.ebsi.co.kr/W61001/01exam/20091112/2nd_sp1_hsj.pdf
