year,grade,month,exam_type,subject,course_code,file_type,status,reason,count_as_expected,expected_basis,db_status,public_file_id,official_url
2012,1,3,school_mock,korean,,question,manual_review,identity_unverifiable,confirmed,official_catalog_and_pdf,not_imported,,https://wdown.ebsi.co.kr/W61001/01exam/201203141/kor_mun.pdf
2012,1,3,school_mock,korean,,solution,manual_review,identity_unverifiable,confirmed,official_catalog_and_pdf,not_imported,,https://wdown.ebsi.co.kr/W61001/01exam/201203141/kor_hsj.pdf
2012,1,3,school_mock,math,,question,manual_review,identity_unverifiable,confirmed,official_catalog_and_pdf,not_imported,,https://wdown.ebsi.co.kr/W61001/01exam/201203141/math_mun.pdf
2012,1,3,school_mock,math,,solution,manual_review,identity_unverifiable,confirmed,official_catalog_and_pdf,not_imported,,https://wdown.ebsi.co.kr/W61001/01exam/201203141/math_hsj.pdf
2012,1,3,school_mock,english,,question,manual_review,identity_unverifiable,confirmed,official_catalog_and_pdf,not_imported,,https://wdown.ebsi.co.kr/W61001/01exam/201203141/eng_mun.pdf
2012,1,3,school_mock,english,,solution,manual_review,identity_unverifiable,confirmed,official_catalog_and_pdf,not_imported,,https://wdown.ebsi.co.kr/W61001/01exam/201203141/eng_hsj.pdf
2012,1,3,school_mock,social,social-science-studies,question,manual_review,identity_unverifiable,confirmed,official_catalog_and_pdf,not_imported,,https://wdown.ebsi.co.kr/W61001/01exam/201203141/saga_mun.pdf
2012,1,3,school_mock,social,social-science-studies,solution,manual_review,identity_unverifiable,confirmed,official_catalog_and_pdf,not_imported,,https://wdown.ebsi.co.kr/W61001/01exam/201203141/saga_hsj.pdf
2012,1,6,school_mock,korean,,question,manual_review,identity_unverifiable,confirmed,official_catalog_and_pdf,not_imported,,https://wdown.ebsi.co.kr/W61001/01exam/201206071/kor_mun.pdf
2012,1,6,school_mock,korean,,solution,manual_review,identity_unverifiable,confirmed,official_catalog_and_pdf,not_imported,,https://wdown.ebsi.co.kr/W61001/01exam/201206071/kor_hsj.pdf
2012,1,6,school_mock,math,,question,manual_review,identity_unverifiable,confirmed,official_catalog_and_pdf,not_imported,,https://wdown.ebsi.co.kr/W61001/01exam/201206071/math_mun.pdf
2012,1,6,school_mock,math,,solution,manual_review,identity_unverifiable,confirmed,official_catalog_and_pdf,not_imported,,https://wdown.ebsi.co.kr/W61001/01exam/201206071/math_hsj.pdf
2012,1,6,school_mock,english,,question,manual_review,identity_unverifiable,confirmed,official_catalog_and_pdf,not_imported,,https://wdown.ebsi.co.kr/W61001/01exam/201206071/eng_mun.pdf
2012,1,6,school_mock,english,,solution,manual_review,identity_unverifiable,confirmed,official_catalog_and_pdf,not_imported,,https://wdown.ebsi.co.kr/W61001/01exam/201206071/eng_hsj.pdf
2012,1,6,school_mock,history,,question,manual_review,identity_unverifiable,confirmed,official_catalog_and_pdf,not_imported,,https://wdown.ebsi.co.kr/W61001/01exam/201206071/s_his_mun.pdf
2012,1,6,school_mock,history,,solution,manual_review,identity_unverifiable,confirmed,official_catalog_and_pdf,not_imported,,https://wdown.ebsi.co.kr/W61001/01exam/201206071/s_his_hsj.pdf
2012,1,6,school_mock,social,general-social,question,manual_review,identity_unverifiable,confirmed,official_catalog_and_pdf,not_imported,,https://wdown.ebsi.co.kr/W61001/01exam/201206071/s_sahoe_mun.pdf
2012,1,6,school_mock,social,general-social,solution,manual_review,identity_unverifiable,confirmed,official_catalog_and_pdf,not_imported,,https://wdown.ebsi.co.kr/W61001/01exam/201206071/s_sahoe_hsj.pdf
2012,1,6,school_mock,social,geography-general,question,manual_review,identity_unverifiable,confirmed,official_catalog_and_pdf,not_imported,,https://wdown.ebsi.co.kr/W61001/01exam/201206071/s_jiri_mun.pdf
2012,1,6,school_mock,social,geography-general,solution,manual_review,identity_unverifiable,confirmed,official_catalog_and_pdf,not_imported,,https://wdown.ebsi.co.kr/W61001/01exam/201206071/s_jiri_hsj.pdf
2012,1,6,school_mock,social,morality,question,manual_review,identity_unverifiable,confirmed,official_catalog_and_pdf,not_imported,,https://wdown.ebsi.co.kr/W61001/01exam/201206071/s_ethics_mun.pdf
2012,1,6,school_mock,social,morality,solution,manual_review,identity_unverifiable,confirmed,official_catalog_and_pdf,not_imported,,https://wdown.ebsi.co.kr/W61001/01exam/201206071/s_ethics_hsj.pdf
2012,1,6,school_mock,science,chemistry-general,question,manual_review,identity_unverifiable,confirmed,official_catalog_and_pdf,not_imported,,https://wdown.ebsi.co.kr/W61001/01exam/201206071/g_che_mun.pdf
2012,1,6,school_mock,science,chemistry-general,solution,manual_review,identity_unverifiable,confirmed,official_catalog_and_pdf,not_imported,,https://wdown.ebsi.co.kr/W61001/01exam/201206071/g_che_hsj.pdf
2012,1,6,school_mock,science,earth-science-general,question,manual_review,identity_unverifiable,confirmed,official_catalog_and_pdf,not_imported,,https://wdown.ebsi.co.kr/W61001/01exam/201206071/g_ear_mun.pdf
2012,1,6,school_mock,science,earth-science-general,solution,manual_review,identity_unverifiable,confirmed,official_catalog_and_pdf,not_imported,,https://wdown.ebsi.co.kr/W61001/01exam/201206071/g_ear_hsj.pdf
2012,1,6,school_mock,science,life-science-general,question,manual_review,identity_unverifiable,confirmed,official_catalog_and_pdf,not_imported,,https://wdown.ebsi.co.kr/W61001/01exam/201206071/g_bio_mun.pdf
2012,1,6,school_mock,science,life-science-general,solution,manual_review,identity_unverifiable,confirmed,official_catalog_and_pdf,not_imported,,https://wdown.ebsi.co.kr/W61001/01exam/201206071/g_bio_hsj.pdf
2012,1,6,school_mock,science,physics-general,question,manual_review,identity_unverifiable,confirmed,official_catalog_and_pdf,not_imported,,https://wdown.ebsi.co.kr/W61001/01exam/201206071/g_phy_mun.pdf
2012,1,6,school_mock,science,physics-general,solution,manual_review,identity_unverifiable,confirmed,official_catalog_and_pdf,not_imported,,https://wdown.ebsi.co.kr/W61001/01exam/201206071/g_phy_hsj.pdf
2012,1,9,school_mock,korean,,question,manual_review,identity_unverifiable,confirmed,official_catalog_and_pdf,not_imported,,https://wdown.ebsi.co.kr/W61001/01exam/201209041/kor_mun_1.pdf
2012,1,9,school_mock,korean,,solution,manual_review,identity_unverifiable,confirmed,official_catalog_and_pdf,not_imported,,https://wdown.ebsi.co.kr/W61001/01exam/201209041/kor_hsj.pdf
2012,1,9,school_mock,math,,question,manual_review,identity_unverifiable,confirmed,official_catalog_and_pdf,not_imported,,https://wdown.ebsi.co.kr/W61001/01exam/201209041/math_mun.pdf
2012,1,9,school_mock,math,,solution,manual_review,identity_unverifiable,confirmed,official_catalog_and_pdf,not_imported,,https://wdown.ebsi.co.kr/W61001/01exam/201209041/math_hsj.pdf
2012,1,9,school_mock,english,,question,manual_review,identity_unverifiable,confirmed,official_catalog_and_pdf,not_imported,,https://wdown.ebsi.co.kr/W61001/01exam/201209041/eng_mun.pdf
2012,1,9,school_mock,english,,solution,manual_review,identity_unverifiable,confirmed,official_catalog_and_pdf,not_imported,,https://wdown.ebsi.co.kr/W61001/01exam/201209041/eng_hsj.pdf
2012,1,9,school_mock,history,,question,manual_review,identity_unverifiable,confirmed,official_catalog_and_pdf,not_imported,,https://wdown.ebsi.co.kr/W61001/01exam/201209041/s_his_mun.pdf
2012,1,9,school_mock,history,,solution,manual_review,identity_unverifiable,confirmed,official_catalog_and_pdf,not_imported,,https://wdown.ebsi.co.kr/W61001/01exam/201209041/s_his_hsj.pdf
2012,1,9,school_mock,social,general-social,question,manual_review,identity_unverifiable,confirmed,official_catalog_and_pdf,not_imported,,https://wdown.ebsi.co.kr/W61001/01exam/201209041/s_sahoe_mun.pdf
2012,1,9,school_mock,social,general-social,solution,manual_review,identity_unverifiable,confirmed,official_catalog_and_pdf,not_imported,,https://wdown.ebsi.co.kr/W61001/01exam/201209041/s_sahoe_hsj.pdf
2012,1,9,school_mock,social,geography-general,question,manual_review,identity_unverifiable,confirmed,official_catalog_and_pdf,not_imported,,https://wdown.ebsi.co.kr/W61001/01exam/201209041/s_jiri_mun.pdf
2012,1,9,school_mock,social,geography-general,solution,manual_review,identity_unverifiable,confirmed,official_catalog_and_pdf,not_imported,,https://wdown.ebsi.co.kr/W61001/01exam/201209041/s_jiri_hsj.pdf
2012,1,9,school_mock,social,morality,question,manual_review,identity_unverifiable,confirmed,official_catalog_and_pdf,not_imported,,https://wdown.ebsi.co.kr/W61001/01exam/201209041/s_ethics_mun.pdf
2012,1,9,school_mock,social,morality,solution,manual_review,identity_unverifiable,confirmed,official_catalog_and_pdf,not_imported,,https://wdown.ebsi.co.kr/W61001/01exam/201209041/s_ethics_hsj.pdf
2012,1,9,school_mock,science,chemistry-general,question,manual_review,identity_unverifiable,confirmed,official_catalog_and_pdf,not_imported,,https://wdown.ebsi.co.kr/W61001/01exam/201209041/g_che_mun.pdf
2012,1,9,school_mock,science,chemistry-general,solution,manual_review,identity_unverifiable,confirmed,official_catalog_and_pdf,not_imported,,https://wdown.ebsi.co.kr/W61001/01exam/201209041/g_che_hsj.pdf
2012,1,9,school_mock,science,earth-science-general,question,manual_review,identity_unverifiable,confirmed,official_catalog_and_pdf,not_imported,,https://wdown.ebsi.co.kr/W61001/01exam/201209041/g_ear_mun.pdf
2012,1,9,school_mock,science,earth-science-general,solution,manual_review,identity_unverifiable,confirmed,official_catalog_and_pdf,not_imported,,https://wdown.ebsi.co.kr/W61001/01exam/201209041/g_ear_hsj.pdf
2012,1,9,school_mock,science,life-science-general,question,manual_review,identity_unverifiable,confirmed,official_catalog_and_pdf,not_imported,,https://wdown.ebsi.co.kr/W61001/01exam/201209041/g_bio_mun.pdf
2012,1,9,school_mock,science,life-science-general,solution,manual_review,identity_unverifiable,confirmed,official_catalog_and_pdf,not_imported,,https://wdown.ebsi.co.kr/W61001/01exam/201209041/g_bio_hsj.pdf
2012,1,9,school_mock,science,physics-general,question,manual_review,identity_unverifiable,confirmed,official_catalog_and_pdf,not_imported,,https://wdown.ebsi.co.kr/W61001/01exam/201209041/g_phy_mun.pdf
2012,1,9,school_mock,science,physics-general,solution,manual_review,identity_unverifiable,confirmed,official_catalog_and_pdf,not_imported,,https://wdown.ebsi.co.kr/W61001/01exam/201209041/g_phy_hsj.pdf
2012,1,11,school_mock,korean,,question,manual_review,identity_unverifiable,confirmed,official_catalog_and_pdf,not_imported,,https://wdown.ebsi.co.kr/W61001/01exam/201211141/kor_mun.pdf
2012,1,11,school_mock,korean,,solution,manual_review,identity_unverifiable,confirmed,official_catalog_and_pdf,not_imported,,https://wdown.ebsi.co.kr/W61001/01exam/201211141/kor_hsj.pdf
2012,1,11,school_mock,math,,question,manual_review,identity_unverifiable,confirmed,official_catalog_and_pdf,not_imported,,https://wdown.ebsi.co.kr/W61001/01exam/201211141/math_mun.pdf
2012,1,11,school_mock,math,,solution,manual_review,identity_unverifiable,confirmed,official_catalog_and_pdf,not_imported,,https://wdown.ebsi.co.kr/W61001/01exam/201211141/math_hsj.pdf
2012,1,11,school_mock,english,,question,manual_review,identity_unverifiable,confirmed,official_catalog_and_pdf,not_imported,,https://wdown.ebsi.co.kr/W61001/01exam/201211141/eng_mun.pdf
2012,1,11,school_mock,english,,solution,manual_review,identity_unverifiable,confirmed,official_catalog_and_pdf,not_imported,,https://wdown.ebsi.co.kr/W61001/01exam/201211141/eng_hsj.pdf
2012,1,11,school_mock,history,,question,manual_review,identity_unverifiable,confirmed,official_catalog_and_pdf,not_imported,,https://wdown.ebsi.co.kr/W61001/01exam/201211141/s_his_mun.pdf
2012,1,11,school_mock,history,,solution,manual_review,identity_unverifiable,confirmed,official_catalog_and_pdf,not_imported,,https://wdown.ebsi.co.kr/W61001/01exam/201211141/s_his_hsj.pdf
2012,1,11,school_mock,social,general-social,question,manual_review,identity_unverifiable,confirmed,official_catalog_and_pdf,not_imported,,https://wdown.ebsi.co.kr/W61001/01exam/201211141/s_sahoe_mun.pdf
2012,1,11,school_mock,social,general-social,solution,manual_review,identity_unverifiable,confirmed,official_catalog_and_pdf,not_imported,,https://wdown.ebsi.co.kr/W61001/01exam/201211141/s_sahoe_hsj.pdf
2012,1,11,school_mock,social,geography-general,question,manual_review,identity_unverifiable,confirmed,official_catalog_and_pdf,not_imported,,https://wdown.ebsi.co.kr/W61001/01exam/201211141/s_jiri_mun.pdf
2012,1,11,school_mock,social,geography-general,solution,manual_review,identity_unverifiable,confirmed,official_catalog_and_pdf,not_imported,,https://wdown.ebsi.co.kr/W61001/01exam/201211141/s_jiri_hsj.pdf
2012,1,11,school_mock,social,morality,question,manual_review,identity_unverifiable,confirmed,official_catalog_and_pdf,not_imported,,https://wdown.ebsi.co.kr/W61001/01exam/201211141/s_ethics_mun.pdf
2012,1,11,school_mock,social,morality,solution,manual_review,identity_unverifiable,confirmed,official_catalog_and_pdf,not_imported,,https://wdown.ebsi.co.kr/W61001/01exam/201211141/s_ethics_hsj.pdf
2012,1,11,school_mock,science,chemistry-general,question,manual_review,identity_unverifiable,confirmed,official_catalog_and_pdf,not_imported,,https://wdown.ebsi.co.kr/W61001/01exam/201211141/g_che_mun.pdf
2012,1,11,school_mock,science,chemistry-general,solution,manual_review,identity_unverifiable,confirmed,official_catalog_and_pdf,not_imported,,https://wdown.ebsi.co.kr/W61001/01exam/201211141/g_che_hsj.pdf
2012,1,11,school_mock,science,earth-science-general,question,manual_review,identity_unverifiable,confirmed,official_catalog_and_pdf,not_imported,,https://wdown.ebsi.co.kr/W61001/01exam/201211141/g_ear_mun.pdf
2012,1,11,school_mock,science,earth-science-general,solution,manual_review,identity_unverifiable,confirmed,official_catalog_and_pdf,not_imported,,https://wdown.ebsi.co.kr/W61001/01exam/201211141/g_ear_hsj.pdf
2012,1,11,school_mock,science,life-science-general,question,manual_review,identity_unverifiable,confirmed,official_catalog_and_pdf,not_imported,,https://wdown.ebsi.co.kr/W61001/01exam/201211141/g_bio_mun.pdf
2012,1,11,school_mock,science,life-science-general,solution,manual_review,identity_unverifiable,confirmed,official_catalog_and_pdf,not_imported,,https://wdown.ebsi.co.kr/W61001/01exam/201211141/g_bio_hsj.pdf
2012,1,11,school_mock,science,physics-general,question,manual_review,identity_unverifiable,confirmed,official_catalog_and_pdf,not_imported,,https://wdown.ebsi.co.kr/W61001/01exam/201211141/g_phy_mun.pdf
2012,1,11,school_mock,science,physics-general,solution,manual_review,identity_unverifiable,confirmed,official_catalog_and_pdf,not_imported,,https://wdown.ebsi.co.kr/W61001/01exam/201211141/g_phy_hsj.pdf
2012,2,3,school_mock,korean,korean-a,question,manual_review,identity_unverifiable,confirmed,official_catalog_and_pdf,not_imported,,https://wdown.ebsi.co.kr/W61001/01exam/201203142/kor_mun.pdf
2012,2,3,school_mock,korean,korean-a,solution,manual_review,identity_unverifiable,confirmed,official_catalog_and_pdf,not_imported,,https://wdown.ebsi.co.kr/W61001/01exam/201203142/kor_hsj.pdf
2012,2,3,school_mock,english,english-a,question,manual_review,identity_unverifiable,confirmed,official_catalog_and_pdf,not_imported,,https://wdown.ebsi.co.kr/W61001/01exam/201203142/eng_mun.pdf
2012,2,3,school_mock,english,english-a,solution,manual_review,identity_unverifiable,confirmed,official_catalog_and_pdf,not_imported,,https://wdown.ebsi.co.kr/W61001/01exam/201203142/eng_hsj.pdf
2012,2,3,school_mock,history,,question,manual_review,identity_unverifiable,confirmed,official_catalog_and_pdf,not_imported,,https://wdown.ebsi.co.kr/W61001/01exam/201203142/s_his_mun.pdf
2012,2,3,school_mock,history,,solution,manual_review,identity_unverifiable,confirmed,official_catalog_and_pdf,not_imported,,https://wdown.ebsi.co.kr/W61001/01exam/201203142/s_his_hsj.pdf
2012,2,3,school_mock,social,ethics,question,missing,official_catalog_url_returns_404,confirmed,official_catalog_and_pdf,not_imported,,https://wdown.ebsi.co.kr/W61001/01exam/201203142/s_eth_mun.pdf
2012,2,3,school_mock,social,ethics,solution,missing,official_catalog_url_returns_404,confirmed,official_catalog_and_pdf,not_imported,,https://wdown.ebsi.co.kr/W61001/01exam/201203142/s_eth_hsj.pdf
2012,2,3,school_mock,social,korean-geography,question,missing,official_catalog_url_returns_404,confirmed,official_catalog_and_pdf,not_imported,,https://wdown.ebsi.co.kr/W61001/01exam/201203142/s_hanji_mun.pdf
2012,2,3,school_mock,social,korean-geography,solution,missing,official_catalog_url_returns_404,confirmed,official_catalog_and_pdf,not_imported,,https://wdown.ebsi.co.kr/W61001/01exam/201203142/s_hanji_hsj.pdf
2012,2,3,school_mock,social,law-and-society,question,missing,official_catalog_url_returns_404,confirmed,official_catalog_and_pdf,not_imported,,https://wdown.ebsi.co.kr/W61001/01exam/201203142/s_bns_mun.pdf
2012,2,3,school_mock,social,law-and-society,solution,missing,official_catalog_url_returns_404,confirmed,official_catalog_and_pdf,not_imported,,https://wdown.ebsi.co.kr/W61001/01exam/201203142/s_bns_hsj.pdf
2012,2,3,school_mock,science,chemistry-1,question,manual_review,identity_unverifiable,confirmed,official_catalog_and_pdf,not_imported,,https://wdown.ebsi.co.kr/W61001/01exam/201203142/g_che1_mun.pdf
2012,2,3,school_mock,science,chemistry-1,solution,manual_review,identity_unverifiable,confirmed,official_catalog_and_pdf,not_imported,,https://wdown.ebsi.co.kr/W61001/01exam/201203142/g_che1_hsj.pdf
2012,2,3,school_mock,science,earth-science-1,question,manual_review,identity_unverifiable,confirmed,official_catalog_and_pdf,not_imported,,https://wdown.ebsi.co.kr/W61001/01exam/201203142/g_ear1_mun.pdf
2012,2,3,school_mock,science,earth-science-1,solution,manual_review,identity_unverifiable,confirmed,official_catalog_and_pdf,not_imported,,https://wdown.ebsi.co.kr/W61001/01exam/201203142/g_ear1_hsj.pdf
2012,2,3,school_mock,science,life-science-1,question,manual_review,identity_unverifiable,confirmed,official_catalog_and_pdf,not_imported,,https://wdown.ebsi.co.kr/W61001/01exam/201203142/g_bio1_mun.pdf
2012,2,3,school_mock,science,life-science-1,solution,manual_review,identity_unverifiable,confirmed,official_catalog_and_pdf,not_imported,,https://wdown.ebsi.co.kr/W61001/01exam/201203142/g_bio1_hsj.pdf
2012,2,3,school_mock,science,physics-1,question,manual_review,identity_unverifiable,confirmed,official_catalog_and_pdf,not_imported,,https://wdown.ebsi.co.kr/W61001/01exam/201203142/g_phy1_mun.pdf
2012,2,3,school_mock,science,physics-1,solution,manual_review,identity_unverifiable,confirmed,official_catalog_and_pdf,not_imported,,https://wdown.ebsi.co.kr/W61001/01exam/201203142/g_phy1_hsj.pdf
2012,2,5,school_mock,korean,korean-a,question,manual_review,identity_unverifiable,confirmed,official_catalog_and_pdf,not_imported,,https://wdown.ebsi.co.kr/W61001/01exam/201205172/kora1_mun.pdf
2012,2,5,school_mock,korean,korean-a,solution,manual_review,identity_unverifiable,confirmed,official_catalog_and_pdf,not_imported,,https://wdown.ebsi.co.kr/W61001/01exam/201205172/kora1_hsj.pdf
2012,2,5,school_mock,korean,korean-b,question,manual_review,identity_unverifiable,confirmed,official_catalog_and_pdf,not_imported,,https://wdown.ebsi.co.kr/W61001/01exam/201205172/korb1_mun.pdf
2012,2,5,school_mock,korean,korean-b,solution,manual_review,identity_unverifiable,confirmed,official_catalog_and_pdf,not_imported,,https://wdown.ebsi.co.kr/W61001/01exam/201205172/korb1_hsj.pdf
2012,2,5,school_mock,math,math-a,question,manual_review,identity_unverifiable,confirmed,official_catalog_and_pdf,not_imported,,https://wdown.ebsi.co.kr/W61001/01exam/201205172/matha1_mun.pdf
2012,2,5,school_mock,math,math-a,solution,manual_review,identity_unverifiable,confirmed,official_catalog_and_pdf,not_imported,,https://wdown.ebsi.co.kr/W61001/01exam/201205172/matha1_hsj.pdf
2012,2,5,school_mock,math,math-b,question,manual_review,identity_unverifiable,confirmed,official_catalog_and_pdf,not_imported,,https://wdown.ebsi.co.kr/W61001/01exam/201205172/mathb1_mun.pdf
2012,2,5,school_mock,math,math-b,solution,manual_review,identity_unverifiable,confirmed,official_catalog_and_pdf,not_imported,,https://wdown.ebsi.co.kr/W61001/01exam/201205172/mathb1_hsj.pdf
2012,2,5,school_mock,english,english-a,question,manual_review,identity_unverifiable,confirmed,official_catalog_and_pdf,not_imported,,https://wdown.ebsi.co.kr/W61001/01exam/201205172/enga1_mun.pdf
2012,2,5,school_mock,english,english-a,solution,manual_review,identity_unverifiable,confirmed,official_catalog_and_pdf,not_imported,,https://wdown.ebsi.co.kr/W61001/01exam/201205172/enga1_hsj.pdf
2012,2,5,school_mock,english,english-b,question,manual_review,identity_unverifiable,confirmed,official_catalog_and_pdf,not_imported,,https://wdown.ebsi.co.kr/W61001/01exam/201205172/engb1_mun.pdf
2012,2,5,school_mock,english,english-b,solution,manual_review,identity_unverifiable,confirmed,official_catalog_and_pdf,not_imported,,https://wdown.ebsi.co.kr/W61001/01exam/201205172/engb1_hsj.pdf
2012,2,5,school_mock,history,,question,manual_review,identity_unverifiable,confirmed,official_catalog_and_pdf,not_imported,,https://wdown.ebsi.co.kr/W61001/01exam/201205172/s_his_mun.pdf
2012,2,5,school_mock,history,,solution,manual_review,identity_unverifiable,confirmed,official_catalog_and_pdf,not_imported,,https://wdown.ebsi.co.kr/W61001/01exam/201205172/s_his_hsj.pdf
2012,2,5,school_mock,social,east-asian-history,question,manual_review,identity_unverifiable,confirmed,official_catalog_and_pdf,not_imported,,https://wdown.ebsi.co.kr/W61001/01exam/201205172/s_easta_mun.pdf
2012,2,5,school_mock,social,east-asian-history,solution,manual_review,identity_unverifiable,confirmed,official_catalog_and_pdf,not_imported,,https://wdown.ebsi.co.kr/W61001/01exam/201205172/s_easta_hsj.pdf
2012,2,5,school_mock,social,economics,question,manual_review,identity_unverifiable,confirmed,official_catalog_and_pdf,not_imported,,https://wdown.ebsi.co.kr/W61001/01exam/201205172/s_eco_mun.pdf
2012,2,5,school_mock,social,economics,solution,manual_review,identity_unverifiable,confirmed,official_catalog_and_pdf,not_imported,,https://wdown.ebsi.co.kr/W61001/01exam/201205172/s_eco_hsj.pdf
2012,2,5,school_mock,social,ethics-and-thought,question,manual_review,identity_unverifiable,confirmed,official_catalog_and_pdf,not_imported,,https://wdown.ebsi.co.kr/W61001/01exam/201205172/s_yrnss_mun.pdf
2012,2,5,school_mock,social,ethics-and-thought,solution,manual_review,identity_unverifiable,confirmed,official_catalog_and_pdf,not_imported,,https://wdown.ebsi.co.kr/W61001/01exam/201205172/s_yrnss_hsj.pdf
2012,2,5,school_mock,social,korean-geography,question,manual_review,identity_unverifiable,confirmed,official_catalog_and_pdf,not_imported,,https://wdown.ebsi.co.kr/W61001/01exam/201205172/s_hanji_mun.pdf
2012,2,5,school_mock,social,korean-geography,solution,manual_review,identity_unverifiable,confirmed,official_catalog_and_pdf,not_imported,,https://wdown.ebsi.co.kr/W61001/01exam/201205172/s_hanji_hsj.pdf
2012,2,5,school_mock,social,life-and-ethics-general,question,manual_review,identity_unverifiable,confirmed,official_catalog_and_pdf,not_imported,,https://wdown.ebsi.co.kr/W61001/01exam/201205172/s_ssnyr_mun.pdf
2012,2,5,school_mock,social,life-and-ethics-general,solution,manual_review,identity_unverifiable,confirmed,official_catalog_and_pdf,not_imported,,https://wdown.ebsi.co.kr/W61001/01exam/201205172/s_ssnyr_hsj.pdf
2012,2,5,school_mock,social,politics-and-law,question,manual_review,identity_unverifiable,confirmed,official_catalog_and_pdf,not_imported,,https://wdown.ebsi.co.kr/W61001/01exam/201205172/s_bnj_mun.pdf
2012,2,5,school_mock,social,politics-and-law,solution,manual_review,identity_unverifiable,confirmed,official_catalog_and_pdf,not_imported,,https://wdown.ebsi.co.kr/W61001/01exam/201205172/s_bnj_hsj.pdf
2012,2,5,school_mock,social,social-culture,question,manual_review,identity_unverifiable,confirmed,official_catalog_and_pdf,not_imported,,https://wdown.ebsi.co.kr/W61001/01exam/201205172/s_samun_mun.pdf
2012,2,5,school_mock,social,social-culture,solution,manual_review,identity_unverifiable,confirmed,official_catalog_and_pdf,not_imported,,https://wdown.ebsi.co.kr/W61001/01exam/201205172/s_samun_hsj.pdf
2012,2,5,school_mock,social,world-geography,question,manual_review,identity_unverifiable,confirmed,official_catalog_and_pdf,not_imported,,https://wdown.ebsi.co.kr/W61001/01exam/201205172/s_saeji_mun.pdf
2012,2,5,school_mock,social,world-geography,solution,manual_review,identity_unverifiable,confirmed,official_catalog_and_pdf,not_imported,,https://wdown.ebsi.co.kr/W61001/01exam/201205172/s_saeji_hsj.pdf
2012,2,5,school_mock,social,world-history,question,manual_review,identity_unverifiable,confirmed,official_catalog_and_pdf,not_imported,,https://wdown.ebsi.co.kr/W61001/01exam/201205172/s_sks_mun.pdf
2012,2,5,school_mock,social,world-history,solution,manual_review,identity_unverifiable,confirmed,official_catalog_and_pdf,not_imported,,https://wdown.ebsi.co.kr/W61001/01exam/201205172/s_sks_hsj.pdf
2012,2,5,school_mock,science,chemistry-1,question,manual_review,identity_unverifiable,confirmed,official_catalog_and_pdf,not_imported,,https://wdown.ebsi.co.kr/W61001/01exam/201205172/g_che1_mun.pdf
2012,2,5,school_mock,science,chemistry-1,solution,manual_review,identity_unverifiable,confirmed,official_catalog_and_pdf,not_imported,,https://wdown.ebsi.co.kr/W61001/01exam/201205172/g_che1_hsj.pdf
2012,2,5,school_mock,science,chemistry-2,question,manual_review,identity_unverifiable,confirmed,official_catalog_and_pdf,not_imported,,https://wdown.ebsi.co.kr/W61001/01exam/201205172/g_che2_mun.pdf
2012,2,5,school_mock,science,chemistry-2,solution,manual_review,identity_unverifiable,confirmed,official_catalog_and_pdf,not_imported,,https://wdown.ebsi.co.kr/W61001/01exam/201205172/g_che2_hsj.pdf
2012,2,5,school_mock,science,earth-science-1,question,manual_review,identity_unverifiable,confirmed,official_catalog_and_pdf,not_imported,,https://wdown.ebsi.co.kr/W61001/01exam/201205172/g_ear1_mun.pdf
2012,2,5,school_mock,science,earth-science-1,solution,manual_review,identity_unverifiable,confirmed,official_catalog_and_pdf,not_imported,,https://wdown.ebsi.co.kr/W61001/01exam/201205172/g_ear1_hsj.pdf
2012,2,5,school_mock,science,earth-science-2,question,manual_review,identity_unverifiable,confirmed,official_catalog_and_pdf,not_imported,,https://wdown.ebsi.co.kr/W61001/01exam/201205172/g_ear2_mun.pdf
2012,2,5,school_mock,science,earth-science-2,solution,manual_review,identity_unverifiable,confirmed,official_catalog_and_pdf,not_imported,,https://wdown.ebsi.co.kr/W61001/01exam/201205172/g_ear2_hsj.pdf
2012,2,5,school_mock,science,life-science-1,question,manual_review,identity_unverifiable,confirmed,official_catalog_and_pdf,not_imported,,https://wdown.ebsi.co.kr/W61001/01exam/201205172/g_bio1_mun.pdf
2012,2,5,school_mock,science,life-science-1,solution,manual_review,identity_unverifiable,confirmed,official_catalog_and_pdf,not_imported,,https://wdown.ebsi.co.kr/W61001/01exam/201205172/g_bio1_hsj.pdf
2012,2,5,school_mock,science,life-science-2,question,manual_review,identity_unverifiable,confirmed,official_catalog_and_pdf,not_imported,,https://wdown.ebsi.co.kr/W61001/01exam/201205172/g_bio2_mun.pdf
2012,2,5,school_mock,science,life-science-2,solution,manual_review,identity_unverifiable,confirmed,official_catalog_and_pdf,not_imported,,https://wdown.ebsi.co.kr/W61001/01exam/201205172/g_bio2_hsj.pdf
2012,2,5,school_mock,science,physics-1,question,manual_review,identity_unverifiable,confirmed,official_catalog_and_pdf,not_imported,,https://wdown.ebsi.co.kr/W61001/01exam/201205172/g_phy1_mun.pdf
2012,2,5,school_mock,science,physics-1,solution,manual_review,identity_unverifiable,confirmed,official_catalog_and_pdf,not_imported,,https://wdown.ebsi.co.kr/W61001/01exam/201205172/g_phy1_hsj.pdf
2012,2,5,school_mock,science,physics-2,question,manual_review,identity_unverifiable,confirmed,official_catalog_and_pdf,not_imported,,https://wdown.ebsi.co.kr/W61001/01exam/201205172/g_phy2_mun.pdf
2012,2,5,school_mock,science,physics-2,solution,manual_review,identity_unverifiable,confirmed,official_catalog_and_pdf,not_imported,,https://wdown.ebsi.co.kr/W61001/01exam/201205172/g_phy2_hsj.pdf
2012,2,5,school_mock,vocational,agriculture-bio-industry,question,manual_review,identity_unverifiable,confirmed,official_catalog_and_pdf,not_imported,,https://wdown.ebsi.co.kr/W61001/01exam/201205172/J_nsmsup_mun.pdf
2012,2,5,school_mock,vocational,agriculture-bio-industry,solution,manual_review,identity_unverifiable,confirmed,official_catalog_and_pdf,not_imported,,https://wdown.ebsi.co.kr/W61001/01exam/201205172/J_nsmsup_hsj.pdf
2012,2,5,school_mock,vocational,commerce-information,question,manual_review,identity_unverifiable,confirmed,official_catalog_and_pdf,not_imported,,https://wdown.ebsi.co.kr/W61001/01exam/201205172/J_supjb_mun.pdf
2012,2,5,school_mock,vocational,commerce-information,solution,manual_review,identity_unverifiable,confirmed,official_catalog_and_pdf,not_imported,,https://wdown.ebsi.co.kr/W61001/01exam/201205172/J_supjb_hsj.pdf
2012,2,5,school_mock,vocational,fisheries-shipping,question,manual_review,identity_unverifiable,confirmed,official_catalog_and_pdf,not_imported,,https://wdown.ebsi.co.kr/W61001/01exam/201205172/J_ssnw_mun.pdf
2012,2,5,school_mock,vocational,fisheries-shipping,solution,manual_review,identity_unverifiable,confirmed,official_catalog_and_pdf,not_imported,,https://wdown.ebsi.co.kr/W61001/01exam/201205172/J_ssnw_hsj.pdf
2012,2,5,school_mock,vocational,home-economics-industry,question,manual_review,identity_unverifiable,confirmed,official_catalog_and_pdf,not_imported,,https://wdown.ebsi.co.kr/W61001/01exam/201205172/J_gsnsup_mun.pdf
2012,2,5,school_mock,vocational,home-economics-industry,solution,manual_review,identity_unverifiable,confirmed,official_catalog_and_pdf,not_imported,,https://wdown.ebsi.co.kr/W61001/01exam/201205172/J_gsnsup_hsj.pdf
2012,2,5,school_mock,vocational,industry,question,manual_review,identity_unverifiable,confirmed,official_catalog_and_pdf,not_imported,,https://wdown.ebsi.co.kr/W61001/01exam/201205172/J_gup_mun.pdf
2012,2,5,school_mock,vocational,industry,solution,manual_review,identity_unverifiable,confirmed,official_catalog_and_pdf,not_imported,,https://wdown.ebsi.co.kr/W61001/01exam/201205172/J_gup_hsj.pdf
2012,2,5,school_mock,second_language,arabic-1,question,manual_review,identity_unverifiable,confirmed,official_catalog_and_pdf,not_imported,,https://wdown.ebsi.co.kr/W61001/01exam/201205172/2nd_ar1_mun.pdf
2012,2,5,school_mock,second_language,arabic-1,solution,manual_review,identity_unverifiable,confirmed,official_catalog_and_pdf,not_imported,,https://wdown.ebsi.co.kr/W61001/01exam/201205172/2nd_ar1_hsj.pdf
2012,2,5,school_mock,second_language,chinese-1,question,manual_review,identity_unverifiable,confirmed,official_catalog_and_pdf,not_imported,,https://wdown.ebsi.co.kr/W61001/01exam/201205172/2nd_ch1_mun.pdf
2012,2,5,school_mock,second_language,chinese-1,solution,manual_review,identity_unverifiable,confirmed,official_catalog_and_pdf,not_imported,,https://wdown.ebsi.co.kr/W61001/01exam/201205172/2nd_ch1_hsj.pdf
2012,2,5,school_mock,second_language,classical-chinese-1,question,manual_review,identity_unverifiable,confirmed,official_catalog_and_pdf,not_imported,,https://wdown.ebsi.co.kr/W61001/01exam/201205172/2nd_han_mun.pdf
2012,2,5,school_mock,second_language,classical-chinese-1,solution,manual_review,identity_unverifiable,confirmed,official_catalog_and_pdf,not_imported,,https://wdown.ebsi.co.kr/W61001/01exam/201205172/2nd_han_hsj.pdf
2012,2,5,school_mock,second_language,french-1,question,manual_review,identity_unverifiable,confirmed,official_catalog_and_pdf,not_imported,,https://wdown.ebsi.co.kr/W61001/01exam/201205172/2nd_fr1_mun.pdf
2012,2,5,school_mock,second_language,french-1,solution,manual_review,identity_unverifiable,confirmed,official_catalog_and_pdf,not_imported,,https://wdown.ebsi.co.kr/W61001/01exam/201205172/2nd_fr1_hsj.pdf
2012,2,5,school_mock,second_language,german-1,question,manual_review,identity_unverifiable,confirmed,official_catalog_and_pdf,not_imported,,https://wdown.ebsi.co.kr/W61001/01exam/201205172/2nd_gr1_mun.pdf
2012,2,5,school_mock,second_language,german-1,solution,manual_review,identity_unverifiable,confirmed,official_catalog_and_pdf,not_imported,,https://wdown.ebsi.co.kr/W61001/01exam/201205172/2nd_gr1_hsj.pdf
2012,2,5,school_mock,second_language,japanese-1,question,manual_review,identity_unverifiable,confirmed,official_catalog_and_pdf,not_imported,,https://wdown.ebsi.co.kr/W61001/01exam/201205172/2nd_ja1_mun.pdf
2012,2,5,school_mock,second_language,japanese-1,solution,manual_review,identity_unverifiable,confirmed,official_catalog_and_pdf,not_imported,,https://wdown.ebsi.co.kr/W61001/01exam/201205172/2nd_ja1_hsj.pdf
2012,2,5,school_mock,second_language,russian-1,question,manual_review,identity_unverifiable,confirmed,official_catalog_and_pdf,not_imported,,https://wdown.ebsi.co.kr/W61001/01exam/201205172/2nd_ru1_mun.pdf
2012,2,5,school_mock,second_language,russian-1,solution,manual_review,identity_unverifiable,confirmed,official_catalog_and_pdf,not_imported,,https://wdown.ebsi.co.kr/W61001/01exam/201205172/2nd_ru1_hsj.pdf
2012,2,5,school_mock,second_language,spanish-1,question,manual_review,identity_unverifiable,confirmed,official_catalog_and_pdf,not_imported,,https://wdown.ebsi.co.kr/W61001/01exam/201205172/2nd_sp1_mun.pdf
2012,2,5,school_mock,second_language,spanish-1,solution,manual_review,identity_unverifiable,confirmed,official_catalog_and_pdf,not_imported,,https://wdown.ebsi.co.kr/W61001/01exam/201205172/2nd_sp1_hsj.pdf
2012,2,5,school_mock,second_language,vietnamese-1,question,manual_review,identity_unverifiable,confirmed,official_catalog_and_pdf,not_imported,,https://wdown.ebsi.co.kr/W61001/01exam/201205172/2nd_vit_mun.pdf
2012,2,5,school_mock,second_language,vietnamese-1,solution,manual_review,identity_unverifiable,confirmed,official_catalog_and_pdf,not_imported,,https://wdown.ebsi.co.kr/W61001/01exam/201205172/2nd_vit_hsj.pdf
2012,2,6,school_mock,korean,korean-a,question,manual_review,identity_unverifiable,confirmed,official_catalog_and_pdf,not_imported,,https://wdown.ebsi.co.kr/W61001/01exam/201206072/kora_mun.pdf
2012,2,6,school_mock,korean,korean-a,solution,manual_review,identity_unverifiable,confirmed,official_catalog_and_pdf,not_imported,,https://wdown.ebsi.co.kr/W61001/01exam/201206072/kora_hsj.pdf
2012,2,6,school_mock,korean,korean-b,question,manual_review,identity_unverifiable,confirmed,official_catalog_and_pdf,not_imported,,https://wdown.ebsi.co.kr/W61001/01exam/201206072/korb_mun.pdf
2012,2,6,school_mock,korean,korean-b,solution,manual_review,identity_unverifiable,confirmed,official_catalog_and_pdf,not_imported,,https://wdown.ebsi.co.kr/W61001/01exam/201206072/korb_hsj.pdf
2012,2,6,school_mock,math,math-a,question,manual_review,identity_unverifiable,confirmed,official_catalog_and_pdf,not_imported,,https://wdown.ebsi.co.kr/W61001/01exam/201206072/matha_mun.pdf
2012,2,6,school_mock,math,math-a,solution,manual_review,identity_unverifiable,confirmed,official_catalog_and_pdf,not_imported,,https://wdown.ebsi.co.kr/W61001/01exam/201206072/matha_hsj.pdf
2012,2,6,school_mock,math,math-b,question,manual_review,identity_unverifiable,confirmed,official_catalog_and_pdf,not_imported,,https://wdown.ebsi.co.kr/W61001/01exam/201206072/mathb_mun.pdf
2012,2,6,school_mock,math,math-b,solution,manual_review,identity_unverifiable,confirmed,official_catalog_and_pdf,not_imported,,https://wdown.ebsi.co.kr/W61001/01exam/201206072/mathb_hsj.pdf
2012,2,6,school_mock,english,english-a,question,manual_review,identity_unverifiable,confirmed,official_catalog_and_pdf,not_imported,,https://wdown.ebsi.co.kr/W61001/01exam/201206072/enga_mun.pdf
2012,2,6,school_mock,english,english-a,solution,manual_review,identity_unverifiable,confirmed,official_catalog_and_pdf,not_imported,,https://wdown.ebsi.co.kr/W61001/01exam/201206072/enga_hsj.pdf
2012,2,6,school_mock,english,english-b,question,manual_review,identity_unverifiable,confirmed,official_catalog_and_pdf,not_imported,,https://wdown.ebsi.co.kr/W61001/01exam/201206072/engb_mun.pdf
2012,2,6,school_mock,english,english-b,solution,manual_review,identity_unverifiable,confirmed,official_catalog_and_pdf,not_imported,,https://wdown.ebsi.co.kr/W61001/01exam/201206072/engb_hsj.pdf
2012,2,6,school_mock,history,,question,manual_review,identity_unverifiable,confirmed,official_catalog_and_pdf,not_imported,,https://wdown.ebsi.co.kr/W61001/01exam/201206072/s_his_mun.pdf
2012,2,6,school_mock,history,,solution,manual_review,identity_unverifiable,confirmed,official_catalog_and_pdf,not_imported,,https://wdown.ebsi.co.kr/W61001/01exam/201206072/s_his_hsj.pdf
2012,2,6,school_mock,social,east-asian-history,question,manual_review,identity_unverifiable,confirmed,official_catalog_and_pdf,not_imported,,https://wdown.ebsi.co.kr/W61001/01exam/201206072/s_easta_mun.pdf
2012,2,6,school_mock,social,east-asian-history,solution,manual_review,identity_unverifiable,confirmed,official_catalog_and_pdf,not_imported,,https://wdown.ebsi.co.kr/W61001/01exam/201206072/s_easta_hsj.pdf
2012,2,6,school_mock,social,economics,question,manual_review,identity_unverifiable,confirmed,official_catalog_and_pdf,not_imported,,https://wdown.ebsi.co.kr/W61001/01exam/201206072/s_eco_mun.pdf
2012,2,6,school_mock,social,economics,solution,manual_review,identity_unverifiable,confirmed,official_catalog_and_pdf,not_imported,,https://wdown.ebsi.co.kr/W61001/01exam/201206072/s_eco_hsj.pdf
2012,2,6,school_mock,social,ethics-and-thought,question,manual_review,identity_unverifiable,confirmed,official_catalog_and_pdf,not_imported,,https://wdown.ebsi.co.kr/W61001/01exam/201206072/s_yrnss_mun.pdf
2012,2,6,school_mock,social,ethics-and-thought,solution,manual_review,identity_unverifiable,confirmed,official_catalog_and_pdf,not_imported,,https://wdown.ebsi.co.kr/W61001/01exam/201206072/s_yrnss_hsj.pdf
2012,2,6,school_mock,social,korean-geography,question,manual_review,identity_unverifiable,confirmed,official_catalog_and_pdf,not_imported,,https://wdown.ebsi.co.kr/W61001/01exam/201206072/s_hanji_mun.pdf
2012,2,6,school_mock,social,korean-geography,solution,manual_review,identity_unverifiable,confirmed,official_catalog_and_pdf,not_imported,,https://wdown.ebsi.co.kr/W61001/01exam/201206072/s_hanji_hsj.pdf
2012,2,6,school_mock,social,life-and-ethics-general,question,manual_review,identity_unverifiable,confirmed,official_catalog_and_pdf,not_imported,,https://wdown.ebsi.co.kr/W61001/01exam/201206072/s_ssnyr_mun.pdf
2012,2,6,school_mock,social,life-and-ethics-general,solution,manual_review,identity_unverifiable,confirmed,official_catalog_and_pdf,not_imported,,https://wdown.ebsi.co.kr/W61001/01exam/201206072/s_ssnyr_hsj.pdf
2012,2,6,school_mock,social,politics-and-law,question,manual_review,identity_unverifiable,confirmed,official_catalog_and_pdf,not_imported,,https://wdown.ebsi.co.kr/W61001/01exam/201206072/s_bnj_mun.pdf
2012,2,6,school_mock,social,politics-and-law,solution,manual_review,identity_unverifiable,confirmed,official_catalog_and_pdf,not_imported,,https://wdown.ebsi.co.kr/W61001/01exam/201206072/s_bnj_hsj.pdf
2012,2,6,school_mock,social,social-culture,question,manual_review,identity_unverifiable,confirmed,official_catalog_and_pdf,not_imported,,https://wdown.ebsi.co.kr/W61001/01exam/201206072/s_samun_mun.pdf
2012,2,6,school_mock,social,social-culture,solution,manual_review,identity_unverifiable,confirmed,official_catalog_and_pdf,not_imported,,https://wdown.ebsi.co.kr/W61001/01exam/201206072/s_samun_hsj.pdf
2012,2,6,school_mock,social,world-geography,question,manual_review,identity_unverifiable,confirmed,official_catalog_and_pdf,not_imported,,https://wdown.ebsi.co.kr/W61001/01exam/201206072/s_saeji_mun.pdf
2012,2,6,school_mock,social,world-geography,solution,manual_review,identity_unverifiable,confirmed,official_catalog_and_pdf,not_imported,,https://wdown.ebsi.co.kr/W61001/01exam/201206072/s_saeji_hsj.pdf
2012,2,6,school_mock,social,world-history,question,manual_review,identity_unverifiable,confirmed,official_catalog_and_pdf,not_imported,,https://wdown.ebsi.co.kr/W61001/01exam/201206072/s_sks_mun.pdf
2012,2,6,school_mock,social,world-history,solution,manual_review,identity_unverifiable,confirmed,official_catalog_and_pdf,not_imported,,https://wdown.ebsi.co.kr/W61001/01exam/201206072/s_sks_hsj.pdf
2012,2,6,school_mock,science,chemistry-1,question,manual_review,identity_unverifiable,confirmed,official_catalog_and_pdf,not_imported,,https://wdown.ebsi.co.kr/W61001/01exam/201206072/g_che1_mun.pdf
2012,2,6,school_mock,science,chemistry-1,solution,manual_review,identity_unverifiable,confirmed,official_catalog_and_pdf,not_imported,,https://wdown.ebsi.co.kr/W61001/01exam/201206072/g_che1_hsj.pdf
2012,2,6,school_mock,science,earth-science-1,question,manual_review,identity_unverifiable,confirmed,official_catalog_and_pdf,not_imported,,https://wdown.ebsi.co.kr/W61001/01exam/201206072/g_ear1_mun.pdf
2012,2,6,school_mock,science,earth-science-1,solution,manual_review,identity_unverifiable,confirmed,official_catalog_and_pdf,not_imported,,https://wdown.ebsi.co.kr/W61001/01exam/201206072/g_ear1_hsj.pdf
2012,2,6,school_mock,science,life-science-1,question,manual_review,identity_unverifiable,confirmed,official_catalog_and_pdf,not_imported,,https://wdown.ebsi.co.kr/W61001/01exam/201206072/g_bio1_mun.pdf
2012,2,6,school_mock,science,life-science-1,solution,manual_review,identity_unverifiable,confirmed,official_catalog_and_pdf,not_imported,,https://wdown.ebsi.co.kr/W61001/01exam/201206072/g_bio1_hsj.pdf
2012,2,6,school_mock,science,physics-1,question,manual_review,identity_unverifiable,confirmed,official_catalog_and_pdf,not_imported,,https://wdown.ebsi.co.kr/W61001/01exam/201206072/g_phy1_mun.pdf
2012,2,6,school_mock,science,physics-1,solution,manual_review,identity_unverifiable,confirmed,official_catalog_and_pdf,not_imported,,https://wdown.ebsi.co.kr/W61001/01exam/201206072/g_phy1_hsj.pdf
2012,2,9,school_mock,korean,korean-a,question,manual_review,identity_unverifiable,confirmed,official_catalog_and_pdf,not_imported,,https://wdown.ebsi.co.kr/W61001/01exam/201209042/kora_mun.pdf
2012,2,9,school_mock,korean,korean-a,solution,manual_review,identity_unverifiable,confirmed,official_catalog_and_pdf,not_imported,,https://wdown.ebsi.co.kr/W61001/01exam/201209042/kora_hsj.pdf
2012,2,9,school_mock,korean,korean-b,question,manual_review,identity_unverifiable,confirmed,official_catalog_and_pdf,not_imported,,https://wdown.ebsi.co.kr/W61001/01exam/201209042/korb_mun.pdf
2012,2,9,school_mock,korean,korean-b,solution,manual_review,identity_unverifiable,confirmed,official_catalog_and_pdf,not_imported,,https://wdown.ebsi.co.kr/W61001/01exam/201209042/korb_hsj.pdf
2012,2,9,school_mock,math,math-a,question,manual_review,identity_unverifiable,confirmed,official_catalog_and_pdf,not_imported,,https://wdown.ebsi.co.kr/W61001/01exam/201209042/matha_mun_1.pdf
2012,2,9,school_mock,math,math-a,solution,manual_review,identity_unverifiable,confirmed,official_catalog_and_pdf,not_imported,,https://wdown.ebsi.co.kr/W61001/01exam/201209042/matha_hsj.pdf
2012,2,9,school_mock,math,math-b,question,manual_review,identity_unverifiable,confirmed,official_catalog_and_pdf,not_imported,,https://wdown.ebsi.co.kr/W61001/01exam/201209042/mathb_mun_1.pdf
2012,2,9,school_mock,math,math-b,solution,manual_review,identity_unverifiable,confirmed,official_catalog_and_pdf,not_imported,,https://wdown.ebsi.co.kr/W61001/01exam/201209042/mathb_hsj.pdf
2012,2,9,school_mock,english,english-a,question,manual_review,identity_unverifiable,confirmed,official_catalog_and_pdf,not_imported,,https://wdown.ebsi.co.kr/W61001/01exam/201209042/enga_mun.pdf
2012,2,9,school_mock,english,english-a,solution,manual_review,identity_unverifiable,confirmed,official_catalog_and_pdf,not_imported,,https://wdown.ebsi.co.kr/W61001/01exam/201209042/enga_hsj.pdf
2012,2,9,school_mock,english,english-b,question,manual_review,identity_unverifiable,confirmed,official_catalog_and_pdf,not_imported,,https://wdown.ebsi.co.kr/W61001/01exam/201209042/engb_mun.pdf
2012,2,9,school_mock,english,english-b,solution,manual_review,identity_unverifiable,confirmed,official_catalog_and_pdf,not_imported,,https://wdown.ebsi.co.kr/W61001/01exam/201209042/engb_hsj.pdf
2012,2,9,school_mock,history,,question,manual_review,identity_unverifiable,confirmed,official_catalog_and_pdf,not_imported,,https://wdown.ebsi.co.kr/W61001/01exam/201209042/s_his_mun.pdf
2012,2,9,school_mock,history,,solution,manual_review,identity_unverifiable,confirmed,official_catalog_and_pdf,not_imported,,https://wdown.ebsi.co.kr/W61001/01exam/201209042/s_his_hsj.pdf
2012,2,9,school_mock,social,east-asian-history,question,manual_review,identity_unverifiable,confirmed,official_catalog_and_pdf,not_imported,,https://wdown.ebsi.co.kr/W61001/01exam/201209042/s_easta_mun.pdf
2012,2,9,school_mock,social,east-asian-history,solution,manual_review,identity_unverifiable,confirmed,official_catalog_and_pdf,not_imported,,https://wdown.ebsi.co.kr/W61001/01exam/201209042/s_easta_hsj.pdf
2012,2,9,school_mock,social,economics,question,manual_review,identity_unverifiable,confirmed,official_catalog_and_pdf,not_imported,,https://wdown.ebsi.co.kr/W61001/01exam/201209042/s_eco_mun.pdf
2012,2,9,school_mock,social,economics,solution,manual_review,identity_unverifiable,confirmed,official_catalog_and_pdf,not_imported,,https://wdown.ebsi.co.kr/W61001/01exam/201209042/s_eco_hsj.pdf
2012,2,9,school_mock,social,ethics-and-thought,question,manual_review,identity_unverifiable,confirmed,official_catalog_and_pdf,not_imported,,https://wdown.ebsi.co.kr/W61001/01exam/201209042/s_yrnss_mun.pdf
2012,2,9,school_mock,social,ethics-and-thought,solution,manual_review,identity_unverifiable,confirmed,official_catalog_and_pdf,not_imported,,https://wdown.ebsi.co.kr/W61001/01exam/201209042/s_yrnss_hsj.pdf
2012,2,9,school_mock,social,korean-geography,question,manual_review,identity_unverifiable,confirmed,official_catalog_and_pdf,not_imported,,https://wdown.ebsi.co.kr/W61001/01exam/201209042/s_hanji_mun.pdf
2012,2,9,school_mock,social,korean-geography,solution,manual_review,identity_unverifiable,confirmed,official_catalog_and_pdf,not_imported,,https://wdown.ebsi.co.kr/W61001/01exam/201209042/s_hanji_hsj.pdf
2012,2,9,school_mock,social,life-and-ethics-general,question,manual_review,identity_unverifiable,confirmed,official_catalog_and_pdf,not_imported,,https://wdown.ebsi.co.kr/W61001/01exam/201209042/s_ssnyr_mun.pdf
2012,2,9,school_mock,social,life-and-ethics-general,solution,manual_review,identity_unverifiable,confirmed,official_catalog_and_pdf,not_imported,,https://wdown.ebsi.co.kr/W61001/01exam/201209042/s_ssnyr_hsj.pdf
2012,2,9,school_mock,social,politics-and-law,question,manual_review,identity_unverifiable,confirmed,official_catalog_and_pdf,not_imported,,https://wdown.ebsi.co.kr/W61001/01exam/201209042/s_bnj_mun.pdf
2012,2,9,school_mock,social,politics-and-law,solution,manual_review,identity_unverifiable,confirmed,official_catalog_and_pdf,not_imported,,https://wdown.ebsi.co.kr/W61001/01exam/201209042/s_bnj_hsj.pdf
2012,2,9,school_mock,social,social-culture,question,manual_review,identity_unverifiable,confirmed,official_catalog_and_pdf,not_imported,,https://wdown.ebsi.co.kr/W61001/01exam/201209042/s_samun_mun.pdf
2012,2,9,school_mock,social,social-culture,solution,manual_review,identity_unverifiable,confirmed,official_catalog_and_pdf,not_imported,,https://wdown.ebsi.co.kr/W61001/01exam/201209042/s_samun_hsj.pdf
2012,2,9,school_mock,social,world-geography,question,manual_review,identity_unverifiable,confirmed,official_catalog_and_pdf,not_imported,,https://wdown.ebsi.co.kr/W61001/01exam/201209042/s_saeji_mun.pdf
2012,2,9,school_mock,social,world-geography,solution,manual_review,identity_unverifiable,confirmed,official_catalog_and_pdf,not_imported,,https://wdown.ebsi.co.kr/W61001/01exam/201209042/s_saeji_hsj.pdf
2012,2,9,school_mock,social,world-history,question,manual_review,identity_unverifiable,confirmed,official_catalog_and_pdf,not_imported,,https://wdown.ebsi.co.kr/W61001/01exam/201209042/s_sks_mun.pdf
2012,2,9,school_mock,social,world-history,solution,manual_review,identity_unverifiable,confirmed,official_catalog_and_pdf,not_imported,,https://wdown.ebsi.co.kr/W61001/01exam/201209042/s_sks_hsj.pdf
2012,2,9,school_mock,science,chemistry-1,question,manual_review,identity_unverifiable,confirmed,official_catalog_and_pdf,not_imported,,https://wdown.ebsi.co.kr/W61001/01exam/201209042/g_che1_mun.pdf
2012,2,9,school_mock,science,chemistry-1,solution,manual_review,identity_unverifiable,confirmed,official_catalog_and_pdf,not_imported,,https://wdown.ebsi.co.kr/W61001/01exam/201209042/g_che1_hsj.pdf
2012,2,9,school_mock,science,earth-science-1,question,manual_review,identity_unverifiable,confirmed,official_catalog_and_pdf,not_imported,,https://wdown.ebsi.co.kr/W61001/01exam/201209042/g_ear1_mun.pdf
2012,2,9,school_mock,science,earth-science-1,solution,manual_review,identity_unverifiable,confirmed,official_catalog_and_pdf,not_imported,,https://wdown.ebsi.co.kr/W61001/01exam/201209042/g_ear1_hsj.pdf
2012,2,9,school_mock,science,life-science-1,question,manual_review,identity_unverifiable,confirmed,official_catalog_and_pdf,not_imported,,https://wdown.ebsi.co.kr/W61001/01exam/201209042/g_bio1_mun.pdf
2012,2,9,school_mock,science,life-science-1,solution,manual_review,identity_unverifiable,confirmed,official_catalog_and_pdf,not_imported,,https://wdown.ebsi.co.kr/W61001/01exam/201209042/g_bio1_hsj.pdf
2012,2,9,school_mock,science,physics-1,question,manual_review,identity_unverifiable,confirmed,official_catalog_and_pdf,not_imported,,https://wdown.ebsi.co.kr/W61001/01exam/201209042/g_phy1_mun.pdf
2012,2,9,school_mock,science,physics-1,solution,manual_review,identity_unverifiable,confirmed,official_catalog_and_pdf,not_imported,,https://wdown.ebsi.co.kr/W61001/01exam/201209042/g_phy1_hsj.pdf
2012,2,11,school_mock,korean,korean-a,question,manual_review,identity_unverifiable,confirmed,official_catalog_and_pdf,not_imported,,https://wdown.ebsi.co.kr/W61001/01exam/201211142/kora_mun.pdf
2012,2,11,school_mock,korean,korean-a,solution,manual_review,identity_unverifiable,confirmed,official_catalog_and_pdf,not_imported,,https://wdown.ebsi.co.kr/W61001/01exam/201211142/kora_hsj.pdf
2012,2,11,school_mock,korean,korean-b,question,manual_review,identity_unverifiable,confirmed,official_catalog_and_pdf,not_imported,,https://wdown.ebsi.co.kr/W61001/01exam/201211142/korb_mun.pdf
2012,2,11,school_mock,korean,korean-b,solution,manual_review,identity_unverifiable,confirmed,official_catalog_and_pdf,not_imported,,https://wdown.ebsi.co.kr/W61001/01exam/201211142/korb_hsj.pdf
2012,2,11,school_mock,math,math-a,question,manual_review,identity_unverifiable,confirmed,official_catalog_and_pdf,not_imported,,https://wdown.ebsi.co.kr/W61001/01exam/201211142/matha_mun.pdf
2012,2,11,school_mock,math,math-a,solution,manual_review,identity_unverifiable,confirmed,official_catalog_and_pdf,not_imported,,https://wdown.ebsi.co.kr/W61001/01exam/201211142/matha_hsj.pdf
2012,2,11,school_mock,math,math-b,question,manual_review,identity_unverifiable,confirmed,official_catalog_and_pdf,not_imported,,https://wdown.ebsi.co.kr/W61001/01exam/201211142/mathb_mun.pdf
2012,2,11,school_mock,math,math-b,solution,manual_review,identity_unverifiable,confirmed,official_catalog_and_pdf,not_imported,,https://wdown.ebsi.co.kr/W61001/01exam/201211142/mathb_hsj.pdf
2012,2,11,school_mock,english,english-a,question,manual_review,identity_unverifiable,confirmed,official_catalog_and_pdf,not_imported,,https://wdown.ebsi.co.kr/W61001/01exam/201211142/enga_mun.pdf
2012,2,11,school_mock,english,english-a,solution,manual_review,identity_unverifiable,confirmed,official_catalog_and_pdf,not_imported,,https://wdown.ebsi.co.kr/W61001/01exam/201211142/enga_hsj.pdf
2012,2,11,school_mock,english,english-b,question,manual_review,identity_unverifiable,confirmed,official_catalog_and_pdf,not_imported,,https://wdown.ebsi.co.kr/W61001/01exam/201211142/engb_mun.pdf
2012,2,11,school_mock,english,english-b,solution,manual_review,identity_unverifiable,confirmed,official_catalog_and_pdf,not_imported,,https://wdown.ebsi.co.kr/W61001/01exam/201211142/engb_hsj.pdf
2012,2,11,school_mock,history,,question,manual_review,identity_unverifiable,confirmed,official_catalog_and_pdf,not_imported,,https://wdown.ebsi.co.kr/W61001/01exam/201211142/s_his_mun.pdf
2012,2,11,school_mock,history,,solution,manual_review,identity_unverifiable,confirmed,official_catalog_and_pdf,not_imported,,https://wdown.ebsi.co.kr/W61001/01exam/201211142/s_his_hsj.pdf
2012,2,11,school_mock,social,east-asian-history,question,manual_review,identity_unverifiable,confirmed,official_catalog_and_pdf,not_imported,,https://wdown.ebsi.co.kr/W61001/01exam/201211142/s_easta_mun.pdf
2012,2,11,school_mock,social,east-asian-history,solution,manual_review,identity_unverifiable,confirmed,official_catalog_and_pdf,not_imported,,https://wdown.ebsi.co.kr/W61001/01exam/201211142/s_easta_hsj.pdf
2012,2,11,school_mock,social,economics,question,manual_review,identity_unverifiable,confirmed,official_catalog_and_pdf,not_imported,,https://wdown.ebsi.co.kr/W61001/01exam/201211142/s_eco_mun.pdf
2012,2,11,school_mock,social,economics,solution,manual_review,identity_unverifiable,confirmed,official_catalog_and_pdf,not_imported,,https://wdown.ebsi.co.kr/W61001/01exam/201211142/s_eco_hsj.pdf
2012,2,11,school_mock,social,ethics-and-thought,question,manual_review,identity_unverifiable,confirmed,official_catalog_and_pdf,not_imported,,https://wdown.ebsi.co.kr/W61001/01exam/201211142/s_yrnss_mun.pdf
2012,2,11,school_mock,social,ethics-and-thought,solution,manual_review,identity_unverifiable,confirmed,official_catalog_and_pdf,not_imported,,https://wdown.ebsi.co.kr/W61001/01exam/201211142/s_yrnss_hsj.pdf
2012,2,11,school_mock,social,korean-geography,question,manual_review,identity_unverifiable,confirmed,official_catalog_and_pdf,not_imported,,https://wdown.ebsi.co.kr/W61001/01exam/201211142/s_hanji_mun.pdf
2012,2,11,school_mock,social,korean-geography,solution,manual_review,identity_unverifiable,confirmed,official_catalog_and_pdf,not_imported,,https://wdown.ebsi.co.kr/W61001/01exam/201211142/s_hanji_hsj.pdf
2012,2,11,school_mock,social,life-and-ethics-general,question,manual_review,identity_unverifiable,confirmed,official_catalog_and_pdf,not_imported,,https://wdown.ebsi.co.kr/W61001/01exam/201211142/s_ssnyr_mun.pdf
2012,2,11,school_mock,social,life-and-ethics-general,solution,manual_review,identity_unverifiable,confirmed,official_catalog_and_pdf,not_imported,,https://wdown.ebsi.co.kr/W61001/01exam/201211142/s_ssnyr_hsj.pdf
2012,2,11,school_mock,social,politics-and-law,question,manual_review,identity_unverifiable,confirmed,official_catalog_and_pdf,not_imported,,https://wdown.ebsi.co.kr/W61001/01exam/201211142/s_bnj_mun.pdf
2012,2,11,school_mock,social,politics-and-law,solution,manual_review,identity_unverifiable,confirmed,official_catalog_and_pdf,not_imported,,https://wdown.ebsi.co.kr/W61001/01exam/201211142/s_bnj_hsj.pdf
2012,2,11,school_mock,social,social-culture,question,manual_review,identity_unverifiable,confirmed,official_catalog_and_pdf,not_imported,,https://wdown.ebsi.co.kr/W61001/01exam/201211142/s_samun_mun.pdf
2012,2,11,school_mock,social,social-culture,solution,manual_review,identity_unverifiable,confirmed,official_catalog_and_pdf,not_imported,,https://wdown.ebsi.co.kr/W61001/01exam/201211142/s_samun_hsj.pdf
2012,2,11,school_mock,social,world-geography,question,manual_review,identity_unverifiable,confirmed,official_catalog_and_pdf,not_imported,,https://wdown.ebsi.co.kr/W61001/01exam/201211142/s_saeji_mun.pdf
2012,2,11,school_mock,social,world-geography,solution,manual_review,identity_unverifiable,confirmed,official_catalog_and_pdf,not_imported,,https://wdown.ebsi.co.kr/W61001/01exam/201211142/s_saeji_hsj.pdf
2012,2,11,school_mock,social,world-history,question,manual_review,identity_unverifiable,confirmed,official_catalog_and_pdf,not_imported,,https://wdown.ebsi.co.kr/W61001/01exam/201211142/s_sks_mun.pdf
2012,2,11,school_mock,social,world-history,solution,manual_review,identity_unverifiable,confirmed,official_catalog_and_pdf,not_imported,,https://wdown.ebsi.co.kr/W61001/01exam/201211142/s_sks_hsj.pdf
2012,2,11,school_mock,science,chemistry-1,question,manual_review,identity_unverifiable,confirmed,official_catalog_and_pdf,not_imported,,https://wdown.ebsi.co.kr/W61001/01exam/201211142/g_che1_mun.pdf
2012,2,11,school_mock,science,chemistry-1,solution,manual_review,identity_unverifiable,confirmed,official_catalog_and_pdf,not_imported,,https://wdown.ebsi.co.kr/W61001/01exam/201211142/g_che1_hsj.pdf
2012,2,11,school_mock,science,earth-science-1,question,manual_review,identity_unverifiable,confirmed,official_catalog_and_pdf,not_imported,,https://wdown.ebsi.co.kr/W61001/01exam/201211142/g_ear1_mun.pdf
2012,2,11,school_mock,science,earth-science-1,solution,manual_review,identity_unverifiable,confirmed,official_catalog_and_pdf,not_imported,,https://wdown.ebsi.co.kr/W61001/01exam/201211142/g_ear1_hsj.pdf
2012,2,11,school_mock,science,life-science-1,question,manual_review,identity_unverifiable,confirmed,official_catalog_and_pdf,not_imported,,https://wdown.ebsi.co.kr/W61001/01exam/201211142/g_bio1_mun.pdf
2012,2,11,school_mock,science,life-science-1,solution,manual_review,identity_unverifiable,confirmed,official_catalog_and_pdf,not_imported,,https://wdown.ebsi.co.kr/W61001/01exam/201211142/g_bio1_hsj.pdf
2012,2,11,school_mock,science,physics-1,question,manual_review,identity_unverifiable,confirmed,official_catalog_and_pdf,not_imported,,https://wdown.ebsi.co.kr/W61001/01exam/201211142/g_phy1_mun.pdf
2012,2,11,school_mock,science,physics-1,solution,manual_review,identity_unverifiable,confirmed,official_catalog_and_pdf,not_imported,,https://wdown.ebsi.co.kr/W61001/01exam/201211142/g_phy1_hsj.pdf
2012,2,11,school_mock,vocational,agriculture-bio-industry,question,manual_review,identity_unverifiable,confirmed,official_catalog_and_pdf,not_imported,,https://wdown.ebsi.co.kr/W61001/01exam/201211142/J_nsmsup_mun.pdf
2012,2,11,school_mock,vocational,agriculture-bio-industry,solution,manual_review,identity_unverifiable,confirmed,official_catalog_and_pdf,not_imported,,https://wdown.ebsi.co.kr/W61001/01exam/201211142/J_nsmsup_hsj.pdf
2012,2,11,school_mock,vocational,commerce-information,question,manual_review,identity_unverifiable,confirmed,official_catalog_and_pdf,not_imported,,https://wdown.ebsi.co.kr/W61001/01exam/201211142/J_supjb_mun.pdf
2012,2,11,school_mock,vocational,commerce-information,solution,manual_review,identity_unverifiable,confirmed,official_catalog_and_pdf,not_imported,,https://wdown.ebsi.co.kr/W61001/01exam/201211142/J_supjb_hsj.pdf
2012,2,11,school_mock,vocational,fisheries-shipping,question,manual_review,identity_unverifiable,confirmed,official_catalog_and_pdf,not_imported,,https://wdown.ebsi.co.kr/W61001/01exam/201211142/J_ssnw_mun.pdf
2012,2,11,school_mock,vocational,fisheries-shipping,solution,manual_review,identity_unverifiable,confirmed,official_catalog_and_pdf,not_imported,,https://wdown.ebsi.co.kr/W61001/01exam/201211142/J_ssnw_hsj.pdf
2012,2,11,school_mock,vocational,home-economics-industry,question,manual_review,identity_unverifiable,confirmed,official_catalog_and_pdf,not_imported,,https://wdown.ebsi.co.kr/W61001/01exam/201211142/J_gsnsup_mun.pdf
2012,2,11,school_mock,vocational,home-economics-industry,solution,manual_review,identity_unverifiable,confirmed,official_catalog_and_pdf,not_imported,,https://wdown.ebsi.co.kr/W61001/01exam/201211142/J_gsnsup_hsj.pdf
2012,2,11,school_mock,vocational,industry,question,manual_review,identity_unverifiable,confirmed,official_catalog_and_pdf,not_imported,,https://wdown.ebsi.co.kr/W61001/01exam/201211142/J_gup_mun.pdf
2012,2,11,school_mock,vocational,industry,solution,manual_review,identity_unverifiable,confirmed,official_catalog_and_pdf,not_imported,,https://wdown.ebsi.co.kr/W61001/01exam/201211142/J_gup_hsj.pdf
2012,2,11,school_mock,second_language,chinese-1,question,manual_review,identity_unverifiable,confirmed,official_catalog_and_pdf,not_imported,,https://wdown.ebsi.co.kr/W61001/01exam/201211142/2nd_ch1_mun.pdf
2012,2,11,school_mock,second_language,chinese-1,solution,manual_review,identity_unverifiable,confirmed,official_catalog_and_pdf,not_imported,,https://wdown.ebsi.co.kr/W61001/01exam/201211142/2nd_ch1_hsj.pdf
2012,2,11,school_mock,second_language,classical-chinese-1,question,manual_review,identity_unverifiable,confirmed,official_catalog_and_pdf,not_imported,,https://wdown.ebsi.co.kr/W61001/01exam/201211142/2nd_han_mun.pdf
2012,2,11,school_mock,second_language,classical-chinese-1,solution,manual_review,identity_unverifiable,confirmed,official_catalog_and_pdf,not_imported,,https://wdown.ebsi.co.kr/W61001/01exam/201211142/2nd_han_hsj.pdf
2012,2,11,school_mock,second_language,french-1,question,manual_review,identity_unverifiable,confirmed,official_catalog_and_pdf,not_imported,,https://wdown.ebsi.co.kr/W61001/01exam/201211142/2nd_fr1_mun.pdf
2012,2,11,school_mock,second_language,french-1,solution,manual_review,identity_unverifiable,confirmed,official_catalog_and_pdf,not_imported,,https://wdown.ebsi.co.kr/W61001/01exam/201211142/2nd_fr1_hsj.pdf
2012,2,11,school_mock,second_language,german-1,question,manual_review,identity_unverifiable,confirmed,official_catalog_and_pdf,not_imported,,https://wdown.ebsi.co.kr/W61001/01exam/201211142/2nd_gr1_mun.pdf
2012,2,11,school_mock,second_language,german-1,solution,manual_review,identity_unverifiable,confirmed,official_catalog_and_pdf,not_imported,,https://wdown.ebsi.co.kr/W61001/01exam/201211142/2nd_gr1_hsj.pdf
2012,2,11,school_mock,second_language,japanese-1,question,manual_review,identity_unverifiable,confirmed,official_catalog_and_pdf,not_imported,,https://wdown.ebsi.co.kr/W61001/01exam/201211142/2nd_ja1_mun.pdf
2012,2,11,school_mock,second_language,japanese-1,solution,manual_review,identity_unverifiable,confirmed,official_catalog_and_pdf,not_imported,,https://wdown.ebsi.co.kr/W61001/01exam/201211142/2nd_ja1_hsj.pdf
2012,2,11,school_mock,second_language,russian-1,question,manual_review,identity_unverifiable,confirmed,official_catalog_and_pdf,not_imported,,https://wdown.ebsi.co.kr/W61001/01exam/201211142/2nd_ru1_mun.pdf
2012,2,11,school_mock,second_language,russian-1,solution,manual_review,identity_unverifiable,confirmed,official_catalog_and_pdf,not_imported,,https://wdown.ebsi.co.kr/W61001/01exam/201211142/2nd_ru1_hsj.pdf
2012,2,11,school_mock,second_language,spanish-1,question,manual_review,identity_unverifiable,confirmed,official_catalog_and_pdf,not_imported,,https://wdown.ebsi.co.kr/W61001/01exam/201211142/2nd_sp1_mun.pdf
2012,2,11,school_mock,second_language,spanish-1,solution,manual_review,identity_unverifiable,confirmed,official_catalog_and_pdf,not_imported,,https://wdown.ebsi.co.kr/W61001/01exam/201211142/2nd_sp1_hsj.pdf
2012,3,3,school_mock,korean,korean-old,question,manual_review,identity_unverifiable,confirmed,official_catalog_and_pdf,not_imported,,https://wdown.ebsi.co.kr/W61001/01exam/201203143/kor_mun.pdf
2012,3,3,school_mock,korean,korean-old,solution,manual_review,identity_unverifiable,confirmed,official_catalog_and_pdf,not_imported,,https://wdown.ebsi.co.kr/W61001/01exam/201203143/kor_hsj.pdf
2012,3,3,school_mock,math,math-a,question,manual_review,identity_unverifiable,confirmed,official_catalog_and_pdf,not_imported,,https://wdown.ebsi.co.kr/W61001/01exam/201203143/mathga_mun.pdf
2012,3,3,school_mock,math,math-a,solution,manual_review,identity_unverifiable,confirmed,official_catalog_and_pdf,not_imported,,https://wdown.ebsi.co.kr/W61001/01exam/201203143/mathga_hsj.pdf
2012,3,3,school_mock,math,math-b,question,manual_review,identity_unverifiable,confirmed,official_catalog_and_pdf,not_imported,,https://wdown.ebsi.co.kr/W61001/01exam/201203143/mathna_mun.pdf
2012,3,3,school_mock,math,math-b,solution,manual_review,identity_unverifiable,confirmed,official_catalog_and_pdf,not_imported,,https://wdown.ebsi.co.kr/W61001/01exam/201203143/mathna_hsj.pdf
2012,3,3,school_mock,english,english-old,question,manual_review,identity_unverifiable,confirmed,official_catalog_and_pdf,not_imported,,https://wdown.ebsi.co.kr/W61001/01exam/201203143/eng_mun.pdf
2012,3,3,school_mock,english,english-old,solution,manual_review,identity_unverifiable,confirmed,official_catalog_and_pdf,not_imported,,https://wdown.ebsi.co.kr/W61001/01exam/201203143/eng_hsj.pdf
2012,3,3,school_mock,history,,question,manual_review,identity_unverifiable,confirmed,official_catalog_and_pdf,not_imported,,https://wdown.ebsi.co.kr/W61001/01exam/201203143/s_his_mun.pdf
2012,3,3,school_mock,history,,solution,manual_review,identity_unverifiable,confirmed,official_catalog_and_pdf,not_imported,,https://wdown.ebsi.co.kr/W61001/01exam/201203143/s_his_hsj.pdf
2012,3,3,school_mock,history,korean-modern-history,question,manual_review,identity_unverifiable,confirmed,official_catalog_and_pdf,not_imported,,https://wdown.ebsi.co.kr/W61001/01exam/201203143/s_hgh_mun.pdf
2012,3,3,school_mock,history,korean-modern-history,solution,manual_review,identity_unverifiable,confirmed,official_catalog_and_pdf,not_imported,,https://wdown.ebsi.co.kr/W61001/01exam/201203143/s_hgh_hsj.pdf
2012,3,3,school_mock,social,economic-geography,question,manual_review,identity_unverifiable,confirmed,official_catalog_and_pdf,not_imported,,https://wdown.ebsi.co.kr/W61001/01exam/201203143/s_kyaji_mun.pdf
2012,3,3,school_mock,social,economic-geography,solution,manual_review,identity_unverifiable,confirmed,official_catalog_and_pdf,not_imported,,https://wdown.ebsi.co.kr/W61001/01exam/201203143/s_kyaji_hsj.pdf
2012,3,3,school_mock,social,economics,question,manual_review,identity_unverifiable,confirmed,official_catalog_and_pdf,not_imported,,https://wdown.ebsi.co.kr/W61001/01exam/201203143/s_eco_mun.pdf
2012,3,3,school_mock,social,economics,solution,manual_review,identity_unverifiable,confirmed,official_catalog_and_pdf,not_imported,,https://wdown.ebsi.co.kr/W61001/01exam/201203143/s_eco_hsj.pdf
2012,3,3,school_mock,social,ethics,question,manual_review,identity_unverifiable,confirmed,official_catalog_and_pdf,not_imported,,https://wdown.ebsi.co.kr/W61001/01exam/201203143/s_eth_mun.pdf
2012,3,3,school_mock,social,ethics,solution,manual_review,identity_unverifiable,confirmed,official_catalog_and_pdf,not_imported,,https://wdown.ebsi.co.kr/W61001/01exam/201203143/s_eth_hsj.pdf
2012,3,3,school_mock,social,korean-geography,question,manual_review,identity_unverifiable,confirmed,official_catalog_and_pdf,not_imported,,https://wdown.ebsi.co.kr/W61001/01exam/201203143/s_hanji_mun.pdf
2012,3,3,school_mock,social,korean-geography,solution,manual_review,identity_unverifiable,confirmed,official_catalog_and_pdf,not_imported,,https://wdown.ebsi.co.kr/W61001/01exam/201203143/s_hanji_hsj.pdf
2012,3,3,school_mock,social,law-and-society,question,missing,official_catalog_url_returns_404,confirmed,official_catalog_and_pdf,not_imported,,https://wdown.ebsi.co.kr/W61001/01exam/201203143/s_bns_mun.pdf
2012,3,3,school_mock,social,law-and-society,solution,missing,official_catalog_url_returns_404,confirmed,official_catalog_and_pdf,not_imported,,https://wdown.ebsi.co.kr/W61001/01exam/201203143/s_bns_hsj.pdf
2012,3,3,school_mock,social,politics,question,manual_review,identity_unverifiable,confirmed,official_catalog_and_pdf,not_imported,,https://wdown.ebsi.co.kr/W61001/01exam/201203143/s_pol_mun.pdf
2012,3,3,school_mock,social,politics,solution,manual_review,identity_unverifiable,confirmed,official_catalog_and_pdf,not_imported,,https://wdown.ebsi.co.kr/W61001/01exam/201203143/s_pol_hsj.pdf
2012,3,3,school_mock,social,social-culture,question,manual_review,identity_unverifiable,confirmed,official_catalog_and_pdf,not_imported,,https://wdown.ebsi.co.kr/W61001/01exam/201203143/s_samun_mun.pdf
2012,3,3,school_mock,social,social-culture,solution,manual_review,identity_unverifiable,confirmed,official_catalog_and_pdf,not_imported,,https://wdown.ebsi.co.kr/W61001/01exam/201203143/s_samun_hsj.pdf
2012,3,3,school_mock,social,world-geography,question,manual_review,identity_unverifiable,confirmed,official_catalog_and_pdf,not_imported,,https://wdown.ebsi.co.kr/W61001/01exam/201203143/s_saeji_mun.pdf
2012,3,3,school_mock,social,world-geography,solution,manual_review,identity_unverifiable,confirmed,official_catalog_and_pdf,not_imported,,https://wdown.ebsi.co.kr/W61001/01exam/201203143/s_saeji_hsj.pdf
2012,3,3,school_mock,social,world-history,question,manual_review,identity_unverifiable,confirmed,official_catalog_and_pdf,not_imported,,https://wdown.ebsi.co.kr/W61001/01exam/201203143/s_sks_mun.pdf
2012,3,3,school_mock,social,world-history,solution,manual_review,identity_unverifiable,confirmed,official_catalog_and_pdf,not_imported,,https://wdown.ebsi.co.kr/W61001/01exam/201203143/s_sks_hsj.pdf
2012,3,3,school_mock,science,chemistry-1,question,manual_review,identity_unverifiable,confirmed,official_catalog_and_pdf,not_imported,,https://wdown.ebsi.co.kr/W61001/01exam/201203143/g_che_mun.pdf
2012,3,3,school_mock,science,chemistry-1,solution,manual_review,identity_unverifiable,confirmed,official_catalog_and_pdf,not_imported,,https://wdown.ebsi.co.kr/W61001/01exam/201203143/g_che_hsj.pdf
2012,3,3,school_mock,science,earth-science-1,question,manual_review,identity_unverifiable,confirmed,official_catalog_and_pdf,not_imported,,https://wdown.ebsi.co.kr/W61001/01exam/201203143/g_ear_mun.pdf
2012,3,3,school_mock,science,earth-science-1,solution,manual_review,identity_unverifiable,confirmed,official_catalog_and_pdf,not_imported,,https://wdown.ebsi.co.kr/W61001/01exam/201203143/g_ear_hsj.pdf
2012,3,3,school_mock,science,life-science-1,question,manual_review,identity_unverifiable,confirmed,official_catalog_and_pdf,not_imported,,https://wdown.ebsi.co.kr/W61001/01exam/201203143/g_bio_mun.pdf
2012,3,3,school_mock,science,life-science-1,solution,manual_review,identity_unverifiable,confirmed,official_catalog_and_pdf,not_imported,,https://wdown.ebsi.co.kr/W61001/01exam/201203143/g_bio_hsj.pdf
2012,3,3,school_mock,science,physics-1,question,manual_review,identity_unverifiable,confirmed,official_catalog_and_pdf,not_imported,,https://wdown.ebsi.co.kr/W61001/01exam/201203143/g_phy_mun.pdf
2012,3,3,school_mock,science,physics-1,solution,manual_review,identity_unverifiable,confirmed,official_catalog_and_pdf,not_imported,,https://wdown.ebsi.co.kr/W61001/01exam/201203143/g_phy_hsj.pdf
2012,3,4,school_mock,korean,korean-old,question,manual_review,identity_unverifiable,confirmed,official_catalog_and_pdf,not_imported,,https://wdown.ebsi.co.kr/W61001/01exam/201204103/kor_mun.pdf
2012,3,4,school_mock,korean,korean-old,solution,manual_review,identity_unverifiable,confirmed,official_catalog_and_pdf,not_imported,,https://wdown.ebsi.co.kr/W61001/01exam/201204103/kor_hsj.pdf
2012,3,4,school_mock,math,math-a,question,manual_review,identity_unverifiable,confirmed,official_catalog_and_pdf,not_imported,,https://wdown.ebsi.co.kr/W61001/01exam/201204103/mathga_mun.pdf
2012,3,4,school_mock,math,math-a,solution,manual_review,identity_unverifiable,confirmed,official_catalog_and_pdf,not_imported,,https://wdown.ebsi.co.kr/W61001/01exam/201204103/mathga_hsj.pdf
2012,3,4,school_mock,math,math-b,question,manual_review,identity_unverifiable,confirmed,official_catalog_and_pdf,not_imported,,https://wdown.ebsi.co.kr/W61001/01exam/201204103/mathna_mun.pdf
2012,3,4,school_mock,math,math-b,solution,manual_review,identity_unverifiable,confirmed,official_catalog_and_pdf,not_imported,,https://wdown.ebsi.co.kr/W61001/01exam/201204103/mathna_hsj.pdf
2012,3,4,school_mock,english,english-old,question,manual_review,identity_unverifiable,confirmed,official_catalog_and_pdf,not_imported,,https://wdown.ebsi.co.kr/W61001/01exam/201204103/eng_mun.pdf
2012,3,4,school_mock,english,english-old,solution,manual_review,identity_unverifiable,confirmed,official_catalog_and_pdf,not_imported,,https://wdown.ebsi.co.kr/W61001/01exam/201204103/eng_hsj.pdf
2012,3,4,school_mock,history,,question,manual_review,identity_unverifiable,confirmed,official_catalog_and_pdf,not_imported,,https://wdown.ebsi.co.kr/W61001/01exam/201204103/s_his_mun.pdf
2012,3,4,school_mock,history,,solution,manual_review,identity_unverifiable,confirmed,official_catalog_and_pdf,not_imported,,https://wdown.ebsi.co.kr/W61001/01exam/201204103/s_his_hsj.pdf
2012,3,4,school_mock,history,korean-modern-history,question,manual_review,identity_unverifiable,confirmed,official_catalog_and_pdf,not_imported,,https://wdown.ebsi.co.kr/W61001/01exam/201204103/s_hgh_mun.pdf
2012,3,4,school_mock,history,korean-modern-history,solution,manual_review,identity_unverifiable,confirmed,official_catalog_and_pdf,not_imported,,https://wdown.ebsi.co.kr/W61001/01exam/201204103/s_hgh_hsj.pdf
2012,3,4,school_mock,social,economic-geography,question,manual_review,identity_unverifiable,confirmed,official_catalog_and_pdf,not_imported,,https://wdown.ebsi.co.kr/W61001/01exam/201204103/s_kyaji_mun.pdf
2012,3,4,school_mock,social,economic-geography,solution,manual_review,identity_unverifiable,confirmed,official_catalog_and_pdf,not_imported,,https://wdown.ebsi.co.kr/W61001/01exam/201204103/s_kyaji_hsj.pdf
2012,3,4,school_mock,social,economics,question,manual_review,identity_unverifiable,confirmed,official_catalog_and_pdf,not_imported,,https://wdown.ebsi.co.kr/W61001/01exam/201204103/s_eco_mun.pdf
2012,3,4,school_mock,social,economics,solution,manual_review,identity_unverifiable,confirmed,official_catalog_and_pdf,not_imported,,https://wdown.ebsi.co.kr/W61001/01exam/201204103/s_eco_hsj.pdf
2012,3,4,school_mock,social,ethics,question,manual_review,identity_unverifiable,confirmed,official_catalog_and_pdf,not_imported,,https://wdown.ebsi.co.kr/W61001/01exam/201204103/s_eth_mun.pdf
2012,3,4,school_mock,social,ethics,solution,manual_review,identity_unverifiable,confirmed,official_catalog_and_pdf,not_imported,,https://wdown.ebsi.co.kr/W61001/01exam/201204103/s_eth_hsj.pdf
2012,3,4,school_mock,social,korean-geography,question,manual_review,identity_unverifiable,confirmed,official_catalog_and_pdf,not_imported,,https://wdown.ebsi.co.kr/W61001/01exam/201204103/s_hanji_mun.pdf
2012,3,4,school_mock,social,korean-geography,solution,manual_review,identity_unverifiable,confirmed,official_catalog_and_pdf,not_imported,,https://wdown.ebsi.co.kr/W61001/01exam/201204103/s_hanji_hsj.pdf
2012,3,4,school_mock,social,law-and-society,question,missing,official_catalog_url_returns_404,confirmed,official_catalog_and_pdf,not_imported,,https://wdown.ebsi.co.kr/W61001/01exam/201204103/s_bns_mun.pdf
2012,3,4,school_mock,social,law-and-society,solution,missing,official_catalog_url_returns_404,confirmed,official_catalog_and_pdf,not_imported,,https://wdown.ebsi.co.kr/W61001/01exam/201204103/s_bns_hsj.pdf
2012,3,4,school_mock,social,politics,question,manual_review,identity_unverifiable,confirmed,official_catalog_and_pdf,not_imported,,https://wdown.ebsi.co.kr/W61001/01exam/201204103/s_pol_mun.pdf
2012,3,4,school_mock,social,politics,solution,manual_review,identity_unverifiable,confirmed,official_catalog_and_pdf,not_imported,,https://wdown.ebsi.co.kr/W61001/01exam/201204103/s_pol_hsj.pdf
2012,3,4,school_mock,social,social-culture,question,manual_review,identity_unverifiable,confirmed,official_catalog_and_pdf,not_imported,,https://wdown.ebsi.co.kr/W61001/01exam/201204103/s_samun_mun.pdf
2012,3,4,school_mock,social,social-culture,solution,manual_review,identity_unverifiable,confirmed,official_catalog_and_pdf,not_imported,,https://wdown.ebsi.co.kr/W61001/01exam/201204103/s_samun_hsj.pdf
2012,3,4,school_mock,social,world-geography,question,manual_review,identity_unverifiable,confirmed,official_catalog_and_pdf,not_imported,,https://wdown.ebsi.co.kr/W61001/01exam/201204103/s_saeji_mun.pdf
2012,3,4,school_mock,social,world-geography,solution,manual_review,identity_unverifiable,confirmed,official_catalog_and_pdf,not_imported,,https://wdown.ebsi.co.kr/W61001/01exam/201204103/s_saeji_hsj.pdf
2012,3,4,school_mock,social,world-history,question,manual_review,identity_unverifiable,confirmed,official_catalog_and_pdf,not_imported,,https://wdown.ebsi.co.kr/W61001/01exam/201204103/s_sks_mun.pdf
2012,3,4,school_mock,social,world-history,solution,manual_review,identity_unverifiable,confirmed,official_catalog_and_pdf,not_imported,,https://wdown.ebsi.co.kr/W61001/01exam/201204103/s_sks_hsj.pdf
2012,3,4,school_mock,science,chemistry-1,question,manual_review,identity_unverifiable,confirmed,official_catalog_and_pdf,not_imported,,https://wdown.ebsi.co.kr/W61001/01exam/201204103/g_che1_mun.pdf
2012,3,4,school_mock,science,chemistry-1,solution,manual_review,identity_unverifiable,confirmed,official_catalog_and_pdf,not_imported,,https://wdown.ebsi.co.kr/W61001/01exam/201204103/g_che1_hsj.pdf
2012,3,4,school_mock,science,chemistry-2,question,manual_review,identity_unverifiable,confirmed,official_catalog_and_pdf,not_imported,,https://wdown.ebsi.co.kr/W61001/01exam/201204103/g_che2_mun.pdf
2012,3,4,school_mock,science,chemistry-2,solution,manual_review,identity_unverifiable,confirmed,official_catalog_and_pdf,not_imported,,https://wdown.ebsi.co.kr/W61001/01exam/201204103/g_che2_hsj.pdf
2012,3,4,school_mock,science,earth-science-1,question,manual_review,identity_unverifiable,confirmed,official_catalog_and_pdf,not_imported,,https://wdown.ebsi.co.kr/W61001/01exam/201204103/g_ear1_mun.pdf
2012,3,4,school_mock,science,earth-science-1,solution,manual_review,identity_unverifiable,confirmed,official_catalog_and_pdf,not_imported,,https://wdown.ebsi.co.kr/W61001/01exam/201204103/g_ear1_hsj.pdf
2012,3,4,school_mock,science,earth-science-2,question,manual_review,identity_unverifiable,confirmed,official_catalog_and_pdf,not_imported,,https://wdown.ebsi.co.kr/W61001/01exam/201204103/g_ear2_mun.pdf
2012,3,4,school_mock,science,earth-science-2,solution,manual_review,identity_unverifiable,confirmed,official_catalog_and_pdf,not_imported,,https://wdown.ebsi.co.kr/W61001/01exam/201204103/g_ear2_hsj.pdf
2012,3,4,school_mock,science,life-science-1,question,manual_review,identity_unverifiable,confirmed,official_catalog_and_pdf,not_imported,,https://wdown.ebsi.co.kr/W61001/01exam/201204103/g_bio1_mun.pdf
2012,3,4,school_mock,science,life-science-1,solution,manual_review,identity_unverifiable,confirmed,official_catalog_and_pdf,not_imported,,https://wdown.ebsi.co.kr/W61001/01exam/201204103/g_bio1_hsj.pdf
2012,3,4,school_mock,science,life-science-2,question,manual_review,identity_unverifiable,confirmed,official_catalog_and_pdf,not_imported,,https://wdown.ebsi.co.kr/W61001/01exam/201204103/g_bio2_mun.pdf
2012,3,4,school_mock,science,life-science-2,solution,manual_review,identity_unverifiable,confirmed,official_catalog_and_pdf,not_imported,,https://wdown.ebsi.co.kr/W61001/01exam/201204103/g_bio2_hsj.pdf
2012,3,4,school_mock,science,physics-1,question,manual_review,identity_unverifiable,confirmed,official_catalog_and_pdf,not_imported,,https://wdown.ebsi.co.kr/W61001/01exam/201204103/g_phy1_mun.pdf
2012,3,4,school_mock,science,physics-1,solution,manual_review,identity_unverifiable,confirmed,official_catalog_and_pdf,not_imported,,https://wdown.ebsi.co.kr/W61001/01exam/201204103/g_phy1_hsj.pdf
2012,3,4,school_mock,science,physics-2,question,manual_review,identity_unverifiable,confirmed,official_catalog_and_pdf,not_imported,,https://wdown.ebsi.co.kr/W61001/01exam/201204103/g_phy2_mun.pdf
2012,3,4,school_mock,science,physics-2,solution,manual_review,identity_unverifiable,confirmed,official_catalog_and_pdf,not_imported,,https://wdown.ebsi.co.kr/W61001/01exam/201204103/g_phy2_hsj.pdf
2012,3,6,kice_mock,korean,korean-old,question,manual_review,identity_unverifiable,confirmed,official_catalog_and_pdf,not_imported,,https://wdown.ebsi.co.kr/W61001/01exam/201206073/kor_mun.pdf
2012,3,6,kice_mock,korean,korean-old,solution,manual_review,identity_unverifiable,confirmed,official_catalog_and_pdf,not_imported,,https://wdown.ebsi.co.kr/W61001/01exam/201206073/kor_hsj.pdf
2012,3,6,kice_mock,math,math-a,question,manual_review,identity_unverifiable,confirmed,official_catalog_and_pdf,not_imported,,https://wdown.ebsi.co.kr/W61001/01exam/201206073/mathga_mun.pdf
2012,3,6,kice_mock,math,math-a,solution,manual_review,identity_unverifiable,confirmed,official_catalog_and_pdf,not_imported,,https://wdown.ebsi.co.kr/W61001/01exam/201206073/mathga_hsj.pdf
2012,3,6,kice_mock,math,math-b,question,manual_review,identity_unverifiable,confirmed,official_catalog_and_pdf,not_imported,,https://wdown.ebsi.co.kr/W61001/01exam/201206073/mathna_mun.pdf
2012,3,6,kice_mock,math,math-b,solution,manual_review,identity_unverifiable,confirmed,official_catalog_and_pdf,not_imported,,https://wdown.ebsi.co.kr/W61001/01exam/201206073/mathna_hsj.pdf
2012,3,6,kice_mock,english,english-old,question,manual_review,identity_unverifiable,confirmed,official_catalog_and_pdf,not_imported,,https://wdown.ebsi.co.kr/W61001/01exam/201206073/eng_mun.pdf
2012,3,6,kice_mock,english,english-old,solution,manual_review,identity_unverifiable,confirmed,official_catalog_and_pdf,not_imported,,https://wdown.ebsi.co.kr/W61001/01exam/201206073/eng_hsj.pdf
2012,3,6,kice_mock,history,,question,manual_review,identity_unverifiable,confirmed,official_catalog_and_pdf,not_imported,,https://wdown.ebsi.co.kr/W61001/01exam/201206073/s_his_mun.pdf
2012,3,6,kice_mock,history,,solution,manual_review,identity_unverifiable,confirmed,official_catalog_and_pdf,not_imported,,https://wdown.ebsi.co.kr/W61001/01exam/201206073/s_his_hsj.pdf
2012,3,6,kice_mock,history,korean-modern-history,question,manual_review,identity_unverifiable,confirmed,official_catalog_and_pdf,not_imported,,https://wdown.ebsi.co.kr/W61001/01exam/201206073/s_hgh_mun.pdf
2012,3,6,kice_mock,history,korean-modern-history,solution,manual_review,identity_unverifiable,confirmed,official_catalog_and_pdf,not_imported,,https://wdown.ebsi.co.kr/W61001/01exam/201206073/s_hgh_hsj.pdf
2012,3,6,kice_mock,social,economic-geography,question,manual_review,identity_unverifiable,confirmed,official_catalog_and_pdf,not_imported,,https://wdown.ebsi.co.kr/W61001/01exam/201206073/s_kyaji_mun.pdf
2012,3,6,kice_mock,social,economic-geography,solution,manual_review,identity_unverifiable,confirmed,official_catalog_and_pdf,not_imported,,https://wdown.ebsi.co.kr/W61001/01exam/201206073/s_kyaji_hsj.pdf
2012,3,6,kice_mock,social,economics,question,manual_review,identity_unverifiable,confirmed,official_catalog_and_pdf,not_imported,,https://wdown.ebsi.co.kr/W61001/01exam/201206073/s_eco_mun.pdf
2012,3,6,kice_mock,social,economics,solution,manual_review,identity_unverifiable,confirmed,official_catalog_and_pdf,not_imported,,https://wdown.ebsi.co.kr/W61001/01exam/201206073/s_eco_hsj.pdf
2012,3,6,kice_mock,social,ethics,question,manual_review,identity_unverifiable,confirmed,official_catalog_and_pdf,not_imported,,https://wdown.ebsi.co.kr/W61001/01exam/201206073/s_eth_mun.pdf
2012,3,6,kice_mock,social,ethics,solution,manual_review,identity_unverifiable,confirmed,official_catalog_and_pdf,not_imported,,https://wdown.ebsi.co.kr/W61001/01exam/201206073/s_eth_hsj.pdf
2012,3,6,kice_mock,social,korean-geography,question,manual_review,identity_unverifiable,confirmed,official_catalog_and_pdf,not_imported,,https://wdown.ebsi.co.kr/W61001/01exam/201206073/s_hanji_mun.pdf
2012,3,6,kice_mock,social,korean-geography,solution,manual_review,identity_unverifiable,confirmed,official_catalog_and_pdf,not_imported,,https://wdown.ebsi.co.kr/W61001/01exam/201206073/s_hanji_hsj.pdf
2012,3,6,kice_mock,social,law-and-society,question,missing,official_catalog_url_returns_404,confirmed,official_catalog_and_pdf,not_imported,,https://wdown.ebsi.co.kr/W61001/01exam/201206073/s_bns_mun.pdf
2012,3,6,kice_mock,social,law-and-society,solution,missing,official_catalog_url_returns_404,confirmed,official_catalog_and_pdf,not_imported,,https://wdown.ebsi.co.kr/W61001/01exam/201206073/s_bns_hsj.pdf
2012,3,6,kice_mock,social,politics,question,manual_review,identity_unverifiable,confirmed,official_catalog_and_pdf,not_imported,,https://wdown.ebsi.co.kr/W61001/01exam/201206073/s_pol_mun.pdf
2012,3,6,kice_mock,social,politics,solution,manual_review,identity_unverifiable,confirmed,official_catalog_and_pdf,not_imported,,https://wdown.ebsi.co.kr/W61001/01exam/201206073/s_pol_hsj.pdf
2012,3,6,kice_mock,social,social-culture,question,manual_review,identity_unverifiable,confirmed,official_catalog_and_pdf,not_imported,,https://wdown.ebsi.co.kr/W61001/01exam/201206073/s_samun_mun.pdf
2012,3,6,kice_mock,social,social-culture,solution,manual_review,identity_unverifiable,confirmed,official_catalog_and_pdf,not_imported,,https://wdown.ebsi.co.kr/W61001/01exam/201206073/s_samun_hsj.pdf
2012,3,6,kice_mock,social,world-geography,question,manual_review,identity_unverifiable,confirmed,official_catalog_and_pdf,not_imported,,https://wdown.ebsi.co.kr/W61001/01exam/201206073/s_saeji_mun.pdf
2012,3,6,kice_mock,social,world-geography,solution,manual_review,identity_unverifiable,confirmed,official_catalog_and_pdf,not_imported,,https://wdown.ebsi.co.kr/W61001/01exam/201206073/s_saeji_hsj.pdf
2012,3,6,kice_mock,social,world-history,question,manual_review,identity_unverifiable,confirmed,official_catalog_and_pdf,not_imported,,https://wdown.ebsi.co.kr/W61001/01exam/201206073/s_sks_mun.pdf
2012,3,6,kice_mock,social,world-history,solution,manual_review,identity_unverifiable,confirmed,official_catalog_and_pdf,not_imported,,https://wdown.ebsi.co.kr/W61001/01exam/201206073/s_sks_hsj.pdf
2012,3,6,kice_mock,science,chemistry-1,question,manual_review,identity_unverifiable,confirmed,official_catalog_and_pdf,not_imported,,https://wdown.ebsi.co.kr/W61001/01exam/201206073/g_che1_mun.pdf
2012,3,6,kice_mock,science,chemistry-1,solution,manual_review,identity_unverifiable,confirmed,official_catalog_and_pdf,not_imported,,https://wdown.ebsi.co.kr/W61001/01exam/201206073/g_che1_hsj.pdf
2012,3,6,kice_mock,science,chemistry-2,question,manual_review,identity_unverifiable,confirmed,official_catalog_and_pdf,not_imported,,https://wdown.ebsi.co.kr/W61001/01exam/201206073/g_che2_mun.pdf
2012,3,6,kice_mock,science,chemistry-2,solution,manual_review,identity_unverifiable,confirmed,official_catalog_and_pdf,not_imported,,https://wdown.ebsi.co.kr/W61001/01exam/201206073/g_che2_hsj.pdf
2012,3,6,kice_mock,science,earth-science-1,question,manual_review,identity_unverifiable,confirmed,official_catalog_and_pdf,not_imported,,https://wdown.ebsi.co.kr/W61001/01exam/201206073/g_ear1_mun.pdf
2012,3,6,kice_mock,science,earth-science-1,solution,manual_review,identity_unverifiable,confirmed,official_catalog_and_pdf,not_imported,,https://wdown.ebsi.co.kr/W61001/01exam/201206073/g_ear1_hsj.pdf
2012,3,6,kice_mock,science,earth-science-2,question,manual_review,identity_unverifiable,confirmed,official_catalog_and_pdf,not_imported,,https://wdown.ebsi.co.kr/W61001/01exam/201206073/g_ear2_mun.pdf
2012,3,6,kice_mock,science,earth-science-2,solution,manual_review,identity_unverifiable,confirmed,official_catalog_and_pdf,not_imported,,https://wdown.ebsi.co.kr/W61001/01exam/201206073/g_ear2_hsj.pdf
2012,3,6,kice_mock,science,life-science-1,question,manual_review,identity_unverifiable,confirmed,official_catalog_and_pdf,not_imported,,https://wdown.ebsi.co.kr/W61001/01exam/201206073/g_bio1_mun.pdf
2012,3,6,kice_mock,science,life-science-1,solution,manual_review,identity_unverifiable,confirmed,official_catalog_and_pdf,not_imported,,https://wdown.ebsi.co.kr/W61001/01exam/201206073/g_bio1_hsj.pdf
2012,3,6,kice_mock,science,life-science-2,question,manual_review,identity_unverifiable,confirmed,official_catalog_and_pdf,not_imported,,https://wdown.ebsi.co.kr/W61001/01exam/201206073/g_bio2_mun.pdf
2012,3,6,kice_mock,science,life-science-2,solution,manual_review,identity_unverifiable,confirmed,official_catalog_and_pdf,not_imported,,https://wdown.ebsi.co.kr/W61001/01exam/201206073/g_bio2_hsj.pdf
2012,3,6,kice_mock,science,physics-1,question,manual_review,identity_unverifiable,confirmed,official_catalog_and_pdf,not_imported,,https://wdown.ebsi.co.kr/W61001/01exam/201206073/g_phy1_mun.pdf
2012,3,6,kice_mock,science,physics-1,solution,manual_review,identity_unverifiable,confirmed,official_catalog_and_pdf,not_imported,,https://wdown.ebsi.co.kr/W61001/01exam/201206073/g_phy1_hsj.pdf
2012,3,6,kice_mock,science,physics-2,question,manual_review,identity_unverifiable,confirmed,official_catalog_and_pdf,not_imported,,https://wdown.ebsi.co.kr/W61001/01exam/201206073/g_phy2_mun.pdf
2012,3,6,kice_mock,science,physics-2,solution,manual_review,identity_unverifiable,confirmed,official_catalog_and_pdf,not_imported,,https://wdown.ebsi.co.kr/W61001/01exam/201206073/g_phy2_hsj.pdf
2012,3,6,kice_mock,vocational,agriculture-information,question,manual_review,identity_unverifiable,confirmed,official_catalog_and_pdf,not_imported,,https://wdown.ebsi.co.kr/W61001/01exam/201206073/j_jic01_mun.pdf
2012,3,6,kice_mock,vocational,agriculture-information,solution,manual_review,identity_unverifiable,confirmed,official_catalog_and_pdf,not_imported,,https://wdown.ebsi.co.kr/W61001/01exam/201206073/j_jic01_hsj.pdf
2012,3,6,kice_mock,vocational,design-general,question,manual_review,identity_unverifiable,confirmed,official_catalog_and_pdf,not_imported,,https://wdown.ebsi.co.kr/W61001/01exam/201206073/j_jic02_mun.pdf
2012,3,6,kice_mock,vocational,design-general,solution,manual_review,identity_unverifiable,confirmed,official_catalog_and_pdf,not_imported,,https://wdown.ebsi.co.kr/W61001/01exam/201206073/j_jic02_hsj.pdf
2012,3,6,kice_mock,vocational,fisheries-general,question,manual_review,identity_unverifiable,confirmed,official_catalog_and_pdf,not_imported,,https://wdown.ebsi.co.kr/W61001/01exam/201206073/j_jic03_mun.pdf
2012,3,6,kice_mock,vocational,fisheries-general,solution,manual_review,identity_unverifiable,confirmed,official_catalog_and_pdf,not_imported,,https://wdown.ebsi.co.kr/W61001/01exam/201206073/j_jic03_hsj.pdf
2012,3,6,kice_mock,vocational,fisheries-shipping-information,question,manual_review,identity_unverifiable,confirmed,official_catalog_and_pdf,not_imported,,https://wdown.ebsi.co.kr/W61001/01exam/201206073/J_ssnw_mun.pdf
2012,3,6,kice_mock,vocational,fisheries-shipping-information,solution,manual_review,identity_unverifiable,confirmed,official_catalog_and_pdf,not_imported,,https://wdown.ebsi.co.kr/W61001/01exam/201206073/J_ssnw_hsj.pdf
2012,3,6,kice_mock,vocational,food-and-nutrition,question,manual_review,identity_unverifiable,confirmed,official_catalog_and_pdf,not_imported,,https://wdown.ebsi.co.kr/W61001/01exam/201206073/j_jic04_mun.pdf
2012,3,6,kice_mock,vocational,food-and-nutrition,solution,manual_review,identity_unverifiable,confirmed,official_catalog_and_pdf,not_imported,,https://wdown.ebsi.co.kr/W61001/01exam/201206073/j_jic04_hsj.pdf
2012,3,6,kice_mock,vocational,industry-intro,question,manual_review,identity_unverifiable,confirmed,official_catalog_and_pdf,not_imported,,https://wdown.ebsi.co.kr/W61001/01exam/201206073/J_gup_mun.pdf
2012,3,6,kice_mock,vocational,industry-intro,solution,manual_review,identity_unverifiable,confirmed,official_catalog_and_pdf,not_imported,,https://wdown.ebsi.co.kr/W61001/01exam/201206073/J_gup_hsj.pdf
2012,3,6,kice_mock,vocational,information-technology-basics,question,manual_review,identity_unverifiable,confirmed,official_catalog_and_pdf,not_imported,,https://wdown.ebsi.co.kr/W61001/01exam/201206073/j_jic05_mun.pdf
2012,3,6,kice_mock,vocational,information-technology-basics,solution,manual_review,identity_unverifiable,confirmed,official_catalog_and_pdf,not_imported,,https://wdown.ebsi.co.kr/W61001/01exam/201206073/j_jic05_hsj.pdf
2012,3,6,kice_mock,vocational,maritime-general,question,manual_review,identity_unverifiable,confirmed,official_catalog_and_pdf,not_imported,,https://wdown.ebsi.co.kr/W61001/01exam/201206073/j_jic07_mun.pdf
2012,3,6,kice_mock,vocational,maritime-general,solution,manual_review,identity_unverifiable,confirmed,official_catalog_and_pdf,not_imported,,https://wdown.ebsi.co.kr/W61001/01exam/201206073/j_jic07_hsj.pdf
2012,3,6,kice_mock,vocational,programming,question,manual_review,identity_unverifiable,confirmed,official_catalog_and_pdf,not_imported,,https://wdown.ebsi.co.kr/W61001/01exam/201206073/j_jic06_mun.pdf
2012,3,6,kice_mock,vocational,programming,solution,manual_review,identity_unverifiable,confirmed,official_catalog_and_pdf,not_imported,,https://wdown.ebsi.co.kr/W61001/01exam/201206073/j_jic06_hsj.pdf
2012,3,6,kice_mock,second_language,arabic-1,question,manual_review,identity_unverifiable,confirmed,official_catalog_and_pdf,not_imported,,https://wdown.ebsi.co.kr/W61001/01exam/201206073/2nd_ar1_mun.pdf
2012,3,6,kice_mock,second_language,arabic-1,solution,manual_review,identity_unverifiable,confirmed,official_catalog_and_pdf,not_imported,,https://wdown.ebsi.co.kr/W61001/01exam/201206073/2nd_ar1_hsj.pdf
2012,3,6,kice_mock,second_language,chinese-1,question,manual_review,identity_unverifiable,confirmed,official_catalog_and_pdf,not_imported,,https://wdown.ebsi.co.kr/W61001/01exam/201206073/2nd_ch1_mun.pdf
2012,3,6,kice_mock,second_language,chinese-1,solution,manual_review,identity_unverifiable,confirmed,official_catalog_and_pdf,not_imported,,https://wdown.ebsi.co.kr/W61001/01exam/201206073/2nd_ch1_hsj.pdf
2012,3,6,kice_mock,second_language,classical-chinese-1,question,manual_review,identity_unverifiable,confirmed,official_catalog_and_pdf,not_imported,,https://wdown.ebsi.co.kr/W61001/01exam/201206073/2nd_han_mun.pdf
2012,3,6,kice_mock,second_language,classical-chinese-1,solution,manual_review,identity_unverifiable,confirmed,official_catalog_and_pdf,not_imported,,https://wdown.ebsi.co.kr/W61001/01exam/201206073/2nd_han_hsj.pdf
2012,3,6,kice_mock,second_language,french-1,question,manual_review,identity_unverifiable,confirmed,official_catalog_and_pdf,not_imported,,https://wdown.ebsi.co.kr/W61001/01exam/201206073/2nd_fr1_mun.pdf
2012,3,6,kice_mock,second_language,french-1,solution,manual_review,identity_unverifiable,confirmed,official_catalog_and_pdf,not_imported,,https://wdown.ebsi.co.kr/W61001/01exam/201206073/2nd_fr1_hsj.pdf
2012,3,6,kice_mock,second_language,german-1,question,manual_review,identity_unverifiable,confirmed,official_catalog_and_pdf,not_imported,,https://wdown.ebsi.co.kr/W61001/01exam/201206073/2nd_gr1_mun.pdf
2012,3,6,kice_mock,second_language,german-1,solution,manual_review,identity_unverifiable,confirmed,official_catalog_and_pdf,not_imported,,https://wdown.ebsi.co.kr/W61001/01exam/201206073/2nd_gr1_hsj.pdf
2012,3,6,kice_mock,second_language,japanese-1,question,manual_review,identity_unverifiable,confirmed,official_catalog_and_pdf,not_imported,,https://wdown.ebsi.co.kr/W61001/01exam/201206073/2nd_ja1_mun.pdf
2012,3,6,kice_mock,second_language,japanese-1,solution,manual_review,identity_unverifiable,confirmed,official_catalog_and_pdf,not_imported,,https://wdown.ebsi.co.kr/W61001/01exam/201206073/2nd_ja1_hsj.pdf
2012,3,6,kice_mock,second_language,russian-1,question,manual_review,identity_unverifiable,confirmed,official_catalog_and_pdf,not_imported,,https://wdown.ebsi.co.kr/W61001/01exam/201206073/2nd_ru1_mun.pdf
2012,3,6,kice_mock,second_language,russian-1,solution,manual_review,identity_unverifiable,confirmed,official_catalog_and_pdf,not_imported,,https://wdown.ebsi.co.kr/W61001/01exam/201206073/2nd_ru1_hsj.pdf
2012,3,6,kice_mock,second_language,spanish-1,question,manual_review,identity_unverifiable,confirmed,official_catalog_and_pdf,not_imported,,https://wdown.ebsi.co.kr/W61001/01exam/201206073/2nd_sp1_mun.pdf
2012,3,6,kice_mock,second_language,spanish-1,solution,manual_review,identity_unverifiable,confirmed,official_catalog_and_pdf,not_imported,,https://wdown.ebsi.co.kr/W61001/01exam/201206073/2nd_sp1_hsj.pdf
2012,3,7,school_mock,korean,korean-old,question,manual_review,identity_unverifiable,confirmed,official_catalog_and_pdf,not_imported,,https://wdown.ebsi.co.kr/W61001/01exam/201207113/kor_mun.pdf
2012,3,7,school_mock,korean,korean-old,solution,manual_review,identity_unverifiable,confirmed,official_catalog_and_pdf,not_imported,,https://wdown.ebsi.co.kr/W61001/01exam/201207113/kor_hsj.pdf
2012,3,7,school_mock,math,math-a,question,manual_review,identity_unverifiable,confirmed,official_catalog_and_pdf,not_imported,,https://wdown.ebsi.co.kr/W61001/01exam/201207113/mathga_mun.pdf
2012,3,7,school_mock,math,math-a,solution,manual_review,identity_unverifiable,confirmed,official_catalog_and_pdf,not_imported,,https://wdown.ebsi.co.kr/W61001/01exam/201207113/mathga_hsj.pdf
2012,3,7,school_mock,math,math-b,question,manual_review,identity_unverifiable,confirmed,official_catalog_and_pdf,not_imported,,https://wdown.ebsi.co.kr/W61001/01exam/201207113/mathna_mun.pdf
2012,3,7,school_mock,math,math-b,solution,manual_review,identity_unverifiable,confirmed,official_catalog_and_pdf,not_imported,,https://wdown.ebsi.co.kr/W61001/01exam/201207113/mathna_hsj.pdf
2012,3,7,school_mock,english,english-old,question,manual_review,identity_unverifiable,confirmed,official_catalog_and_pdf,not_imported,,https://wdown.ebsi.co.kr/W61001/01exam/201207113/eng_mun.pdf
2012,3,7,school_mock,english,english-old,solution,manual_review,identity_unverifiable,confirmed,official_catalog_and_pdf,not_imported,,https://wdown.ebsi.co.kr/W61001/01exam/201207113/eng_hsj.pdf
2012,3,7,school_mock,history,,question,manual_review,identity_unverifiable,confirmed,official_catalog_and_pdf,not_imported,,https://wdown.ebsi.co.kr/W61001/01exam/201207113/s_his_mun.pdf
2012,3,7,school_mock,history,,solution,manual_review,identity_unverifiable,confirmed,official_catalog_and_pdf,not_imported,,https://wdown.ebsi.co.kr/W61001/01exam/201207113/s_his_hsj.pdf
2012,3,7,school_mock,history,korean-modern-history,question,manual_review,identity_unverifiable,confirmed,official_catalog_and_pdf,not_imported,,https://wdown.ebsi.co.kr/W61001/01exam/201207113/s_hgh_mun.pdf
2012,3,7,school_mock,history,korean-modern-history,solution,manual_review,identity_unverifiable,confirmed,official_catalog_and_pdf,not_imported,,https://wdown.ebsi.co.kr/W61001/01exam/201207113/s_hgh_hsj.pdf
2012,3,7,school_mock,social,economic-geography,question,manual_review,identity_unverifiable,confirmed,official_catalog_and_pdf,not_imported,,https://wdown.ebsi.co.kr/W61001/01exam/201207113/s_kyaji_mun.pdf
2012,3,7,school_mock,social,economic-geography,solution,manual_review,identity_unverifiable,confirmed,official_catalog_and_pdf,not_imported,,https://wdown.ebsi.co.kr/W61001/01exam/201207113/s_kyaji_hsj.pdf
2012,3,7,school_mock,social,economics,question,manual_review,identity_unverifiable,confirmed,official_catalog_and_pdf,not_imported,,https://wdown.ebsi.co.kr/W61001/01exam/201207113/s_eco_mun.pdf
2012,3,7,school_mock,social,economics,solution,manual_review,identity_unverifiable,confirmed,official_catalog_and_pdf,not_imported,,https://wdown.ebsi.co.kr/W61001/01exam/201207113/s_eco_hsj.pdf
2012,3,7,school_mock,social,ethics,question,manual_review,identity_unverifiable,confirmed,official_catalog_and_pdf,not_imported,,https://wdown.ebsi.co.kr/W61001/01exam/201207113/s_eth_mun.pdf
2012,3,7,school_mock,social,ethics,solution,manual_review,identity_unverifiable,confirmed,official_catalog_and_pdf,not_imported,,https://wdown.ebsi.co.kr/W61001/01exam/201207113/s_eth_hsj.pdf
2012,3,7,school_mock,social,korean-geography,question,manual_review,identity_unverifiable,confirmed,official_catalog_and_pdf,not_imported,,https://wdown.ebsi.co.kr/W61001/01exam/201207113/s_hanji_mun.pdf
2012,3,7,school_mock,social,korean-geography,solution,manual_review,identity_unverifiable,confirmed,official_catalog_and_pdf,not_imported,,https://wdown.ebsi.co.kr/W61001/01exam/201207113/s_hanji_hsj.pdf
2012,3,7,school_mock,social,law-and-society,question,missing,official_catalog_url_returns_404,confirmed,official_catalog_and_pdf,not_imported,,https://wdown.ebsi.co.kr/W61001/01exam/201207113/s_bns_mun.pdf
2012,3,7,school_mock,social,law-and-society,solution,missing,official_catalog_url_returns_404,confirmed,official_catalog_and_pdf,not_imported,,https://wdown.ebsi.co.kr/W61001/01exam/201207113/s_bns_hsj.pdf
2012,3,7,school_mock,social,politics,question,manual_review,identity_unverifiable,confirmed,official_catalog_and_pdf,not_imported,,https://wdown.ebsi.co.kr/W61001/01exam/201207113/s_pol_mun.pdf
2012,3,7,school_mock,social,politics,solution,manual_review,identity_unverifiable,confirmed,official_catalog_and_pdf,not_imported,,https://wdown.ebsi.co.kr/W61001/01exam/201207113/s_pol_hsj.pdf
2012,3,7,school_mock,social,social-culture,question,manual_review,identity_unverifiable,confirmed,official_catalog_and_pdf,not_imported,,https://wdown.ebsi.co.kr/W61001/01exam/201207113/s_samun_mun.pdf
2012,3,7,school_mock,social,social-culture,solution,manual_review,identity_unverifiable,confirmed,official_catalog_and_pdf,not_imported,,https://wdown.ebsi.co.kr/W61001/01exam/201207113/s_samun_hsj.pdf
2012,3,7,school_mock,social,world-geography,question,manual_review,identity_unverifiable,confirmed,official_catalog_and_pdf,not_imported,,https://wdown.ebsi.co.kr/W61001/01exam/201207113/s_saeji_mun.pdf
2012,3,7,school_mock,social,world-geography,solution,manual_review,identity_unverifiable,confirmed,official_catalog_and_pdf,not_imported,,https://wdown.ebsi.co.kr/W61001/01exam/201207113/s_saeji_hsj.pdf
2012,3,7,school_mock,social,world-history,question,manual_review,identity_unverifiable,confirmed,official_catalog_and_pdf,not_imported,,https://wdown.ebsi.co.kr/W61001/01exam/201207113/s_sks_mun.pdf
2012,3,7,school_mock,social,world-history,solution,manual_review,identity_unverifiable,confirmed,official_catalog_and_pdf,not_imported,,https://wdown.ebsi.co.kr/W61001/01exam/201207113/s_sks_hsj.pdf
2012,3,7,school_mock,science,chemistry-1,question,manual_review,identity_unverifiable,confirmed,official_catalog_and_pdf,not_imported,,https://wdown.ebsi.co.kr/W61001/01exam/201207113/g_che1_mun.pdf
2012,3,7,school_mock,science,chemistry-1,solution,manual_review,identity_unverifiable,confirmed,official_catalog_and_pdf,not_imported,,https://wdown.ebsi.co.kr/W61001/01exam/201207113/g_che1_hsj.pdf
2012,3,7,school_mock,science,chemistry-2,question,manual_review,identity_unverifiable,confirmed,official_catalog_and_pdf,not_imported,,https://wdown.ebsi.co.kr/W61001/01exam/201207113/g_che2_mun.pdf
2012,3,7,school_mock,science,chemistry-2,solution,manual_review,identity_unverifiable,confirmed,official_catalog_and_pdf,not_imported,,https://wdown.ebsi.co.kr/W61001/01exam/201207113/g_che2_hsj.pdf
2012,3,7,school_mock,science,earth-science-1,question,manual_review,identity_unverifiable,confirmed,official_catalog_and_pdf,not_imported,,https://wdown.ebsi.co.kr/W61001/01exam/201207113/g_ear1_mun.pdf
2012,3,7,school_mock,science,earth-science-1,solution,manual_review,identity_unverifiable,confirmed,official_catalog_and_pdf,not_imported,,https://wdown.ebsi.co.kr/W61001/01exam/201207113/g_ear1_hsj.pdf
2012,3,7,school_mock,science,earth-science-2,question,manual_review,identity_unverifiable,confirmed,official_catalog_and_pdf,not_imported,,https://wdown.ebsi.co.kr/W61001/01exam/201207113/g_ear2_mun.pdf
2012,3,7,school_mock,science,earth-science-2,solution,manual_review,identity_unverifiable,confirmed,official_catalog_and_pdf,not_imported,,https://wdown.ebsi.co.kr/W61001/01exam/201207113/g_ear2_hsj.pdf
2012,3,7,school_mock,science,life-science-1,question,manual_review,identity_unverifiable,confirmed,official_catalog_and_pdf,not_imported,,https://wdown.ebsi.co.kr/W61001/01exam/201207113/g_bio1_mun.pdf
2012,3,7,school_mock,science,life-science-1,solution,manual_review,identity_unverifiable,confirmed,official_catalog_and_pdf,not_imported,,https://wdown.ebsi.co.kr/W61001/01exam/201207113/g_bio1_hsj.pdf
2012,3,7,school_mock,science,life-science-2,question,manual_review,identity_unverifiable,confirmed,official_catalog_and_pdf,not_imported,,https://wdown.ebsi.co.kr/W61001/01exam/201207113/g_bio2_mun.pdf
2012,3,7,school_mock,science,life-science-2,solution,manual_review,identity_unverifiable,confirmed,official_catalog_and_pdf,not_imported,,https://wdown.ebsi.co.kr/W61001/01exam/201207113/g_bio2_hsj.pdf
2012,3,7,school_mock,science,physics-1,question,manual_review,identity_unverifiable,confirmed,official_catalog_and_pdf,not_imported,,https://wdown.ebsi.co.kr/W61001/01exam/201207113/g_phy1_mun.pdf
2012,3,7,school_mock,science,physics-1,solution,manual_review,identity_unverifiable,confirmed,official_catalog_and_pdf,not_imported,,https://wdown.ebsi.co.kr/W61001/01exam/201207113/g_phy1_hsj.pdf
2012,3,7,school_mock,science,physics-2,question,manual_review,identity_unverifiable,confirmed,official_catalog_and_pdf,not_imported,,https://wdown.ebsi.co.kr/W61001/01exam/201207113/g_phy2_mun.pdf
2012,3,7,school_mock,science,physics-2,solution,manual_review,identity_unverifiable,confirmed,official_catalog_and_pdf,not_imported,,https://wdown.ebsi.co.kr/W61001/01exam/201207113/g_phy2_hsj.pdf
2012,3,9,kice_mock,korean,korean-old,question,manual_review,identity_unverifiable,confirmed,official_catalog_and_pdf,not_imported,,https://wdown.ebsi.co.kr/W61001/01exam/201209043/kor_mun.pdf
2012,3,9,kice_mock,korean,korean-old,solution,manual_review,identity_unverifiable,confirmed,official_catalog_and_pdf,not_imported,,https://wdown.ebsi.co.kr/W61001/01exam/201209043/kor_hsj.pdf
2012,3,9,kice_mock,math,math-a,question,manual_review,identity_unverifiable,confirmed,official_catalog_and_pdf,not_imported,,https://wdown.ebsi.co.kr/W61001/01exam/201209043/mathga_mun.pdf
2012,3,9,kice_mock,math,math-a,solution,manual_review,identity_unverifiable,confirmed,official_catalog_and_pdf,not_imported,,https://wdown.ebsi.co.kr/W61001/01exam/201209043/mathga_hsj.pdf
2012,3,9,kice_mock,math,math-b,question,manual_review,identity_unverifiable,confirmed,official_catalog_and_pdf,not_imported,,https://wdown.ebsi.co.kr/W61001/01exam/201209043/mathna_mun.pdf
2012,3,9,kice_mock,math,math-b,solution,manual_review,identity_unverifiable,confirmed,official_catalog_and_pdf,not_imported,,https://wdown.ebsi.co.kr/W61001/01exam/201209043/mathna_hsj.pdf
2012,3,9,kice_mock,english,english-old,question,manual_review,identity_unverifiable,confirmed,official_catalog_and_pdf,not_imported,,https://wdown.ebsi.co.kr/W61001/01exam/201209043/eng_mun.pdf
2012,3,9,kice_mock,english,english-old,solution,manual_review,identity_unverifiable,confirmed,official_catalog_and_pdf,not_imported,,https://wdown.ebsi.co.kr/W61001/01exam/201209043/eng_hsj.pdf
2012,3,9,kice_mock,history,,question,manual_review,identity_unverifiable,confirmed,official_catalog_and_pdf,not_imported,,https://wdown.ebsi.co.kr/W61001/01exam/201209043/s_his_mun.pdf
2012,3,9,kice_mock,history,,solution,manual_review,identity_unverifiable,confirmed,official_catalog_and_pdf,not_imported,,https://wdown.ebsi.co.kr/W61001/01exam/201209043/s_his_hsj.pdf
2012,3,9,kice_mock,history,korean-modern-history,question,manual_review,identity_unverifiable,confirmed,official_catalog_and_pdf,not_imported,,https://wdown.ebsi.co.kr/W61001/01exam/201209043/s_hgh_mun.pdf
2012,3,9,kice_mock,history,korean-modern-history,solution,manual_review,identity_unverifiable,confirmed,official_catalog_and_pdf,not_imported,,https://wdown.ebsi.co.kr/W61001/01exam/201209043/s_hgh_hsj.pdf
2012,3,9,kice_mock,social,economic-geography,question,manual_review,identity_unverifiable,confirmed,official_catalog_and_pdf,not_imported,,https://wdown.ebsi.co.kr/W61001/01exam/201209043/s_kyaji_mun.pdf
2012,3,9,kice_mock,social,economic-geography,solution,manual_review,identity_unverifiable,confirmed,official_catalog_and_pdf,not_imported,,https://wdown.ebsi.co.kr/W61001/01exam/201209043/s_kyaji_hsj.pdf
2012,3,9,kice_mock,social,economics,question,manual_review,identity_unverifiable,confirmed,official_catalog_and_pdf,not_imported,,https://wdown.ebsi.co.kr/W61001/01exam/201209043/s_eco_mun.pdf
2012,3,9,kice_mock,social,economics,solution,manual_review,identity_unverifiable,confirmed,official_catalog_and_pdf,not_imported,,https://wdown.ebsi.co.kr/W61001/01exam/201209043/s_eco_hsj.pdf
2012,3,9,kice_mock,social,ethics,question,manual_review,identity_unverifiable,confirmed,official_catalog_and_pdf,not_imported,,https://wdown.ebsi.co.kr/W61001/01exam/201209043/s_eth_mun.pdf
2012,3,9,kice_mock,social,ethics,solution,manual_review,identity_unverifiable,confirmed,official_catalog_and_pdf,not_imported,,https://wdown.ebsi.co.kr/W61001/01exam/201209043/s_eth_hsj.pdf
2012,3,9,kice_mock,social,korean-geography,question,manual_review,identity_unverifiable,confirmed,official_catalog_and_pdf,not_imported,,https://wdown.ebsi.co.kr/W61001/01exam/201209043/s_hanji_mun.pdf
2012,3,9,kice_mock,social,korean-geography,solution,manual_review,identity_unverifiable,confirmed,official_catalog_and_pdf,not_imported,,https://wdown.ebsi.co.kr/W61001/01exam/201209043/s_hanji_hsj.pdf
2012,3,9,kice_mock,social,law-and-society,question,missing,official_catalog_url_returns_404,confirmed,official_catalog_and_pdf,not_imported,,https://wdown.ebsi.co.kr/W61001/01exam/201209043/s_bns_mun.pdf
2012,3,9,kice_mock,social,law-and-society,solution,missing,official_catalog_url_returns_404,confirmed,official_catalog_and_pdf,not_imported,,https://wdown.ebsi.co.kr/W61001/01exam/201209043/s_bns_hsj.pdf
2012,3,9,kice_mock,social,politics,question,manual_review,identity_unverifiable,confirmed,official_catalog_and_pdf,not_imported,,https://wdown.ebsi.co.kr/W61001/01exam/201209043/s_pol_mun.pdf
2012,3,9,kice_mock,social,politics,solution,manual_review,identity_unverifiable,confirmed,official_catalog_and_pdf,not_imported,,https://wdown.ebsi.co.kr/W61001/01exam/201209043/s_pol_hsj.pdf
2012,3,9,kice_mock,social,social-culture,question,manual_review,identity_unverifiable,confirmed,official_catalog_and_pdf,not_imported,,https://wdown.ebsi.co.kr/W61001/01exam/201209043/s_samun_mun.pdf
2012,3,9,kice_mock,social,social-culture,solution,manual_review,identity_unverifiable,confirmed,official_catalog_and_pdf,not_imported,,https://wdown.ebsi.co.kr/W61001/01exam/201209043/s_samun_hsj.pdf
2012,3,9,kice_mock,social,world-geography,question,manual_review,identity_unverifiable,confirmed,official_catalog_and_pdf,not_imported,,https://wdown.ebsi.co.kr/W61001/01exam/201209043/s_saeji_mun.pdf
2012,3,9,kice_mock,social,world-geography,solution,manual_review,identity_unverifiable,confirmed,official_catalog_and_pdf,not_imported,,https://wdown.ebsi.co.kr/W61001/01exam/201209043/s_saeji_hsj.pdf
2012,3,9,kice_mock,social,world-history,question,manual_review,identity_unverifiable,confirmed,official_catalog_and_pdf,not_imported,,https://wdown.ebsi.co.kr/W61001/01exam/201209043/s_sks_mun.pdf
2012,3,9,kice_mock,social,world-history,solution,manual_review,identity_unverifiable,confirmed,official_catalog_and_pdf,not_imported,,https://wdown.ebsi.co.kr/W61001/01exam/201209043/s_sks_hsj.pdf
2012,3,9,kice_mock,science,chemistry-1,question,manual_review,identity_unverifiable,confirmed,official_catalog_and_pdf,not_imported,,https://wdown.ebsi.co.kr/W61001/01exam/201209043/g_che1_mun.pdf
2012,3,9,kice_mock,science,chemistry-1,solution,manual_review,identity_unverifiable,confirmed,official_catalog_and_pdf,not_imported,,https://wdown.ebsi.co.kr/W61001/01exam/201209043/g_che1_hsj.pdf
2012,3,9,kice_mock,science,chemistry-2,question,manual_review,identity_unverifiable,confirmed,official_catalog_and_pdf,not_imported,,https://wdown.ebsi.co.kr/W61001/01exam/201209043/g_che2_mun.pdf
2012,3,9,kice_mock,science,chemistry-2,solution,manual_review,identity_unverifiable,confirmed,official_catalog_and_pdf,not_imported,,https://wdown.ebsi.co.kr/W61001/01exam/201209043/g_che2_hsj.pdf
2012,3,9,kice_mock,science,earth-science-1,question,manual_review,identity_unverifiable,confirmed,official_catalog_and_pdf,not_imported,,https://wdown.ebsi.co.kr/W61001/01exam/201209043/g_ear1_mun.pdf
2012,3,9,kice_mock,science,earth-science-1,solution,manual_review,identity_unverifiable,confirmed,official_catalog_and_pdf,not_imported,,https://wdown.ebsi.co.kr/W61001/01exam/201209043/g_ear1_hsj.pdf
2012,3,9,kice_mock,science,earth-science-2,question,manual_review,identity_unverifiable,confirmed,official_catalog_and_pdf,not_imported,,https://wdown.ebsi.co.kr/W61001/01exam/201209043/g_ear2_mun.pdf
2012,3,9,kice_mock,science,earth-science-2,solution,manual_review,identity_unverifiable,confirmed,official_catalog_and_pdf,not_imported,,https://wdown.ebsi.co.kr/W61001/01exam/201209043/g_ear2_hsj.pdf
2012,3,9,kice_mock,science,life-science-1,question,manual_review,identity_unverifiable,confirmed,official_catalog_and_pdf,not_imported,,https://wdown.ebsi.co.kr/W61001/01exam/201209043/g_bio1_mun.pdf
2012,3,9,kice_mock,science,life-science-1,solution,manual_review,identity_unverifiable,confirmed,official_catalog_and_pdf,not_imported,,https://wdown.ebsi.co.kr/W61001/01exam/201209043/g_bio1_hsj.pdf
2012,3,9,kice_mock,science,life-science-2,question,manual_review,identity_unverifiable,confirmed,official_catalog_and_pdf,not_imported,,https://wdown.ebsi.co.kr/W61001/01exam/201209043/g_bio2_mun.pdf
2012,3,9,kice_mock,science,life-science-2,solution,manual_review,identity_unverifiable,confirmed,official_catalog_and_pdf,not_imported,,https://wdown.ebsi.co.kr/W61001/01exam/201209043/g_bio2_hsj.pdf
2012,3,9,kice_mock,science,physics-1,question,manual_review,identity_unverifiable,confirmed,official_catalog_and_pdf,not_imported,,https://wdown.ebsi.co.kr/W61001/01exam/201209043/g_phy1_mun.pdf
2012,3,9,kice_mock,science,physics-1,solution,manual_review,identity_unverifiable,confirmed,official_catalog_and_pdf,not_imported,,https://wdown.ebsi.co.kr/W61001/01exam/201209043/g_phy1_hsj.pdf
2012,3,9,kice_mock,science,physics-2,question,manual_review,identity_unverifiable,confirmed,official_catalog_and_pdf,not_imported,,https://wdown.ebsi.co.kr/W61001/01exam/201209043/g_phy2_mun.pdf
2012,3,9,kice_mock,science,physics-2,solution,manual_review,identity_unverifiable,confirmed,official_catalog_and_pdf,not_imported,,https://wdown.ebsi.co.kr/W61001/01exam/201209043/g_phy2_hsj.pdf
2012,3,9,kice_mock,vocational,agriculture-information,question,manual_review,identity_unverifiable,confirmed,official_catalog_and_pdf,not_imported,,https://wdown.ebsi.co.kr/W61001/01exam/201209043/j_jic01_mun.pdf
2012,3,9,kice_mock,vocational,agriculture-information,solution,manual_review,identity_unverifiable,confirmed,official_catalog_and_pdf,not_imported,,https://wdown.ebsi.co.kr/W61001/01exam/201209043/j_jic01_hsj.pdf
2012,3,9,kice_mock,vocational,design-general,question,manual_review,identity_unverifiable,confirmed,official_catalog_and_pdf,not_imported,,https://wdown.ebsi.co.kr/W61001/01exam/201209043/j_jic02_mun.pdf
2012,3,9,kice_mock,vocational,design-general,solution,manual_review,identity_unverifiable,confirmed,official_catalog_and_pdf,not_imported,,https://wdown.ebsi.co.kr/W61001/01exam/201209043/j_jic02_hsj.pdf
2012,3,9,kice_mock,vocational,fisheries-general,question,manual_review,identity_unverifiable,confirmed,official_catalog_and_pdf,not_imported,,https://wdown.ebsi.co.kr/W61001/01exam/201209043/j_jic03_mun.pdf
2012,3,9,kice_mock,vocational,fisheries-general,solution,manual_review,identity_unverifiable,confirmed,official_catalog_and_pdf,not_imported,,https://wdown.ebsi.co.kr/W61001/01exam/201209043/j_jic03_hsj.pdf
2012,3,9,kice_mock,vocational,fisheries-shipping-information,question,manual_review,identity_unverifiable,confirmed,official_catalog_and_pdf,not_imported,,https://wdown.ebsi.co.kr/W61001/01exam/201209043/J_ssnw_mun.pdf
2012,3,9,kice_mock,vocational,fisheries-shipping-information,solution,manual_review,identity_unverifiable,confirmed,official_catalog_and_pdf,not_imported,,https://wdown.ebsi.co.kr/W61001/01exam/201209043/J_ssnw_hsj.pdf
2012,3,9,kice_mock,vocational,food-and-nutrition,question,manual_review,identity_unverifiable,confirmed,official_catalog_and_pdf,not_imported,,https://wdown.ebsi.co.kr/W61001/01exam/201209043/j_jic04_mun.pdf
2012,3,9,kice_mock,vocational,food-and-nutrition,solution,manual_review,identity_unverifiable,confirmed,official_catalog_and_pdf,not_imported,,https://wdown.ebsi.co.kr/W61001/01exam/201209043/j_jic04_hsj.pdf
2012,3,9,kice_mock,vocational,industry-intro,question,manual_review,identity_unverifiable,confirmed,official_catalog_and_pdf,not_imported,,https://wdown.ebsi.co.kr/W61001/01exam/201209043/J_gup_mun.pdf
2012,3,9,kice_mock,vocational,industry-intro,solution,manual_review,identity_unverifiable,confirmed,official_catalog_and_pdf,not_imported,,https://wdown.ebsi.co.kr/W61001/01exam/201209043/J_gup_hsj.pdf
2012,3,9,kice_mock,vocational,information-technology-basics,question,manual_review,identity_unverifiable,confirmed,official_catalog_and_pdf,not_imported,,https://wdown.ebsi.co.kr/W61001/01exam/201209043/j_jic05_mun.pdf
2012,3,9,kice_mock,vocational,information-technology-basics,solution,manual_review,identity_unverifiable,confirmed,official_catalog_and_pdf,not_imported,,https://wdown.ebsi.co.kr/W61001/01exam/201209043/j_jic05_hsj.pdf
2012,3,9,kice_mock,vocational,maritime-general,question,manual_review,identity_unverifiable,confirmed,official_catalog_and_pdf,not_imported,,https://wdown.ebsi.co.kr/W61001/01exam/201209043/j_jic07_mun.pdf
2012,3,9,kice_mock,vocational,maritime-general,solution,manual_review,identity_unverifiable,confirmed,official_catalog_and_pdf,not_imported,,https://wdown.ebsi.co.kr/W61001/01exam/201209043/j_jic07_hsj.pdf
2012,3,9,kice_mock,vocational,programming,question,manual_review,identity_unverifiable,confirmed,official_catalog_and_pdf,not_imported,,https://wdown.ebsi.co.kr/W61001/01exam/201209043/j_jic06_mun.pdf
2012,3,9,kice_mock,vocational,programming,solution,manual_review,identity_unverifiable,confirmed,official_catalog_and_pdf,not_imported,,https://wdown.ebsi.co.kr/W61001/01exam/201209043/j_jic06_hsj.pdf
2012,3,9,kice_mock,second_language,arabic-1,question,manual_review,identity_unverifiable,confirmed,official_catalog_and_pdf,not_imported,,https://wdown.ebsi.co.kr/W61001/01exam/201209043/2nd_ar1_mun.pdf
2012,3,9,kice_mock,second_language,arabic-1,solution,manual_review,identity_unverifiable,confirmed,official_catalog_and_pdf,not_imported,,https://wdown.ebsi.co.kr/W61001/01exam/201209043/2nd_ar1_hsj.pdf
2012,3,9,kice_mock,second_language,chinese-1,question,manual_review,identity_unverifiable,confirmed,official_catalog_and_pdf,not_imported,,https://wdown.ebsi.co.kr/W61001/01exam/201209043/2nd_ch1_mun.pdf
2012,3,9,kice_mock,second_language,chinese-1,solution,manual_review,identity_unverifiable,confirmed,official_catalog_and_pdf,not_imported,,https://wdown.ebsi.co.kr/W61001/01exam/201209043/2nd_ch1_hsj.pdf
2012,3,9,kice_mock,second_language,classical-chinese-1,question,manual_review,identity_unverifiable,confirmed,official_catalog_and_pdf,not_imported,,https://wdown.ebsi.co.kr/W61001/01exam/201209043/2nd_han_mun.pdf
2012,3,9,kice_mock,second_language,classical-chinese-1,solution,manual_review,identity_unverifiable,confirmed,official_catalog_and_pdf,not_imported,,https://wdown.ebsi.co.kr/W61001/01exam/201209043/2nd_han_hsj.pdf
2012,3,9,kice_mock,second_language,french-1,question,manual_review,identity_unverifiable,confirmed,official_catalog_and_pdf,not_imported,,https://wdown.ebsi.co.kr/W61001/01exam/201209043/2nd_fr1_mun.pdf
2012,3,9,kice_mock,second_language,french-1,solution,manual_review,identity_unverifiable,confirmed,official_catalog_and_pdf,not_imported,,https://wdown.ebsi.co.kr/W61001/01exam/201209043/2nd_fr1_hsj.pdf
2012,3,9,kice_mock,second_language,german-1,question,manual_review,identity_unverifiable,confirmed,official_catalog_and_pdf,not_imported,,https://wdown.ebsi.co.kr/W61001/01exam/201209043/2nd_gr1_mun.pdf
2012,3,9,kice_mock,second_language,german-1,solution,manual_review,identity_unverifiable,confirmed,official_catalog_and_pdf,not_imported,,https://wdown.ebsi.co.kr/W61001/01exam/201209043/2nd_gr1_hsj.pdf
2012,3,9,kice_mock,second_language,japanese-1,question,manual_review,identity_unverifiable,confirmed,official_catalog_and_pdf,not_imported,,https://wdown.ebsi.co.kr/W61001/01exam/201209043/2nd_ja1_mun.pdf
2012,3,9,kice_mock,second_language,japanese-1,solution,manual_review,identity_unverifiable,confirmed,official_catalog_and_pdf,not_imported,,https://wdown.ebsi.co.kr/W61001/01exam/201209043/2nd_ja1_hsj.pdf
2012,3,9,kice_mock,second_language,russian-1,question,manual_review,identity_unverifiable,confirmed,official_catalog_and_pdf,not_imported,,https://wdown.ebsi.co.kr/W61001/01exam/201209043/2nd_ru1_mun.pdf
2012,3,9,kice_mock,second_language,russian-1,solution,manual_review,identity_unverifiable,confirmed,official_catalog_and_pdf,not_imported,,https://wdown.ebsi.co.kr/W61001/01exam/201209043/2nd_ru1_hsj.pdf
2012,3,9,kice_mock,second_language,spanish-1,question,manual_review,identity_unverifiable,confirmed,official_catalog_and_pdf,not_imported,,https://wdown.ebsi.co.kr/W61001/01exam/201209043/2nd_sp1_mun.pdf
2012,3,9,kice_mock,second_language,spanish-1,solution,manual_review,identity_unverifiable,confirmed,official_catalog_and_pdf,not_imported,,https://wdown.ebsi.co.kr/W61001/01exam/201209043/2nd_sp1_hsj.pdf
2012,3,10,school_mock,korean,korean-old,question,manual_review,identity_unverifiable,confirmed,official_catalog_and_pdf,not_imported,,https://wdown.ebsi.co.kr/W61001/01exam/201210093/kor_mun.pdf
2012,3,10,school_mock,korean,korean-old,solution,manual_review,identity_unverifiable,confirmed,official_catalog_and_pdf,not_imported,,https://wdown.ebsi.co.kr/W61001/01exam/201210093/kor_hsj.pdf
2012,3,10,school_mock,math,math-a,question,manual_review,identity_unverifiable,confirmed,official_catalog_and_pdf,not_imported,,https://wdown.ebsi.co.kr/W61001/01exam/201210093/mathga_mun.pdf
2012,3,10,school_mock,math,math-a,solution,manual_review,identity_unverifiable,confirmed,official_catalog_and_pdf,not_imported,,https://wdown.ebsi.co.kr/W61001/01exam/201210093/mathga_hsj.pdf
2012,3,10,school_mock,math,math-b,question,manual_review,identity_unverifiable,confirmed,official_catalog_and_pdf,not_imported,,https://wdown.ebsi.co.kr/W61001/01exam/201210093/mathna_mun.pdf
2012,3,10,school_mock,math,math-b,solution,manual_review,identity_unverifiable,confirmed,official_catalog_and_pdf,not_imported,,https://wdown.ebsi.co.kr/W61001/01exam/201210093/mathna_hsj.pdf
2012,3,10,school_mock,english,english-old,question,manual_review,identity_unverifiable,confirmed,official_catalog_and_pdf,not_imported,,https://wdown.ebsi.co.kr/W61001/01exam/201210093/eng_mun.pdf
2012,3,10,school_mock,english,english-old,solution,manual_review,identity_unverifiable,confirmed,official_catalog_and_pdf,not_imported,,https://wdown.ebsi.co.kr/W61001/01exam/201210093/eng_hsj.pdf
2012,3,10,school_mock,history,,question,manual_review,identity_unverifiable,confirmed,official_catalog_and_pdf,not_imported,,https://wdown.ebsi.co.kr/W61001/01exam/201210093/s_his_mun.pdf
2012,3,10,school_mock,history,,solution,manual_review,identity_unverifiable,confirmed,official_catalog_and_pdf,not_imported,,https://wdown.ebsi.co.kr/W61001/01exam/201210093/s_his_hsj.pdf
2012,3,10,school_mock,history,korean-modern-history,question,manual_review,identity_unverifiable,confirmed,official_catalog_and_pdf,not_imported,,https://wdown.ebsi.co.kr/W61001/01exam/201210093/s_hgh_mun.pdf
2012,3,10,school_mock,history,korean-modern-history,solution,manual_review,identity_unverifiable,confirmed,official_catalog_and_pdf,not_imported,,https://wdown.ebsi.co.kr/W61001/01exam/201210093/s_hgh_hsj.pdf
2012,3,10,school_mock,social,economic-geography,question,manual_review,identity_unverifiable,confirmed,official_catalog_and_pdf,not_imported,,https://wdown.ebsi.co.kr/W61001/01exam/201210093/s_kyaji_mun.pdf
2012,3,10,school_mock,social,economic-geography,solution,manual_review,identity_unverifiable,confirmed,official_catalog_and_pdf,not_imported,,https://wdown.ebsi.co.kr/W61001/01exam/201210093/s_kyaji_hsj.pdf
2012,3,10,school_mock,social,economics,question,manual_review,identity_unverifiable,confirmed,official_catalog_and_pdf,not_imported,,https://wdown.ebsi.co.kr/W61001/01exam/201210093/s_eco_mun.pdf
2012,3,10,school_mock,social,economics,solution,manual_review,identity_unverifiable,confirmed,official_catalog_and_pdf,not_imported,,https://wdown.ebsi.co.kr/W61001/01exam/201210093/s_eco_hsj.pdf
2012,3,10,school_mock,social,ethics,question,manual_review,identity_unverifiable,confirmed,official_catalog_and_pdf,not_imported,,https://wdown.ebsi.co.kr/W61001/01exam/201210093/s_eth_mun.pdf
2012,3,10,school_mock,social,ethics,solution,manual_review,identity_unverifiable,confirmed,official_catalog_and_pdf,not_imported,,https://wdown.ebsi.co.kr/W61001/01exam/201210093/s_eth_hsj.pdf
2012,3,10,school_mock,social,korean-geography,question,manual_review,identity_unverifiable,confirmed,official_catalog_and_pdf,not_imported,,https://wdown.ebsi.co.kr/W61001/01exam/201210093/s_hanji_mun.pdf
2012,3,10,school_mock,social,korean-geography,solution,manual_review,identity_unverifiable,confirmed,official_catalog_and_pdf,not_imported,,https://wdown.ebsi.co.kr/W61001/01exam/201210093/s_hanji_hsj.pdf
2012,3,10,school_mock,social,law-and-society,question,missing,official_catalog_url_returns_404,confirmed,official_catalog_and_pdf,not_imported,,https://wdown.ebsi.co.kr/W61001/01exam/201210093/s_bns_mun.pdf
2012,3,10,school_mock,social,law-and-society,solution,missing,official_catalog_url_returns_404,confirmed,official_catalog_and_pdf,not_imported,,https://wdown.ebsi.co.kr/W61001/01exam/201210093/s_bns_hsj.pdf
2012,3,10,school_mock,social,politics,question,manual_review,identity_unverifiable,confirmed,official_catalog_and_pdf,not_imported,,https://wdown.ebsi.co.kr/W61001/01exam/201210093/s_pol_mun.pdf
2012,3,10,school_mock,social,politics,solution,manual_review,identity_unverifiable,confirmed,official_catalog_and_pdf,not_imported,,https://wdown.ebsi.co.kr/W61001/01exam/201210093/s_pol_hsj.pdf
2012,3,10,school_mock,social,social-culture,question,manual_review,identity_unverifiable,confirmed,official_catalog_and_pdf,not_imported,,https://wdown.ebsi.co.kr/W61001/01exam/201210093/s_samun_mun.pdf
2012,3,10,school_mock,social,social-culture,solution,manual_review,identity_unverifiable,confirmed,official_catalog_and_pdf,not_imported,,https://wdown.ebsi.co.kr/W61001/01exam/201210093/s_samun_hsj.pdf
2012,3,10,school_mock,social,world-geography,question,manual_review,identity_unverifiable,confirmed,official_catalog_and_pdf,not_imported,,https://wdown.ebsi.co.kr/W61001/01exam/201210093/s_saeji_mun.pdf
2012,3,10,school_mock,social,world-geography,solution,manual_review,identity_unverifiable,confirmed,official_catalog_and_pdf,not_imported,,https://wdown.ebsi.co.kr/W61001/01exam/201210093/s_saeji_hsj.pdf
2012,3,10,school_mock,social,world-history,question,manual_review,identity_unverifiable,confirmed,official_catalog_and_pdf,not_imported,,https://wdown.ebsi.co.kr/W61001/01exam/201210093/s_sks_mun.pdf
2012,3,10,school_mock,social,world-history,solution,manual_review,identity_unverifiable,confirmed,official_catalog_and_pdf,not_imported,,https://wdown.ebsi.co.kr/W61001/01exam/201210093/s_sks_hsj.pdf
2012,3,10,school_mock,science,chemistry-1,question,manual_review,identity_unverifiable,confirmed,official_catalog_and_pdf,not_imported,,https://wdown.ebsi.co.kr/W61001/01exam/201210093/g_che1_mun.pdf
2012,3,10,school_mock,science,chemistry-1,solution,manual_review,identity_unverifiable,confirmed,official_catalog_and_pdf,not_imported,,https://wdown.ebsi.co.kr/W61001/01exam/201210093/g_che1_hsj.pdf
2012,3,10,school_mock,science,chemistry-2,question,manual_review,identity_unverifiable,confirmed,official_catalog_and_pdf,not_imported,,https://wdown.ebsi.co.kr/W61001/01exam/201210093/g_che2_mun.pdf
2012,3,10,school_mock,science,chemistry-2,solution,manual_review,identity_unverifiable,confirmed,official_catalog_and_pdf,not_imported,,https://wdown.ebsi.co.kr/W61001/01exam/201210093/g_che2_hsj.pdf
2012,3,10,school_mock,science,earth-science-1,question,manual_review,identity_unverifiable,confirmed,official_catalog_and_pdf,not_imported,,https://wdown.ebsi.co.kr/W61001/01exam/201210093/g_ear1_mun.pdf
2012,3,10,school_mock,science,earth-science-1,solution,manual_review,identity_unverifiable,confirmed,official_catalog_and_pdf,not_imported,,https://wdown.ebsi.co.kr/W61001/01exam/201210093/g_ear1_hsj.pdf
2012,3,10,school_mock,science,earth-science-2,question,manual_review,identity_unverifiable,confirmed,official_catalog_and_pdf,not_imported,,https://wdown.ebsi.co.kr/W61001/01exam/201210093/g_ear2_mun.pdf
2012,3,10,school_mock,science,earth-science-2,solution,manual_review,identity_unverifiable,confirmed,official_catalog_and_pdf,not_imported,,https://wdown.ebsi.co.kr/W61001/01exam/201210093/g_ear2_hsj.pdf
2012,3,10,school_mock,science,life-science-1,question,manual_review,identity_unverifiable,confirmed,official_catalog_and_pdf,not_imported,,https://wdown.ebsi.co.kr/W61001/01exam/201210093/g_bio1_mun.pdf
2012,3,10,school_mock,science,life-science-1,solution,manual_review,identity_unverifiable,confirmed,official_catalog_and_pdf,not_imported,,https://wdown.ebsi.co.kr/W61001/01exam/201210093/g_bio1_hsj.pdf
2012,3,10,school_mock,science,life-science-2,question,manual_review,identity_unverifiable,confirmed,official_catalog_and_pdf,not_imported,,https://wdown.ebsi.co.kr/W61001/01exam/201210093/g_bio2_mun.pdf
2012,3,10,school_mock,science,life-science-2,solution,manual_review,identity_unverifiable,confirmed,official_catalog_and_pdf,not_imported,,https://wdown.ebsi.co.kr/W61001/01exam/201210093/g_bio2_hsj.pdf
2012,3,10,school_mock,science,physics-1,question,manual_review,identity_unverifiable,confirmed,official_catalog_and_pdf,not_imported,,https://wdown.ebsi.co.kr/W61001/01exam/201210093/g_phy1_mun.pdf
2012,3,10,school_mock,science,physics-1,solution,manual_review,identity_unverifiable,confirmed,official_catalog_and_pdf,not_imported,,https://wdown.ebsi.co.kr/W61001/01exam/201210093/g_phy1_hsj.pdf
2012,3,10,school_mock,science,physics-2,question,manual_review,identity_unverifiable,confirmed,official_catalog_and_pdf,not_imported,,https://wdown.ebsi.co.kr/W61001/01exam/201210093/g_phy2_mun.pdf
2012,3,10,school_mock,science,physics-2,solution,manual_review,identity_unverifiable,confirmed,official_catalog_and_pdf,not_imported,,https://wdown.ebsi.co.kr/W61001/01exam/201210093/g_phy2_hsj.pdf
2012,3,10,school_mock,vocational,agriculture-information,question,manual_review,identity_unverifiable,confirmed,official_catalog_and_pdf,not_imported,,https://wdown.ebsi.co.kr/W61001/01exam/201210093/j_jic01_mun.pdf
2012,3,10,school_mock,vocational,agriculture-information,solution,manual_review,identity_unverifiable,confirmed,official_catalog_and_pdf,not_imported,,https://wdown.ebsi.co.kr/W61001/01exam/201210093/j_jic01_hjs.pdf
2012,3,10,school_mock,vocational,design-general,question,manual_review,identity_unverifiable,confirmed,official_catalog_and_pdf,not_imported,,https://wdown.ebsi.co.kr/W61001/01exam/201210093/j_jic02_mun.pdf
2012,3,10,school_mock,vocational,design-general,solution,manual_review,identity_unverifiable,confirmed,official_catalog_and_pdf,not_imported,,https://wdown.ebsi.co.kr/W61001/01exam/201210093/j_jic02_hjs.pdf
2012,3,10,school_mock,vocational,fisheries-general,question,manual_review,identity_unverifiable,confirmed,official_catalog_and_pdf,not_imported,,https://wdown.ebsi.co.kr/W61001/01exam/201210093/j_jic03_mun.pdf
2012,3,10,school_mock,vocational,fisheries-general,solution,manual_review,identity_unverifiable,confirmed,official_catalog_and_pdf,not_imported,,https://wdown.ebsi.co.kr/W61001/01exam/201210093/j_jic03_hjs.pdf
2012,3,10,school_mock,vocational,fisheries-shipping-information,question,manual_review,identity_unverifiable,confirmed,official_catalog_and_pdf,not_imported,,https://wdown.ebsi.co.kr/W61001/01exam/201210093/J_ssnw_mun.pdf
2012,3,10,school_mock,vocational,fisheries-shipping-information,solution,manual_review,identity_unverifiable,confirmed,official_catalog_and_pdf,not_imported,,https://wdown.ebsi.co.kr/W61001/01exam/201210093/J_ssnw_hsj.pdf
2012,3,10,school_mock,vocational,food-and-nutrition,question,manual_review,identity_unverifiable,confirmed,official_catalog_and_pdf,not_imported,,https://wdown.ebsi.co.kr/W61001/01exam/201210093/j_jic04_mun.pdf
2012,3,10,school_mock,vocational,food-and-nutrition,solution,manual_review,identity_unverifiable,confirmed,official_catalog_and_pdf,not_imported,,https://wdown.ebsi.co.kr/W61001/01exam/201210093/j_jic04_hjs.pdf
2012,3,10,school_mock,vocational,industry-intro,question,manual_review,identity_unverifiable,confirmed,official_catalog_and_pdf,not_imported,,https://wdown.ebsi.co.kr/W61001/01exam/201210093/J_gup_mun.pdf
2012,3,10,school_mock,vocational,industry-intro,solution,manual_review,identity_unverifiable,confirmed,official_catalog_and_pdf,not_imported,,https://wdown.ebsi.co.kr/W61001/01exam/201210093/J_gup_hsj.pdf
2012,3,10,school_mock,vocational,information-technology-basics,question,manual_review,identity_unverifiable,confirmed,official_catalog_and_pdf,not_imported,,https://wdown.ebsi.co.kr/W61001/01exam/201210093/j_jic05_mun.pdf
2012,3,10,school_mock,vocational,information-technology-basics,solution,manual_review,identity_unverifiable,confirmed,official_catalog_and_pdf,not_imported,,https://wdown.ebsi.co.kr/W61001/01exam/201210093/j_jic05_hjs.pdf
2012,3,10,school_mock,vocational,maritime-general,question,manual_review,identity_unverifiable,confirmed,official_catalog_and_pdf,not_imported,,https://wdown.ebsi.co.kr/W61001/01exam/201210093/j_jic07_mun.pdf
2012,3,10,school_mock,vocational,maritime-general,solution,manual_review,identity_unverifiable,confirmed,official_catalog_and_pdf,not_imported,,https://wdown.ebsi.co.kr/W61001/01exam/201210093/j_jic07_hjs.pdf
2012,3,10,school_mock,vocational,programming,question,manual_review,identity_unverifiable,confirmed,official_catalog_and_pdf,not_imported,,https://wdown.ebsi.co.kr/W61001/01exam/201210093/j_jic06_mun.pdf
2012,3,10,school_mock,vocational,programming,solution,manual_review,identity_unverifiable,confirmed,official_catalog_and_pdf,not_imported,,https://wdown.ebsi.co.kr/W61001/01exam/201210093/j_jic06_hjs.pdf
2012,3,10,school_mock,second_language,chinese-1,question,manual_review,identity_unverifiable,confirmed,official_catalog_and_pdf,not_imported,,https://wdown.ebsi.co.kr/W61001/01exam/201210093/2nd_ch1_mun.pdf
2012,3,10,school_mock,second_language,chinese-1,solution,manual_review,identity_unverifiable,confirmed,official_catalog_and_pdf,not_imported,,https://wdown.ebsi.co.kr/W61001/01exam/201210093/2nd_ch1_hsj.pdf
2012,3,10,school_mock,second_language,classical-chinese-1,question,manual_review,identity_unverifiable,confirmed,official_catalog_and_pdf,not_imported,,https://wdown.ebsi.co.kr/W61001/01exam/201210093/2nd_han_mun.pdf
2012,3,10,school_mock,second_language,classical-chinese-1,solution,manual_review,identity_unverifiable,confirmed,official_catalog_and_pdf,not_imported,,https://wdown.ebsi.co.kr/W61001/01exam/201210093/2nd_han_hsj.pdf
2012,3,10,school_mock,second_language,french-1,question,manual_review,identity_unverifiable,confirmed,official_catalog_and_pdf,not_imported,,https://wdown.ebsi.co.kr/W61001/01exam/201210093/2nd_fr1_mun.pdf
2012,3,10,school_mock,second_language,french-1,solution,manual_review,identity_unverifiable,confirmed,official_catalog_and_pdf,not_imported,,https://wdown.ebsi.co.kr/W61001/01exam/201210093/2nd_fr1_hsj.pdf
2012,3,10,school_mock,second_language,german-1,question,manual_review,identity_unverifiable,confirmed,official_catalog_and_pdf,not_imported,,https://wdown.ebsi.co.kr/W61001/01exam/201210093/2nd_gr1_mun.pdf
2012,3,10,school_mock,second_language,german-1,solution,manual_review,identity_unverifiable,confirmed,official_catalog_and_pdf,not_imported,,https://wdown.ebsi.co.kr/W61001/01exam/201210093/2nd_gr1_hsj.pdf
2012,3,10,school_mock,second_language,japanese-1,question,manual_review,identity_unverifiable,confirmed,official_catalog_and_pdf,not_imported,,https://wdown.ebsi.co.kr/W61001/01exam/201210093/2nd_ja1_mun.pdf
2012,3,10,school_mock,second_language,japanese-1,solution,manual_review,identity_unverifiable,confirmed,official_catalog_and_pdf,not_imported,,https://wdown.ebsi.co.kr/W61001/01exam/201210093/2nd_ja1_hsj.pdf
2012,3,10,school_mock,second_language,russian-1,question,manual_review,identity_unverifiable,confirmed,official_catalog_and_pdf,not_imported,,https://wdown.ebsi.co.kr/W61001/01exam/201210093/2nd_ru1_mun.pdf
2012,3,10,school_mock,second_language,russian-1,solution,manual_review,identity_unverifiable,confirmed,official_catalog_and_pdf,not_imported,,https://wdown.ebsi.co.kr/W61001/01exam/201210093/2nd_ru1_hsj.pdf
2012,3,10,school_mock,second_language,spanish-1,question,manual_review,identity_unverifiable,confirmed,official_catalog_and_pdf,not_imported,,https://wdown.ebsi.co.kr/W61001/01exam/201210093/2nd_sp1_mun.pdf
2012,3,10,school_mock,second_language,spanish-1,solution,manual_review,identity_unverifiable,confirmed,official_catalog_and_pdf,not_imported,,https://wdown.ebsi.co.kr/W61001/01exam/201210093/2nd_sp1_hsj.pdf
2012,3,11,csat,korean,korean-old,question,manual_review,identity_unverifiable,confirmed,official_catalog_and_pdf,not_imported,,https://wdown.ebsi.co.kr/W61001/01exam/201211083/kor1_mun.pdf
2012,3,11,csat,korean,korean-old,solution,manual_review,identity_unverifiable,confirmed,official_catalog_and_pdf,not_imported,,https://wdown.ebsi.co.kr/W61001/01exam/201211083/kor1_hsj.pdf
2012,3,11,csat,math,math-a,question,manual_review,identity_unverifiable,confirmed,official_catalog_and_pdf,not_imported,,https://wdown.ebsi.co.kr/W61001/01exam/201211083/mathga1_mun.pdf
2012,3,11,csat,math,math-a,solution,manual_review,identity_unverifiable,confirmed,official_catalog_and_pdf,not_imported,,https://wdown.ebsi.co.kr/W61001/01exam/201211083/mathga1_hsj.pdf
2012,3,11,csat,math,math-b,question,manual_review,identity_unverifiable,confirmed,official_catalog_and_pdf,not_imported,,https://wdown.ebsi.co.kr/W61001/01exam/201211083/mathna1_mun.pdf
2012,3,11,csat,math,math-b,solution,manual_review,identity_unverifiable,confirmed,official_catalog_and_pdf,not_imported,,https://wdown.ebsi.co.kr/W61001/01exam/201211083/mathna1_hsj.pdf
2012,3,11,csat,english,english-old,question,manual_review,identity_unverifiable,confirmed,official_catalog_and_pdf,not_imported,,https://wdown.ebsi.co.kr/W61001/01exam/201211083/eng1_mun.pdf
2012,3,11,csat,english,english-old,solution,manual_review,identity_unverifiable,confirmed,official_catalog_and_pdf,not_imported,,https://wdown.ebsi.co.kr/W61001/01exam/201211083/eng1_hsj.pdf
2012,3,11,csat,history,,question,manual_review,identity_unverifiable,confirmed,official_catalog_and_pdf,not_imported,,https://wdown.ebsi.co.kr/W61001/01exam/201211083/s_his_mun.pdf
2012,3,11,csat,history,,solution,manual_review,identity_unverifiable,confirmed,official_catalog_and_pdf,not_imported,,https://wdown.ebsi.co.kr/W61001/01exam/201211083/s_his_hsj.pdf
2012,3,11,csat,history,korean-modern-history,question,manual_review,identity_unverifiable,confirmed,official_catalog_and_pdf,not_imported,,https://wdown.ebsi.co.kr/W61001/01exam/201211083/s_hgh_mun.pdf
2012,3,11,csat,history,korean-modern-history,solution,manual_review,identity_unverifiable,confirmed,official_catalog_and_pdf,not_imported,,https://wdown.ebsi.co.kr/W61001/01exam/201211083/s_hgh_hsj.pdf
2012,3,11,csat,social,economic-geography,question,manual_review,identity_unverifiable,confirmed,official_catalog_and_pdf,not_imported,,https://wdown.ebsi.co.kr/W61001/01exam/201211083/s_kyaji_mun.pdf
2012,3,11,csat,social,economic-geography,solution,manual_review,identity_unverifiable,confirmed,official_catalog_and_pdf,not_imported,,https://wdown.ebsi.co.kr/W61001/01exam/201211083/s_kyaji_hsj.pdf
2012,3,11,csat,social,economics,question,manual_review,identity_unverifiable,confirmed,official_catalog_and_pdf,not_imported,,https://wdown.ebsi.co.kr/W61001/01exam/201211083/s_eco_mun.pdf
2012,3,11,csat,social,economics,solution,manual_review,identity_unverifiable,confirmed,official_catalog_and_pdf,not_imported,,https://wdown.ebsi.co.kr/W61001/01exam/201211083/s_eco_hsj.pdf
2012,3,11,csat,social,ethics,question,manual_review,identity_unverifiable,confirmed,official_catalog_and_pdf,not_imported,,https://wdown.ebsi.co.kr/W61001/01exam/201211083/s_eth_mun.pdf
2012,3,11,csat,social,ethics,solution,manual_review,identity_unverifiable,confirmed,official_catalog_and_pdf,not_imported,,https://wdown.ebsi.co.kr/W61001/01exam/201211083/s_eth_hsj.pdf
2012,3,11,csat,social,korean-geography,question,manual_review,identity_unverifiable,confirmed,official_catalog_and_pdf,not_imported,,https://wdown.ebsi.co.kr/W61001/01exam/201211083/s_hanji_mun.pdf
2012,3,11,csat,social,korean-geography,solution,manual_review,identity_unverifiable,confirmed,official_catalog_and_pdf,not_imported,,https://wdown.ebsi.co.kr/W61001/01exam/201211083/s_hanji_hsj.pdf
2012,3,11,csat,social,law-and-society,question,missing,official_catalog_url_returns_404,confirmed,official_catalog_and_pdf,not_imported,,https://wdown.ebsi.co.kr/W61001/01exam/201211083/s_bns_mun.pdf
2012,3,11,csat,social,law-and-society,solution,missing,official_catalog_url_returns_404,confirmed,official_catalog_and_pdf,not_imported,,https://wdown.ebsi.co.kr/W61001/01exam/201211083/s_bns_hsj.pdf
2012,3,11,csat,social,politics,question,manual_review,identity_unverifiable,confirmed,official_catalog_and_pdf,not_imported,,https://wdown.ebsi.co.kr/W61001/01exam/201211083/s_pol_mun.pdf
2012,3,11,csat,social,politics,solution,manual_review,identity_unverifiable,confirmed,official_catalog_and_pdf,not_imported,,https://wdown.ebsi.co.kr/W61001/01exam/201211083/s_pol_hsj.pdf
2012,3,11,csat,social,social-culture,question,manual_review,identity_unverifiable,confirmed,official_catalog_and_pdf,not_imported,,https://wdown.ebsi.co.kr/W61001/01exam/201211083/s_samun_mun.pdf
2012,3,11,csat,social,social-culture,solution,manual_review,identity_unverifiable,confirmed,official_catalog_and_pdf,not_imported,,https://wdown.ebsi.co.kr/W61001/01exam/201211083/s_samun_hsj.pdf
2012,3,11,csat,social,world-geography,question,manual_review,identity_unverifiable,confirmed,official_catalog_and_pdf,not_imported,,https://wdown.ebsi.co.kr/W61001/01exam/201211083/s_saeji_mun.pdf
2012,3,11,csat,social,world-geography,solution,manual_review,identity_unverifiable,confirmed,official_catalog_and_pdf,not_imported,,https://wdown.ebsi.co.kr/W61001/01exam/201211083/s_saeji_hsj.pdf
2012,3,11,csat,social,world-history,question,manual_review,identity_unverifiable,confirmed,official_catalog_and_pdf,not_imported,,https://wdown.ebsi.co.kr/W61001/01exam/201211083/s_sks_mun.pdf
2012,3,11,csat,social,world-history,solution,manual_review,identity_unverifiable,confirmed,official_catalog_and_pdf,not_imported,,https://wdown.ebsi.co.kr/W61001/01exam/201211083/s_sks_hsj.pdf
2012,3,11,csat,science,chemistry-1,question,manual_review,identity_unverifiable,confirmed,official_catalog_and_pdf,not_imported,,https://wdown.ebsi.co.kr/W61001/01exam/201211083/g_che1_mun.pdf
2012,3,11,csat,science,chemistry-1,solution,manual_review,identity_unverifiable,confirmed,official_catalog_and_pdf,not_imported,,https://wdown.ebsi.co.kr/W61001/01exam/201211083/g_che1_hsj.pdf
2012,3,11,csat,science,chemistry-2,question,manual_review,identity_unverifiable,confirmed,official_catalog_and_pdf,not_imported,,https://wdown.ebsi.co.kr/W61001/01exam/201211083/g_che2_mun.pdf
2012,3,11,csat,science,chemistry-2,solution,manual_review,identity_unverifiable,confirmed,official_catalog_and_pdf,not_imported,,https://wdown.ebsi.co.kr/W61001/01exam/201211083/g_che2_hsj.pdf
2012,3,11,csat,science,earth-science-1,question,manual_review,identity_unverifiable,confirmed,official_catalog_and_pdf,not_imported,,https://wdown.ebsi.co.kr/W61001/01exam/201211083/g_ear1_mun.pdf
2012,3,11,csat,science,earth-science-1,solution,manual_review,identity_unverifiable,confirmed,official_catalog_and_pdf,not_imported,,https://wdown.ebsi.co.kr/W61001/01exam/201211083/g_ear1_hsj.pdf
2012,3,11,csat,science,earth-science-2,question,manual_review,identity_unverifiable,confirmed,official_catalog_and_pdf,not_imported,,https://wdown.ebsi.co.kr/W61001/01exam/201211083/g_ear2_mun.pdf
2012,3,11,csat,science,earth-science-2,solution,manual_review,identity_unverifiable,confirmed,official_catalog_and_pdf,not_imported,,https://wdown.ebsi.co.kr/W61001/01exam/201211083/g_ear2_hsj.pdf
2012,3,11,csat,science,life-science-1,question,manual_review,identity_unverifiable,confirmed,official_catalog_and_pdf,not_imported,,https://wdown.ebsi.co.kr/W61001/01exam/201211083/g_bio1_mun.pdf
2012,3,11,csat,science,life-science-1,solution,manual_review,identity_unverifiable,confirmed,official_catalog_and_pdf,not_imported,,https://wdown.ebsi.co.kr/W61001/01exam/201211083/g_bio1_hsj.pdf
2012,3,11,csat,science,life-science-2,question,manual_review,identity_unverifiable,confirmed,official_catalog_and_pdf,not_imported,,https://wdown.ebsi.co.kr/W61001/01exam/201211083/g_bio2_mun.pdf
2012,3,11,csat,science,life-science-2,solution,manual_review,identity_unverifiable,confirmed,official_catalog_and_pdf,not_imported,,https://wdown.ebsi.co.kr/W61001/01exam/201211083/g_bio2_hsj.pdf
2012,3,11,csat,science,physics-1,question,manual_review,identity_unverifiable,confirmed,official_catalog_and_pdf,not_imported,,https://wdown.ebsi.co.kr/W61001/01exam/201211083/g_phy1_mun.pdf
2012,3,11,csat,science,physics-1,solution,manual_review,identity_unverifiable,confirmed,official_catalog_and_pdf,not_imported,,https://wdown.ebsi.co.kr/W61001/01exam/201211083/g_phy1_hsj.pdf
2012,3,11,csat,science,physics-2,question,manual_review,identity_unverifiable,confirmed,official_catalog_and_pdf,not_imported,,https://wdown.ebsi.co.kr/W61001/01exam/201211083/g_phy2_mun.pdf
2012,3,11,csat,science,physics-2,solution,manual_review,identity_unverifiable,confirmed,official_catalog_and_pdf,not_imported,,https://wdown.ebsi.co.kr/W61001/01exam/201211083/g_phy2_hsj.pdf
2012,3,11,csat,vocational,accounting-principles,question,manual_review,identity_unverifiable,confirmed,official_catalog_and_pdf,not_imported,,https://wdown.ebsi.co.kr/W61001/01exam/201211083/1_j_jic12_mun.pdf
2012,3,11,csat,vocational,accounting-principles,solution,manual_review,identity_unverifiable,confirmed,official_catalog_and_pdf,not_imported,,https://wdown.ebsi.co.kr/W61001/01exam/201211083/1_j_jic12_hsj.pdf
2012,3,11,csat,vocational,agriculture-basics,question,manual_review,identity_unverifiable,confirmed,official_catalog_and_pdf,not_imported,,https://wdown.ebsi.co.kr/W61001/01exam/201211083/1_j_jic10_mun.pdf
2012,3,11,csat,vocational,agriculture-basics,solution,manual_review,identity_unverifiable,confirmed,official_catalog_and_pdf,not_imported,,https://wdown.ebsi.co.kr/W61001/01exam/201211083/1_j_jic10_hsj.pdf
2012,3,11,csat,vocational,agriculture-information,question,manual_review,identity_unverifiable,confirmed,official_catalog_and_pdf,not_imported,,https://wdown.ebsi.co.kr/W61001/01exam/201211083/j_jic01_mun.pdf
2012,3,11,csat,vocational,agriculture-information,solution,manual_review,identity_unverifiable,confirmed,official_catalog_and_pdf,not_imported,,https://wdown.ebsi.co.kr/W61001/01exam/201211083/j_jic01_hsj.pdf
2012,3,11,csat,vocational,agriculture-understanding,question,manual_review,identity_unverifiable,confirmed,official_catalog_and_pdf,not_imported,,https://wdown.ebsi.co.kr/W61001/01exam/201211083/1_J_nsmsup_mun.pdf
2012,3,11,csat,vocational,agriculture-understanding,solution,manual_review,identity_unverifiable,confirmed,official_catalog_and_pdf,not_imported,,https://wdown.ebsi.co.kr/W61001/01exam/201211083/1_J_nsmsup_hsj.pdf
2012,3,11,csat,vocational,basic-drafting,question,manual_review,identity_unverifiable,confirmed,official_catalog_and_pdf,not_imported,,https://wdown.ebsi.co.kr/W61001/01exam/201211083/1_j_jic11_mun.pdf
2012,3,11,csat,vocational,basic-drafting,solution,manual_review,identity_unverifiable,confirmed,official_catalog_and_pdf,not_imported,,https://wdown.ebsi.co.kr/W61001/01exam/201211083/1_j_jic11_hsj.pdf
2012,3,11,csat,vocational,commercial-economics,question,manual_review,identity_unverifiable,confirmed,official_catalog_and_pdf,not_imported,,https://wdown.ebsi.co.kr/W61001/01exam/201211083/1_J_supjb_mun.pdf
2012,3,11,csat,vocational,commercial-economics,solution,manual_review,identity_unverifiable,confirmed,official_catalog_and_pdf,not_imported,,https://wdown.ebsi.co.kr/W61001/01exam/201211083/1_J_supjb_hsj.pdf
2012,3,11,csat,vocational,computer-general,question,manual_review,identity_unverifiable,confirmed,official_catalog_and_pdf,not_imported,,https://wdown.ebsi.co.kr/W61001/01exam/201211083/j_jic08_mun.PDF
2012,3,11,csat,vocational,computer-general,solution,manual_review,identity_unverifiable,confirmed,official_catalog_and_pdf,not_imported,,https://wdown.ebsi.co.kr/W61001/01exam/201211083/j_jic08_hsj.pdf
2012,3,11,csat,vocational,design-general,question,manual_review,identity_unverifiable,confirmed,official_catalog_and_pdf,not_imported,,https://wdown.ebsi.co.kr/W61001/01exam/201211083/j_jic02_mun.pdf
2012,3,11,csat,vocational,design-general,solution,manual_review,identity_unverifiable,confirmed,official_catalog_and_pdf,not_imported,,https://wdown.ebsi.co.kr/W61001/01exam/201211083/j_jic02_hsj.pdf
2012,3,11,csat,vocational,fisheries-general,question,manual_review,identity_unverifiable,confirmed,official_catalog_and_pdf,not_imported,,https://wdown.ebsi.co.kr/W61001/01exam/201211083/j_jic03_mun.pdf
2012,3,11,csat,vocational,fisheries-general,solution,manual_review,identity_unverifiable,confirmed,official_catalog_and_pdf,not_imported,,https://wdown.ebsi.co.kr/W61001/01exam/201211083/j_jic03_hsj.pdf
2012,3,11,csat,vocational,fisheries-shipping-information,question,manual_review,identity_unverifiable,confirmed,official_catalog_and_pdf,not_imported,,https://wdown.ebsi.co.kr/W61001/01exam/201211083/J_ssnw_mun.pdf
2012,3,11,csat,vocational,fisheries-shipping-information,solution,manual_review,identity_unverifiable,confirmed,official_catalog_and_pdf,not_imported,,https://wdown.ebsi.co.kr/W61001/01exam/201211083/J_ssnw_hsj.pdf
2012,3,11,csat,vocational,food-and-nutrition,question,manual_review,identity_unverifiable,confirmed,official_catalog_and_pdf,not_imported,,https://wdown.ebsi.co.kr/W61001/01exam/201211083/j_jic04_mun.pdf
2012,3,11,csat,vocational,food-and-nutrition,solution,manual_review,identity_unverifiable,confirmed,official_catalog_and_pdf,not_imported,,https://wdown.ebsi.co.kr/W61001/01exam/201211083/j_jic04_hsj.pdf
2012,3,11,csat,vocational,human-development,question,manual_review,identity_unverifiable,confirmed,official_catalog_and_pdf,not_imported,,https://wdown.ebsi.co.kr/W61001/01exam/201211083/1_J_gsnsup_mun.PDF
2012,3,11,csat,vocational,human-development,solution,manual_review,identity_unverifiable,confirmed,official_catalog_and_pdf,not_imported,,https://wdown.ebsi.co.kr/W61001/01exam/201211083/2_j_gsnsup_hsj.pdf
2012,3,11,csat,vocational,industry-intro,question,manual_review,identity_unverifiable,confirmed,official_catalog_and_pdf,not_imported,,https://wdown.ebsi.co.kr/W61001/01exam/201211083/J_gup_mun.pdf
2012,3,11,csat,vocational,industry-intro,solution,manual_review,identity_unverifiable,confirmed,official_catalog_and_pdf,not_imported,,https://wdown.ebsi.co.kr/W61001/01exam/201211083/J_gup_hsj.pdf
2012,3,11,csat,vocational,information-technology-basics,question,manual_review,identity_unverifiable,confirmed,official_catalog_and_pdf,not_imported,,https://wdown.ebsi.co.kr/W61001/01exam/201211083/j_jic05_mun.pdf
2012,3,11,csat,vocational,information-technology-basics,solution,manual_review,identity_unverifiable,confirmed,official_catalog_and_pdf,not_imported,,https://wdown.ebsi.co.kr/W61001/01exam/201211083/j_jic05_hsj.pdf
2012,3,11,csat,vocational,maritime-general,question,manual_review,identity_unverifiable,confirmed,official_catalog_and_pdf,not_imported,,https://wdown.ebsi.co.kr/W61001/01exam/201211083/j_jic07_mun.pdf
2012,3,11,csat,vocational,maritime-general,solution,manual_review,identity_unverifiable,confirmed,official_catalog_and_pdf,not_imported,,https://wdown.ebsi.co.kr/W61001/01exam/201211083/j_jic07_hsj.pdf
2012,3,11,csat,vocational,ocean-general,question,manual_review,identity_unverifiable,confirmed,official_catalog_and_pdf,not_imported,,https://wdown.ebsi.co.kr/W61001/01exam/201211083/1_J_ssnw_mun.pdf
2012,3,11,csat,vocational,ocean-general,solution,manual_review,identity_unverifiable,confirmed,official_catalog_and_pdf,not_imported,,https://wdown.ebsi.co.kr/W61001/01exam/201211083/1_J_ssnw_hsj.pdf
2012,3,11,csat,vocational,programming,question,manual_review,identity_unverifiable,confirmed,official_catalog_and_pdf,not_imported,,https://wdown.ebsi.co.kr/W61001/01exam/201211083/j_jic06_mun.pdf
2012,3,11,csat,vocational,programming,solution,manual_review,identity_unverifiable,confirmed,official_catalog_and_pdf,not_imported,,https://wdown.ebsi.co.kr/W61001/01exam/201211083/j_jic06_hsj.pdf
2012,3,11,csat,second_language,arabic-1,question,manual_review,identity_unverifiable,confirmed,official_catalog_and_pdf,not_imported,,https://wdown.ebsi.co.kr/W61001/01exam/201211083/2nd_ar1_mun.pdf
2012,3,11,csat,second_language,arabic-1,solution,manual_review,identity_unverifiable,confirmed,official_catalog_and_pdf,not_imported,,https://wdown.ebsi.co.kr/W61001/01exam/201211083/2nd_ar1_hsj.pdf
2012,3,11,csat,second_language,chinese-1,question,manual_review,identity_unverifiable,confirmed,official_catalog_and_pdf,not_imported,,https://wdown.ebsi.co.kr/W61001/01exam/201211083/2nd_ch1_mun.pdf
2012,3,11,csat,second_language,chinese-1,solution,manual_review,identity_unverifiable,confirmed,official_catalog_and_pdf,not_imported,,https://wdown.ebsi.co.kr/W61001/01exam/201211083/2nd_ch1_hsj.pdf
2012,3,11,csat,second_language,classical-chinese-1,question,manual_review,identity_unverifiable,confirmed,official_catalog_and_pdf,not_imported,,https://wdown.ebsi.co.kr/W61001/01exam/201211083/2nd_han_mun.pdf
2012,3,11,csat,second_language,classical-chinese-1,solution,manual_review,identity_unverifiable,confirmed,official_catalog_and_pdf,not_imported,,https://wdown.ebsi.co.kr/W61001/01exam/201211083/2nd_han_hsj.pdf
2012,3,11,csat,second_language,french-1,question,manual_review,identity_unverifiable,confirmed,official_catalog_and_pdf,not_imported,,https://wdown.ebsi.co.kr/W61001/01exam/201211083/2nd_fr1_mun.pdf
2012,3,11,csat,second_language,french-1,solution,manual_review,identity_unverifiable,confirmed,official_catalog_and_pdf,not_imported,,https://wdown.ebsi.co.kr/W61001/01exam/201211083/2nd_fr1_hsj.pdf
2012,3,11,csat,second_language,german-1,question,manual_review,identity_unverifiable,confirmed,official_catalog_and_pdf,not_imported,,https://wdown.ebsi.co.kr/W61001/01exam/201211083/2nd_gr1_mun.pdf
2012,3,11,csat,second_language,german-1,solution,manual_review,identity_unverifiable,confirmed,official_catalog_and_pdf,not_imported,,https://wdown.ebsi.co.kr/W61001/01exam/201211083/2nd_gr1_hsj.pdf
2012,3,11,csat,second_language,japanese-1,question,manual_review,identity_unverifiable,confirmed,official_catalog_and_pdf,not_imported,,https://wdown.ebsi.co.kr/W61001/01exam/201211083/2nd_ja1_mun.pdf
2012,3,11,csat,second_language,japanese-1,solution,manual_review,identity_unverifiable,confirmed,official_catalog_and_pdf,not_imported,,https://wdown.ebsi.co.kr/W61001/01exam/201211083/2nd_ja1_hsj.pdf
2012,3,11,csat,second_language,russian-1,question,manual_review,identity_unverifiable,confirmed,official_catalog_and_pdf,not_imported,,https://wdown.ebsi.co.kr/W61001/01exam/201211083/2nd_ru1_mun.pdf
2012,3,11,csat,second_language,russian-1,solution,manual_review,identity_unverifiable,confirmed,official_catalog_and_pdf,not_imported,,https://wdown.ebsi.co.kr/W61001/01exam/201211083/2nd_ru1_hsj.pdf
2012,3,11,csat,second_language,spanish-1,question,manual_review,identity_unverifiable,confirmed,official_catalog_and_pdf,not_imported,,https://wdown.ebsi.co.kr/W61001/01exam/201211083/2nd_sp1_mun.pdf
2012,3,11,csat,second_language,spanish-1,solution,manual_review,identity_unverifiable,confirmed,official_catalog_and_pdf,not_imported,,https://wdown.ebsi.co.kr/W61001/01exam/201211083/2nd_sp1_hsj.pdf
