year,grade,month,exam_type,subject,course_code,file_type,status,reason,count_as_expected,expected_basis,db_status,public_file_id,official_url
2014,1,3,school_mock,korean,,question,manual_review,identity_unverifiable,confirmed,official_catalog_and_pdf,not_imported,,https://wdown.ebsi.co.kr/W61001/01exam/201403121/kor_mun.pdf
2014,1,3,school_mock,korean,,solution,manual_review,identity_unverifiable,confirmed,official_catalog_and_pdf,not_imported,,https://wdown.ebsi.co.kr/W61001/01exam/201403121/kor_hsj.pdf
2014,1,3,school_mock,math,,question,manual_review,identity_unverifiable,confirmed,official_catalog_and_pdf,not_imported,,https://wdown.ebsi.co.kr/W61001/01exam/201403121/math_mun.pdf
2014,1,3,school_mock,math,,solution,manual_review,identity_unverifiable,confirmed,official_catalog_and_pdf,not_imported,,https://wdown.ebsi.co.kr/W61001/01exam/201403121/math_hsj.pdf
2014,1,3,school_mock,english,,question,manual_review,identity_unverifiable,confirmed,official_catalog_and_pdf,not_imported,,https://wdown.ebsi.co.kr/W61001/01exam/201403121/eng_mun.pdf
2014,1,3,school_mock,english,,solution,manual_review,identity_unverifiable,confirmed,official_catalog_and_pdf,not_imported,,https://wdown.ebsi.co.kr/W61001/01exam/201403121/eng_hsj.pdf
2014,1,3,school_mock,history,,question,manual_review,identity_unverifiable,confirmed,official_catalog_and_pdf,not_imported,,https://wdown.ebsi.co.kr/W61001/01exam/201403121/s_his_mun.pdf
2014,1,3,school_mock,history,,solution,manual_review,identity_unverifiable,confirmed,official_catalog_and_pdf,not_imported,,https://wdown.ebsi.co.kr/W61001/01exam/201403121/s_his_hsj.pdf
2014,1,3,school_mock,social,general-social,question,manual_review,identity_unverifiable,confirmed,official_catalog_and_pdf,not_imported,,https://wdown.ebsi.co.kr/W61001/01exam/201403121/s_bns_mun.pdf
2014,1,3,school_mock,social,general-social,solution,manual_review,identity_unverifiable,confirmed,official_catalog_and_pdf,not_imported,,https://wdown.ebsi.co.kr/W61001/01exam/201403121/s_bns_hsj.pdf
2014,1,3,school_mock,social,geography-general,question,manual_review,identity_unverifiable,confirmed,official_catalog_and_pdf,not_imported,,https://wdown.ebsi.co.kr/W61001/01exam/201403121/s_jiri_mun.pdf
2014,1,3,school_mock,social,geography-general,solution,manual_review,identity_unverifiable,confirmed,official_catalog_and_pdf,not_imported,,https://wdown.ebsi.co.kr/W61001/01exam/201403121/s_jiri_hsj.pdf
2014,1,3,school_mock,social,morality,question,manual_review,identity_unverifiable,confirmed,official_catalog_and_pdf,not_imported,,https://wdown.ebsi.co.kr/W61001/01exam/201403121/s_ssnyr_mun.pdf
2014,1,3,school_mock,social,morality,solution,manual_review,identity_unverifiable,confirmed,official_catalog_and_pdf,not_imported,,https://wdown.ebsi.co.kr/W61001/01exam/201403121/s_ssnyr_hsj.pdf
2014,1,3,school_mock,science,chemistry-general,question,manual_review,identity_unverifiable,confirmed,official_catalog_and_pdf,not_imported,,https://wdown.ebsi.co.kr/W61001/01exam/201403121/g_che_mun.pdf
2014,1,3,school_mock,science,chemistry-general,solution,manual_review,identity_unverifiable,confirmed,official_catalog_and_pdf,not_imported,,https://wdown.ebsi.co.kr/W61001/01exam/201403121/g_che_hsj.pdf
2014,1,3,school_mock,science,earth-science-general,question,manual_review,identity_unverifiable,confirmed,official_catalog_and_pdf,not_imported,,https://wdown.ebsi.co.kr/W61001/01exam/201403121/g_ear_mun.pdf
2014,1,3,school_mock,science,earth-science-general,solution,manual_review,identity_unverifiable,confirmed,official_catalog_and_pdf,not_imported,,https://wdown.ebsi.co.kr/W61001/01exam/201403121/g_ear_hsj.pdf
2014,1,3,school_mock,science,life-science-general,question,manual_review,identity_unverifiable,confirmed,official_catalog_and_pdf,not_imported,,https://wdown.ebsi.co.kr/W61001/01exam/201403121/g_bio_mun.pdf
2014,1,3,school_mock,science,life-science-general,solution,manual_review,identity_unverifiable,confirmed,official_catalog_and_pdf,not_imported,,https://wdown.ebsi.co.kr/W61001/01exam/201403121/g_bio_hsj.pdf
2014,1,3,school_mock,science,physics-general,question,manual_review,identity_unverifiable,confirmed,official_catalog_and_pdf,not_imported,,https://wdown.ebsi.co.kr/W61001/01exam/201403121/g_phy_mun.pdf
2014,1,3,school_mock,science,physics-general,solution,manual_review,identity_unverifiable,confirmed,official_catalog_and_pdf,not_imported,,https://wdown.ebsi.co.kr/W61001/01exam/201403121/g_phy_hsj.pdf
2014,1,6,school_mock,korean,,question,manual_review,identity_unverifiable,confirmed,official_catalog_and_pdf,not_imported,,https://wdown.ebsi.co.kr/W61001/01exam/201406121/kor_mun.pdf
2014,1,6,school_mock,korean,,solution,manual_review,identity_unverifiable,confirmed,official_catalog_and_pdf,not_imported,,https://wdown.ebsi.co.kr/W61001/01exam/201406121/kor_hsj.pdf
2014,1,6,school_mock,math,,question,manual_review,identity_unverifiable,confirmed,official_catalog_and_pdf,not_imported,,https://wdown.ebsi.co.kr/W61001/01exam/201406121/math_mun.pdf
2014,1,6,school_mock,math,,solution,manual_review,identity_unverifiable,confirmed,official_catalog_and_pdf,not_imported,,https://wdown.ebsi.co.kr/W61001/01exam/201406121/math_hsj.pdf
2014,1,6,school_mock,english,,question,manual_review,identity_unverifiable,confirmed,official_catalog_and_pdf,not_imported,,https://wdown.ebsi.co.kr/W61001/01exam/201406121/eng_mun.pdf
2014,1,6,school_mock,english,,solution,manual_review,identity_unverifiable,confirmed,official_catalog_and_pdf,not_imported,,https://wdown.ebsi.co.kr/W61001/01exam/201406121/eng_hsj.pdf
2014,1,6,school_mock,history,,question,manual_review,identity_unverifiable,confirmed,official_catalog_and_pdf,not_imported,,https://wdown.ebsi.co.kr/W61001/01exam/201406121/s_his_mun.pdf
2014,1,6,school_mock,history,,solution,manual_review,identity_unverifiable,confirmed,official_catalog_and_pdf,not_imported,,https://wdown.ebsi.co.kr/W61001/01exam/201406121/s_his_hsj.pdf
2014,1,6,school_mock,social,general-social,question,manual_review,identity_unverifiable,confirmed,official_catalog_and_pdf,not_imported,,https://wdown.ebsi.co.kr/W61001/01exam/201406121/s_sahoe_mun.pdf
2014,1,6,school_mock,social,general-social,solution,manual_review,identity_unverifiable,confirmed,official_catalog_and_pdf,not_imported,,https://wdown.ebsi.co.kr/W61001/01exam/201406121/s_sahoe_hsj.pdf
2014,1,6,school_mock,social,geography-general,question,manual_review,identity_unverifiable,confirmed,official_catalog_and_pdf,not_imported,,https://wdown.ebsi.co.kr/W61001/01exam/201406121/s_jiri_mun.pdf
2014,1,6,school_mock,social,geography-general,solution,manual_review,identity_unverifiable,confirmed,official_catalog_and_pdf,not_imported,,https://wdown.ebsi.co.kr/W61001/01exam/201406121/s_jiri_hsj.pdf
2014,1,6,school_mock,social,morality,question,manual_review,identity_unverifiable,confirmed,official_catalog_and_pdf,not_imported,,https://wdown.ebsi.co.kr/W61001/01exam/201406121/s_ssnyr_mun.pdf
2014,1,6,school_mock,social,morality,solution,manual_review,identity_unverifiable,confirmed,official_catalog_and_pdf,not_imported,,https://wdown.ebsi.co.kr/W61001/01exam/201406121/s_ssnyr_hsj.pdf
2014,1,6,school_mock,science,chemistry-general,question,manual_review,identity_unverifiable,confirmed,official_catalog_and_pdf,not_imported,,https://wdown.ebsi.co.kr/W61001/01exam/201406121/g_che_mun.pdf
2014,1,6,school_mock,science,chemistry-general,solution,manual_review,identity_unverifiable,confirmed,official_catalog_and_pdf,not_imported,,https://wdown.ebsi.co.kr/W61001/01exam/201406121/g_che_hsj.pdf
2014,1,6,school_mock,science,earth-science-general,question,manual_review,identity_unverifiable,confirmed,official_catalog_and_pdf,not_imported,,https://wdown.ebsi.co.kr/W61001/01exam/201406121/g_ear_mun.pdf
2014,1,6,school_mock,science,earth-science-general,solution,manual_review,identity_unverifiable,confirmed,official_catalog_and_pdf,not_imported,,https://wdown.ebsi.co.kr/W61001/01exam/201406121/g_ear_hsj.pdf
2014,1,6,school_mock,science,life-science-general,question,manual_review,identity_unverifiable,confirmed,official_catalog_and_pdf,not_imported,,https://wdown.ebsi.co.kr/W61001/01exam/201406121/g_bio_mun.pdf
2014,1,6,school_mock,science,life-science-general,solution,manual_review,identity_unverifiable,confirmed,official_catalog_and_pdf,not_imported,,https://wdown.ebsi.co.kr/W61001/01exam/201406121/g_bio_hsj.pdf
2014,1,6,school_mock,science,physics-general,question,manual_review,identity_unverifiable,confirmed,official_catalog_and_pdf,not_imported,,https://wdown.ebsi.co.kr/W61001/01exam/201406121/g_phy_mun.pdf
2014,1,6,school_mock,science,physics-general,solution,manual_review,identity_unverifiable,confirmed,official_catalog_and_pdf,not_imported,,https://wdown.ebsi.co.kr/W61001/01exam/201406121/g_phy_hsj.pdf
2014,1,9,school_mock,korean,,question,manual_review,identity_unverifiable,confirmed,official_catalog_and_pdf,not_imported,,https://wdown.ebsi.co.kr/W61001/01exam/201409031/nqqKgWRj_h1_kor_mun.pdf
2014,1,9,school_mock,korean,,solution,manual_review,identity_unverifiable,confirmed,official_catalog_and_pdf,not_imported,,https://wdown.ebsi.co.kr/W61001/01exam/201409031/fXr6nbb3_h1_kor_hsj.pdf
2014,1,9,school_mock,math,,question,manual_review,identity_unverifiable,confirmed,official_catalog_and_pdf,not_imported,,https://wdown.ebsi.co.kr/W61001/01exam/201409031/MOsvGhcI_h1_math_mun.pdf
2014,1,9,school_mock,math,,solution,manual_review,identity_unverifiable,confirmed,official_catalog_and_pdf,not_imported,,https://wdown.ebsi.co.kr/W61001/01exam/201409031/SPim9Oci_h1_math_hsj.pdf
2014,1,9,school_mock,english,,question,manual_review,identity_unverifiable,confirmed,official_catalog_and_pdf,not_imported,,https://wdown.ebsi.co.kr/W61001/01exam/201409031/PXkmCJiL_h1_eng_mun.pdf
2014,1,9,school_mock,english,,solution,manual_review,identity_unverifiable,confirmed,official_catalog_and_pdf,not_imported,,https://wdown.ebsi.co.kr/W61001/01exam/201409031/Pv00J6gX_h1_eng_hsj.pdf
2014,1,9,school_mock,history,,question,manual_review,identity_unverifiable,confirmed,official_catalog_and_pdf,not_imported,,https://wdown.ebsi.co.kr/W61001/01exam/201409031/2XdoYfYo_h1_s_his_mun.pdf
2014,1,9,school_mock,history,,solution,manual_review,identity_unverifiable,confirmed,official_catalog_and_pdf,not_imported,,https://wdown.ebsi.co.kr/W61001/01exam/201409031/iB5ANH2c_h1_s_his_hsj.pdf
2014,1,9,school_mock,social,general-social,question,manual_review,identity_unverifiable,confirmed,official_catalog_and_pdf,not_imported,,https://wdown.ebsi.co.kr/W61001/01exam/201409031/NwiGnSqJ_h1_s_sahoe_mun.pdf
2014,1,9,school_mock,social,general-social,solution,manual_review,identity_unverifiable,confirmed,official_catalog_and_pdf,not_imported,,https://wdown.ebsi.co.kr/W61001/01exam/201409031/Ic0y82gv_h1_s_sahoe_hsj.pdf
2014,1,9,school_mock,social,geography-general,question,manual_review,identity_unverifiable,confirmed,official_catalog_and_pdf,not_imported,,https://wdown.ebsi.co.kr/W61001/01exam/201409031/TjtRpeVP_h1_s_jiri_mun.pdf
2014,1,9,school_mock,social,geography-general,solution,manual_review,identity_unverifiable,confirmed,official_catalog_and_pdf,not_imported,,https://wdown.ebsi.co.kr/W61001/01exam/201409031/OEcyhJzq_h1_s_jiri_hsj.pdf
2014,1,9,school_mock,social,morality,question,manual_review,identity_unverifiable,confirmed,official_catalog_and_pdf,not_imported,,https://wdown.ebsi.co.kr/W61001/01exam/201409031/v0aGltFB_h1_s_ssnyr_mun.pdf
2014,1,9,school_mock,social,morality,solution,manual_review,identity_unverifiable,confirmed,official_catalog_and_pdf,not_imported,,https://wdown.ebsi.co.kr/W61001/01exam/201409031/NlJbSorx_h1_s_ssnyr_hsj.pdf
2014,1,9,school_mock,science,chemistry-general,question,manual_review,identity_unverifiable,confirmed,official_catalog_and_pdf,not_imported,,https://wdown.ebsi.co.kr/W61001/01exam/201409031/P1A83xiD_h1_g__g_che_mun.pdf
2014,1,9,school_mock,science,chemistry-general,solution,manual_review,identity_unverifiable,confirmed,official_catalog_and_pdf,not_imported,,https://wdown.ebsi.co.kr/W61001/01exam/201409031/d9D9DQVX_h1_g_che_hsj.pdf
2014,1,9,school_mock,science,earth-science-general,question,manual_review,identity_unverifiable,confirmed,official_catalog_and_pdf,not_imported,,https://wdown.ebsi.co.kr/W61001/01exam/201409031/Wd8T408O_h1_g_ear_mun.pdf
2014,1,9,school_mock,science,earth-science-general,solution,manual_review,identity_unverifiable,confirmed,official_catalog_and_pdf,not_imported,,https://wdown.ebsi.co.kr/W61001/01exam/201409031/h1pMuBeZ_h1_g_ear_hsj.pdf
2014,1,9,school_mock,science,life-science-general,question,manual_review,identity_unverifiable,confirmed,official_catalog_and_pdf,not_imported,,https://wdown.ebsi.co.kr/W61001/01exam/201409031/wR1IM9QX_h1_g_bio_mun.pdf
2014,1,9,school_mock,science,life-science-general,solution,manual_review,identity_unverifiable,confirmed,official_catalog_and_pdf,not_imported,,https://wdown.ebsi.co.kr/W61001/01exam/201409031/2CTp2hFO_h1_g_bio_hsj.pdf
2014,1,9,school_mock,science,physics-general,question,manual_review,identity_unverifiable,confirmed,official_catalog_and_pdf,not_imported,,https://wdown.ebsi.co.kr/W61001/01exam/201409031/5Gmz8Phg_h1_g_phy_mun.pdf
2014,1,9,school_mock,science,physics-general,solution,manual_review,identity_unverifiable,confirmed,official_catalog_and_pdf,not_imported,,https://wdown.ebsi.co.kr/W61001/01exam/201409031/8VMb5UWg_h1_g_phy_hsj.pdf
2014,1,11,school_mock,korean,,question,manual_review,identity_unverifiable,confirmed,official_catalog_and_pdf,not_imported,,https://wdown.ebsi.co.kr/W61001/01exam/201411181/nqqKgWRj_h1_kor_mun.pdf
2014,1,11,school_mock,korean,,solution,manual_review,identity_unverifiable,confirmed,official_catalog_and_pdf,not_imported,,https://wdown.ebsi.co.kr/W61001/01exam/201411181/fXr6nbb3_h1_kor_hsj.pdf
2014,1,11,school_mock,math,,question,manual_review,identity_unverifiable,confirmed,official_catalog_and_pdf,not_imported,,https://wdown.ebsi.co.kr/W61001/01exam/201411181/MOsvGhcI_h1_math_mun.pdf
2014,1,11,school_mock,math,,solution,manual_review,identity_unverifiable,confirmed,official_catalog_and_pdf,not_imported,,https://wdown.ebsi.co.kr/W61001/01exam/201411181/SPim9Oci_h1_math_hsj.pdf
2014,1,11,school_mock,english,,question,manual_review,identity_unverifiable,confirmed,official_catalog_and_pdf,not_imported,,https://wdown.ebsi.co.kr/W61001/01exam/201411181/PXkmCJiL_h1_eng_mun.pdf
2014,1,11,school_mock,english,,solution,manual_review,identity_unverifiable,confirmed,official_catalog_and_pdf,not_imported,,https://wdown.ebsi.co.kr/W61001/01exam/201411181/Pv00J6gX_h1_eng_hsj.pdf
2014,1,11,school_mock,history,,question,manual_review,identity_unverifiable,confirmed,official_catalog_and_pdf,not_imported,,https://wdown.ebsi.co.kr/W61001/01exam/201411181/2XdoYfYo_h1_s_his_mun.pdf
2014,1,11,school_mock,history,,solution,manual_review,identity_unverifiable,confirmed,official_catalog_and_pdf,not_imported,,https://wdown.ebsi.co.kr/W61001/01exam/201411181/iB5ANH2c_h1_s_his_hsj.pdf
2014,1,11,school_mock,social,general-social,question,manual_review,identity_unverifiable,confirmed,official_catalog_and_pdf,not_imported,,https://wdown.ebsi.co.kr/W61001/01exam/201411181/NwiGnSqJ_h1_s_sahoe_mun.pdf
2014,1,11,school_mock,social,general-social,solution,manual_review,identity_unverifiable,confirmed,official_catalog_and_pdf,not_imported,,https://wdown.ebsi.co.kr/W61001/01exam/201411181/Ic0y82gv_h1_s_sahoe_hsj.pdf
2014,1,11,school_mock,social,geography-general,question,manual_review,identity_unverifiable,confirmed,official_catalog_and_pdf,not_imported,,https://wdown.ebsi.co.kr/W61001/01exam/201411181/TjtRpeVP_h1_s_jiri_mun.pdf
2014,1,11,school_mock,social,geography-general,solution,manual_review,identity_unverifiable,confirmed,official_catalog_and_pdf,not_imported,,https://wdown.ebsi.co.kr/W61001/01exam/201411181/OEcyhJzq_h1_s_jiri_hsj.pdf
2014,1,11,school_mock,social,morality,question,manual_review,identity_unverifiable,confirmed,official_catalog_and_pdf,not_imported,,https://wdown.ebsi.co.kr/W61001/01exam/201411181/v0aGltFB_h1_s_ssnyr_mun.pdf
2014,1,11,school_mock,social,morality,solution,manual_review,identity_unverifiable,confirmed,official_catalog_and_pdf,not_imported,,https://wdown.ebsi.co.kr/W61001/01exam/201411181/NlJbSorx_h1_s_ssnyr_hsj.pdf
2014,1,11,school_mock,science,chemistry-general,question,manual_review,identity_unverifiable,confirmed,official_catalog_and_pdf,not_imported,,https://wdown.ebsi.co.kr/W61001/01exam/201411181/P1A83xiD_h1_g__g_che_mun.pdf
2014,1,11,school_mock,science,chemistry-general,solution,manual_review,identity_unverifiable,confirmed,official_catalog_and_pdf,not_imported,,https://wdown.ebsi.co.kr/W61001/01exam/201411181/d9D9DQVX_h1_g_che_hsj.pdf
2014,1,11,school_mock,science,earth-science-general,question,manual_review,identity_unverifiable,confirmed,official_catalog_and_pdf,not_imported,,https://wdown.ebsi.co.kr/W61001/01exam/201411181/Wd8T408O_h1_g_ear_mun.pdf
2014,1,11,school_mock,science,earth-science-general,solution,manual_review,identity_unverifiable,confirmed,official_catalog_and_pdf,not_imported,,https://wdown.ebsi.co.kr/W61001/01exam/201411181/h1pMuBeZ_h1_g_ear_hsj.pdf
2014,1,11,school_mock,science,life-science-general,question,manual_review,identity_unverifiable,confirmed,official_catalog_and_pdf,not_imported,,https://wdown.ebsi.co.kr/W61001/01exam/201411181/wR1IM9QX_h1_g_bio_mun.pdf
2014,1,11,school_mock,science,life-science-general,solution,manual_review,identity_unverifiable,confirmed,official_catalog_and_pdf,not_imported,,https://wdown.ebsi.co.kr/W61001/01exam/201411181/2CTp2hFO_h1_g_bio_hsj.pdf
2014,1,11,school_mock,science,physics-general,question,manual_review,identity_unverifiable,confirmed,official_catalog_and_pdf,not_imported,,https://wdown.ebsi.co.kr/W61001/01exam/201411181/5Gmz8Phg_h1_g_phy_mun.pdf
2014,1,11,school_mock,science,physics-general,solution,manual_review,identity_unverifiable,confirmed,official_catalog_and_pdf,not_imported,,https://wdown.ebsi.co.kr/W61001/01exam/201411181/8VMb5UWg_h1_g_phy_hsj.pdf
2014,2,3,school_mock,korean,korean-a,question,manual_review,identity_unverifiable,confirmed,official_catalog_and_pdf,not_imported,,https://wdown.ebsi.co.kr/W61001/01exam/201403122/kora_mun.pdf
2014,2,3,school_mock,korean,korean-a,solution,manual_review,identity_unverifiable,confirmed,official_catalog_and_pdf,not_imported,,https://wdown.ebsi.co.kr/W61001/01exam/201403122/kora_hsj.pdf
2014,2,3,school_mock,korean,korean-b,question,manual_review,identity_unverifiable,confirmed,official_catalog_and_pdf,not_imported,,https://wdown.ebsi.co.kr/W61001/01exam/201403122/korb_mun.pdf
2014,2,3,school_mock,korean,korean-b,solution,manual_review,identity_unverifiable,confirmed,official_catalog_and_pdf,not_imported,,https://wdown.ebsi.co.kr/W61001/01exam/201403122/korb_hsj.pdf
2014,2,3,school_mock,math,math-a,question,manual_review,identity_unverifiable,confirmed,official_catalog_and_pdf,not_imported,,https://wdown.ebsi.co.kr/W61001/01exam/201403122/matha_mun.pdf
2014,2,3,school_mock,math,math-a,solution,manual_review,identity_unverifiable,confirmed,official_catalog_and_pdf,not_imported,,https://wdown.ebsi.co.kr/W61001/01exam/201403122/matha_hsj.pdf
2014,2,3,school_mock,math,math-b,question,manual_review,identity_unverifiable,confirmed,official_catalog_and_pdf,not_imported,,https://wdown.ebsi.co.kr/W61001/01exam/201403122/mathb_mun.pdf
2014,2,3,school_mock,math,math-b,solution,manual_review,identity_unverifiable,confirmed,official_catalog_and_pdf,not_imported,,https://wdown.ebsi.co.kr/W61001/01exam/201403122/mathb_hsj.pdf
2014,2,3,school_mock,english,,question,manual_review,identity_unverifiable,confirmed,official_catalog_and_pdf,not_imported,,https://wdown.ebsi.co.kr/W61001/01exam/201403122/eng_mun.pdf
2014,2,3,school_mock,english,,solution,manual_review,identity_unverifiable,confirmed,official_catalog_and_pdf,not_imported,,https://wdown.ebsi.co.kr/W61001/01exam/201403122/eng_hsj.pdf
2014,2,3,school_mock,history,,question,manual_review,identity_unverifiable,confirmed,official_catalog_and_pdf,not_imported,,https://wdown.ebsi.co.kr/W61001/01exam/201403122/s_his_mun.pdf
2014,2,3,school_mock,history,,solution,manual_review,identity_unverifiable,confirmed,official_catalog_and_pdf,not_imported,,https://wdown.ebsi.co.kr/W61001/01exam/201403122/s_his_hsj.pdf
2014,2,3,school_mock,social,east-asian-history,question,manual_review,identity_unverifiable,confirmed,official_catalog_and_pdf,not_imported,,https://wdown.ebsi.co.kr/W61001/01exam/201403122/s_easta_mun.pdf
2014,2,3,school_mock,social,east-asian-history,solution,manual_review,identity_unverifiable,confirmed,official_catalog_and_pdf,not_imported,,https://wdown.ebsi.co.kr/W61001/01exam/201403122/s_easta_hsj.pdf
2014,2,3,school_mock,social,economics,question,manual_review,identity_unverifiable,confirmed,official_catalog_and_pdf,not_imported,,https://wdown.ebsi.co.kr/W61001/01exam/201403122/s_eco_mun.pdf
2014,2,3,school_mock,social,economics,solution,manual_review,identity_unverifiable,confirmed,official_catalog_and_pdf,not_imported,,https://wdown.ebsi.co.kr/W61001/01exam/201403122/s_eco_hsj.pdf
2014,2,3,school_mock,social,ethics-and-thought,question,manual_review,identity_unverifiable,confirmed,official_catalog_and_pdf,not_imported,,https://wdown.ebsi.co.kr/W61001/01exam/201403122/s_yrnss_mun.pdf
2014,2,3,school_mock,social,ethics-and-thought,solution,manual_review,identity_unverifiable,confirmed,official_catalog_and_pdf,not_imported,,https://wdown.ebsi.co.kr/W61001/01exam/201403122/s_yrnss_hsj.pdf
2014,2,3,school_mock,social,korean-geography,question,manual_review,identity_unverifiable,confirmed,official_catalog_and_pdf,not_imported,,https://wdown.ebsi.co.kr/W61001/01exam/201403122/s_hanji_mun.pdf
2014,2,3,school_mock,social,korean-geography,solution,manual_review,identity_unverifiable,confirmed,official_catalog_and_pdf,not_imported,,https://wdown.ebsi.co.kr/W61001/01exam/201403122/s_hanji_hsj.pdf
2014,2,3,school_mock,social,life-and-ethics-general,question,manual_review,identity_unverifiable,confirmed,official_catalog_and_pdf,not_imported,,https://wdown.ebsi.co.kr/W61001/01exam/201403122/s_ssnyr_mun.pdf
2014,2,3,school_mock,social,life-and-ethics-general,solution,manual_review,identity_unverifiable,confirmed,official_catalog_and_pdf,not_imported,,https://wdown.ebsi.co.kr/W61001/01exam/201403122/s_ssnyr_hsj.pdf
2014,2,3,school_mock,social,politics-and-law,question,manual_review,identity_unverifiable,confirmed,official_catalog_and_pdf,not_imported,,https://wdown.ebsi.co.kr/W61001/01exam/201403122/s_bnj_mun.pdf
2014,2,3,school_mock,social,politics-and-law,solution,manual_review,identity_unverifiable,confirmed,official_catalog_and_pdf,not_imported,,https://wdown.ebsi.co.kr/W61001/01exam/201403122/s_bnj_hsj.pdf
2014,2,3,school_mock,social,social-culture,question,manual_review,identity_unverifiable,confirmed,official_catalog_and_pdf,not_imported,,https://wdown.ebsi.co.kr/W61001/01exam/201403122/s_samun_mun.pdf
2014,2,3,school_mock,social,social-culture,solution,manual_review,identity_unverifiable,confirmed,official_catalog_and_pdf,not_imported,,https://wdown.ebsi.co.kr/W61001/01exam/201403122/s_samun_hsj.pdf
2014,2,3,school_mock,social,world-geography,question,manual_review,identity_unverifiable,confirmed,official_catalog_and_pdf,not_imported,,https://wdown.ebsi.co.kr/W61001/01exam/201403122/s_saeji_mun.pdf
2014,2,3,school_mock,social,world-geography,solution,manual_review,identity_unverifiable,confirmed,official_catalog_and_pdf,not_imported,,https://wdown.ebsi.co.kr/W61001/01exam/201403122/s_saeji_hsj.pdf
2014,2,3,school_mock,social,world-history,question,manual_review,identity_unverifiable,confirmed,official_catalog_and_pdf,not_imported,,https://wdown.ebsi.co.kr/W61001/01exam/201403122/s_sks_mun.pdf
2014,2,3,school_mock,social,world-history,solution,manual_review,identity_unverifiable,confirmed,official_catalog_and_pdf,not_imported,,https://wdown.ebsi.co.kr/W61001/01exam/201403122/s_sks_hsj.pdf
2014,2,3,school_mock,science,chemistry-1,question,manual_review,identity_unverifiable,confirmed,official_catalog_and_pdf,not_imported,,https://wdown.ebsi.co.kr/W61001/01exam/201403122/g_che1_mun.pdf
2014,2,3,school_mock,science,chemistry-1,solution,manual_review,identity_unverifiable,confirmed,official_catalog_and_pdf,not_imported,,https://wdown.ebsi.co.kr/W61001/01exam/201403122/g_che1_hsj.pdf
2014,2,3,school_mock,science,earth-science-1,question,manual_review,identity_unverifiable,confirmed,official_catalog_and_pdf,not_imported,,https://wdown.ebsi.co.kr/W61001/01exam/201403122/g_ear1_mun.pdf
2014,2,3,school_mock,science,earth-science-1,solution,manual_review,identity_unverifiable,confirmed,official_catalog_and_pdf,not_imported,,https://wdown.ebsi.co.kr/W61001/01exam/201403122/g_ear1_hsj.pdf
2014,2,3,school_mock,science,life-science-1,question,manual_review,identity_unverifiable,confirmed,official_catalog_and_pdf,not_imported,,https://wdown.ebsi.co.kr/W61001/01exam/201403122/g_bio1_mun.pdf
2014,2,3,school_mock,science,life-science-1,solution,manual_review,identity_unverifiable,confirmed,official_catalog_and_pdf,not_imported,,https://wdown.ebsi.co.kr/W61001/01exam/201403122/g_bio1_hsj.pdf
2014,2,3,school_mock,science,physics-1,question,manual_review,identity_unverifiable,confirmed,official_catalog_and_pdf,not_imported,,https://wdown.ebsi.co.kr/W61001/01exam/201403122/g_phy1_mun.pdf
2014,2,3,school_mock,science,physics-1,solution,manual_review,identity_unverifiable,confirmed,official_catalog_and_pdf,not_imported,,https://wdown.ebsi.co.kr/W61001/01exam/201403122/g_phy1_hsj.pdf
2014,2,6,school_mock,korean,korean-a,question,manual_review,identity_unverifiable,confirmed,official_catalog_and_pdf,not_imported,,https://wdown.ebsi.co.kr/W61001/01exam/201406122/kora_mun.pdf
2014,2,6,school_mock,korean,korean-a,solution,manual_review,identity_unverifiable,confirmed,official_catalog_and_pdf,not_imported,,https://wdown.ebsi.co.kr/W61001/01exam/201406122/kora_hsj.pdf
2014,2,6,school_mock,korean,korean-b,question,manual_review,identity_unverifiable,confirmed,official_catalog_and_pdf,not_imported,,https://wdown.ebsi.co.kr/W61001/01exam/201406122/korb_mun.pdf
2014,2,6,school_mock,korean,korean-b,solution,manual_review,identity_unverifiable,confirmed,official_catalog_and_pdf,not_imported,,https://wdown.ebsi.co.kr/W61001/01exam/201406122/korb_hsj.pdf
2014,2,6,school_mock,math,math-a,question,manual_review,identity_unverifiable,confirmed,official_catalog_and_pdf,not_imported,,https://wdown.ebsi.co.kr/W61001/01exam/201406122/matha_mun.pdf
2014,2,6,school_mock,math,math-a,solution,manual_review,identity_unverifiable,confirmed,official_catalog_and_pdf,not_imported,,https://wdown.ebsi.co.kr/W61001/01exam/201406122/matha_hsj.pdf
2014,2,6,school_mock,math,math-b,question,manual_review,identity_unverifiable,confirmed,official_catalog_and_pdf,not_imported,,https://wdown.ebsi.co.kr/W61001/01exam/201406122/mathb_mun.pdf
2014,2,6,school_mock,math,math-b,solution,manual_review,identity_unverifiable,confirmed,official_catalog_and_pdf,not_imported,,https://wdown.ebsi.co.kr/W61001/01exam/201406122/mathb_hsj.pdf
2014,2,6,school_mock,english,,question,manual_review,identity_unverifiable,confirmed,official_catalog_and_pdf,not_imported,,https://wdown.ebsi.co.kr/W61001/01exam/201406122/eng_mun.pdf
2014,2,6,school_mock,english,,solution,manual_review,identity_unverifiable,confirmed,official_catalog_and_pdf,not_imported,,https://wdown.ebsi.co.kr/W61001/01exam/201406122/eng_hsj.pdf
2014,2,6,school_mock,history,,question,manual_review,identity_unverifiable,confirmed,official_catalog_and_pdf,not_imported,,https://wdown.ebsi.co.kr/W61001/01exam/201406122/s_his_mun.pdf
2014,2,6,school_mock,history,,solution,manual_review,identity_unverifiable,confirmed,official_catalog_and_pdf,not_imported,,https://wdown.ebsi.co.kr/W61001/01exam/201406122/s_his_hsj.pdf
2014,2,6,school_mock,social,east-asian-history,question,manual_review,identity_unverifiable,confirmed,official_catalog_and_pdf,not_imported,,https://wdown.ebsi.co.kr/W61001/01exam/201406122/s_easta_mun.pdf
2014,2,6,school_mock,social,east-asian-history,solution,manual_review,identity_unverifiable,confirmed,official_catalog_and_pdf,not_imported,,https://wdown.ebsi.co.kr/W61001/01exam/201406122/s_easta_hsj.pdf
2014,2,6,school_mock,social,economics,question,manual_review,identity_unverifiable,confirmed,official_catalog_and_pdf,not_imported,,https://wdown.ebsi.co.kr/W61001/01exam/201406122/s_eco_mun.pdf
2014,2,6,school_mock,social,economics,solution,manual_review,identity_unverifiable,confirmed,official_catalog_and_pdf,not_imported,,https://wdown.ebsi.co.kr/W61001/01exam/201406122/s_eco_hsj.pdf
2014,2,6,school_mock,social,ethics-and-thought,question,manual_review,identity_unverifiable,confirmed,official_catalog_and_pdf,not_imported,,https://wdown.ebsi.co.kr/W61001/01exam/201406122/s_yrnss_mun.pdf
2014,2,6,school_mock,social,ethics-and-thought,solution,manual_review,identity_unverifiable,confirmed,official_catalog_and_pdf,not_imported,,https://wdown.ebsi.co.kr/W61001/01exam/201406122/s_yrnss_hsj.pdf
2014,2,6,school_mock,social,korean-geography,question,manual_review,identity_unverifiable,confirmed,official_catalog_and_pdf,not_imported,,https://wdown.ebsi.co.kr/W61001/01exam/201406122/s_hanji_mun.pdf
2014,2,6,school_mock,social,korean-geography,solution,manual_review,identity_unverifiable,confirmed,official_catalog_and_pdf,not_imported,,https://wdown.ebsi.co.kr/W61001/01exam/201406122/s_hanji_hsj.pdf
2014,2,6,school_mock,social,life-and-ethics-general,question,manual_review,identity_unverifiable,confirmed,official_catalog_and_pdf,not_imported,,https://wdown.ebsi.co.kr/W61001/01exam/201406122/s_ssnyr_mun.pdf
2014,2,6,school_mock,social,life-and-ethics-general,solution,manual_review,identity_unverifiable,confirmed,official_catalog_and_pdf,not_imported,,https://wdown.ebsi.co.kr/W61001/01exam/201406122/s_ssnyr_hsj.pdf
2014,2,6,school_mock,social,politics-and-law,question,manual_review,identity_unverifiable,confirmed,official_catalog_and_pdf,not_imported,,https://wdown.ebsi.co.kr/W61001/01exam/201406122/s_bnj_mun.pdf
2014,2,6,school_mock,social,politics-and-law,solution,manual_review,identity_unverifiable,confirmed,official_catalog_and_pdf,not_imported,,https://wdown.ebsi.co.kr/W61001/01exam/201406122/s_bnj_hsj.pdf
2014,2,6,school_mock,social,social-culture,question,manual_review,identity_unverifiable,confirmed,official_catalog_and_pdf,not_imported,,https://wdown.ebsi.co.kr/W61001/01exam/201406122/s_samun_mun.pdf
2014,2,6,school_mock,social,social-culture,solution,manual_review,identity_unverifiable,confirmed,official_catalog_and_pdf,not_imported,,https://wdown.ebsi.co.kr/W61001/01exam/201406122/s_samun_hsj.pdf
2014,2,6,school_mock,social,world-geography,question,manual_review,identity_unverifiable,confirmed,official_catalog_and_pdf,not_imported,,https://wdown.ebsi.co.kr/W61001/01exam/201406122/s_saeji_mun.pdf
2014,2,6,school_mock,social,world-geography,solution,manual_review,identity_unverifiable,confirmed,official_catalog_and_pdf,not_imported,,https://wdown.ebsi.co.kr/W61001/01exam/201406122/s_saeji_hsj.pdf
2014,2,6,school_mock,social,world-history,question,manual_review,identity_unverifiable,confirmed,official_catalog_and_pdf,not_imported,,https://wdown.ebsi.co.kr/W61001/01exam/201406122/s_sks_mun.pdf
2014,2,6,school_mock,social,world-history,solution,manual_review,identity_unverifiable,confirmed,official_catalog_and_pdf,not_imported,,https://wdown.ebsi.co.kr/W61001/01exam/201406122/s_sks_hsj.pdf
2014,2,6,school_mock,science,chemistry-1,question,manual_review,identity_unverifiable,confirmed,official_catalog_and_pdf,not_imported,,https://wdown.ebsi.co.kr/W61001/01exam/201406122/g_che1_mun.pdf
2014,2,6,school_mock,science,chemistry-1,solution,manual_review,identity_unverifiable,confirmed,official_catalog_and_pdf,not_imported,,https://wdown.ebsi.co.kr/W61001/01exam/201406122/g_che1_hsj.pdf
2014,2,6,school_mock,science,earth-science-1,question,manual_review,identity_unverifiable,confirmed,official_catalog_and_pdf,not_imported,,https://wdown.ebsi.co.kr/W61001/01exam/201406122/g_ear1_mun.pdf
2014,2,6,school_mock,science,earth-science-1,solution,manual_review,identity_unverifiable,confirmed,official_catalog_and_pdf,not_imported,,https://wdown.ebsi.co.kr/W61001/01exam/201406122/g_ear1_hsj.pdf
2014,2,6,school_mock,science,life-science-1,question,manual_review,identity_unverifiable,confirmed,official_catalog_and_pdf,not_imported,,https://wdown.ebsi.co.kr/W61001/01exam/201406122/g_bio1_mun.pdf
2014,2,6,school_mock,science,life-science-1,solution,manual_review,identity_unverifiable,confirmed,official_catalog_and_pdf,not_imported,,https://wdown.ebsi.co.kr/W61001/01exam/201406122/g_bio1_hsj.pdf
2014,2,6,school_mock,science,physics-1,question,manual_review,identity_unverifiable,confirmed,official_catalog_and_pdf,not_imported,,https://wdown.ebsi.co.kr/W61001/01exam/201406122/g_phy1_mun.pdf
2014,2,6,school_mock,science,physics-1,solution,manual_review,identity_unverifiable,confirmed,official_catalog_and_pdf,not_imported,,https://wdown.ebsi.co.kr/W61001/01exam/201406122/g_phy1_hsj.pdf
2014,2,9,school_mock,korean,korean-a,question,manual_review,identity_unverifiable,confirmed,official_catalog_and_pdf,not_imported,,https://wdown.ebsi.co.kr/W61001/01exam/201409032/Uf65Y5Qc_h2_kora_mun.pdf
2014,2,9,school_mock,korean,korean-a,solution,manual_review,identity_unverifiable,confirmed,official_catalog_and_pdf,not_imported,,https://wdown.ebsi.co.kr/W61001/01exam/201409032/32om1joK_h2_kora_hsj.pdf
2014,2,9,school_mock,korean,korean-b,question,manual_review,identity_unverifiable,confirmed,official_catalog_and_pdf,not_imported,,https://wdown.ebsi.co.kr/W61001/01exam/201409032/IB5i5Qy2_h2_korb_mun.pdf
2014,2,9,school_mock,korean,korean-b,solution,manual_review,identity_unverifiable,confirmed,official_catalog_and_pdf,not_imported,,https://wdown.ebsi.co.kr/W61001/01exam/201409032/LfHxwgxS_h2_korb_hsj.pdf
2014,2,9,school_mock,math,math-a,question,manual_review,identity_unverifiable,confirmed,official_catalog_and_pdf,not_imported,,https://wdown.ebsi.co.kr/W61001/01exam/201409032/c6pT0giS_h2_matha_mun.pdf
2014,2,9,school_mock,math,math-a,solution,manual_review,identity_unverifiable,confirmed,official_catalog_and_pdf,not_imported,,https://wdown.ebsi.co.kr/W61001/01exam/201409032/ftNtzsG0_h2_matha_hsj.pdf
2014,2,9,school_mock,math,math-b,question,manual_review,identity_unverifiable,confirmed,official_catalog_and_pdf,not_imported,,https://wdown.ebsi.co.kr/W61001/01exam/201409032/6vdGg1fD_h2_mathb_mun.pdf
2014,2,9,school_mock,math,math-b,solution,manual_review,identity_unverifiable,confirmed,official_catalog_and_pdf,not_imported,,https://wdown.ebsi.co.kr/W61001/01exam/201409032/c5DYge2Q_h2_mathb_hsj.pdf
2014,2,9,school_mock,english,,question,manual_review,identity_unverifiable,confirmed,official_catalog_and_pdf,not_imported,,https://wdown.ebsi.co.kr/W61001/01exam/201409032/w4hVJbrz_h2_enga_mun.pdf
2014,2,9,school_mock,english,,solution,manual_review,identity_unverifiable,confirmed,official_catalog_and_pdf,not_imported,,https://wdown.ebsi.co.kr/W61001/01exam/201409032/JrzF5ldf_h2_enga_hsj.pdf
2014,2,9,school_mock,history,,question,manual_review,identity_unverifiable,confirmed,official_catalog_and_pdf,not_imported,,https://wdown.ebsi.co.kr/W61001/01exam/201409032/ou2Vythh_h2_s_his_mun.pdf
2014,2,9,school_mock,history,,solution,manual_review,identity_unverifiable,confirmed,official_catalog_and_pdf,not_imported,,https://wdown.ebsi.co.kr/W61001/01exam/201409032/OjcdEc83_h2_s_his_hsj.pdf
2014,2,9,school_mock,social,east-asian-history,question,manual_review,identity_unverifiable,confirmed,official_catalog_and_pdf,not_imported,,https://wdown.ebsi.co.kr/W61001/01exam/201409032/EEi8TywM_h2_s_easta_mun.pdf
2014,2,9,school_mock,social,east-asian-history,solution,manual_review,identity_unverifiable,confirmed,official_catalog_and_pdf,not_imported,,https://wdown.ebsi.co.kr/W61001/01exam/201409032/fgZUr3Cr_h2_s_easta_hsj.pdf
2014,2,9,school_mock,social,economics,question,manual_review,identity_unverifiable,confirmed,official_catalog_and_pdf,not_imported,,https://wdown.ebsi.co.kr/W61001/01exam/201409032/g4pXX50y_h2_s_eco_mun.pdf
2014,2,9,school_mock,social,economics,solution,manual_review,identity_unverifiable,confirmed,official_catalog_and_pdf,not_imported,,https://wdown.ebsi.co.kr/W61001/01exam/201409032/ki4jsGvs_h2_s_eco_hsj.pdf
2014,2,9,school_mock,social,ethics-and-thought,question,manual_review,identity_unverifiable,confirmed,official_catalog_and_pdf,not_imported,,https://wdown.ebsi.co.kr/W61001/01exam/201409032/AH2JZZJf_h2_s_yrnss_mun.pdf
2014,2,9,school_mock,social,ethics-and-thought,solution,manual_review,identity_unverifiable,confirmed,official_catalog_and_pdf,not_imported,,https://wdown.ebsi.co.kr/W61001/01exam/201409032/wTXSRdZq_h2_s_yrnss_hsj.pdf
2014,2,9,school_mock,social,korean-geography,question,manual_review,identity_unverifiable,confirmed,official_catalog_and_pdf,not_imported,,https://wdown.ebsi.co.kr/W61001/01exam/201409032/LUEM7RAl_h2_s_hanji_mun.pdf
2014,2,9,school_mock,social,korean-geography,solution,manual_review,identity_unverifiable,confirmed,official_catalog_and_pdf,not_imported,,https://wdown.ebsi.co.kr/W61001/01exam/201409032/uo3npvqn_h2_s_hanji_hsj.pdf
2014,2,9,school_mock,social,life-and-ethics-general,question,manual_review,identity_unverifiable,confirmed,official_catalog_and_pdf,not_imported,,https://wdown.ebsi.co.kr/W61001/01exam/201409032/ZWjSeKg1_h2_s_ssnyr_mun.pdf
2014,2,9,school_mock,social,life-and-ethics-general,solution,manual_review,identity_unverifiable,confirmed,official_catalog_and_pdf,not_imported,,https://wdown.ebsi.co.kr/W61001/01exam/201409032/bzuDwP6S_h2_s_ssnyr_hsj.pdf
2014,2,9,school_mock,social,politics-and-law,question,manual_review,identity_unverifiable,confirmed,official_catalog_and_pdf,not_imported,,https://wdown.ebsi.co.kr/W61001/01exam/201409032/46YiufL0_h2_s_bnj_mun.pdf
2014,2,9,school_mock,social,politics-and-law,solution,manual_review,identity_unverifiable,confirmed,official_catalog_and_pdf,not_imported,,https://wdown.ebsi.co.kr/W61001/01exam/201409032/xJdQdSe9_h2_s_bnj_hsj.pdf
2014,2,9,school_mock,social,social-culture,question,manual_review,identity_unverifiable,confirmed,official_catalog_and_pdf,not_imported,,https://wdown.ebsi.co.kr/W61001/01exam/201409032/0Qzfud7b_h2_s_samun_mun.pdf
2014,2,9,school_mock,social,social-culture,solution,manual_review,identity_unverifiable,confirmed,official_catalog_and_pdf,not_imported,,https://wdown.ebsi.co.kr/W61001/01exam/201409032/qV0tpw4S_h2_s_samun_hsj.pdf
2014,2,9,school_mock,social,world-geography,question,manual_review,identity_unverifiable,confirmed,official_catalog_and_pdf,not_imported,,https://wdown.ebsi.co.kr/W61001/01exam/201409032/JNeO925B_h2_s_saeji_mun.pdf
2014,2,9,school_mock,social,world-geography,solution,manual_review,identity_unverifiable,confirmed,official_catalog_and_pdf,not_imported,,https://wdown.ebsi.co.kr/W61001/01exam/201409032/76WE7P5I_h2_s_saeji_hsj.pdf
2014,2,9,school_mock,social,world-history,question,manual_review,identity_unverifiable,confirmed,official_catalog_and_pdf,not_imported,,https://wdown.ebsi.co.kr/W61001/01exam/201409032/JRxKZMqA_h2_s_sks_mun.pdf
2014,2,9,school_mock,social,world-history,solution,manual_review,identity_unverifiable,confirmed,official_catalog_and_pdf,not_imported,,https://wdown.ebsi.co.kr/W61001/01exam/201409032/4dxfE9oh_h2_s_sks_hsj.pdf
2014,2,9,school_mock,science,chemistry-1,question,manual_review,identity_unverifiable,confirmed,official_catalog_and_pdf,not_imported,,https://wdown.ebsi.co.kr/W61001/01exam/201409032/cSN00ktm_h2_g_che1_mun.pdf
2014,2,9,school_mock,science,chemistry-1,solution,manual_review,identity_unverifiable,confirmed,official_catalog_and_pdf,not_imported,,https://wdown.ebsi.co.kr/W61001/01exam/201409032/zmVBCOWH_h2_g_che1_hsj.pdf
2014,2,9,school_mock,science,earth-science-1,question,manual_review,identity_unverifiable,confirmed,official_catalog_and_pdf,not_imported,,https://wdown.ebsi.co.kr/W61001/01exam/201409032/3wFDxchd_h2_g_ear1_mun.pdf
2014,2,9,school_mock,science,earth-science-1,solution,manual_review,identity_unverifiable,confirmed,official_catalog_and_pdf,not_imported,,https://wdown.ebsi.co.kr/W61001/01exam/201409032/pqpEq8hZ_h2_g_ear1_hsj.pdf
2014,2,9,school_mock,science,life-science-1,question,manual_review,identity_unverifiable,confirmed,official_catalog_and_pdf,not_imported,,https://wdown.ebsi.co.kr/W61001/01exam/201409032/JVkl4AU1_h2_g_bio1_mun.pdf
2014,2,9,school_mock,science,life-science-1,solution,manual_review,identity_unverifiable,confirmed,official_catalog_and_pdf,not_imported,,https://wdown.ebsi.co.kr/W61001/01exam/201409032/O6YalkXh_h2_g_bio1_hsj.pdf
2014,2,9,school_mock,science,physics-1,question,manual_review,identity_unverifiable,confirmed,official_catalog_and_pdf,not_imported,,https://wdown.ebsi.co.kr/W61001/01exam/201409032/vcDfSDGA_h2_g_phy1_mun.pdf
2014,2,9,school_mock,science,physics-1,solution,manual_review,identity_unverifiable,confirmed,official_catalog_and_pdf,not_imported,,https://wdown.ebsi.co.kr/W61001/01exam/201409032/IXWb9DYc_h2_g_phy1_hsj.pdf
2014,2,11,school_mock,korean,korean-a,question,manual_review,identity_unverifiable,confirmed,official_catalog_and_pdf,not_imported,,https://wdown.ebsi.co.kr/W61001/01exam/201411182/Uf65Y5Qc_h2_kora_mun.pdf
2014,2,11,school_mock,korean,korean-a,solution,manual_review,identity_unverifiable,confirmed,official_catalog_and_pdf,not_imported,,https://wdown.ebsi.co.kr/W61001/01exam/201411182/32om1joK_h2_kora_hsj.pdf
2014,2,11,school_mock,korean,korean-b,question,manual_review,identity_unverifiable,confirmed,official_catalog_and_pdf,not_imported,,https://wdown.ebsi.co.kr/W61001/01exam/201411182/IB5i5Qy2_h2_korb_mun.pdf
2014,2,11,school_mock,korean,korean-b,solution,manual_review,identity_unverifiable,confirmed,official_catalog_and_pdf,not_imported,,https://wdown.ebsi.co.kr/W61001/01exam/201411182/LfHxwgxS_h2_korb_hsj.pdf
2014,2,11,school_mock,math,math-a,question,manual_review,identity_unverifiable,confirmed,official_catalog_and_pdf,not_imported,,https://wdown.ebsi.co.kr/W61001/01exam/201411182/c6pT0giS_h2_matha_mun.pdf
2014,2,11,school_mock,math,math-a,solution,manual_review,identity_unverifiable,confirmed,official_catalog_and_pdf,not_imported,,https://wdown.ebsi.co.kr/W61001/01exam/201411182/ftNtzsG0_h2_matha_hsj.pdf
2014,2,11,school_mock,math,math-b,question,manual_review,identity_unverifiable,confirmed,official_catalog_and_pdf,not_imported,,https://wdown.ebsi.co.kr/W61001/01exam/201411182/6vdGg1fD_h2_mathb_mun.pdf
2014,2,11,school_mock,math,math-b,solution,manual_review,identity_unverifiable,confirmed,official_catalog_and_pdf,not_imported,,https://wdown.ebsi.co.kr/W61001/01exam/201411182/c5DYge2Q_h2_mathb_hsj.pdf
2014,2,11,school_mock,english,,question,manual_review,identity_unverifiable,confirmed,official_catalog_and_pdf,not_imported,,https://wdown.ebsi.co.kr/W61001/01exam/201411182/w4hVJbrz_h2_enga_mun.pdf
2014,2,11,school_mock,english,,solution,manual_review,identity_unverifiable,confirmed,official_catalog_and_pdf,not_imported,,https://wdown.ebsi.co.kr/W61001/01exam/201411182/JrzF5ldf_h2_enga_hsj.pdf
2014,2,11,school_mock,history,,question,manual_review,identity_unverifiable,confirmed,official_catalog_and_pdf,not_imported,,https://wdown.ebsi.co.kr/W61001/01exam/201411182/ou2Vythh_h2_s_his_mun.pdf
2014,2,11,school_mock,history,,solution,manual_review,identity_unverifiable,confirmed,official_catalog_and_pdf,not_imported,,https://wdown.ebsi.co.kr/W61001/01exam/201411182/OjcdEc83_h2_s_his_hsj.pdf
2014,2,11,school_mock,social,east-asian-history,question,manual_review,identity_unverifiable,confirmed,official_catalog_and_pdf,not_imported,,https://wdown.ebsi.co.kr/W61001/01exam/201411182/EEi8TywM_h2_s_easta_mun.pdf
2014,2,11,school_mock,social,east-asian-history,solution,manual_review,identity_unverifiable,confirmed,official_catalog_and_pdf,not_imported,,https://wdown.ebsi.co.kr/W61001/01exam/201411182/fgZUr3Cr_h2_s_easta_hsj.pdf
2014,2,11,school_mock,social,economics,question,manual_review,identity_unverifiable,confirmed,official_catalog_and_pdf,not_imported,,https://wdown.ebsi.co.kr/W61001/01exam/201411182/g4pXX50y_h2_s_eco_mun.pdf
2014,2,11,school_mock,social,economics,solution,manual_review,identity_unverifiable,confirmed,official_catalog_and_pdf,not_imported,,https://wdown.ebsi.co.kr/W61001/01exam/201411182/ki4jsGvs_h2_s_eco_hsj.pdf
2014,2,11,school_mock,social,ethics-and-thought,question,manual_review,identity_unverifiable,confirmed,official_catalog_and_pdf,not_imported,,https://wdown.ebsi.co.kr/W61001/01exam/201411182/AH2JZZJf_h2_s_yrnss_mun.pdf
2014,2,11,school_mock,social,ethics-and-thought,solution,manual_review,identity_unverifiable,confirmed,official_catalog_and_pdf,not_imported,,https://wdown.ebsi.co.kr/W61001/01exam/201411182/wTXSRdZq_h2_s_yrnss_hsj.pdf
2014,2,11,school_mock,social,korean-geography,question,manual_review,identity_unverifiable,confirmed,official_catalog_and_pdf,not_imported,,https://wdown.ebsi.co.kr/W61001/01exam/201411182/LUEM7RAl_h2_s_hanji_mun.pdf
2014,2,11,school_mock,social,korean-geography,solution,manual_review,identity_unverifiable,confirmed,official_catalog_and_pdf,not_imported,,https://wdown.ebsi.co.kr/W61001/01exam/201411182/uo3npvqn_h2_s_hanji_hsj.pdf
2014,2,11,school_mock,social,life-and-ethics-general,question,manual_review,identity_unverifiable,confirmed,official_catalog_and_pdf,not_imported,,https://wdown.ebsi.co.kr/W61001/01exam/201411182/ZWjSeKg1_h2_s_ssnyr_mun_1.pdf
2014,2,11,school_mock,social,life-and-ethics-general,solution,manual_review,identity_unverifiable,confirmed,official_catalog_and_pdf,not_imported,,https://wdown.ebsi.co.kr/W61001/01exam/201411182/bzuDwP6S_h2_s_ssnyr_hsj.pdf
2014,2,11,school_mock,social,politics-and-law,question,manual_review,identity_unverifiable,confirmed,official_catalog_and_pdf,not_imported,,https://wdown.ebsi.co.kr/W61001/01exam/201411182/46YiufL0_h2_s_bnj_mun.pdf
2014,2,11,school_mock,social,politics-and-law,solution,manual_review,identity_unverifiable,confirmed,official_catalog_and_pdf,not_imported,,https://wdown.ebsi.co.kr/W61001/01exam/201411182/xJdQdSe9_h2_s_bnj_hsj.pdf
2014,2,11,school_mock,social,social-culture,question,manual_review,identity_unverifiable,confirmed,official_catalog_and_pdf,not_imported,,https://wdown.ebsi.co.kr/W61001/01exam/201411182/0Qzfud7b_h2_s_samun_mun.pdf
2014,2,11,school_mock,social,social-culture,solution,manual_review,identity_unverifiable,confirmed,official_catalog_and_pdf,not_imported,,https://wdown.ebsi.co.kr/W61001/01exam/201411182/qV0tpw4S_h2_s_samun_hsj.pdf
2014,2,11,school_mock,social,world-geography,question,manual_review,identity_unverifiable,confirmed,official_catalog_and_pdf,not_imported,,https://wdown.ebsi.co.kr/W61001/01exam/201411182/JNeO925B_h2_s_saeji_mun.pdf
2014,2,11,school_mock,social,world-geography,solution,manual_review,identity_unverifiable,confirmed,official_catalog_and_pdf,not_imported,,https://wdown.ebsi.co.kr/W61001/01exam/201411182/76WE7P5I_h2_s_saeji_hsj.pdf
2014,2,11,school_mock,social,world-history,question,manual_review,identity_unverifiable,confirmed,official_catalog_and_pdf,not_imported,,https://wdown.ebsi.co.kr/W61001/01exam/201411182/JRxKZMqA_h2_s_sks_mun.pdf
2014,2,11,school_mock,social,world-history,solution,manual_review,identity_unverifiable,confirmed,official_catalog_and_pdf,not_imported,,https://wdown.ebsi.co.kr/W61001/01exam/201411182/4dxfE9oh_h2_s_sks_hsj.pdf
2014,2,11,school_mock,science,chemistry-1,question,manual_review,identity_unverifiable,confirmed,official_catalog_and_pdf,not_imported,,https://wdown.ebsi.co.kr/W61001/01exam/201411182/cSN00ktm_h2_g_che1_mun.pdf
2014,2,11,school_mock,science,chemistry-1,solution,manual_review,identity_unverifiable,confirmed,official_catalog_and_pdf,not_imported,,https://wdown.ebsi.co.kr/W61001/01exam/201411182/zmVBCOWH_h2_g_che1_hsj.pdf
2014,2,11,school_mock,science,earth-science-1,question,manual_review,identity_unverifiable,confirmed,official_catalog_and_pdf,not_imported,,https://wdown.ebsi.co.kr/W61001/01exam/201411182/3wFDxchd_h2_g_ear1_mun.pdf
2014,2,11,school_mock,science,earth-science-1,solution,manual_review,identity_unverifiable,confirmed,official_catalog_and_pdf,not_imported,,https://wdown.ebsi.co.kr/W61001/01exam/201411182/pqpEq8hZ_h2_g_ear1_hsj.pdf
2014,2,11,school_mock,science,life-science-1,question,manual_review,identity_unverifiable,confirmed,official_catalog_and_pdf,not_imported,,https://wdown.ebsi.co.kr/W61001/01exam/201411182/JVkl4AU1_h2_g_bio1_mun.pdf
2014,2,11,school_mock,science,life-science-1,solution,manual_review,identity_unverifiable,confirmed,official_catalog_and_pdf,not_imported,,https://wdown.ebsi.co.kr/W61001/01exam/201411182/O6YalkXh_h2_g_bio1_hsj.pdf
2014,2,11,school_mock,science,physics-1,question,manual_review,identity_unverifiable,confirmed,official_catalog_and_pdf,not_imported,,https://wdown.ebsi.co.kr/W61001/01exam/201411182/vcDfSDGA_h2_g_phy1_mun.pdf
2014,2,11,school_mock,science,physics-1,solution,manual_review,identity_unverifiable,confirmed,official_catalog_and_pdf,not_imported,,https://wdown.ebsi.co.kr/W61001/01exam/201411182/IXWb9DYc_h2_g_phy1_hsj.pdf
2014,2,11,school_mock,vocational,agriculture-bio-industry,question,manual_review,identity_unverifiable,confirmed,official_catalog_and_pdf,not_imported,,https://wdown.ebsi.co.kr/W61001/01exam/201411182/4MswoZf4_h2_J_nsmsup_mun.pdf
2014,2,11,school_mock,vocational,agriculture-bio-industry,solution,manual_review,identity_unverifiable,confirmed,official_catalog_and_pdf,not_imported,,https://wdown.ebsi.co.kr/W61001/01exam/201411182/zydiVvqX_h2_J_nsmsup_hsj.pdf
2014,2,11,school_mock,vocational,commerce-information,question,manual_review,identity_unverifiable,confirmed,official_catalog_and_pdf,not_imported,,https://wdown.ebsi.co.kr/W61001/01exam/201411182/SCe837g7_h2_J_supjb_mun.pdf
2014,2,11,school_mock,vocational,commerce-information,solution,manual_review,identity_unverifiable,confirmed,official_catalog_and_pdf,not_imported,,https://wdown.ebsi.co.kr/W61001/01exam/201411182/RFlz43dW_h2_J_supjb_hsj.pdf
2014,2,11,school_mock,vocational,fisheries-shipping,question,manual_review,identity_unverifiable,confirmed,official_catalog_and_pdf,not_imported,,https://wdown.ebsi.co.kr/W61001/01exam/201411182/I5KBTl2X_h2_J_ssnhw_mun.pdf
2014,2,11,school_mock,vocational,fisheries-shipping,solution,manual_review,identity_unverifiable,confirmed,official_catalog_and_pdf,not_imported,,https://wdown.ebsi.co.kr/W61001/01exam/201411182/TRWJFa6w_h2_J_ssnhw_hsj.pdf
2014,2,11,school_mock,vocational,home-economics-industry,question,manual_review,identity_unverifiable,confirmed,official_catalog_and_pdf,not_imported,,https://wdown.ebsi.co.kr/W61001/01exam/201411182/gxgoNrRJ_h2_J_gsnsup_mun.pdf
2014,2,11,school_mock,vocational,home-economics-industry,solution,manual_review,identity_unverifiable,confirmed,official_catalog_and_pdf,not_imported,,https://wdown.ebsi.co.kr/W61001/01exam/201411182/BJ1qCVxq_h2_J_gsnsup_hsj.pdf
2014,2,11,school_mock,vocational,industry,question,manual_review,identity_unverifiable,confirmed,official_catalog_and_pdf,not_imported,,https://wdown.ebsi.co.kr/W61001/01exam/201411182/OprI6XTL_h2_J_gup_mun.pdf
2014,2,11,school_mock,vocational,industry,solution,manual_review,identity_unverifiable,confirmed,official_catalog_and_pdf,not_imported,,https://wdown.ebsi.co.kr/W61001/01exam/201411182/uaNdwmkQ_h2_J_gup_hsj.pdf
2014,2,11,school_mock,second_language,chinese-1,question,manual_review,identity_unverifiable,confirmed,official_catalog_and_pdf,not_imported,,https://wdown.ebsi.co.kr/W61001/01exam/201411182/cFXvmBUC_h2_2nd_ch1_mun.pdf
2014,2,11,school_mock,second_language,chinese-1,solution,manual_review,identity_unverifiable,confirmed,official_catalog_and_pdf,not_imported,,https://wdown.ebsi.co.kr/W61001/01exam/201411182/sQrU6Wbu_h2_2nd_ch1_hsj.pdf
2014,2,11,school_mock,second_language,classical-chinese-1,question,manual_review,identity_unverifiable,confirmed,official_catalog_and_pdf,not_imported,,https://wdown.ebsi.co.kr/W61001/01exam/201411182/abpAprqF_h2_2nd_han_mun.pdf
2014,2,11,school_mock,second_language,classical-chinese-1,solution,manual_review,identity_unverifiable,confirmed,official_catalog_and_pdf,not_imported,,https://wdown.ebsi.co.kr/W61001/01exam/201411182/pyJUNsfN_h2_2nd_han_hsj.pdf
2014,2,11,school_mock,second_language,french-1,question,manual_review,identity_unverifiable,confirmed,official_catalog_and_pdf,not_imported,,https://wdown.ebsi.co.kr/W61001/01exam/201411182/tWva7DYa_h2_2nd_fr1_mun.pdf
2014,2,11,school_mock,second_language,french-1,solution,manual_review,identity_unverifiable,confirmed,official_catalog_and_pdf,not_imported,,https://wdown.ebsi.co.kr/W61001/01exam/201411182/OqlOQq2v_h2_2nd_fr1_hsj.pdf
2014,2,11,school_mock,second_language,german-1,question,manual_review,identity_unverifiable,confirmed,official_catalog_and_pdf,not_imported,,https://wdown.ebsi.co.kr/W61001/01exam/201411182/Y4tbqBTN_h2_2nd_gr1_mun.pdf
2014,2,11,school_mock,second_language,german-1,solution,manual_review,identity_unverifiable,confirmed,official_catalog_and_pdf,not_imported,,https://wdown.ebsi.co.kr/W61001/01exam/201411182/kO3C9vBG_h2_2nd_gr1_hsj.pdf
2014,2,11,school_mock,second_language,japanese-1,question,manual_review,identity_unverifiable,confirmed,official_catalog_and_pdf,not_imported,,https://wdown.ebsi.co.kr/W61001/01exam/201411182/RenU6Ny5_h2_2nd_ja1_mun.pdf
2014,2,11,school_mock,second_language,japanese-1,solution,manual_review,identity_unverifiable,confirmed,official_catalog_and_pdf,not_imported,,https://wdown.ebsi.co.kr/W61001/01exam/201411182/Zrc8BkeD_h2_2nd_ja1_hsj.pdf
2014,2,11,school_mock,second_language,russian-1,question,manual_review,identity_unverifiable,confirmed,official_catalog_and_pdf,not_imported,,https://wdown.ebsi.co.kr/W61001/01exam/201411182/XqZAmN0o_h2_2nd_ru1_mun.pdf
2014,2,11,school_mock,second_language,russian-1,solution,manual_review,identity_unverifiable,confirmed,official_catalog_and_pdf,not_imported,,https://wdown.ebsi.co.kr/W61001/01exam/201411182/G7mlegh0_h2_2nd_ru1_hsj.pdf
2014,2,11,school_mock,second_language,spanish-1,question,manual_review,identity_unverifiable,confirmed,official_catalog_and_pdf,not_imported,,https://wdown.ebsi.co.kr/W61001/01exam/201411182/YCaRW5ER_h2_2nd_sp1_mun.pdf
2014,2,11,school_mock,second_language,spanish-1,solution,manual_review,identity_unverifiable,confirmed,official_catalog_and_pdf,not_imported,,https://wdown.ebsi.co.kr/W61001/01exam/201411182/8Q9eqwZ2_h2_2nd_sp1_hsj.pdf
2014,3,3,school_mock,korean,korean-a,question,manual_review,identity_unverifiable,confirmed,official_catalog_and_pdf,not_imported,,https://wdown.ebsi.co.kr/W61001/01exam/201403123/kora_mun.pdf
2014,3,3,school_mock,korean,korean-a,solution,manual_review,identity_unverifiable,confirmed,official_catalog_and_pdf,not_imported,,https://wdown.ebsi.co.kr/W61001/01exam/201403123/kora_hsj.pdf
2014,3,3,school_mock,korean,korean-b,question,manual_review,identity_unverifiable,confirmed,official_catalog_and_pdf,not_imported,,https://wdown.ebsi.co.kr/W61001/01exam/201403123/korb_mun.pdf
2014,3,3,school_mock,korean,korean-b,solution,manual_review,identity_unverifiable,confirmed,official_catalog_and_pdf,not_imported,,https://wdown.ebsi.co.kr/W61001/01exam/201403123/korb_hsj.pdf
2014,3,3,school_mock,math,math-a,question,manual_review,identity_unverifiable,confirmed,official_catalog_and_pdf,not_imported,,https://wdown.ebsi.co.kr/W61001/01exam/201403123/matha_mun.pdf
2014,3,3,school_mock,math,math-a,solution,manual_review,identity_unverifiable,confirmed,official_catalog_and_pdf,not_imported,,https://wdown.ebsi.co.kr/W61001/01exam/201403123/matha_hsj.pdf
2014,3,3,school_mock,math,math-b,question,manual_review,identity_unverifiable,confirmed,official_catalog_and_pdf,not_imported,,https://wdown.ebsi.co.kr/W61001/01exam/201403123/mathb_mun.pdf
2014,3,3,school_mock,math,math-b,solution,manual_review,identity_unverifiable,confirmed,official_catalog_and_pdf,not_imported,,https://wdown.ebsi.co.kr/W61001/01exam/201403123/mathb_hsj.pdf
2014,3,3,school_mock,english,,question,manual_review,identity_unverifiable,confirmed,official_catalog_and_pdf,not_imported,,https://wdown.ebsi.co.kr/W61001/01exam/201403123/eng_mun.pdf
2014,3,3,school_mock,english,,solution,manual_review,identity_unverifiable,confirmed,official_catalog_and_pdf,not_imported,,https://wdown.ebsi.co.kr/W61001/01exam/201403123/eng_hsj.pdf
2014,3,3,school_mock,history,,question,manual_review,identity_unverifiable,confirmed,official_catalog_and_pdf,not_imported,,https://wdown.ebsi.co.kr/W61001/01exam/201403123/s_his_mun.pdf
2014,3,3,school_mock,history,,solution,manual_review,identity_unverifiable,confirmed,official_catalog_and_pdf,not_imported,,https://wdown.ebsi.co.kr/W61001/01exam/201403123/s_his_hsj.pdf
2014,3,3,school_mock,social,east-asian-history,question,manual_review,identity_unverifiable,confirmed,official_catalog_and_pdf,not_imported,,https://wdown.ebsi.co.kr/W61001/01exam/201403123/s_easta_mun.pdf
2014,3,3,school_mock,social,east-asian-history,solution,manual_review,identity_unverifiable,confirmed,official_catalog_and_pdf,not_imported,,https://wdown.ebsi.co.kr/W61001/01exam/201403123/s_easta_hsj.pdf
2014,3,3,school_mock,social,economics,question,manual_review,identity_unverifiable,confirmed,official_catalog_and_pdf,not_imported,,https://wdown.ebsi.co.kr/W61001/01exam/201403123/s_eco_mun.pdf
2014,3,3,school_mock,social,economics,solution,manual_review,identity_unverifiable,confirmed,official_catalog_and_pdf,not_imported,,https://wdown.ebsi.co.kr/W61001/01exam/201403123/s_eco_hsj.pdf
2014,3,3,school_mock,social,ethics-and-thought,question,manual_review,identity_unverifiable,confirmed,official_catalog_and_pdf,not_imported,,https://wdown.ebsi.co.kr/W61001/01exam/201403123/s_yrnss_mun.pdf
2014,3,3,school_mock,social,ethics-and-thought,solution,manual_review,identity_unverifiable,confirmed,official_catalog_and_pdf,not_imported,,https://wdown.ebsi.co.kr/W61001/01exam/201403123/s_yrnss_hsj.pdf
2014,3,3,school_mock,social,korean-geography,question,manual_review,identity_unverifiable,confirmed,official_catalog_and_pdf,not_imported,,https://wdown.ebsi.co.kr/W61001/01exam/201403123/s_hanji_mun.pdf
2014,3,3,school_mock,social,korean-geography,solution,manual_review,identity_unverifiable,confirmed,official_catalog_and_pdf,not_imported,,https://wdown.ebsi.co.kr/W61001/01exam/201403123/s_hanji_hsj.pdf
2014,3,3,school_mock,social,life-and-ethics-general,question,manual_review,identity_unverifiable,confirmed,official_catalog_and_pdf,not_imported,,https://wdown.ebsi.co.kr/W61001/01exam/201403123/s_ssnyr_mun.pdf
2014,3,3,school_mock,social,life-and-ethics-general,solution,manual_review,identity_unverifiable,confirmed,official_catalog_and_pdf,not_imported,,https://wdown.ebsi.co.kr/W61001/01exam/201403123/s_ssnyr_hsj.pdf
2014,3,3,school_mock,social,politics-and-law,question,manual_review,identity_unverifiable,confirmed,official_catalog_and_pdf,not_imported,,https://wdown.ebsi.co.kr/W61001/01exam/201403123/s_bnj_mun.pdf
2014,3,3,school_mock,social,politics-and-law,solution,manual_review,identity_unverifiable,confirmed,official_catalog_and_pdf,not_imported,,https://wdown.ebsi.co.kr/W61001/01exam/201403123/s_bnj_hsj.pdf
2014,3,3,school_mock,social,social-culture,question,manual_review,identity_unverifiable,confirmed,official_catalog_and_pdf,not_imported,,https://wdown.ebsi.co.kr/W61001/01exam/201403123/s_samun_mun.pdf
2014,3,3,school_mock,social,social-culture,solution,manual_review,identity_unverifiable,confirmed,official_catalog_and_pdf,not_imported,,https://wdown.ebsi.co.kr/W61001/01exam/201403123/s_samun_hsj.pdf
2014,3,3,school_mock,social,world-geography,question,manual_review,identity_unverifiable,confirmed,official_catalog_and_pdf,not_imported,,https://wdown.ebsi.co.kr/W61001/01exam/201403123/s_saeji_mun.pdf
2014,3,3,school_mock,social,world-geography,solution,manual_review,identity_unverifiable,confirmed,official_catalog_and_pdf,not_imported,,https://wdown.ebsi.co.kr/W61001/01exam/201403123/s_saeji_hsj.pdf
2014,3,3,school_mock,social,world-history,question,manual_review,identity_unverifiable,confirmed,official_catalog_and_pdf,not_imported,,https://wdown.ebsi.co.kr/W61001/01exam/201403123/s_sks_mun.pdf
2014,3,3,school_mock,social,world-history,solution,manual_review,identity_unverifiable,confirmed,official_catalog_and_pdf,not_imported,,https://wdown.ebsi.co.kr/W61001/01exam/201403123/s_sks_hsj.pdf
2014,3,3,school_mock,science,chemistry-1,question,manual_review,identity_unverifiable,confirmed,official_catalog_and_pdf,not_imported,,https://wdown.ebsi.co.kr/W61001/01exam/201403123/g_che1_mun.pdf
2014,3,3,school_mock,science,chemistry-1,solution,manual_review,identity_unverifiable,confirmed,official_catalog_and_pdf,not_imported,,https://wdown.ebsi.co.kr/W61001/01exam/201403123/g_che1_hsj.pdf
2014,3,3,school_mock,science,earth-science-1,question,manual_review,identity_unverifiable,confirmed,official_catalog_and_pdf,not_imported,,https://wdown.ebsi.co.kr/W61001/01exam/201403123/g_ear1_mun.pdf
2014,3,3,school_mock,science,earth-science-1,solution,manual_review,identity_unverifiable,confirmed,official_catalog_and_pdf,not_imported,,https://wdown.ebsi.co.kr/W61001/01exam/201403123/g_ear1_hsj.pdf
2014,3,3,school_mock,science,life-science-1,question,manual_review,identity_unverifiable,confirmed,official_catalog_and_pdf,not_imported,,https://wdown.ebsi.co.kr/W61001/01exam/201403123/g_bio1_mun.pdf
2014,3,3,school_mock,science,life-science-1,solution,manual_review,identity_unverifiable,confirmed,official_catalog_and_pdf,not_imported,,https://wdown.ebsi.co.kr/W61001/01exam/201403123/g_bio1_hsj.pdf
2014,3,3,school_mock,science,physics-1,question,manual_review,identity_unverifiable,confirmed,official_catalog_and_pdf,not_imported,,https://wdown.ebsi.co.kr/W61001/01exam/201403123/g_phy1_mun.pdf
2014,3,3,school_mock,science,physics-1,solution,manual_review,identity_unverifiable,confirmed,official_catalog_and_pdf,not_imported,,https://wdown.ebsi.co.kr/W61001/01exam/201403123/g_phy1_hsj.pdf
2014,3,4,school_mock,korean,korean-a,question,manual_review,identity_unverifiable,confirmed,official_catalog_and_pdf,not_imported,,https://wdown.ebsi.co.kr/W61001/01exam/201404103/kora_mun.pdf
2014,3,4,school_mock,korean,korean-a,solution,manual_review,identity_unverifiable,confirmed,official_catalog_and_pdf,not_imported,,https://wdown.ebsi.co.kr/W61001/01exam/201404103/kora_hsj.pdf
2014,3,4,school_mock,korean,korean-b,question,manual_review,identity_unverifiable,confirmed,official_catalog_and_pdf,not_imported,,https://wdown.ebsi.co.kr/W61001/01exam/201404103/korb_mun.pdf
2014,3,4,school_mock,korean,korean-b,solution,manual_review,identity_unverifiable,confirmed,official_catalog_and_pdf,not_imported,,https://wdown.ebsi.co.kr/W61001/01exam/201404103/korb_hsj.pdf
2014,3,4,school_mock,math,math-a,question,manual_review,identity_unverifiable,confirmed,official_catalog_and_pdf,not_imported,,https://wdown.ebsi.co.kr/W61001/01exam/201404103/matha_mun.pdf
2014,3,4,school_mock,math,math-a,solution,manual_review,identity_unverifiable,confirmed,official_catalog_and_pdf,not_imported,,https://wdown.ebsi.co.kr/W61001/01exam/201404103/matha_hsj.pdf
2014,3,4,school_mock,math,math-b,question,manual_review,identity_unverifiable,confirmed,official_catalog_and_pdf,not_imported,,https://wdown.ebsi.co.kr/W61001/01exam/201404103/mathb_mun.pdf
2014,3,4,school_mock,math,math-b,solution,manual_review,identity_unverifiable,confirmed,official_catalog_and_pdf,not_imported,,https://wdown.ebsi.co.kr/W61001/01exam/201404103/mathb_hsj.pdf
2014,3,4,school_mock,english,,question,manual_review,identity_unverifiable,confirmed,official_catalog_and_pdf,not_imported,,https://wdown.ebsi.co.kr/W61001/01exam/201404103/eng_mun.pdf
2014,3,4,school_mock,english,,solution,manual_review,identity_unverifiable,confirmed,official_catalog_and_pdf,not_imported,,https://wdown.ebsi.co.kr/W61001/01exam/201404103/eng_hsj.pdf
2014,3,4,school_mock,history,,question,manual_review,identity_unverifiable,confirmed,official_catalog_and_pdf,not_imported,,https://wdown.ebsi.co.kr/W61001/01exam/201404103/s_his_mun.pdf
2014,3,4,school_mock,history,,solution,manual_review,identity_unverifiable,confirmed,official_catalog_and_pdf,not_imported,,https://wdown.ebsi.co.kr/W61001/01exam/201404103/s_his_hsj.pdf
2014,3,4,school_mock,social,east-asian-history,question,manual_review,identity_unverifiable,confirmed,official_catalog_and_pdf,not_imported,,https://wdown.ebsi.co.kr/W61001/01exam/201404103/s_easta_mun.pdf
2014,3,4,school_mock,social,east-asian-history,solution,manual_review,identity_unverifiable,confirmed,official_catalog_and_pdf,not_imported,,https://wdown.ebsi.co.kr/W61001/01exam/201404103/s_easta_hsj.pdf
2014,3,4,school_mock,social,economics,question,manual_review,identity_unverifiable,confirmed,official_catalog_and_pdf,not_imported,,https://wdown.ebsi.co.kr/W61001/01exam/201404103/s_eco_mun.pdf
2014,3,4,school_mock,social,economics,solution,manual_review,identity_unverifiable,confirmed,official_catalog_and_pdf,not_imported,,https://wdown.ebsi.co.kr/W61001/01exam/201404103/s_eco_hsj.pdf
2014,3,4,school_mock,social,ethics-and-thought,question,manual_review,identity_unverifiable,confirmed,official_catalog_and_pdf,not_imported,,https://wdown.ebsi.co.kr/W61001/01exam/201404103/s_yrnss_mun.pdf
2014,3,4,school_mock,social,ethics-and-thought,solution,manual_review,identity_unverifiable,confirmed,official_catalog_and_pdf,not_imported,,https://wdown.ebsi.co.kr/W61001/01exam/201404103/s_yrnss_hsj.pdf
2014,3,4,school_mock,social,korean-geography,question,manual_review,identity_unverifiable,confirmed,official_catalog_and_pdf,not_imported,,https://wdown.ebsi.co.kr/W61001/01exam/201404103/s_hanji_mun.pdf
2014,3,4,school_mock,social,korean-geography,solution,manual_review,identity_unverifiable,confirmed,official_catalog_and_pdf,not_imported,,https://wdown.ebsi.co.kr/W61001/01exam/201404103/s_hanji_hsj.pdf
2014,3,4,school_mock,social,life-and-ethics-general,question,manual_review,identity_unverifiable,confirmed,official_catalog_and_pdf,not_imported,,https://wdown.ebsi.co.kr/W61001/01exam/201404103/s_ssnyr_mun.pdf
2014,3,4,school_mock,social,life-and-ethics-general,solution,manual_review,identity_unverifiable,confirmed,official_catalog_and_pdf,not_imported,,https://wdown.ebsi.co.kr/W61001/01exam/201404103/s_ssnyr_hsj.pdf
2014,3,4,school_mock,social,politics-and-law,question,manual_review,identity_unverifiable,confirmed,official_catalog_and_pdf,not_imported,,https://wdown.ebsi.co.kr/W61001/01exam/201404103/s_bnj_mun.pdf
2014,3,4,school_mock,social,politics-and-law,solution,manual_review,identity_unverifiable,confirmed,official_catalog_and_pdf,not_imported,,https://wdown.ebsi.co.kr/W61001/01exam/201404103/s_bnj_hsj.pdf
2014,3,4,school_mock,social,social-culture,question,manual_review,identity_unverifiable,confirmed,official_catalog_and_pdf,not_imported,,https://wdown.ebsi.co.kr/W61001/01exam/201404103/s_samun_mun.pdf
2014,3,4,school_mock,social,social-culture,solution,manual_review,identity_unverifiable,confirmed,official_catalog_and_pdf,not_imported,,https://wdown.ebsi.co.kr/W61001/01exam/201404103/s_samun_hsj.pdf
2014,3,4,school_mock,social,world-geography,question,manual_review,identity_unverifiable,confirmed,official_catalog_and_pdf,not_imported,,https://wdown.ebsi.co.kr/W61001/01exam/201404103/s_saeji_mun.pdf
2014,3,4,school_mock,social,world-geography,solution,manual_review,identity_unverifiable,confirmed,official_catalog_and_pdf,not_imported,,https://wdown.ebsi.co.kr/W61001/01exam/201404103/s_saeji_hsj.pdf
2014,3,4,school_mock,social,world-history,question,manual_review,identity_unverifiable,confirmed,official_catalog_and_pdf,not_imported,,https://wdown.ebsi.co.kr/W61001/01exam/201404103/s_sks_mun.pdf
2014,3,4,school_mock,social,world-history,solution,manual_review,identity_unverifiable,confirmed,official_catalog_and_pdf,not_imported,,https://wdown.ebsi.co.kr/W61001/01exam/201404103/s_sks_hsj.pdf
2014,3,4,school_mock,science,chemistry-1,question,manual_review,identity_unverifiable,confirmed,official_catalog_and_pdf,not_imported,,https://wdown.ebsi.co.kr/W61001/01exam/201404103/g_che1_mun.pdf
2014,3,4,school_mock,science,chemistry-1,solution,manual_review,identity_unverifiable,confirmed,official_catalog_and_pdf,not_imported,,https://wdown.ebsi.co.kr/W61001/01exam/201404103/g_che1_hsj.pdf
2014,3,4,school_mock,science,chemistry-2,question,manual_review,identity_unverifiable,confirmed,official_catalog_and_pdf,not_imported,,https://wdown.ebsi.co.kr/W61001/01exam/201404103/g_che2_mun.pdf
2014,3,4,school_mock,science,chemistry-2,solution,manual_review,identity_unverifiable,confirmed,official_catalog_and_pdf,not_imported,,https://wdown.ebsi.co.kr/W61001/01exam/201404103/g_che2_hsj.pdf
2014,3,4,school_mock,science,earth-science-1,question,manual_review,identity_unverifiable,confirmed,official_catalog_and_pdf,not_imported,,https://wdown.ebsi.co.kr/W61001/01exam/201404103/g_ear1_mun.pdf
2014,3,4,school_mock,science,earth-science-1,solution,manual_review,identity_unverifiable,confirmed,official_catalog_and_pdf,not_imported,,https://wdown.ebsi.co.kr/W61001/01exam/201404103/g_ear1_hsj.pdf
2014,3,4,school_mock,science,earth-science-2,question,manual_review,identity_unverifiable,confirmed,official_catalog_and_pdf,not_imported,,https://wdown.ebsi.co.kr/W61001/01exam/201404103/g_ear2_mun.pdf
2014,3,4,school_mock,science,earth-science-2,solution,manual_review,identity_unverifiable,confirmed,official_catalog_and_pdf,not_imported,,https://wdown.ebsi.co.kr/W61001/01exam/201404103/g_ear2_hsj.pdf
2014,3,4,school_mock,science,life-science-1,question,manual_review,identity_unverifiable,confirmed,official_catalog_and_pdf,not_imported,,https://wdown.ebsi.co.kr/W61001/01exam/201404103/g_bio1_mun.pdf
2014,3,4,school_mock,science,life-science-1,solution,manual_review,identity_unverifiable,confirmed,official_catalog_and_pdf,not_imported,,https://wdown.ebsi.co.kr/W61001/01exam/201404103/g_bio1_hsj.pdf
2014,3,4,school_mock,science,life-science-2,question,manual_review,identity_unverifiable,confirmed,official_catalog_and_pdf,not_imported,,https://wdown.ebsi.co.kr/W61001/01exam/201404103/g_bio2_mun.pdf
2014,3,4,school_mock,science,life-science-2,solution,manual_review,identity_unverifiable,confirmed,official_catalog_and_pdf,not_imported,,https://wdown.ebsi.co.kr/W61001/01exam/201404103/g_bio2_hsj.pdf
2014,3,4,school_mock,science,physics-1,question,manual_review,identity_unverifiable,confirmed,official_catalog_and_pdf,not_imported,,https://wdown.ebsi.co.kr/W61001/01exam/201404103/g_phy1_mun.pdf
2014,3,4,school_mock,science,physics-1,solution,manual_review,identity_unverifiable,confirmed,official_catalog_and_pdf,not_imported,,https://wdown.ebsi.co.kr/W61001/01exam/201404103/g_phy1_hsj.pdf
2014,3,4,school_mock,science,physics-2,question,manual_review,identity_unverifiable,confirmed,official_catalog_and_pdf,not_imported,,https://wdown.ebsi.co.kr/W61001/01exam/201404103/g_phy2_mun.pdf
2014,3,4,school_mock,science,physics-2,solution,manual_review,identity_unverifiable,confirmed,official_catalog_and_pdf,not_imported,,https://wdown.ebsi.co.kr/W61001/01exam/201404103/g_phy2_hsj.pdf
2014,3,6,kice_mock,korean,korean-a,question,manual_review,identity_unverifiable,confirmed,official_catalog_and_pdf,not_imported,,https://wdown.ebsi.co.kr/W61001/01exam/201406123/kora_mun.pdf
2014,3,6,kice_mock,korean,korean-a,solution,manual_review,identity_unverifiable,confirmed,official_catalog_and_pdf,not_imported,,https://wdown.ebsi.co.kr/W61001/01exam/201406123/kora_hsj.pdf
2014,3,6,kice_mock,korean,korean-b,question,manual_review,identity_unverifiable,confirmed,official_catalog_and_pdf,not_imported,,https://wdown.ebsi.co.kr/W61001/01exam/201406123/korb_mun.pdf
2014,3,6,kice_mock,korean,korean-b,solution,manual_review,identity_unverifiable,confirmed,official_catalog_and_pdf,not_imported,,https://wdown.ebsi.co.kr/W61001/01exam/201406123/korb_hsj_2.pdf
2014,3,6,kice_mock,math,math-a,question,manual_review,identity_unverifiable,confirmed,official_catalog_and_pdf,not_imported,,https://wdown.ebsi.co.kr/W61001/01exam/201406123/matha_mun.pdf
2014,3,6,kice_mock,math,math-a,solution,manual_review,identity_unverifiable,confirmed,official_catalog_and_pdf,not_imported,,https://wdown.ebsi.co.kr/W61001/01exam/201406123/matha_hsj.pdf
2014,3,6,kice_mock,math,math-b,question,manual_review,identity_unverifiable,confirmed,official_catalog_and_pdf,not_imported,,https://wdown.ebsi.co.kr/W61001/01exam/201406123/mathb_mun.pdf
2014,3,6,kice_mock,math,math-b,solution,manual_review,identity_unverifiable,confirmed,official_catalog_and_pdf,not_imported,,https://wdown.ebsi.co.kr/W61001/01exam/201406123/mathb_hsj.pdf
2014,3,6,kice_mock,english,,question,manual_review,identity_unverifiable,confirmed,official_catalog_and_pdf,not_imported,,https://wdown.ebsi.co.kr/W61001/01exam/201406123/eng_mun.pdf
2014,3,6,kice_mock,english,,solution,manual_review,identity_unverifiable,confirmed,official_catalog_and_pdf,not_imported,,https://wdown.ebsi.co.kr/W61001/01exam/201406123/eng_hsj.pdf
2014,3,6,kice_mock,history,,question,manual_review,identity_unverifiable,confirmed,official_catalog_and_pdf,not_imported,,https://wdown.ebsi.co.kr/W61001/01exam/201406123/s_his_mun.pdf
2014,3,6,kice_mock,history,,solution,manual_review,identity_unverifiable,confirmed,official_catalog_and_pdf,not_imported,,https://wdown.ebsi.co.kr/W61001/01exam/201406123/s_his_hsj.pdf
2014,3,6,kice_mock,social,east-asian-history,question,manual_review,identity_unverifiable,confirmed,official_catalog_and_pdf,not_imported,,https://wdown.ebsi.co.kr/W61001/01exam/201406123/s_easta_mun.pdf
2014,3,6,kice_mock,social,east-asian-history,solution,manual_review,identity_unverifiable,confirmed,official_catalog_and_pdf,not_imported,,https://wdown.ebsi.co.kr/W61001/01exam/201406123/s_easta_hsj.pdf
2014,3,6,kice_mock,social,economics,question,manual_review,identity_unverifiable,confirmed,official_catalog_and_pdf,not_imported,,https://wdown.ebsi.co.kr/W61001/01exam/201406123/s_eco_mun.pdf
2014,3,6,kice_mock,social,economics,solution,manual_review,identity_unverifiable,confirmed,official_catalog_and_pdf,not_imported,,https://wdown.ebsi.co.kr/W61001/01exam/201406123/s_eco_hsj.pdf
2014,3,6,kice_mock,social,ethics-and-thought,question,manual_review,identity_unverifiable,confirmed,official_catalog_and_pdf,not_imported,,https://wdown.ebsi.co.kr/W61001/01exam/201406123/s_yrnss_mun.pdf
2014,3,6,kice_mock,social,ethics-and-thought,solution,manual_review,identity_unverifiable,confirmed,official_catalog_and_pdf,not_imported,,https://wdown.ebsi.co.kr/W61001/01exam/201406123/s_yrnss_hsj.pdf
2014,3,6,kice_mock,social,korean-geography,question,manual_review,identity_unverifiable,confirmed,official_catalog_and_pdf,not_imported,,https://wdown.ebsi.co.kr/W61001/01exam/201406123/s_hanji_mun.pdf
2014,3,6,kice_mock,social,korean-geography,solution,manual_review,identity_unverifiable,confirmed,official_catalog_and_pdf,not_imported,,https://wdown.ebsi.co.kr/W61001/01exam/201406123/s_hanji_hsj.pdf
2014,3,6,kice_mock,social,life-and-ethics-general,question,manual_review,identity_unverifiable,confirmed,official_catalog_and_pdf,not_imported,,https://wdown.ebsi.co.kr/W61001/01exam/201406123/s_ssnyr_mun.pdf
2014,3,6,kice_mock,social,life-and-ethics-general,solution,manual_review,identity_unverifiable,confirmed,official_catalog_and_pdf,not_imported,,https://wdown.ebsi.co.kr/W61001/01exam/201406123/s_ssnyr_hsj.pdf
2014,3,6,kice_mock,social,politics-and-law,question,manual_review,identity_unverifiable,confirmed,official_catalog_and_pdf,not_imported,,https://wdown.ebsi.co.kr/W61001/01exam/201406123/s_bnj_mun.pdf
2014,3,6,kice_mock,social,politics-and-law,solution,manual_review,identity_unverifiable,confirmed,official_catalog_and_pdf,not_imported,,https://wdown.ebsi.co.kr/W61001/01exam/201406123/s_bnj_hsj.pdf
2014,3,6,kice_mock,social,social-culture,question,manual_review,identity_unverifiable,confirmed,official_catalog_and_pdf,not_imported,,https://wdown.ebsi.co.kr/W61001/01exam/201406123/s_samun_mun.pdf
2014,3,6,kice_mock,social,social-culture,solution,manual_review,identity_unverifiable,confirmed,official_catalog_and_pdf,not_imported,,https://wdown.ebsi.co.kr/W61001/01exam/201406123/s_samun_hsj.pdf
2014,3,6,kice_mock,social,world-geography,question,manual_review,identity_unverifiable,confirmed,official_catalog_and_pdf,not_imported,,https://wdown.ebsi.co.kr/W61001/01exam/201406123/s_saeji_mun.pdf
2014,3,6,kice_mock,social,world-geography,solution,manual_review,identity_unverifiable,confirmed,official_catalog_and_pdf,not_imported,,https://wdown.ebsi.co.kr/W61001/01exam/201406123/s_saeji_hsj.pdf
2014,3,6,kice_mock,social,world-history,question,manual_review,identity_unverifiable,confirmed,official_catalog_and_pdf,not_imported,,https://wdown.ebsi.co.kr/W61001/01exam/201406123/s_sks_mun.pdf
2014,3,6,kice_mock,social,world-history,solution,manual_review,identity_unverifiable,confirmed,official_catalog_and_pdf,not_imported,,https://wdown.ebsi.co.kr/W61001/01exam/201406123/s_sks_hsj.pdf
2014,3,6,kice_mock,science,chemistry-1,question,manual_review,identity_unverifiable,confirmed,official_catalog_and_pdf,not_imported,,https://wdown.ebsi.co.kr/W61001/01exam/201406123/g_che1_mun.pdf
2014,3,6,kice_mock,science,chemistry-1,solution,manual_review,identity_unverifiable,confirmed,official_catalog_and_pdf,not_imported,,https://wdown.ebsi.co.kr/W61001/01exam/201406123/g_che1_hsj.pdf
2014,3,6,kice_mock,science,chemistry-2,question,manual_review,identity_unverifiable,confirmed,official_catalog_and_pdf,not_imported,,https://wdown.ebsi.co.kr/W61001/01exam/201406123/g_che2_mun.pdf
2014,3,6,kice_mock,science,chemistry-2,solution,manual_review,identity_unverifiable,confirmed,official_catalog_and_pdf,not_imported,,https://wdown.ebsi.co.kr/W61001/01exam/201406123/g_che2_hsj.pdf
2014,3,6,kice_mock,science,earth-science-1,question,manual_review,identity_unverifiable,confirmed,official_catalog_and_pdf,not_imported,,https://wdown.ebsi.co.kr/W61001/01exam/201406123/g_ear1_mun.pdf
2014,3,6,kice_mock,science,earth-science-1,solution,manual_review,identity_unverifiable,confirmed,official_catalog_and_pdf,not_imported,,https://wdown.ebsi.co.kr/W61001/01exam/201406123/g_ear1_hsj.pdf
2014,3,6,kice_mock,science,earth-science-2,question,manual_review,identity_unverifiable,confirmed,official_catalog_and_pdf,not_imported,,https://wdown.ebsi.co.kr/W61001/01exam/201406123/g_ear2_mun.pdf
2014,3,6,kice_mock,science,earth-science-2,solution,manual_review,identity_unverifiable,confirmed,official_catalog_and_pdf,not_imported,,https://wdown.ebsi.co.kr/W61001/01exam/201406123/g_ear2_hsj.pdf
2014,3,6,kice_mock,science,life-science-1,question,manual_review,identity_unverifiable,confirmed,official_catalog_and_pdf,not_imported,,https://wdown.ebsi.co.kr/W61001/01exam/201406123/g_bio1_mun.pdf
2014,3,6,kice_mock,science,life-science-1,solution,manual_review,identity_unverifiable,confirmed,official_catalog_and_pdf,not_imported,,https://wdown.ebsi.co.kr/W61001/01exam/201406123/g_bio1_hsj.pdf
2014,3,6,kice_mock,science,life-science-2,question,manual_review,identity_unverifiable,confirmed,official_catalog_and_pdf,not_imported,,https://wdown.ebsi.co.kr/W61001/01exam/201406123/g_bio2_mun.pdf
2014,3,6,kice_mock,science,life-science-2,solution,manual_review,identity_unverifiable,confirmed,official_catalog_and_pdf,not_imported,,https://wdown.ebsi.co.kr/W61001/01exam/201406123/g_bio2_hsj.pdf
2014,3,6,kice_mock,science,physics-1,question,manual_review,identity_unverifiable,confirmed,official_catalog_and_pdf,not_imported,,https://wdown.ebsi.co.kr/W61001/01exam/201406123/g_phy1_mun.pdf
2014,3,6,kice_mock,science,physics-1,solution,manual_review,identity_unverifiable,confirmed,official_catalog_and_pdf,not_imported,,https://wdown.ebsi.co.kr/W61001/01exam/201406123/g_phy1_hsj.pdf
2014,3,6,kice_mock,science,physics-2,question,manual_review,identity_unverifiable,confirmed,official_catalog_and_pdf,not_imported,,https://wdown.ebsi.co.kr/W61001/01exam/201406123/g_phy2_mun.pdf
2014,3,6,kice_mock,science,physics-2,solution,manual_review,identity_unverifiable,confirmed,official_catalog_and_pdf,not_imported,,https://wdown.ebsi.co.kr/W61001/01exam/201406123/g_phy2_hsj.pdf
2014,3,6,kice_mock,vocational,agriculture-bio-industry,question,manual_review,identity_unverifiable,confirmed,official_catalog_and_pdf,not_imported,,https://wdown.ebsi.co.kr/W61001/01exam/201406123/J_nsmsup_mun.pdf
2014,3,6,kice_mock,vocational,agriculture-bio-industry,solution,manual_review,identity_unverifiable,confirmed,official_catalog_and_pdf,not_imported,,https://wdown.ebsi.co.kr/W61001/01exam/201406123/J_nsmsup_hsj.pdf
2014,3,6,kice_mock,vocational,commerce-information,question,manual_review,identity_unverifiable,confirmed,official_catalog_and_pdf,not_imported,,https://wdown.ebsi.co.kr/W61001/01exam/201406123/J_supjb_mun.pdf
2014,3,6,kice_mock,vocational,commerce-information,solution,manual_review,identity_unverifiable,confirmed,official_catalog_and_pdf,not_imported,,https://wdown.ebsi.co.kr/W61001/01exam/201406123/J_supjb_hsj.pdf
2014,3,6,kice_mock,vocational,fisheries-shipping,question,manual_review,identity_unverifiable,confirmed,official_catalog_and_pdf,not_imported,,https://wdown.ebsi.co.kr/W61001/01exam/201406123/J_ssnw_mun.pdf
2014,3,6,kice_mock,vocational,fisheries-shipping,solution,manual_review,identity_unverifiable,confirmed,official_catalog_and_pdf,not_imported,,https://wdown.ebsi.co.kr/W61001/01exam/201406123/J_ssnw_hsj.pdf
2014,3,6,kice_mock,vocational,home-economics-industry,question,manual_review,identity_unverifiable,confirmed,official_catalog_and_pdf,not_imported,,https://wdown.ebsi.co.kr/W61001/01exam/201406123/J_gsnsup_mun.pdf
2014,3,6,kice_mock,vocational,home-economics-industry,solution,manual_review,identity_unverifiable,confirmed,official_catalog_and_pdf,not_imported,,https://wdown.ebsi.co.kr/W61001/01exam/201406123/J_gsnsup_hsj.pdf
2014,3,6,kice_mock,vocational,industry,question,manual_review,identity_unverifiable,confirmed,official_catalog_and_pdf,not_imported,,https://wdown.ebsi.co.kr/W61001/01exam/201406123/J_gup_mun.pdf
2014,3,6,kice_mock,vocational,industry,solution,manual_review,identity_unverifiable,confirmed,official_catalog_and_pdf,not_imported,,https://wdown.ebsi.co.kr/W61001/01exam/201406123/J_gup_hsj.pdf
2014,3,6,kice_mock,second_language,arabic-1,question,manual_review,identity_unverifiable,confirmed,official_catalog_and_pdf,not_imported,,https://wdown.ebsi.co.kr/W61001/01exam/201406123/2nd_ar1_mun.pdf
2014,3,6,kice_mock,second_language,arabic-1,solution,manual_review,identity_unverifiable,confirmed,official_catalog_and_pdf,not_imported,,https://wdown.ebsi.co.kr/W61001/01exam/201406123/2nd_ar1_hsj.pdf
2014,3,6,kice_mock,second_language,chinese-1,question,manual_review,identity_unverifiable,confirmed,official_catalog_and_pdf,not_imported,,https://wdown.ebsi.co.kr/W61001/01exam/201406123/2nd_ch1_mun.pdf
2014,3,6,kice_mock,second_language,chinese-1,solution,manual_review,identity_unverifiable,confirmed,official_catalog_and_pdf,not_imported,,https://wdown.ebsi.co.kr/W61001/01exam/201406123/2nd_ch1_hsj.pdf
2014,3,6,kice_mock,second_language,classical-chinese-1,question,manual_review,identity_unverifiable,confirmed,official_catalog_and_pdf,not_imported,,https://wdown.ebsi.co.kr/W61001/01exam/201406123/2nd_han_mun.pdf
2014,3,6,kice_mock,second_language,classical-chinese-1,solution,manual_review,identity_unverifiable,confirmed,official_catalog_and_pdf,not_imported,,https://wdown.ebsi.co.kr/W61001/01exam/201406123/2nd_han_hsj.pdf
2014,3,6,kice_mock,second_language,french-1,question,manual_review,identity_unverifiable,confirmed,official_catalog_and_pdf,not_imported,,https://wdown.ebsi.co.kr/W61001/01exam/201406123/2nd_fr1_mun.pdf
2014,3,6,kice_mock,second_language,french-1,solution,manual_review,identity_unverifiable,confirmed,official_catalog_and_pdf,not_imported,,https://wdown.ebsi.co.kr/W61001/01exam/201406123/2nd_fr1_hsj.pdf
2014,3,6,kice_mock,second_language,german-1,question,manual_review,identity_unverifiable,confirmed,official_catalog_and_pdf,not_imported,,https://wdown.ebsi.co.kr/W61001/01exam/201406123/2nd_gr1_mun.pdf
2014,3,6,kice_mock,second_language,german-1,solution,manual_review,identity_unverifiable,confirmed,official_catalog_and_pdf,not_imported,,https://wdown.ebsi.co.kr/W61001/01exam/201406123/2nd_gr1_hsj.pdf
2014,3,6,kice_mock,second_language,japanese-1,question,manual_review,identity_unverifiable,confirmed,official_catalog_and_pdf,not_imported,,https://wdown.ebsi.co.kr/W61001/01exam/201406123/2nd_ja1_mun.pdf
2014,3,6,kice_mock,second_language,japanese-1,solution,manual_review,identity_unverifiable,confirmed,official_catalog_and_pdf,not_imported,,https://wdown.ebsi.co.kr/W61001/01exam/201406123/2nd_ja1_hsj.pdf
2014,3,6,kice_mock,second_language,russian-1,question,manual_review,identity_unverifiable,confirmed,official_catalog_and_pdf,not_imported,,https://wdown.ebsi.co.kr/W61001/01exam/201406123/2nd_ru1_mun.pdf
2014,3,6,kice_mock,second_language,russian-1,solution,manual_review,identity_unverifiable,confirmed,official_catalog_and_pdf,not_imported,,https://wdown.ebsi.co.kr/W61001/01exam/201406123/2nd_ru1_hsj.pdf
2014,3,6,kice_mock,second_language,spanish-1,question,manual_review,identity_unverifiable,confirmed,official_catalog_and_pdf,not_imported,,https://wdown.ebsi.co.kr/W61001/01exam/201406123/2nd_sp1_mun.pdf
2014,3,6,kice_mock,second_language,spanish-1,solution,manual_review,identity_unverifiable,confirmed,official_catalog_and_pdf,not_imported,,https://wdown.ebsi.co.kr/W61001/01exam/201406123/2nd_sp1_hsj.pdf
2014,3,6,kice_mock,second_language,vietnamese-1,question,manual_review,identity_unverifiable,confirmed,official_catalog_and_pdf,not_imported,,https://wdown.ebsi.co.kr/W61001/01exam/201406123/2nd_vit_mun.pdf
2014,3,6,kice_mock,second_language,vietnamese-1,solution,manual_review,identity_unverifiable,confirmed,official_catalog_and_pdf,not_imported,,https://wdown.ebsi.co.kr/W61001/01exam/201406123/2nd_vit_hsj.pdf
2014,3,7,school_mock,korean,korean-a,question,manual_review,identity_unverifiable,confirmed,official_catalog_and_pdf,not_imported,,https://wdown.ebsi.co.kr/W61001/01exam/201407103/sqsLwy5s_kora_mun.pdf
2014,3,7,school_mock,korean,korean-a,solution,manual_review,identity_unverifiable,confirmed,official_catalog_and_pdf,not_imported,,https://wdown.ebsi.co.kr/W61001/01exam/201407103/cK8t859I_kora_hsj.pdf
2014,3,7,school_mock,korean,korean-b,question,manual_review,identity_unverifiable,confirmed,official_catalog_and_pdf,not_imported,,https://wdown.ebsi.co.kr/W61001/01exam/201407103/09Ek8fIp_korb_mun.pdf
2014,3,7,school_mock,korean,korean-b,solution,manual_review,identity_unverifiable,confirmed,official_catalog_and_pdf,not_imported,,https://wdown.ebsi.co.kr/W61001/01exam/201407103/WIgRLNTa_korb_hsj.pdf
2014,3,7,school_mock,math,math-a,question,manual_review,identity_unverifiable,confirmed,official_catalog_and_pdf,not_imported,,https://wdown.ebsi.co.kr/W61001/01exam/201407103/FagA34pf_matha_mun.pdf
2014,3,7,school_mock,math,math-a,solution,manual_review,identity_unverifiable,confirmed,official_catalog_and_pdf,not_imported,,https://wdown.ebsi.co.kr/W61001/01exam/201407103/RS8LbyiD_matha_hsj.pdf
2014,3,7,school_mock,math,math-b,question,manual_review,identity_unverifiable,confirmed,official_catalog_and_pdf,not_imported,,https://wdown.ebsi.co.kr/W61001/01exam/201407103/FkBfMPAF_mathb_mun.pdf
2014,3,7,school_mock,math,math-b,solution,manual_review,identity_unverifiable,confirmed,official_catalog_and_pdf,not_imported,,https://wdown.ebsi.co.kr/W61001/01exam/201407103/cdnksMhG_mathb_hsj.pdf
2014,3,7,school_mock,english,,question,manual_review,identity_unverifiable,confirmed,official_catalog_and_pdf,not_imported,,https://wdown.ebsi.co.kr/W61001/01exam/201407103/4YdlbEwP_enga_mun.pdf
2014,3,7,school_mock,english,,solution,manual_review,identity_unverifiable,confirmed,official_catalog_and_pdf,not_imported,,https://wdown.ebsi.co.kr/W61001/01exam/201407103/wgnOsjdx_enga_hsj.pdf
2014,3,7,school_mock,history,,question,manual_review,identity_unverifiable,confirmed,official_catalog_and_pdf,not_imported,,https://wdown.ebsi.co.kr/W61001/01exam/201407103/83sntGWI_s_his_mun.pdf
2014,3,7,school_mock,history,,solution,manual_review,identity_unverifiable,confirmed,official_catalog_and_pdf,not_imported,,https://wdown.ebsi.co.kr/W61001/01exam/201407103/xd3SiSkC_s_his_hsj.pdf
2014,3,7,school_mock,social,east-asian-history,question,manual_review,identity_unverifiable,confirmed,official_catalog_and_pdf,not_imported,,https://wdown.ebsi.co.kr/W61001/01exam/201407103/k1Ixzl4a_s_easta_mun.pdf
2014,3,7,school_mock,social,east-asian-history,solution,manual_review,identity_unverifiable,confirmed,official_catalog_and_pdf,not_imported,,https://wdown.ebsi.co.kr/W61001/01exam/201407103/nSs21Ud9_s_easta_hsj.pdf
2014,3,7,school_mock,social,economics,question,manual_review,identity_unverifiable,confirmed,official_catalog_and_pdf,not_imported,,https://wdown.ebsi.co.kr/W61001/01exam/201407103/Dx2I5L40_s_eco_mun.pdf
2014,3,7,school_mock,social,economics,solution,manual_review,identity_unverifiable,confirmed,official_catalog_and_pdf,not_imported,,https://wdown.ebsi.co.kr/W61001/01exam/201407103/sP2Bk87w_s_eco_hsj.pdf
2014,3,7,school_mock,social,ethics-and-thought,question,manual_review,identity_unverifiable,confirmed,official_catalog_and_pdf,not_imported,,https://wdown.ebsi.co.kr/W61001/01exam/201407103/ASeOxV2R_s_yrnss_mun.pdf
2014,3,7,school_mock,social,ethics-and-thought,solution,manual_review,identity_unverifiable,confirmed,official_catalog_and_pdf,not_imported,,https://wdown.ebsi.co.kr/W61001/01exam/201407103/QHtQlGpf_s_yrnss_hsj.pdf
2014,3,7,school_mock,social,korean-geography,question,manual_review,identity_unverifiable,confirmed,official_catalog_and_pdf,not_imported,,https://wdown.ebsi.co.kr/W61001/01exam/201407103/s8SlIZao_s_hanji_mun.pdf
2014,3,7,school_mock,social,korean-geography,solution,manual_review,identity_unverifiable,confirmed,official_catalog_and_pdf,not_imported,,https://wdown.ebsi.co.kr/W61001/01exam/201407103/RdITblCB_s_hanji_hsj.pdf
2014,3,7,school_mock,social,life-and-ethics-general,question,manual_review,identity_unverifiable,confirmed,official_catalog_and_pdf,not_imported,,https://wdown.ebsi.co.kr/W61001/01exam/201407103/yscXIW6J_s_ssnyr_mun.pdf
2014,3,7,school_mock,social,life-and-ethics-general,solution,manual_review,identity_unverifiable,confirmed,official_catalog_and_pdf,not_imported,,https://wdown.ebsi.co.kr/W61001/01exam/201407103/m3pHToG3_s_ssnyr_hsj.pdf
2014,3,7,school_mock,social,politics-and-law,question,manual_review,identity_unverifiable,confirmed,official_catalog_and_pdf,not_imported,,https://wdown.ebsi.co.kr/W61001/01exam/201407103/hY55ZodT_s_bnj_mun.pdf
2014,3,7,school_mock,social,politics-and-law,solution,manual_review,identity_unverifiable,confirmed,official_catalog_and_pdf,not_imported,,https://wdown.ebsi.co.kr/W61001/01exam/201407103/WaSOiz8J_s_bnj_hsj.pdf
2014,3,7,school_mock,social,social-culture,question,manual_review,identity_unverifiable,confirmed,official_catalog_and_pdf,not_imported,,https://wdown.ebsi.co.kr/W61001/01exam/201407103/4NBMmCa1_s_samun_mun.pdf
2014,3,7,school_mock,social,social-culture,solution,manual_review,identity_unverifiable,confirmed,official_catalog_and_pdf,not_imported,,https://wdown.ebsi.co.kr/W61001/01exam/201407103/kt2ireTU_s_samun_hsj.pdf
2014,3,7,school_mock,social,world-geography,question,manual_review,identity_unverifiable,confirmed,official_catalog_and_pdf,not_imported,,https://wdown.ebsi.co.kr/W61001/01exam/201407103/A7x5FRpQ_s_saeji_mun.pdf
2014,3,7,school_mock,social,world-geography,solution,manual_review,identity_unverifiable,confirmed,official_catalog_and_pdf,not_imported,,https://wdown.ebsi.co.kr/W61001/01exam/201407103/hjzyAmbn_s_saeji_hsj.pdf
2014,3,7,school_mock,social,world-history,question,manual_review,identity_unverifiable,confirmed,official_catalog_and_pdf,not_imported,,https://wdown.ebsi.co.kr/W61001/01exam/201407103/mTP2vZXq_s_sks_mun.pdf
2014,3,7,school_mock,social,world-history,solution,manual_review,identity_unverifiable,confirmed,official_catalog_and_pdf,not_imported,,https://wdown.ebsi.co.kr/W61001/01exam/201407103/imrMh0R1_s_sks_hsj.pdf
2014,3,7,school_mock,science,chemistry-1,question,manual_review,identity_unverifiable,confirmed,official_catalog_and_pdf,not_imported,,https://wdown.ebsi.co.kr/W61001/01exam/201407103/krbUpm0R_g_che1_mun.pdf
2014,3,7,school_mock,science,chemistry-1,solution,manual_review,identity_unverifiable,confirmed,official_catalog_and_pdf,not_imported,,https://wdown.ebsi.co.kr/W61001/01exam/201407103/nzXotJAa_g_che1_hsj.pdf
2014,3,7,school_mock,science,chemistry-2,question,manual_review,identity_unverifiable,confirmed,official_catalog_and_pdf,not_imported,,https://wdown.ebsi.co.kr/W61001/01exam/201407103/dVe5HXC9_g_che2_mun.pdf
2014,3,7,school_mock,science,chemistry-2,solution,manual_review,identity_unverifiable,confirmed,official_catalog_and_pdf,not_imported,,https://wdown.ebsi.co.kr/W61001/01exam/201407103/xubfedlM_g_che2_hsj.pdf
2014,3,7,school_mock,science,earth-science-1,question,manual_review,identity_unverifiable,confirmed,official_catalog_and_pdf,not_imported,,https://wdown.ebsi.co.kr/W61001/01exam/201407103/0cIUP3Vk_g_ear1_mun.pdf
2014,3,7,school_mock,science,earth-science-1,solution,manual_review,identity_unverifiable,confirmed,official_catalog_and_pdf,not_imported,,https://wdown.ebsi.co.kr/W61001/01exam/201407103/ifffEkZN_g_ear1_hsj.pdf
2014,3,7,school_mock,science,earth-science-2,question,manual_review,identity_unverifiable,confirmed,official_catalog_and_pdf,not_imported,,https://wdown.ebsi.co.kr/W61001/01exam/201407103/rSClxnp3_g_ear2_mun.pdf
2014,3,7,school_mock,science,earth-science-2,solution,manual_review,identity_unverifiable,confirmed,official_catalog_and_pdf,not_imported,,https://wdown.ebsi.co.kr/W61001/01exam/201407103/yd6eiCdL_g_ear2_hsj.pdf
2014,3,7,school_mock,science,life-science-1,question,manual_review,identity_unverifiable,confirmed,official_catalog_and_pdf,not_imported,,https://wdown.ebsi.co.kr/W61001/01exam/201407103/AUGYbhfB_g_bio1_mun.pdf
2014,3,7,school_mock,science,life-science-1,solution,manual_review,identity_unverifiable,confirmed,official_catalog_and_pdf,not_imported,,https://wdown.ebsi.co.kr/W61001/01exam/201407103/WF84KtG4_g_bio1_hsj.pdf
2014,3,7,school_mock,science,life-science-2,question,manual_review,identity_unverifiable,confirmed,official_catalog_and_pdf,not_imported,,https://wdown.ebsi.co.kr/W61001/01exam/201407103/7kcO8O7T_g_bio2_mun.pdf
2014,3,7,school_mock,science,life-science-2,solution,manual_review,identity_unverifiable,confirmed,official_catalog_and_pdf,not_imported,,https://wdown.ebsi.co.kr/W61001/01exam/201407103/RURqYYrX_g_bio2_hsj.pdf
2014,3,7,school_mock,science,physics-1,question,manual_review,identity_unverifiable,confirmed,official_catalog_and_pdf,not_imported,,https://wdown.ebsi.co.kr/W61001/01exam/201407103/gAHbx4Rr_g_phy1_mun.pdf
2014,3,7,school_mock,science,physics-1,solution,manual_review,identity_unverifiable,confirmed,official_catalog_and_pdf,not_imported,,https://wdown.ebsi.co.kr/W61001/01exam/201407103/nu2CCbJz_g_phy1_hsj.pdf
2014,3,7,school_mock,science,physics-2,question,manual_review,identity_unverifiable,confirmed,official_catalog_and_pdf,not_imported,,https://wdown.ebsi.co.kr/W61001/01exam/201407103/9KeQvdzh_g_phy2_mun.pdf
2014,3,7,school_mock,science,physics-2,solution,manual_review,identity_unverifiable,confirmed,official_catalog_and_pdf,not_imported,,https://wdown.ebsi.co.kr/W61001/01exam/201407103/s1eAjT43_g_phy2_hsj.pdf
2014,3,9,kice_mock,korean,korean-a,question,manual_review,identity_unverifiable,confirmed,official_catalog_and_pdf,not_imported,,https://wdown.ebsi.co.kr/W61001/01exam/201409033/QPyJGSS2_h3_kora_mun.pdf
2014,3,9,kice_mock,korean,korean-a,solution,manual_review,identity_unverifiable,confirmed,official_catalog_and_pdf,not_imported,,https://wdown.ebsi.co.kr/W61001/01exam/201409033/tR6j5Brr_h3_kora_hsj.pdf
2014,3,9,kice_mock,korean,korean-b,question,manual_review,identity_unverifiable,confirmed,official_catalog_and_pdf,not_imported,,https://wdown.ebsi.co.kr/W61001/01exam/201409033/d58ircfI_h3_korb_mun.pdf
2014,3,9,kice_mock,korean,korean-b,solution,manual_review,identity_unverifiable,confirmed,official_catalog_and_pdf,not_imported,,https://wdown.ebsi.co.kr/W61001/01exam/201409033/7hiSkS7g_h3_korb_hsj.pdf
2014,3,9,kice_mock,math,math-a,question,manual_review,identity_unverifiable,confirmed,official_catalog_and_pdf,not_imported,,https://wdown.ebsi.co.kr/W61001/01exam/201409033/Rzaha5mE_h3_matha_mun.pdf
2014,3,9,kice_mock,math,math-a,solution,manual_review,identity_unverifiable,confirmed,official_catalog_and_pdf,not_imported,,https://wdown.ebsi.co.kr/W61001/01exam/201409033/KYQUgbU7_h3_matha_hsj.pdf
2014,3,9,kice_mock,math,math-b,question,manual_review,identity_unverifiable,confirmed,official_catalog_and_pdf,not_imported,,https://wdown.ebsi.co.kr/W61001/01exam/201409033/6j1KQj3K_h3_mathb_mun.pdf
2014,3,9,kice_mock,math,math-b,solution,manual_review,identity_unverifiable,confirmed,official_catalog_and_pdf,not_imported,,https://wdown.ebsi.co.kr/W61001/01exam/201409033/nOdFicTz_h3_mathb_hsj_1.pdf
2014,3,9,kice_mock,english,,question,manual_review,identity_unverifiable,confirmed,official_catalog_and_pdf,not_imported,,https://wdown.ebsi.co.kr/W61001/01exam/201409033/CKizm40T_h3_enga_mun.pdf
2014,3,9,kice_mock,english,,solution,manual_review,identity_unverifiable,confirmed,official_catalog_and_pdf,not_imported,,https://wdown.ebsi.co.kr/W61001/01exam/201409033/bUu2o8q3_h3_enga_hsj.pdf
2014,3,9,kice_mock,history,,question,manual_review,identity_unverifiable,confirmed,official_catalog_and_pdf,not_imported,,https://wdown.ebsi.co.kr/W61001/01exam/201409033/foTiQKYh_h3_s_his_mun.pdf
2014,3,9,kice_mock,history,,solution,manual_review,identity_unverifiable,confirmed,official_catalog_and_pdf,not_imported,,https://wdown.ebsi.co.kr/W61001/01exam/201409033/Dtgvux74_h3_s_his_hsj.pdf
2014,3,9,kice_mock,social,east-asian-history,question,manual_review,identity_unverifiable,confirmed,official_catalog_and_pdf,not_imported,,https://wdown.ebsi.co.kr/W61001/01exam/201409033/ABtvNLep_h3_s_easta_mun.pdf
2014,3,9,kice_mock,social,east-asian-history,solution,manual_review,identity_unverifiable,confirmed,official_catalog_and_pdf,not_imported,,https://wdown.ebsi.co.kr/W61001/01exam/201409033/TyaGWpWr_h3_s_easta_hsj.pdf
2014,3,9,kice_mock,social,economics,question,manual_review,identity_unverifiable,confirmed,official_catalog_and_pdf,not_imported,,https://wdown.ebsi.co.kr/W61001/01exam/201409033/oHW8Tf1I_h3_s_eco_mun.pdf
2014,3,9,kice_mock,social,economics,solution,manual_review,identity_unverifiable,confirmed,official_catalog_and_pdf,not_imported,,https://wdown.ebsi.co.kr/W61001/01exam/201409033/mxoKYUVs_h3_s_eco_hsj.pdf
2014,3,9,kice_mock,social,ethics-and-thought,question,manual_review,identity_unverifiable,confirmed,official_catalog_and_pdf,not_imported,,https://wdown.ebsi.co.kr/W61001/01exam/201409033/UYPuj1Dc_h3_s_yrnss_mun.pdf
2014,3,9,kice_mock,social,ethics-and-thought,solution,manual_review,identity_unverifiable,confirmed,official_catalog_and_pdf,not_imported,,https://wdown.ebsi.co.kr/W61001/01exam/201409033/YAiG6HSp_h3_s_yrnss_hsj.pdf
2014,3,9,kice_mock,social,korean-geography,question,manual_review,identity_unverifiable,confirmed,official_catalog_and_pdf,not_imported,,https://wdown.ebsi.co.kr/W61001/01exam/201409033/kd45M4ky_h3_s_hanji_mun.pdf
2014,3,9,kice_mock,social,korean-geography,solution,manual_review,identity_unverifiable,confirmed,official_catalog_and_pdf,not_imported,,https://wdown.ebsi.co.kr/W61001/01exam/201409033/Md5kZxXC_h3_s_hanji_hsj.pdf
2014,3,9,kice_mock,social,life-and-ethics-general,question,manual_review,identity_unverifiable,confirmed,official_catalog_and_pdf,not_imported,,https://wdown.ebsi.co.kr/W61001/01exam/201409033/p9PcwDYW_h3_s_ssnyr_mun.pdf
2014,3,9,kice_mock,social,life-and-ethics-general,solution,manual_review,identity_unverifiable,confirmed,official_catalog_and_pdf,not_imported,,https://wdown.ebsi.co.kr/W61001/01exam/201409033/WxiO9oRd_h3_s_ssnyr_hsj_01.pdf
2014,3,9,kice_mock,social,politics-and-law,question,manual_review,identity_unverifiable,confirmed,official_catalog_and_pdf,not_imported,,https://wdown.ebsi.co.kr/W61001/01exam/201409033/HKgGcaJC_h3_s_bnj_mun.pdf
2014,3,9,kice_mock,social,politics-and-law,solution,manual_review,identity_unverifiable,confirmed,official_catalog_and_pdf,not_imported,,https://wdown.ebsi.co.kr/W61001/01exam/201409033/kjbZpLdn_h3_s_bnj_hsj.pdf
2014,3,9,kice_mock,social,social-culture,question,manual_review,identity_unverifiable,confirmed,official_catalog_and_pdf,not_imported,,https://wdown.ebsi.co.kr/W61001/01exam/201409033/kHZAPZQP_h3_s_samun_mun.pdf
2014,3,9,kice_mock,social,social-culture,solution,manual_review,identity_unverifiable,confirmed,official_catalog_and_pdf,not_imported,,https://wdown.ebsi.co.kr/W61001/01exam/201409033/Kv40d7Kc_h3_s_samun_hsj.pdf
2014,3,9,kice_mock,social,world-geography,question,manual_review,identity_unverifiable,confirmed,official_catalog_and_pdf,not_imported,,https://wdown.ebsi.co.kr/W61001/01exam/201409033/j303wxNa_h3_s_saeji_mun.pdf
2014,3,9,kice_mock,social,world-geography,solution,manual_review,identity_unverifiable,confirmed,official_catalog_and_pdf,not_imported,,https://wdown.ebsi.co.kr/W61001/01exam/201409033/JkGuSKqG_h3_s_saeji_hsj.pdf
2014,3,9,kice_mock,social,world-history,question,manual_review,identity_unverifiable,confirmed,official_catalog_and_pdf,not_imported,,https://wdown.ebsi.co.kr/W61001/01exam/201409033/Z3YAbek2_h3_s_sks_mun.pdf
2014,3,9,kice_mock,social,world-history,solution,manual_review,identity_unverifiable,confirmed,official_catalog_and_pdf,not_imported,,https://wdown.ebsi.co.kr/W61001/01exam/201409033/lisuJnOV_h3_s_sks_hsj.pdf
2014,3,9,kice_mock,science,chemistry-1,question,manual_review,identity_unverifiable,confirmed,official_catalog_and_pdf,not_imported,,https://wdown.ebsi.co.kr/W61001/01exam/201409033/PHiNKyKJ_h3_g_ear1_mun.pdf
2014,3,9,kice_mock,science,chemistry-1,solution,manual_review,identity_unverifiable,confirmed,official_catalog_and_pdf,not_imported,,https://wdown.ebsi.co.kr/W61001/01exam/201409033/WjewZkYX_h3_g_ear1_hsj.pdf
2014,3,9,kice_mock,science,chemistry-2,question,manual_review,identity_unverifiable,confirmed,official_catalog_and_pdf,not_imported,,https://wdown.ebsi.co.kr/W61001/01exam/201409033/mqbAhKW2_h3_g_ear2_mun.pdf
2014,3,9,kice_mock,science,chemistry-2,solution,manual_review,identity_unverifiable,confirmed,official_catalog_and_pdf,not_imported,,https://wdown.ebsi.co.kr/W61001/01exam/201409033/LwZlpPs5_h3_g_ear2_hsj.pdf
2014,3,9,kice_mock,science,earth-science-1,question,manual_review,identity_unverifiable,confirmed,official_catalog_and_pdf,not_imported,,https://wdown.ebsi.co.kr/W61001/01exam/201409033/uiMbt7hv_h3_g_bio1_mun.pdf
2014,3,9,kice_mock,science,earth-science-1,solution,manual_review,identity_unverifiable,confirmed,official_catalog_and_pdf,not_imported,,https://wdown.ebsi.co.kr/W61001/01exam/201409033/vFCorX9B_h3_g_bio1_hsj.pdf
2014,3,9,kice_mock,science,earth-science-2,question,manual_review,identity_unverifiable,confirmed,official_catalog_and_pdf,not_imported,,https://wdown.ebsi.co.kr/W61001/01exam/201409033/0kY8fNp0_h3_g_bio2_mun.pdf
2014,3,9,kice_mock,science,earth-science-2,solution,manual_review,identity_unverifiable,confirmed,official_catalog_and_pdf,not_imported,,https://wdown.ebsi.co.kr/W61001/01exam/201409033/VatC6ZUb_h3_g_bio2_hsj.pdf
2014,3,9,kice_mock,science,life-science-1,question,manual_review,identity_unverifiable,confirmed,official_catalog_and_pdf,not_imported,,https://wdown.ebsi.co.kr/W61001/01exam/201409033/MM7X4rBg_h3_g_che1_mun.pdf
2014,3,9,kice_mock,science,life-science-1,solution,manual_review,identity_unverifiable,confirmed,official_catalog_and_pdf,not_imported,,https://wdown.ebsi.co.kr/W61001/01exam/201409033/PD7Fjm0f_h3_g_che1_hsj.pdf
2014,3,9,kice_mock,science,life-science-2,question,manual_review,identity_unverifiable,confirmed,official_catalog_and_pdf,not_imported,,https://wdown.ebsi.co.kr/W61001/01exam/201409033/wYdka0fI_h3_g_che2_mun.pdf
2014,3,9,kice_mock,science,life-science-2,solution,manual_review,identity_unverifiable,confirmed,official_catalog_and_pdf,not_imported,,https://wdown.ebsi.co.kr/W61001/01exam/201409033/QTrM4PGo_h3_g_che2_hsj.pdf
2014,3,9,kice_mock,science,physics-1,question,manual_review,identity_unverifiable,confirmed,official_catalog_and_pdf,not_imported,,https://wdown.ebsi.co.kr/W61001/01exam/201409033/PfTlHAUc_h3_g_phy1_mun.pdf
2014,3,9,kice_mock,science,physics-1,solution,manual_review,identity_unverifiable,confirmed,official_catalog_and_pdf,not_imported,,https://wdown.ebsi.co.kr/W61001/01exam/201409033/gw8yTZza_h3_g_phy1_hsj.pdf
2014,3,9,kice_mock,science,physics-2,question,manual_review,identity_unverifiable,confirmed,official_catalog_and_pdf,not_imported,,https://wdown.ebsi.co.kr/W61001/01exam/201409033/pQA8U6Cu_h3_g_phy2_mun.pdf
2014,3,9,kice_mock,science,physics-2,solution,manual_review,identity_unverifiable,confirmed,official_catalog_and_pdf,not_imported,,https://wdown.ebsi.co.kr/W61001/01exam/201409033/yzC0bHwr_h3_g_phy2_hsj.pdf
2014,3,9,kice_mock,vocational,agriculture-bio-industry,question,manual_review,identity_unverifiable,confirmed,official_catalog_and_pdf,not_imported,,https://wdown.ebsi.co.kr/W61001/01exam/201409033/Yfu2hRM1_h3_J_nsmsup_mun_1.pdf
2014,3,9,kice_mock,vocational,agriculture-bio-industry,solution,manual_review,identity_unverifiable,confirmed,official_catalog_and_pdf,not_imported,,https://wdown.ebsi.co.kr/W61001/01exam/201409033/YBTUA93N_h3_J_nsmsup_hsj.pdf
2014,3,9,kice_mock,vocational,commerce-information,question,manual_review,identity_unverifiable,confirmed,official_catalog_and_pdf,not_imported,,https://wdown.ebsi.co.kr/W61001/01exam/201409033/a6rbmNmg_h3_J_supjb_mun_1.pdf
2014,3,9,kice_mock,vocational,commerce-information,solution,manual_review,identity_unverifiable,confirmed,official_catalog_and_pdf,not_imported,,https://wdown.ebsi.co.kr/W61001/01exam/201409033/HvnRQguk_h3_J_supjb_hsj.pdf
2014,3,9,kice_mock,vocational,fisheries-shipping,question,manual_review,identity_unverifiable,confirmed,official_catalog_and_pdf,not_imported,,https://wdown.ebsi.co.kr/W61001/01exam/201409033/fMHTs2FZ_h3_J_ssnhw_mun_1.pdf
2014,3,9,kice_mock,vocational,fisheries-shipping,solution,manual_review,identity_unverifiable,confirmed,official_catalog_and_pdf,not_imported,,https://wdown.ebsi.co.kr/W61001/01exam/201409033/QTGQUEYv_h3_J_ssnhw_hsj.pdf
2014,3,9,kice_mock,vocational,home-economics-industry,question,manual_review,identity_unverifiable,confirmed,official_catalog_and_pdf,not_imported,,https://wdown.ebsi.co.kr/W61001/01exam/201409033/ZmDvHbYx_h3_J_gsnsup_mun_1.pdf
2014,3,9,kice_mock,vocational,home-economics-industry,solution,manual_review,identity_unverifiable,confirmed,official_catalog_and_pdf,not_imported,,https://wdown.ebsi.co.kr/W61001/01exam/201409033/PoLMOEYz_h3_J_gsnsup_hsj.pdf
2014,3,9,kice_mock,vocational,industry,question,manual_review,identity_unverifiable,confirmed,official_catalog_and_pdf,not_imported,,https://wdown.ebsi.co.kr/W61001/01exam/201409033/ii59RkIM_h3_J_gup_mun_1.pdf
2014,3,9,kice_mock,vocational,industry,solution,manual_review,identity_unverifiable,confirmed,official_catalog_and_pdf,not_imported,,https://wdown.ebsi.co.kr/W61001/01exam/201409033/7XANazaf_h3_J_gup_hsj.pdf
2014,3,9,kice_mock,second_language,arabic-1,question,manual_review,identity_unverifiable,confirmed,official_catalog_and_pdf,not_imported,,https://wdown.ebsi.co.kr/W61001/01exam/201409033/8lmnHOBv_h3_2nd_ar1_mun.pdf
2014,3,9,kice_mock,second_language,arabic-1,solution,manual_review,identity_unverifiable,confirmed,official_catalog_and_pdf,not_imported,,https://wdown.ebsi.co.kr/W61001/01exam/201409033/xb9iJCAg_h3_2nd_ar1_hsj_1.pdf
2014,3,9,kice_mock,second_language,chinese-1,question,manual_review,identity_unverifiable,confirmed,official_catalog_and_pdf,not_imported,,https://wdown.ebsi.co.kr/W61001/01exam/201409033/oX2gAb8f_h3_2nd_ch1_mun.pdf
2014,3,9,kice_mock,second_language,chinese-1,solution,manual_review,identity_unverifiable,confirmed,official_catalog_and_pdf,not_imported,,https://wdown.ebsi.co.kr/W61001/01exam/201409033/yYI7GVHA_h3_2nd_ch1_hsj_1.pdf
2014,3,9,kice_mock,second_language,classical-chinese-1,question,manual_review,identity_unverifiable,confirmed,official_catalog_and_pdf,not_imported,,https://wdown.ebsi.co.kr/W61001/01exam/201409033/3zZxKuMT_h3_2nd_han_mun.pdf
2014,3,9,kice_mock,second_language,classical-chinese-1,solution,manual_review,identity_unverifiable,confirmed,official_catalog_and_pdf,not_imported,,https://wdown.ebsi.co.kr/W61001/01exam/201409033/ueD0WeOn_h3_2nd_han_hsj.pdf
2014,3,9,kice_mock,second_language,french-1,question,manual_review,identity_unverifiable,confirmed,official_catalog_and_pdf,not_imported,,https://wdown.ebsi.co.kr/W61001/01exam/201409033/8rkRyyFL_h3_2nd_fr1_mun.pdf
2014,3,9,kice_mock,second_language,french-1,solution,manual_review,identity_unverifiable,confirmed,official_catalog_and_pdf,not_imported,,https://wdown.ebsi.co.kr/W61001/01exam/201409033/Qrsutplh_h3_2nd_fr1_hsj.pdf
2014,3,9,kice_mock,second_language,german-1,question,manual_review,identity_unverifiable,confirmed,official_catalog_and_pdf,not_imported,,https://wdown.ebsi.co.kr/W61001/01exam/201409033/k8TRAzTF_h3_2nd_gr1_mun.pdf
2014,3,9,kice_mock,second_language,german-1,solution,manual_review,identity_unverifiable,confirmed,official_catalog_and_pdf,not_imported,,https://wdown.ebsi.co.kr/W61001/01exam/201409033/673jbAlZ_h3_2nd_gr1_hsj.pdf
2014,3,9,kice_mock,second_language,japanese-1,question,manual_review,identity_unverifiable,confirmed,official_catalog_and_pdf,not_imported,,https://wdown.ebsi.co.kr/W61001/01exam/201409033/lTWRk48o_h3_2nd_ja1_mun.pdf
2014,3,9,kice_mock,second_language,japanese-1,solution,manual_review,identity_unverifiable,confirmed,official_catalog_and_pdf,not_imported,,https://wdown.ebsi.co.kr/W61001/01exam/201409033/ryEuJcau_h3_2nd_ja1_hsj.pdf
2014,3,9,kice_mock,second_language,russian-1,question,manual_review,identity_unverifiable,confirmed,official_catalog_and_pdf,not_imported,,https://wdown.ebsi.co.kr/W61001/01exam/201409033/R1PDGNZz_h3_2nd_ru1_mun.pdf
2014,3,9,kice_mock,second_language,russian-1,solution,manual_review,identity_unverifiable,confirmed,official_catalog_and_pdf,not_imported,,https://wdown.ebsi.co.kr/W61001/01exam/201409033/ahL7szm8_h3_2nd_ru1_hsj.pdf
2014,3,9,kice_mock,second_language,spanish-1,question,manual_review,identity_unverifiable,confirmed,official_catalog_and_pdf,not_imported,,https://wdown.ebsi.co.kr/W61001/01exam/201409033/xd8w5A8z_h3_2nd_sp1_mun.pdf
2014,3,9,kice_mock,second_language,spanish-1,solution,manual_review,identity_unverifiable,confirmed,official_catalog_and_pdf,not_imported,,https://wdown.ebsi.co.kr/W61001/01exam/201409033/WkJqjNVt_h3_2nd_sp1_hsj.pdf
2014,3,9,kice_mock,second_language,vietnamese-1,question,manual_review,identity_unverifiable,confirmed,official_catalog_and_pdf,not_imported,,https://wdown.ebsi.co.kr/W61001/01exam/201409033/n5yIVqVW_h3_2nd_vit_mun.pdf
2014,3,9,kice_mock,second_language,vietnamese-1,solution,manual_review,identity_unverifiable,confirmed,official_catalog_and_pdf,not_imported,,https://wdown.ebsi.co.kr/W61001/01exam/201409033/rx5zAa6l_h3_2nd_vit_hsj.pdf
2014,3,10,school_mock,korean,korean-a,question,manual_review,identity_unverifiable,confirmed,official_catalog_and_pdf,not_imported,,https://wdown.ebsi.co.kr/W61001/01exam/201410073/DQ6on7gz_h3_kora_mun.pdf
2014,3,10,school_mock,korean,korean-a,solution,manual_review,identity_unverifiable,confirmed,official_catalog_and_pdf,not_imported,,https://wdown.ebsi.co.kr/W61001/01exam/201410073/3FB1FxQF_h3_kora_hsj.pdf
2014,3,10,school_mock,korean,korean-b,question,manual_review,identity_unverifiable,confirmed,official_catalog_and_pdf,not_imported,,https://wdown.ebsi.co.kr/W61001/01exam/201410073/M83UV8wA_h3_korb_mun.pdf
2014,3,10,school_mock,korean,korean-b,solution,manual_review,identity_unverifiable,confirmed,official_catalog_and_pdf,not_imported,,https://wdown.ebsi.co.kr/W61001/01exam/201410073/ddX47sFo_h3_korb_hsj.pdf
2014,3,10,school_mock,math,math-a,question,manual_review,identity_unverifiable,confirmed,official_catalog_and_pdf,not_imported,,https://wdown.ebsi.co.kr/W61001/01exam/201410073/ai8XKPl5_h3_matha_mun.pdf
2014,3,10,school_mock,math,math-a,solution,manual_review,identity_unverifiable,confirmed,official_catalog_and_pdf,not_imported,,https://wdown.ebsi.co.kr/W61001/01exam/201410073/GDrPixj6_h3_matha_hsj.pdf
2014,3,10,school_mock,math,math-b,question,manual_review,identity_unverifiable,confirmed,official_catalog_and_pdf,not_imported,,https://wdown.ebsi.co.kr/W61001/01exam/201410073/ZTCVk8xZ_h3_mathb_mun.pdf
2014,3,10,school_mock,math,math-b,solution,manual_review,identity_unverifiable,confirmed,official_catalog_and_pdf,not_imported,,https://wdown.ebsi.co.kr/W61001/01exam/201410073/zBbBdR9y_h3_mathb_hsj.pdf
2014,3,10,school_mock,english,,question,manual_review,identity_unverifiable,confirmed,official_catalog_and_pdf,not_imported,,https://wdown.ebsi.co.kr/W61001/01exam/201410073/dqsyWVLE_h3_eng_mun.pdf
2014,3,10,school_mock,english,,solution,manual_review,identity_unverifiable,confirmed,official_catalog_and_pdf,not_imported,,https://wdown.ebsi.co.kr/W61001/01exam/201410073/WP5RvITt_h3_eng_hsj.pdf
2014,3,10,school_mock,history,,question,manual_review,identity_unverifiable,confirmed,official_catalog_and_pdf,not_imported,,https://wdown.ebsi.co.kr/W61001/01exam/201410073/Vvm24Tzm_h3_s_his_mun.pdf
2014,3,10,school_mock,history,,solution,manual_review,identity_unverifiable,confirmed,official_catalog_and_pdf,not_imported,,https://wdown.ebsi.co.kr/W61001/01exam/201410073/KYTgetZ3_h3_s_his_hsj.pdf
2014,3,10,school_mock,social,east-asian-history,question,manual_review,identity_unverifiable,confirmed,official_catalog_and_pdf,not_imported,,https://wdown.ebsi.co.kr/W61001/01exam/201410073/hA53ZpEV_h3_s_easta_mun.pdf
2014,3,10,school_mock,social,east-asian-history,solution,manual_review,identity_unverifiable,confirmed,official_catalog_and_pdf,not_imported,,https://wdown.ebsi.co.kr/W61001/01exam/201410073/mkWFBXZG_h3_s_easta_hsj.pdf
2014,3,10,school_mock,social,economics,question,manual_review,identity_unverifiable,confirmed,official_catalog_and_pdf,not_imported,,https://wdown.ebsi.co.kr/W61001/01exam/201410073/lWdtaGzW_h3_s_eco_mun01.pdf
2014,3,10,school_mock,social,economics,solution,manual_review,identity_unverifiable,confirmed,official_catalog_and_pdf,not_imported,,https://wdown.ebsi.co.kr/W61001/01exam/201410073/3yZty1sh_h3_s_eco_hsj.pdf
2014,3,10,school_mock,social,ethics-and-thought,question,manual_review,identity_unverifiable,confirmed,official_catalog_and_pdf,not_imported,,https://wdown.ebsi.co.kr/W61001/01exam/201410073/8b9ezf9C_h3_s_yrnss_mun.pdf
2014,3,10,school_mock,social,ethics-and-thought,solution,manual_review,identity_unverifiable,confirmed,official_catalog_and_pdf,not_imported,,https://wdown.ebsi.co.kr/W61001/01exam/201410073/IElR3n4D_h3_s_yrnss_hsj.pdf
2014,3,10,school_mock,social,korean-geography,question,manual_review,identity_unverifiable,confirmed,official_catalog_and_pdf,not_imported,,https://wdown.ebsi.co.kr/W61001/01exam/201410073/G9yTWpRn_h3_s_hanji_mun.pdf
2014,3,10,school_mock,social,korean-geography,solution,manual_review,identity_unverifiable,confirmed,official_catalog_and_pdf,not_imported,,https://wdown.ebsi.co.kr/W61001/01exam/201410073/zh0Cpg0R_h3_s_hanji_hsj.pdf
2014,3,10,school_mock,social,life-and-ethics-general,question,manual_review,identity_unverifiable,confirmed,official_catalog_and_pdf,not_imported,,https://wdown.ebsi.co.kr/W61001/01exam/201410073/7Qs6hvfP_h3_s_ssnyr_mun.pdf
2014,3,10,school_mock,social,life-and-ethics-general,solution,manual_review,identity_unverifiable,confirmed,official_catalog_and_pdf,not_imported,,https://wdown.ebsi.co.kr/W61001/01exam/201410073/AZScXrbw_h3_s_ssnyr_hsj.pdf
2014,3,10,school_mock,social,politics-and-law,question,manual_review,identity_unverifiable,confirmed,official_catalog_and_pdf,not_imported,,https://wdown.ebsi.co.kr/W61001/01exam/201410073/Zt0p5a2r_h3_s_bnj_mun.pdf
2014,3,10,school_mock,social,politics-and-law,solution,manual_review,identity_unverifiable,confirmed,official_catalog_and_pdf,not_imported,,https://wdown.ebsi.co.kr/W61001/01exam/201410073/8gPAAIwp_h3_s_bnj_hsj.pdf
2014,3,10,school_mock,social,social-culture,question,manual_review,identity_unverifiable,confirmed,official_catalog_and_pdf,not_imported,,https://wdown.ebsi.co.kr/W61001/01exam/201410073/4AsK6ExU_h3_s_samun_mun.pdf
2014,3,10,school_mock,social,social-culture,solution,manual_review,identity_unverifiable,confirmed,official_catalog_and_pdf,not_imported,,https://wdown.ebsi.co.kr/W61001/01exam/201410073/8raUMTzF_h3_s_samun_hsj.pdf
2014,3,10,school_mock,social,world-geography,question,manual_review,identity_unverifiable,confirmed,official_catalog_and_pdf,not_imported,,https://wdown.ebsi.co.kr/W61001/01exam/201410073/nLJm2ZBN_h3_s_saeji_mun.pdf
2014,3,10,school_mock,social,world-geography,solution,manual_review,identity_unverifiable,confirmed,official_catalog_and_pdf,not_imported,,https://wdown.ebsi.co.kr/W61001/01exam/201410073/CogiwHsq_h3_s_saeji_hsj.pdf
2014,3,10,school_mock,social,world-history,question,manual_review,identity_unverifiable,confirmed,official_catalog_and_pdf,not_imported,,https://wdown.ebsi.co.kr/W61001/01exam/201410073/YmXvmmKt_h3_s_sks_mun.pdf
2014,3,10,school_mock,social,world-history,solution,manual_review,identity_unverifiable,confirmed,official_catalog_and_pdf,not_imported,,https://wdown.ebsi.co.kr/W61001/01exam/201410073/rM0mkhcQ_h3_s_sks_hsj.pdf
2014,3,10,school_mock,science,chemistry-1,question,manual_review,identity_unverifiable,confirmed,official_catalog_and_pdf,not_imported,,https://wdown.ebsi.co.kr/W61001/01exam/201410073/BxT18j7n_h3_g_che1_mun.pdf
2014,3,10,school_mock,science,chemistry-1,solution,manual_review,identity_unverifiable,confirmed,official_catalog_and_pdf,not_imported,,https://wdown.ebsi.co.kr/W61001/01exam/201410073/qqKgWRjf_h3_g_che1_hsj.pdf
2014,3,10,school_mock,science,chemistry-2,question,manual_review,identity_unverifiable,confirmed,official_catalog_and_pdf,not_imported,,https://wdown.ebsi.co.kr/W61001/01exam/201410073/Xr6nbb3M_h3_g_che2_mun.pdf
2014,3,10,school_mock,science,chemistry-2,solution,manual_review,identity_unverifiable,confirmed,official_catalog_and_pdf,not_imported,,https://wdown.ebsi.co.kr/W61001/01exam/201410073/OsvGhcIS_h3_g_che2_hsj.pdf
2014,3,10,school_mock,science,earth-science-1,question,manual_review,identity_unverifiable,confirmed,official_catalog_and_pdf,not_imported,,https://wdown.ebsi.co.kr/W61001/01exam/201410073/v00J6gX2_h3_g_ear1_mun.pdf
2014,3,10,school_mock,science,earth-science-1,solution,manual_review,identity_unverifiable,confirmed,official_catalog_and_pdf,not_imported,,https://wdown.ebsi.co.kr/W61001/01exam/201410073/XdoYfYoi_h3_g_ear1_hsj.pdf
2014,3,10,school_mock,science,earth-science-2,question,manual_review,identity_unverifiable,confirmed,official_catalog_and_pdf,not_imported,,https://wdown.ebsi.co.kr/W61001/01exam/201410073/B5ANH2cv_h3_g_ear2_mun.pdf
2014,3,10,school_mock,science,earth-science-2,solution,manual_review,identity_unverifiable,confirmed,official_catalog_and_pdf,not_imported,,https://wdown.ebsi.co.kr/W61001/01exam/201410073/0aGltFBN_h3_g_ear2_hsj.pdf
2014,3,10,school_mock,science,life-science-1,question,manual_review,identity_unverifiable,confirmed,official_catalog_and_pdf,not_imported,,https://wdown.ebsi.co.kr/W61001/01exam/201410073/Pim9OciP_h3_g_bio1_mun.pdf
2014,3,10,school_mock,science,life-science-1,solution,manual_review,identity_unverifiable,confirmed,official_catalog_and_pdf,not_imported,,https://wdown.ebsi.co.kr/W61001/01exam/201410073/XkmCJiLy_h3_g_bio1_hsj.pdf
2014,3,10,school_mock,science,life-science-2,question,manual_review,identity_unverifiable,confirmed,official_catalog_and_pdf,not_imported,,https://wdown.ebsi.co.kr/W61001/01exam/201410073/NfHgIu3q_h3_g_bio2_mun.pdf
2014,3,10,school_mock,science,life-science-2,solution,manual_review,identity_unverifiable,confirmed,official_catalog_and_pdf,not_imported,,https://wdown.ebsi.co.kr/W61001/01exam/201410073/1vblaLJP_h3_g_bio2_hsj.pdf
2014,3,10,school_mock,science,physics-1,question,manual_review,identity_unverifiable,confirmed,official_catalog_and_pdf,not_imported,,https://wdown.ebsi.co.kr/W61001/01exam/201410073/m15k4R9x_h3_g_phy1_mun.pdf
2014,3,10,school_mock,science,physics-1,solution,manual_review,identity_unverifiable,confirmed,official_catalog_and_pdf,not_imported,,https://wdown.ebsi.co.kr/W61001/01exam/201410073/C2pKFRyq_h3_g_phy1_hsj.pdf
2014,3,10,school_mock,science,physics-2,question,manual_review,identity_unverifiable,confirmed,official_catalog_and_pdf,not_imported,,https://wdown.ebsi.co.kr/W61001/01exam/201410073/wdpOTziw_h3_g_phy2_mun.pdf
2014,3,10,school_mock,science,physics-2,solution,manual_review,identity_unverifiable,confirmed,official_catalog_and_pdf,not_imported,,https://wdown.ebsi.co.kr/W61001/01exam/201410073/i7Qf4vKh_h3_g_phy2_hsj.pdf
2014,3,10,school_mock,vocational,agriculture-bio-industry,question,manual_review,identity_unverifiable,confirmed,official_catalog_and_pdf,not_imported,,https://wdown.ebsi.co.kr/W61001/01exam/201410073/cYTjr8cU_h3_J_nsmsup_mun.pdf
2014,3,10,school_mock,vocational,agriculture-bio-industry,solution,manual_review,identity_unverifiable,confirmed,official_catalog_and_pdf,not_imported,,https://wdown.ebsi.co.kr/W61001/01exam/201410073/6xfPTeip_h3_J_nsmsup_hsj.pdf
2014,3,10,school_mock,vocational,commerce-information,question,manual_review,identity_unverifiable,confirmed,official_catalog_and_pdf,not_imported,,https://wdown.ebsi.co.kr/W61001/01exam/201410073/d2VqKwRP_h3_J_supjb_mun.pdf
2014,3,10,school_mock,vocational,commerce-information,solution,manual_review,identity_unverifiable,confirmed,official_catalog_and_pdf,not_imported,,https://wdown.ebsi.co.kr/W61001/01exam/201410073/QIWDO3hR_h3_J_supjb_hsj.pdf
2014,3,10,school_mock,vocational,fisheries-shipping,question,manual_review,identity_unverifiable,confirmed,official_catalog_and_pdf,not_imported,,https://wdown.ebsi.co.kr/W61001/01exam/201410073/DT6Z3Lst_h3_J_ssnhw_mun.pdf
2014,3,10,school_mock,vocational,fisheries-shipping,solution,manual_review,identity_unverifiable,confirmed,official_catalog_and_pdf,not_imported,,https://wdown.ebsi.co.kr/W61001/01exam/201410073/PGtPrPrv_h3_J_ssnhw_hsj.pdf
2014,3,10,school_mock,vocational,home-economics-industry,question,manual_review,identity_unverifiable,confirmed,official_catalog_and_pdf,not_imported,,https://wdown.ebsi.co.kr/W61001/01exam/201410073/CWO6hm8U_h3_J_gsnsup_mun.pdf
2014,3,10,school_mock,vocational,home-economics-industry,solution,manual_review,identity_unverifiable,confirmed,official_catalog_and_pdf,not_imported,,https://wdown.ebsi.co.kr/W61001/01exam/201410073/a8d9Ee4z_h3_J_gsnsup_hsj.pdf
2014,3,10,school_mock,vocational,industry,question,manual_review,identity_unverifiable,confirmed,official_catalog_and_pdf,not_imported,,https://wdown.ebsi.co.kr/W61001/01exam/201410073/68V8zDv6_h3_J_gup_mun.pdf
2014,3,10,school_mock,vocational,industry,solution,manual_review,identity_unverifiable,confirmed,official_catalog_and_pdf,not_imported,,https://wdown.ebsi.co.kr/W61001/01exam/201410073/0gxapzha_h3_J_gup_hsj.pdf
2014,3,10,school_mock,second_language,chinese-1,question,manual_review,identity_unverifiable,confirmed,official_catalog_and_pdf,not_imported,,https://wdown.ebsi.co.kr/W61001/01exam/201410073/9D9DQVXw_h3_2nd_ch1_mun.pdf
2014,3,10,school_mock,second_language,chinese-1,solution,manual_review,identity_unverifiable,confirmed,official_catalog_and_pdf,not_imported,,https://wdown.ebsi.co.kr/W61001/01exam/201410073/R1IM9QX2_h3_2nd_ch1_hsj.pdf
2014,3,10,school_mock,second_language,classical-chinese-1,question,manual_review,identity_unverifiable,confirmed,official_catalog_and_pdf,not_imported,,https://wdown.ebsi.co.kr/W61001/01exam/201410073/CvY3PUKI_h3_2nd_han_mun.pdf
2014,3,10,school_mock,second_language,classical-chinese-1,solution,manual_review,identity_unverifiable,confirmed,official_catalog_and_pdf,not_imported,,https://wdown.ebsi.co.kr/W61001/01exam/201410073/Ys5CRTYB_h3_2nd_han_hsj.pdf
2014,3,10,school_mock,second_language,french-1,question,manual_review,identity_unverifiable,confirmed,official_catalog_and_pdf,not_imported,,https://wdown.ebsi.co.kr/W61001/01exam/201410073/EcyhJzqN_h3_2nd_fr1_mun.pdf
2014,3,10,school_mock,second_language,french-1,solution,manual_review,identity_unverifiable,confirmed,official_catalog_and_pdf,not_imported,,https://wdown.ebsi.co.kr/W61001/01exam/201410073/wiGnSqJI_h3_2nd_fr1_hsj.pdf
2014,3,10,school_mock,second_language,german-1,question,manual_review,identity_unverifiable,confirmed,official_catalog_and_pdf,not_imported,,https://wdown.ebsi.co.kr/W61001/01exam/201410073/lJbSorxT_h3_2nd_gr1_mun.pdf
2014,3,10,school_mock,second_language,german-1,solution,manual_review,identity_unverifiable,confirmed,official_catalog_and_pdf,not_imported,,https://wdown.ebsi.co.kr/W61001/01exam/201410073/jtRpeVPO_h3_2nd_gr1_hsj.pdf
2014,3,10,school_mock,second_language,japanese-1,question,manual_review,identity_unverifiable,confirmed,official_catalog_and_pdf,not_imported,,https://wdown.ebsi.co.kr/W61001/01exam/201410073/CTp2hFOW_h3_2nd_ja1_mun.pdf
2014,3,10,school_mock,second_language,japanese-1,solution,manual_review,identity_unverifiable,confirmed,official_catalog_and_pdf,not_imported,,https://wdown.ebsi.co.kr/W61001/01exam/201410073/d8T408Oh_h3_2nd_ja1_hsj.pdf
2014,3,10,school_mock,second_language,russian-1,question,manual_review,identity_unverifiable,confirmed,official_catalog_and_pdf,not_imported,,https://wdown.ebsi.co.kr/W61001/01exam/201410073/c0y82gv5_h3_2nd_ru1_mun.pdf
2014,3,10,school_mock,second_language,russian-1,solution,manual_review,identity_unverifiable,confirmed,official_catalog_and_pdf,not_imported,,https://wdown.ebsi.co.kr/W61001/01exam/201410073/Gmz8Phg8_h3_2nd_ru1_hsj.pdf
2014,3,10,school_mock,second_language,spanish-1,question,manual_review,identity_unverifiable,confirmed,official_catalog_and_pdf,not_imported,,https://wdown.ebsi.co.kr/W61001/01exam/201410073/VMb5UWgP_h3_2nd_sp1_mun.pdf
2014,3,10,school_mock,second_language,spanish-1,solution,manual_review,identity_unverifiable,confirmed,official_catalog_and_pdf,not_imported,,https://wdown.ebsi.co.kr/W61001/01exam/201410073/1A83xiDd_h3_2nd_sp1_hsj.pdf
2014,3,11,csat,korean,korean-a,question,manual_review,identity_unverifiable,confirmed,official_catalog_and_pdf,not_imported,,https://wdown.ebsi.co.kr/W61001/01exam/201411133/Vc5gm6qv_h3_kora1_mun.pdf
2014,3,11,csat,korean,korean-a,solution,manual_review,identity_unverifiable,confirmed,official_catalog_and_pdf,not_imported,,https://wdown.ebsi.co.kr/W61001/01exam/201411133/NDa2lD4P_h3_kora1_hsj.pdf
2014,3,11,csat,korean,korean-b,question,manual_review,identity_unverifiable,confirmed,official_catalog_and_pdf,not_imported,,https://wdown.ebsi.co.kr/W61001/01exam/201411133/F53xqSHP_h3_korb1_mun.pdf
2014,3,11,csat,korean,korean-b,solution,manual_review,identity_unverifiable,confirmed,official_catalog_and_pdf,not_imported,,https://wdown.ebsi.co.kr/W61001/01exam/201411133/GiqgqGMF_h3_korb1_hsj_1.pdf
2014,3,11,csat,math,math-a,question,manual_review,identity_unverifiable,confirmed,official_catalog_and_pdf,not_imported,,https://wdown.ebsi.co.kr/W61001/01exam/201411133/nXGThLvY_h3_matha1_mun.pdf
2014,3,11,csat,math,math-a,solution,manual_review,identity_unverifiable,confirmed,official_catalog_and_pdf,not_imported,,https://wdown.ebsi.co.kr/W61001/01exam/201411133/E4G6A5ISB_h3_matha1_hsj.pdf
2014,3,11,csat,math,math-b,question,manual_review,identity_unverifiable,confirmed,official_catalog_and_pdf,not_imported,,https://wdown.ebsi.co.kr/W61001/01exam/201411133/woRRMcA9_h3_mathb1_mun.pdf
2014,3,11,csat,math,math-b,solution,manual_review,identity_unverifiable,confirmed,official_catalog_and_pdf,not_imported,,https://wdown.ebsi.co.kr/W61001/01exam/201411133/Nl9lSPsr_h3_mathb1_hs_1.pdf
2014,3,11,csat,english,,question,manual_review,identity_unverifiable,confirmed,official_catalog_and_pdf,not_imported,,https://wdown.ebsi.co.kr/W61001/01exam/201411133/xPx83BcT_h3_enga1_mun.pdf
2014,3,11,csat,english,,solution,manual_review,identity_unverifiable,confirmed,official_catalog_and_pdf,not_imported,,https://wdown.ebsi.co.kr/W61001/01exam/201411133/JKsEbUM5_h3_enga1_hsj_2.pdf
2014,3,11,csat,history,,question,manual_review,identity_unverifiable,confirmed,official_catalog_and_pdf,not_imported,,https://wdown.ebsi.co.kr/W61001/01exam/201411133/LktrLEzd_h3_s_his_mun.pdf
2014,3,11,csat,history,,solution,manual_review,identity_unverifiable,confirmed,official_catalog_and_pdf,not_imported,,https://wdown.ebsi.co.kr/W61001/01exam/201411133/5QKLWXGV_h3_s_his_hsj.pdf
2014,3,11,csat,social,east-asian-history,question,manual_review,identity_unverifiable,confirmed,official_catalog_and_pdf,not_imported,,https://wdown.ebsi.co.kr/W61001/01exam/201411133/VrEIlOAP_h3_s_easta_mun.pdf
2014,3,11,csat,social,east-asian-history,solution,manual_review,identity_unverifiable,confirmed,official_catalog_and_pdf,not_imported,,https://wdown.ebsi.co.kr/W61001/01exam/201411133/8keTBEbE_h3_s_easta_hsj.pdf
2014,3,11,csat,social,economics,question,manual_review,identity_unverifiable,confirmed,official_catalog_and_pdf,not_imported,,https://wdown.ebsi.co.kr/W61001/01exam/201411133/UzgsS783_h3_s_eco_mun.pdf
2014,3,11,csat,social,economics,solution,manual_review,identity_unverifiable,confirmed,official_catalog_and_pdf,not_imported,,https://wdown.ebsi.co.kr/W61001/01exam/201411133/6kAX6Irb_h3_s_eco_hsj.pdf
2014,3,11,csat,social,ethics-and-thought,question,manual_review,identity_unverifiable,confirmed,official_catalog_and_pdf,not_imported,,https://wdown.ebsi.co.kr/W61001/01exam/201411133/pf6dKy43_h3_s_yrnss_mun.pdf
2014,3,11,csat,social,ethics-and-thought,solution,manual_review,identity_unverifiable,confirmed,official_catalog_and_pdf,not_imported,,https://wdown.ebsi.co.kr/W61001/01exam/201411133/DCOTSt39_h3_s_yrnss_hsj.pdf
2014,3,11,csat,social,korean-geography,question,manual_review,identity_unverifiable,confirmed,official_catalog_and_pdf,not_imported,,https://wdown.ebsi.co.kr/W61001/01exam/201411133/VreImjVT_h3_s_hanji_mun.pdf
2014,3,11,csat,social,korean-geography,solution,manual_review,identity_unverifiable,confirmed,official_catalog_and_pdf,not_imported,,https://wdown.ebsi.co.kr/W61001/01exam/201411133/4IUHOr0G_h3_s_hanji_hsj_2.pdf
2014,3,11,csat,social,life-and-ethics-general,question,manual_review,identity_unverifiable,confirmed,official_catalog_and_pdf,not_imported,,https://wdown.ebsi.co.kr/W61001/01exam/201411133/l8v505vy_h3_s_ssnyr_mun.pdf
2014,3,11,csat,social,life-and-ethics-general,solution,manual_review,identity_unverifiable,confirmed,official_catalog_and_pdf,not_imported,,https://wdown.ebsi.co.kr/W61001/01exam/201411133/QEwGlyrg_h3_s_ssnyr_hsj.pdf
2014,3,11,csat,social,politics-and-law,question,manual_review,identity_unverifiable,confirmed,official_catalog_and_pdf,not_imported,,https://wdown.ebsi.co.kr/W61001/01exam/201411133/0gmkLGeq_h3_s_bnj_mun.pdf
2014,3,11,csat,social,politics-and-law,solution,manual_review,identity_unverifiable,confirmed,official_catalog_and_pdf,not_imported,,https://wdown.ebsi.co.kr/W61001/01exam/201411133/Jy8JZYPf_h3_s_bnj_hsj_2.pdf
2014,3,11,csat,social,social-culture,question,manual_review,identity_unverifiable,confirmed,official_catalog_and_pdf,not_imported,,https://wdown.ebsi.co.kr/W61001/01exam/201411133/h1VqQdoA_h3_s_samun_mun.pdf
2014,3,11,csat,social,social-culture,solution,manual_review,identity_unverifiable,confirmed,official_catalog_and_pdf,not_imported,,https://wdown.ebsi.co.kr/W61001/01exam/201411133/nRtU4RFu_h3_s_samun_hsj.pdf
2014,3,11,csat,social,world-geography,question,manual_review,identity_unverifiable,confirmed,official_catalog_and_pdf,not_imported,,https://wdown.ebsi.co.kr/W61001/01exam/201411133/tgBQZfv4_h3_s_saeji_mun.pdf
2014,3,11,csat,social,world-geography,solution,manual_review,identity_unverifiable,confirmed,official_catalog_and_pdf,not_imported,,https://wdown.ebsi.co.kr/W61001/01exam/201411133/jl4OsXYs_h3_s_saeji_hsj_1.pdf
2014,3,11,csat,social,world-history,question,manual_review,identity_unverifiable,confirmed,official_catalog_and_pdf,not_imported,,https://wdown.ebsi.co.kr/W61001/01exam/201411133/Xnp7lzFL_h3_s_sks_mun.pdf
2014,3,11,csat,social,world-history,solution,manual_review,identity_unverifiable,confirmed,official_catalog_and_pdf,not_imported,,https://wdown.ebsi.co.kr/W61001/01exam/201411133/zWhOuUaJ_h3_s_sks_hsj.pdf
2014,3,11,csat,science,chemistry-1,question,manual_review,identity_unverifiable,confirmed,official_catalog_and_pdf,not_imported,,https://wdown.ebsi.co.kr/W61001/01exam/201411133/FY1R1ybS_h3_g_che1_mun.pdf
2014,3,11,csat,science,chemistry-1,solution,manual_review,identity_unverifiable,confirmed,official_catalog_and_pdf,not_imported,,https://wdown.ebsi.co.kr/W61001/01exam/201411133/Fz6Tt6Zp_h3_g_che1_hsj.pdf
2014,3,11,csat,science,chemistry-2,question,manual_review,identity_unverifiable,confirmed,official_catalog_and_pdf,not_imported,,https://wdown.ebsi.co.kr/W61001/01exam/201411133/ykxwFLnD_h3_g_che2_mun.pdf
2014,3,11,csat,science,chemistry-2,solution,manual_review,identity_unverifiable,confirmed,official_catalog_and_pdf,not_imported,,https://wdown.ebsi.co.kr/W61001/01exam/201411133/FgkASNpl_h3_g_che2_hsj.pdf
2014,3,11,csat,science,earth-science-1,question,manual_review,identity_unverifiable,confirmed,official_catalog_and_pdf,not_imported,,https://wdown.ebsi.co.kr/W61001/01exam/201411133/G0DpWhkR_h3_g_ear1_mun.pdf
2014,3,11,csat,science,earth-science-1,solution,manual_review,identity_unverifiable,confirmed,official_catalog_and_pdf,not_imported,,https://wdown.ebsi.co.kr/W61001/01exam/201411133/r6gz1Lz7_h3_g_ear1_hsj.pdf
2014,3,11,csat,science,earth-science-2,question,manual_review,identity_unverifiable,confirmed,official_catalog_and_pdf,not_imported,,https://wdown.ebsi.co.kr/W61001/01exam/201411133/ccDoXlFg_h3_g_ear2_mun.pdf
2014,3,11,csat,science,earth-science-2,solution,manual_review,identity_unverifiable,confirmed,official_catalog_and_pdf,not_imported,,https://wdown.ebsi.co.kr/W61001/01exam/201411133/bIAMNZFl_h3_g_ear2_hsj.pdf
2014,3,11,csat,science,life-science-1,question,manual_review,identity_unverifiable,confirmed,official_catalog_and_pdf,not_imported,,https://wdown.ebsi.co.kr/W61001/01exam/201411133/Kci4xxtR_h3_g_bio1_mun.pdf
2014,3,11,csat,science,life-science-1,solution,manual_review,identity_unverifiable,confirmed,official_catalog_and_pdf,not_imported,,https://wdown.ebsi.co.kr/W61001/01exam/201411133/XX8jvJvX_h3_g_bio1_hsj_1.pdf
2014,3,11,csat,science,life-science-2,question,manual_review,identity_unverifiable,confirmed,official_catalog_and_pdf,not_imported,,https://wdown.ebsi.co.kr/W61001/01exam/201411133/qtFpsTfQ_h3_g_bio2_mun.pdf
2014,3,11,csat,science,life-science-2,solution,manual_review,identity_unverifiable,confirmed,official_catalog_and_pdf,not_imported,,https://wdown.ebsi.co.kr/W61001/01exam/201411133/KOWO4fxU_h3_g_bio2_hsj_1.pdf
2014,3,11,csat,science,physics-1,question,manual_review,identity_unverifiable,confirmed,official_catalog_and_pdf,not_imported,,https://wdown.ebsi.co.kr/W61001/01exam/201411133/iP3ih1oV_h3_g_phy1_mun.pdf
2014,3,11,csat,science,physics-1,solution,manual_review,identity_unverifiable,confirmed,official_catalog_and_pdf,not_imported,,https://wdown.ebsi.co.kr/W61001/01exam/201411133/xYi2zQzG_h3_g_phy1_hsj.pdf
2014,3,11,csat,science,physics-2,question,manual_review,identity_unverifiable,confirmed,official_catalog_and_pdf,not_imported,,https://wdown.ebsi.co.kr/W61001/01exam/201411133/zfYJlTFD_h3_g_phy2_mun.pdf
2014,3,11,csat,science,physics-2,solution,manual_review,identity_unverifiable,confirmed,official_catalog_and_pdf,not_imported,,https://wdown.ebsi.co.kr/W61001/01exam/201411133/NXSqVdus_h3_g_phy2_hsj.pdf
2014,3,11,csat,vocational,agriculture-bio-industry,question,manual_review,identity_unverifiable,confirmed,official_catalog_and_pdf,not_imported,,https://wdown.ebsi.co.kr/W61001/01exam/201411133/H78TI2vG_h3_J_nsmsup_mun.pdf
2014,3,11,csat,vocational,agriculture-bio-industry,solution,manual_review,identity_unverifiable,confirmed,official_catalog_and_pdf,not_imported,,https://wdown.ebsi.co.kr/W61001/01exam/201411133/J2IKkVmk_h3_J_nsmsup_hsj.pdf
2014,3,11,csat,vocational,commerce-information,question,manual_review,identity_unverifiable,confirmed,official_catalog_and_pdf,not_imported,,https://wdown.ebsi.co.kr/W61001/01exam/201411133/PUR4UV6r_h3_J_supjb_mun.pdf
2014,3,11,csat,vocational,commerce-information,solution,manual_review,identity_unverifiable,confirmed,official_catalog_and_pdf,not_imported,,https://wdown.ebsi.co.kr/W61001/01exam/201411133/jchLlG0J_h3_J_supjb_hsj.pdf
2014,3,11,csat,vocational,fisheries-shipping,question,manual_review,identity_unverifiable,confirmed,official_catalog_and_pdf,not_imported,,https://wdown.ebsi.co.kr/W61001/01exam/201411133/adWd7Kki_h3_J_ssnhw_mun.pdf
2014,3,11,csat,vocational,fisheries-shipping,solution,manual_review,identity_unverifiable,confirmed,official_catalog_and_pdf,not_imported,,https://wdown.ebsi.co.kr/W61001/01exam/201411133/82H6hm0a_h3_J_ssnhw_hsj.pdf
2014,3,11,csat,vocational,home-economics-industry,question,manual_review,identity_unverifiable,confirmed,official_catalog_and_pdf,not_imported,,https://wdown.ebsi.co.kr/W61001/01exam/201411133/3Q8qeRny_h3_J_gsnsup_mun.pdf
2014,3,11,csat,vocational,home-economics-industry,solution,manual_review,identity_unverifiable,confirmed,official_catalog_and_pdf,not_imported,,https://wdown.ebsi.co.kr/W61001/01exam/201411133/c0xJK5Ou_h3_J_gsnsup_hsj.pdf
2014,3,11,csat,vocational,industry,question,manual_review,identity_unverifiable,confirmed,official_catalog_and_pdf,not_imported,,https://wdown.ebsi.co.kr/W61001/01exam/201411133/Lb8bAyjS_h3_J_gup_mun.pdf
2014,3,11,csat,vocational,industry,solution,manual_review,identity_unverifiable,confirmed,official_catalog_and_pdf,not_imported,,https://wdown.ebsi.co.kr/W61001/01exam/201411133/y6aC26VM_h3_J_gup_hsj.pdf
2014,3,11,csat,second_language,arabic-1,question,manual_review,identity_unverifiable,confirmed,official_catalog_and_pdf,not_imported,,https://wdown.ebsi.co.kr/W61001/01exam/201411133/8z2etaV4_h3_2nd_ar1_mun.pdf
2014,3,11,csat,second_language,arabic-1,solution,manual_review,identity_unverifiable,confirmed,official_catalog_and_pdf,not_imported,,https://wdown.ebsi.co.kr/W61001/01exam/201411133/ThYxtUOw_h3_2nd_ar1_hsj.pdf
2014,3,11,csat,second_language,chinese-1,question,manual_review,identity_unverifiable,confirmed,official_catalog_and_pdf,not_imported,,https://wdown.ebsi.co.kr/W61001/01exam/201411133/27yqY2uL_h3_2nd_ch1_mun.pdf
2014,3,11,csat,second_language,chinese-1,solution,manual_review,identity_unverifiable,confirmed,official_catalog_and_pdf,not_imported,,https://wdown.ebsi.co.kr/W61001/01exam/201411133/Oe5OW7n1_h3_2nd_ch1_hsj.pdf
2014,3,11,csat,second_language,classical-chinese-1,question,manual_review,identity_unverifiable,confirmed,official_catalog_and_pdf,not_imported,,https://wdown.ebsi.co.kr/W61001/01exam/201411133/aZjPg3qQ_h3_2nd_han_mun.pdf
2014,3,11,csat,second_language,classical-chinese-1,solution,manual_review,identity_unverifiable,confirmed,official_catalog_and_pdf,not_imported,,https://wdown.ebsi.co.kr/W61001/01exam/201411133/WfqvaHUh_h3_2nd_han_hsj.pdf
2014,3,11,csat,second_language,french-1,question,manual_review,identity_unverifiable,confirmed,official_catalog_and_pdf,not_imported,,https://wdown.ebsi.co.kr/W61001/01exam/201411133/tt5Imwix_h3_2nd_fr1_mun.pdf
2014,3,11,csat,second_language,french-1,solution,manual_review,identity_unverifiable,confirmed,official_catalog_and_pdf,not_imported,,https://wdown.ebsi.co.kr/W61001/01exam/201411133/DHstgNog_h3_2nd_fr1_hsj.pdf
2014,3,11,csat,second_language,german-1,question,manual_review,identity_unverifiable,confirmed,official_catalog_and_pdf,not_imported,,https://wdown.ebsi.co.kr/W61001/01exam/201411133/LIDAs3zz_h3_2nd_gr1_mun.pdf
2014,3,11,csat,second_language,german-1,solution,manual_review,identity_unverifiable,confirmed,official_catalog_and_pdf,not_imported,,https://wdown.ebsi.co.kr/W61001/01exam/201411133/7Y2m8DlK_h3_2nd_gr1_hsj.pdf
2014,3,11,csat,second_language,japanese-1,question,manual_review,identity_unverifiable,confirmed,official_catalog_and_pdf,not_imported,,https://wdown.ebsi.co.kr/W61001/01exam/201411133/UeHStryx_h3_2nd_ja1_mun.pdf
2014,3,11,csat,second_language,japanese-1,solution,manual_review,identity_unverifiable,confirmed,official_catalog_and_pdf,not_imported,,https://wdown.ebsi.co.kr/W61001/01exam/201411133/F5Bwhpdf_h3_2nd_ja1_hsj.pdf
2014,3,11,csat,second_language,russian-1,question,manual_review,identity_unverifiable,confirmed,official_catalog_and_pdf,not_imported,,https://wdown.ebsi.co.kr/W61001/01exam/201411133/S4MVIGcC_h3_2nd_ru1_mun.pdf
2014,3,11,csat,second_language,russian-1,solution,manual_review,identity_unverifiable,confirmed,official_catalog_and_pdf,not_imported,,https://wdown.ebsi.co.kr/W61001/01exam/201411133/Gc8X3gjv_h3_2nd_ru1_hsj.pdf
2014,3,11,csat,second_language,spanish-1,question,manual_review,identity_unverifiable,confirmed,official_catalog_and_pdf,not_imported,,https://wdown.ebsi.co.kr/W61001/01exam/201411133/5Or55JP7_h3_2nd_sp1_mun.pdf
2014,3,11,csat,second_language,spanish-1,solution,manual_review,identity_unverifiable,confirmed,official_catalog_and_pdf,not_imported,,https://wdown.ebsi.co.kr/W61001/01exam/201411133/IOFUHopH_h3_2nd_sp1_hsj.pdf
2014,3,11,csat,second_language,vietnamese-1,question,manual_review,identity_unverifiable,confirmed,official_catalog_and_pdf,not_imported,,https://wdown.ebsi.co.kr/W61001/01exam/201411133/C2hB4dpz_h3_2nd_vit_mun.pdf
2014,3,11,csat,second_language,vietnamese-1,solution,manual_review,identity_unverifiable,confirmed,official_catalog_and_pdf,not_imported,,https://wdown.ebsi.co.kr/W61001/01exam/201411133/vvKINiyJ_h3_2nd_vit_hsj.pdf
