year,grade,month,exam_type,subject,course_code,file_type,status,reason,count_as_expected,expected_basis,db_status,public_file_id,official_url
2015,1,3,school_mock,korean,,question,manual_review,verified_pending_import,confirmed,official_catalog_and_pdf,not_imported,,https://wdown.ebsi.co.kr/W61001/01exam/20150311/go1/nqqKgWRj_h1_kor_mun.pdf
2015,1,3,school_mock,korean,,solution,manual_review,verified_pending_import,confirmed,official_catalog_and_pdf,not_imported,,https://wdown.ebsi.co.kr/W61001/01exam/20150311/go1/fXr6nbb3_h1_kor_hsj.pdf
2015,1,3,school_mock,math,,question,manual_review,verified_pending_import,confirmed,official_catalog_and_pdf,not_imported,,https://wdown.ebsi.co.kr/W61001/01exam/20150311/go1/MOsvGhcI_h1_math_mun.pdf
2015,1,3,school_mock,math,,solution,manual_review,verified_pending_import,confirmed,official_catalog_and_pdf,not_imported,,https://wdown.ebsi.co.kr/W61001/01exam/20150311/go1/SPim9Oci_h1_math_hsj_2.pdf
2015,1,3,school_mock,english,,question,manual_review,verified_pending_import,confirmed,official_catalog_and_pdf,not_imported,,https://wdown.ebsi.co.kr/W61001/01exam/20150311/go1/PXkmCJiL_h1_eng_mun.pdf
2015,1,3,school_mock,english,,solution,manual_review,verified_pending_import,confirmed,official_catalog_and_pdf,not_imported,,https://wdown.ebsi.co.kr/W61001/01exam/20150311/go1/Pv00J6gX_h1_eng_hsj.pdf
2015,1,3,school_mock,history,,question,manual_review,verified_pending_import,confirmed,official_catalog_and_pdf,not_imported,,https://wdown.ebsi.co.kr/W61001/01exam/20150311/go1/2XdoYfYo_h1_s_his_mun.pdf
2015,1,3,school_mock,history,,solution,manual_review,verified_pending_import,confirmed,official_catalog_and_pdf,not_imported,,https://wdown.ebsi.co.kr/W61001/01exam/20150311/go1/iB5ANH2c_h1_s_his_hsj.pdf
2015,1,3,school_mock,social,social-science-studies,question,manual_review,verified_pending_import,confirmed,official_catalog_and_pdf,not_imported,,https://wdown.ebsi.co.kr/W61001/01exam/20150311/go1/v0aGltFB_h1_s_ssnyr_mun.pdf
2015,1,3,school_mock,social,social-science-studies,solution,manual_review,verified_pending_import,confirmed,official_catalog_and_pdf,not_imported,,https://wdown.ebsi.co.kr/W61001/01exam/20150311/go1/NlJbSorx_h1_s_ssnyr_hsj.pdf
2015,1,6,school_mock,korean,,question,manual_review,verified_pending_import,confirmed,official_catalog_and_pdf,not_imported,,https://wdown.ebsi.co.kr/W61001/01exam/20150604/go1/Iv6Eybqf_h1_kor_mun.pdf
2015,1,6,school_mock,korean,,solution,manual_review,verified_pending_import,confirmed,official_catalog_and_pdf,not_imported,,https://wdown.ebsi.co.kr/W61001/01exam/20150604/go1/Aj81EYtN_h1_kor_hsj.pdf
2015,1,6,school_mock,math,,question,manual_review,verified_pending_import,confirmed,official_catalog_and_pdf,not_imported,,https://wdown.ebsi.co.kr/W61001/01exam/20150604/go1/r3mbfJ8V_h1_math_mun.pdf
2015,1,6,school_mock,math,,solution,manual_review,verified_pending_import,confirmed,official_catalog_and_pdf,not_imported,,https://wdown.ebsi.co.kr/W61001/01exam/20150604/go1/rRQvXlao_h1_math_hsj_1.pdf
2015,1,6,school_mock,english,,question,manual_review,verified_pending_import,confirmed,official_catalog_and_pdf,not_imported,,https://wdown.ebsi.co.kr/W61001/01exam/20150604/go1/BBBVhyem_h1_eng_mun.pdf
2015,1,6,school_mock,english,,solution,manual_review,verified_pending_import,confirmed,official_catalog_and_pdf,not_imported,,https://wdown.ebsi.co.kr/W61001/01exam/20150604/go1/tKarvzr0_h1_eng_hsj.pdf
2015,1,6,school_mock,history,,question,manual_review,verified_pending_import,confirmed,official_catalog_and_pdf,not_imported,,https://wdown.ebsi.co.kr/W61001/01exam/20150604/go1/idnGiAw8_h1_s_his_mun.pdf
2015,1,6,school_mock,history,,solution,manual_review,verified_pending_import,confirmed,official_catalog_and_pdf,not_imported,,https://wdown.ebsi.co.kr/W61001/01exam/20150604/go1/HQEUEiff_h1_s_his_hsj.pdf
2015,1,6,school_mock,social,general-social,question,manual_review,verified_pending_import,confirmed,official_catalog_and_pdf,not_imported,,https://wdown.ebsi.co.kr/W61001/01exam/20150604/go1/7hpJm8Ot_h1_s_soc_mun.pdf
2015,1,6,school_mock,social,general-social,solution,manual_review,verified_pending_import,confirmed,official_catalog_and_pdf,not_imported,,https://wdown.ebsi.co.kr/W61001/01exam/20150604/go1/prR0E6fa_h1_s_soc_hsj.pdf
2015,1,6,school_mock,social,geography-general,question,manual_review,verified_pending_import,confirmed,official_catalog_and_pdf,not_imported,,https://wdown.ebsi.co.kr/W61001/01exam/20150604/go1/1JOMyQlm_h1_s_hanji_mun.pdf
2015,1,6,school_mock,social,geography-general,solution,manual_review,verified_pending_import,confirmed,official_catalog_and_pdf,not_imported,,https://wdown.ebsi.co.kr/W61001/01exam/20150604/go1/LFQG101s_h1_s_hanji_hsj.pdf
2015,1,6,school_mock,social,morality,question,manual_review,verified_pending_import,confirmed,official_catalog_and_pdf,not_imported,,https://wdown.ebsi.co.kr/W61001/01exam/20150604/go1/C8aH5qRF_h1_s_ssnyr_mun.pdf
2015,1,6,school_mock,social,morality,solution,manual_review,verified_pending_import,confirmed,official_catalog_and_pdf,not_imported,,https://wdown.ebsi.co.kr/W61001/01exam/20150604/go1/apNuT1FM_h1_s_ssnyr_hsj.pdf
2015,1,6,school_mock,science,chemistry-general,question,manual_review,verified_pending_import,confirmed,official_catalog_and_pdf,not_imported,,https://wdown.ebsi.co.kr/W61001/01exam/20150604/go1/63Bma4RC_h1_g_che1_mun.pdf
2015,1,6,school_mock,science,chemistry-general,solution,manual_review,verified_pending_import,confirmed,official_catalog_and_pdf,not_imported,,https://wdown.ebsi.co.kr/W61001/01exam/20150604/go1/IlWrdFOS_h1_g_che1_hsj.pdf
2015,1,6,school_mock,science,earth-science-general,question,manual_review,verified_pending_import,confirmed,official_catalog_and_pdf,not_imported,,https://wdown.ebsi.co.kr/W61001/01exam/20150604/go1/7P6umLrX_h1_g_ear1_mun.pdf
2015,1,6,school_mock,science,earth-science-general,solution,manual_review,verified_pending_import,confirmed,official_catalog_and_pdf,not_imported,,https://wdown.ebsi.co.kr/W61001/01exam/20150604/go1/Wq0GPlrw_h1_g_ear1_hsj.pdf
2015,1,6,school_mock,science,life-science-general,question,manual_review,verified_pending_import,confirmed,official_catalog_and_pdf,not_imported,,https://wdown.ebsi.co.kr/W61001/01exam/20150604/go1/PUPeKljq_h1_g_bio1_mun.pdf
2015,1,6,school_mock,science,life-science-general,solution,manual_review,verified_pending_import,confirmed,official_catalog_and_pdf,not_imported,,https://wdown.ebsi.co.kr/W61001/01exam/20150604/go1/65Rn8P5o_h1_g_bio1_hsj.pdf
2015,1,6,school_mock,science,physics-general,question,manual_review,verified_pending_import,confirmed,official_catalog_and_pdf,not_imported,,https://wdown.ebsi.co.kr/W61001/01exam/20150604/go1/jvM9KfYD_h1_g_phy1_mun.pdf
2015,1,6,school_mock,science,physics-general,solution,manual_review,verified_pending_import,confirmed,official_catalog_and_pdf,not_imported,,https://wdown.ebsi.co.kr/W61001/01exam/20150604/go1/ovvQ0Puz_h1_g_phy1_hsj.pdf
2015,1,9,school_mock,korean,,question,manual_review,verified_pending_import,confirmed,official_catalog_and_pdf,not_imported,,https://wdown.ebsi.co.kr/W61001/01exam/20150902/go1/Iv6EDbqf_h1_kor_mun.pdf
2015,1,9,school_mock,korean,,solution,manual_review,verified_pending_import,confirmed,official_catalog_and_pdf,not_imported,,https://wdown.ebsi.co.kr/W61001/01exam/20150902/go1/jj82EDtN_h1_kor_hsj.pdf
2015,1,9,school_mock,math,,question,manual_review,verified_pending_import,confirmed,official_catalog_and_pdf,not_imported,,https://wdown.ebsi.co.kr/W61001/01exam/20150902/go1/tWmbfJ8V_h1_math_mun.pdf
2015,1,9,school_mock,math,,solution,manual_review,verified_pending_import,confirmed,official_catalog_and_pdf,not_imported,,https://wdown.ebsi.co.kr/W61001/01exam/20150902/go1/ttQvXljX_h1_math_hsj.pdf
2015,1,9,school_mock,english,,question,manual_review,verified_pending_import,confirmed,official_catalog_and_pdf,not_imported,,https://wdown.ebsi.co.kr/W61001/01exam/20150902/go1/BBBVhDem_h1_eng_mun.pdf
2015,1,9,school_mock,english,,solution,manual_review,verified_pending_import,confirmed,official_catalog_and_pdf,not_imported,,https://wdown.ebsi.co.kr/W61001/01exam/20150902/go1/tKjtvzt0_h1_eng_hsj.pdf
2015,1,9,school_mock,history,,question,manual_review,verified_pending_import,confirmed,official_catalog_and_pdf,not_imported,,https://wdown.ebsi.co.kr/W61001/01exam/20150902/go1/1idnGijw8_h1_s_his_mun.pdf
2015,1,9,school_mock,history,,solution,manual_review,verified_pending_import,confirmed,official_catalog_and_pdf,not_imported,,https://wdown.ebsi.co.kr/W61001/01exam/20150902/go1/1HQEUEiff_h1_s_his_hsj.pdf
2015,1,9,school_mock,social,general-social,question,manual_review,verified_pending_import,confirmed,official_catalog_and_pdf,not_imported,,https://wdown.ebsi.co.kr/W61001/01exam/20150902/go1/17hpJm8Xt_h1_s_soc_mun.pdf
2015,1,9,school_mock,social,general-social,solution,manual_review,verified_pending_import,confirmed,official_catalog_and_pdf,not_imported,,https://wdown.ebsi.co.kr/W61001/01exam/20150902/go1/1ptt0E6fj_h1_s_soc_hsj.pdf
2015,1,9,school_mock,social,geography-general,question,manual_review,verified_pending_import,confirmed,official_catalog_and_pdf,not_imported,,https://wdown.ebsi.co.kr/W61001/01exam/20150902/go1/12JXMDQlm_h1_s_hanji_mun.pdf
2015,1,9,school_mock,social,geography-general,solution,manual_review,verified_pending_import,confirmed,official_catalog_and_pdf,not_imported,,https://wdown.ebsi.co.kr/W61001/01exam/20150902/go1/1LFQG202s_h1_s_hanji_hsj.pdf
2015,1,9,school_mock,social,morality,question,manual_review,verified_pending_import,confirmed,official_catalog_and_pdf,not_imported,,https://wdown.ebsi.co.kr/W61001/01exam/20150902/go1/1C8jH5qtF_h1_s_ssnyr_mun.pdf
2015,1,9,school_mock,social,morality,solution,manual_review,verified_pending_import,confirmed,official_catalog_and_pdf,not_imported,,https://wdown.ebsi.co.kr/W61001/01exam/20150902/go1/1jpNuT2FM_h1_s_ssnyr_hsj.pdf
2015,1,9,school_mock,science,chemistry-general,question,manual_review,verified_pending_import,confirmed,official_catalog_and_pdf,not_imported,,https://wdown.ebsi.co.kr/W61001/01exam/20150902/go1/16WBmj4tC_h1_g_che1_mun.pdf
2015,1,9,school_mock,science,chemistry-general,solution,manual_review,verified_pending_import,confirmed,official_catalog_and_pdf,not_imported,,https://wdown.ebsi.co.kr/W61001/01exam/20150902/go1/1IlWtdFXS_h1_g_che1_hsj.pdf
2015,1,9,school_mock,science,earth-science-general,question,manual_review,verified_pending_import,confirmed,official_catalog_and_pdf,not_imported,,https://wdown.ebsi.co.kr/W61001/01exam/20150902/go1/17P6umLtX_h1_g_ear1_mun.pdf
2015,1,9,school_mock,science,earth-science-general,solution,manual_review,verified_pending_import,confirmed,official_catalog_and_pdf,not_imported,,https://wdown.ebsi.co.kr/W61001/01exam/20150902/go1/1Wq0GPltw_h1_g_ear1_hsj.pdf
2015,1,9,school_mock,science,life-science-general,question,manual_review,verified_pending_import,confirmed,official_catalog_and_pdf,not_imported,,https://wdown.ebsi.co.kr/W61001/01exam/20150902/go1/1PUPeKljq_h1_g_bio1_mun.pdf
2015,1,9,school_mock,science,life-science-general,solution,manual_review,verified_pending_import,confirmed,official_catalog_and_pdf,not_imported,,https://wdown.ebsi.co.kr/W61001/01exam/20150902/go1/165tn8P5X_h1_g_bio1_hsj.pdf
2015,1,9,school_mock,science,physics-general,question,manual_review,verified_pending_import,confirmed,official_catalog_and_pdf,not_imported,,https://wdown.ebsi.co.kr/W61001/01exam/20150902/go1/1jvM9KfDD_h1_g_phy1_mun.pdf
2015,1,9,school_mock,science,physics-general,solution,manual_review,verified_pending_import,confirmed,official_catalog_and_pdf,not_imported,,https://wdown.ebsi.co.kr/W61001/01exam/20150902/go1/1XvvQ0Puz_h1_g_phy1_hsj.pdf
2015,1,11,school_mock,korean,,question,manual_review,verified_pending_import,confirmed,official_catalog_and_pdf,not_imported,,https://wdown.ebsi.co.kr/W61001/01exam/20151117/go1/R9Odutox_kor_mun.pdf
2015,1,11,school_mock,korean,,solution,manual_review,verified_pending_import,confirmed,official_catalog_and_pdf,not_imported,,https://wdown.ebsi.co.kr/W61001/01exam/20151117/go1/7nyeKzGZ_kor_jdj.pdf
2015,1,11,school_mock,math,,question,manual_review,verified_pending_import,confirmed,official_catalog_and_pdf,not_imported,,https://wdown.ebsi.co.kr/W61001/01exam/20151117/go1/uNY1SWoB_math_mun.pdf
2015,1,11,school_mock,math,,solution,manual_review,verified_pending_import,confirmed,official_catalog_and_pdf,not_imported,,https://wdown.ebsi.co.kr/W61001/01exam/20151117/go1/DyseVwrb_math_jdj.pdf
2015,1,11,school_mock,english,,question,manual_review,verified_pending_import,confirmed,official_catalog_and_pdf,not_imported,,https://wdown.ebsi.co.kr/W61001/01exam/20151117/go1/lZz02H67_eng_mun.pdf
2015,1,11,school_mock,english,,solution,manual_review,verified_pending_import,confirmed,official_catalog_and_pdf,not_imported,,https://wdown.ebsi.co.kr/W61001/01exam/20151117/go1/yRLVbNDN_eng_jdj.pdf
2015,1,11,school_mock,history,,question,manual_review,verified_pending_import,confirmed,official_catalog_and_pdf,not_imported,,https://wdown.ebsi.co.kr/W61001/01exam/20151117/go1/FnwpGR88_s_his_mun.pdf
2015,1,11,school_mock,history,,solution,manual_review,verified_pending_import,confirmed,official_catalog_and_pdf,not_imported,,https://wdown.ebsi.co.kr/W61001/01exam/20151117/go1/1Np7vXee_s_his_hsj.pdf
2015,1,11,school_mock,social,general-social,question,manual_review,verified_pending_import,confirmed,official_catalog_and_pdf,not_imported,,https://wdown.ebsi.co.kr/W61001/01exam/20151117/go1/pWd7KKQp_s_soc_mun.pdf
2015,1,11,school_mock,social,general-social,solution,manual_review,verified_pending_import,confirmed,official_catalog_and_pdf,not_imported,,https://wdown.ebsi.co.kr/W61001/01exam/20151117/go1/Qq5pneeF_s_soc_hsj.pdf
2015,1,11,school_mock,social,geography-general,question,manual_review,verified_pending_import,confirmed,official_catalog_and_pdf,not_imported,,https://wdown.ebsi.co.kr/W61001/01exam/20151117/go1/89QtpfTY_s_hanji_mun.pdf
2015,1,11,school_mock,social,geography-general,solution,manual_review,verified_pending_import,confirmed,official_catalog_and_pdf,not_imported,,https://wdown.ebsi.co.kr/W61001/01exam/20151117/go1/Sl1q4gto_s_hanji_hsj.pdf
2015,1,11,school_mock,social,morality,question,manual_review,verified_pending_import,confirmed,official_catalog_and_pdf,not_imported,,https://wdown.ebsi.co.kr/W61001/01exam/20151117/go1/4fDGCl9F_s_ssnyr_mun.pdf
2015,1,11,school_mock,social,morality,solution,manual_review,verified_pending_import,confirmed,official_catalog_and_pdf,not_imported,,https://wdown.ebsi.co.kr/W61001/01exam/20151117/go1/opYC98Bi_s_ssnyr_hsj.pdf
2015,1,11,school_mock,science,chemistry-general,question,manual_review,verified_pending_import,confirmed,official_catalog_and_pdf,not_imported,,https://wdown.ebsi.co.kr/W61001/01exam/20151117/go1/tJLtosJ3_g_che1_mun.pdf
2015,1,11,school_mock,science,chemistry-general,solution,manual_review,verified_pending_import,confirmed,official_catalog_and_pdf,not_imported,,https://wdown.ebsi.co.kr/W61001/01exam/20151117/go1/Ih7jtrSB_g_che1_hsj.pdf
2015,1,11,school_mock,science,earth-science-general,question,manual_review,verified_pending_import,confirmed,official_catalog_and_pdf,not_imported,,https://wdown.ebsi.co.kr/W61001/01exam/20151117/go1/0YKpDS7h_g_ear1_mun.pdf
2015,1,11,school_mock,science,earth-science-general,solution,manual_review,verified_pending_import,confirmed,official_catalog_and_pdf,not_imported,,https://wdown.ebsi.co.kr/W61001/01exam/20151117/go1/x27kBncc_g_ear1_hsj.pdf
2015,1,11,school_mock,science,life-science-general,question,manual_review,verified_pending_import,confirmed,official_catalog_and_pdf,not_imported,,https://wdown.ebsi.co.kr/W61001/01exam/20151117/go1/yh133tYw_g_bio1_mun.pdf
2015,1,11,school_mock,science,life-science-general,solution,manual_review,verified_pending_import,confirmed,official_catalog_and_pdf,not_imported,,https://wdown.ebsi.co.kr/W61001/01exam/20151117/go1/lib4g3Sv_g_bio1_hsj.pdf
2015,1,11,school_mock,science,physics-general,question,manual_review,verified_pending_import,confirmed,official_catalog_and_pdf,not_imported,,https://wdown.ebsi.co.kr/W61001/01exam/20151117/go1/UtLch9wP_g_phy1_mun.pdf
2015,1,11,school_mock,science,physics-general,solution,manual_review,verified_pending_import,confirmed,official_catalog_and_pdf,not_imported,,https://wdown.ebsi.co.kr/W61001/01exam/20151117/go1/iyAphwFu_g_phy1_hsj.pdf
2015,2,3,school_mock,korean,korean-a,question,manual_review,verified_pending_import,confirmed,official_catalog_and_pdf,not_imported,,https://wdown.ebsi.co.kr/W61001/01exam/20150311/go2/Uf65Y5Qc_h2_kora_mun.pdf
2015,2,3,school_mock,korean,korean-a,solution,manual_review,verified_pending_import,confirmed,official_catalog_and_pdf,not_imported,,https://wdown.ebsi.co.kr/W61001/01exam/20150311/go2/32om1joK_h2_kora_hsj.pdf
2015,2,3,school_mock,math,math-a,question,manual_review,verified_pending_import,confirmed,official_catalog_and_pdf,not_imported,,https://wdown.ebsi.co.kr/W61001/01exam/20150311/go2/c6pT0giS_h2_matha_mun.pdf
2015,2,3,school_mock,math,math-a,solution,manual_review,verified_pending_import,confirmed,official_catalog_and_pdf,not_imported,,https://wdown.ebsi.co.kr/W61001/01exam/20150311/go2/ftNtzsG0_h2_matha_hsj.pdf
2015,2,3,school_mock,math,math-b,question,manual_review,verified_pending_import,confirmed,official_catalog_and_pdf,not_imported,,https://wdown.ebsi.co.kr/W61001/01exam/20150311/go2/6vdGg1fD_h2_mathb_mun.pdf
2015,2,3,school_mock,math,math-b,solution,manual_review,verified_pending_import,confirmed,official_catalog_and_pdf,not_imported,,https://wdown.ebsi.co.kr/W61001/01exam/20150311/go2/c5DYge2Q_h2_mathb_hsj.pdf
2015,2,3,school_mock,english,,question,manual_review,verified_pending_import,confirmed,official_catalog_and_pdf,not_imported,,https://wdown.ebsi.co.kr/W61001/01exam/20150311/go2/w4hVJbrz_h2_enga_mun_3.pdf
2015,2,3,school_mock,english,,solution,manual_review,verified_pending_import,confirmed,official_catalog_and_pdf,not_imported,,https://wdown.ebsi.co.kr/W61001/01exam/20150311/go2/JrzF5ldf_h2_enga_hsj.pdf
2015,2,3,school_mock,history,,question,manual_review,verified_pending_import,confirmed,official_catalog_and_pdf,not_imported,,https://wdown.ebsi.co.kr/W61001/01exam/20150311/go2/ou2Vythh_h2_s_his_mun.pdf
2015,2,3,school_mock,history,,solution,manual_review,verified_pending_import,confirmed,official_catalog_and_pdf,not_imported,,https://wdown.ebsi.co.kr/W61001/01exam/20150311/go2/OjcdEc83_h2_s_his_hsj.pdf
2015,2,3,school_mock,social,east-asian-history,question,manual_review,verified_pending_import,confirmed,official_catalog_and_pdf,not_imported,,https://wdown.ebsi.co.kr/W61001/01exam/20150311/go2/EEi8TywM_h2_s_easta_mun.pdf
2015,2,3,school_mock,social,east-asian-history,solution,manual_review,verified_pending_import,confirmed,official_catalog_and_pdf,not_imported,,https://wdown.ebsi.co.kr/W61001/01exam/20150311/go2/fgZUr3Cr_h2_s_easta_hsj.pdf
2015,2,3,school_mock,social,economics,question,manual_review,verified_pending_import,confirmed,official_catalog_and_pdf,not_imported,,https://wdown.ebsi.co.kr/W61001/01exam/20150311/go2/g4pXX50y_h2_s_eco_mun.pdf
2015,2,3,school_mock,social,economics,solution,manual_review,verified_pending_import,confirmed,official_catalog_and_pdf,not_imported,,https://wdown.ebsi.co.kr/W61001/01exam/20150311/go2/ki4jsGvs_h2_s_eco_hsj.pdf
2015,2,3,school_mock,social,ethics-and-thought,question,manual_review,verified_pending_import,confirmed,official_catalog_and_pdf,not_imported,,https://wdown.ebsi.co.kr/W61001/01exam/20150311/go2/AH2JZZJf_h2_s_yrnss_mun.pdf
2015,2,3,school_mock,social,ethics-and-thought,solution,manual_review,verified_pending_import,confirmed,official_catalog_and_pdf,not_imported,,https://wdown.ebsi.co.kr/W61001/01exam/20150311/go2/wTXSRdZq_h2_s_yrnss_hsj.pdf
2015,2,3,school_mock,social,korean-geography,question,manual_review,verified_pending_import,confirmed,official_catalog_and_pdf,not_imported,,https://wdown.ebsi.co.kr/W61001/01exam/20150311/go2/LUEM7RAl_h2_s_hanji_mun.pdf
2015,2,3,school_mock,social,korean-geography,solution,manual_review,verified_pending_import,confirmed,official_catalog_and_pdf,not_imported,,https://wdown.ebsi.co.kr/W61001/01exam/20150311/go2/uo3npvqn_h2_s_hanji_hsj.pdf
2015,2,3,school_mock,social,life-and-ethics-general,question,manual_review,verified_pending_import,confirmed,official_catalog_and_pdf,not_imported,,https://wdown.ebsi.co.kr/W61001/01exam/20150311/go2/ZWjSeKg1_h2_s_ssnyr_mun.pdf
2015,2,3,school_mock,social,life-and-ethics-general,solution,manual_review,verified_pending_import,confirmed,official_catalog_and_pdf,not_imported,,https://wdown.ebsi.co.kr/W61001/01exam/20150311/go2/bzuDwP6S_h2_s_ssnyr_hsj.pdf
2015,2,3,school_mock,social,politics-and-law,question,manual_review,verified_pending_import,confirmed,official_catalog_and_pdf,not_imported,,https://wdown.ebsi.co.kr/W61001/01exam/20150311/go2/46YiufL0_h2_s_bnj_mun.pdf
2015,2,3,school_mock,social,politics-and-law,solution,manual_review,verified_pending_import,confirmed,official_catalog_and_pdf,not_imported,,https://wdown.ebsi.co.kr/W61001/01exam/20150311/go2/xJdQdSe9_h2_s_bnj_hsj.pdf
2015,2,3,school_mock,social,social-culture,question,manual_review,verified_pending_import,confirmed,official_catalog_and_pdf,not_imported,,https://wdown.ebsi.co.kr/W61001/01exam/20150311/go2/0Qzfud7b_h2_s_samun_mun.pdf
2015,2,3,school_mock,social,social-culture,solution,manual_review,verified_pending_import,confirmed,official_catalog_and_pdf,not_imported,,https://wdown.ebsi.co.kr/W61001/01exam/20150311/go2/qV0tpw4S_h2_s_samun_hsj.pdf
2015,2,3,school_mock,social,world-geography,question,manual_review,verified_pending_import,confirmed,official_catalog_and_pdf,not_imported,,https://wdown.ebsi.co.kr/W61001/01exam/20150311/go2/JNeO925B_h2_s_saeji_mun.pdf
2015,2,3,school_mock,social,world-geography,solution,manual_review,verified_pending_import,confirmed,official_catalog_and_pdf,not_imported,,https://wdown.ebsi.co.kr/W61001/01exam/20150311/go2/76WE7P5I_h2_s_saeji_hsj.pdf
2015,2,3,school_mock,social,world-history,question,manual_review,verified_pending_import,confirmed,official_catalog_and_pdf,not_imported,,https://wdown.ebsi.co.kr/W61001/01exam/20150311/go2/JRxKZMqA_h2_s_sks_mun.pdf
2015,2,3,school_mock,social,world-history,solution,manual_review,verified_pending_import,confirmed,official_catalog_and_pdf,not_imported,,https://wdown.ebsi.co.kr/W61001/01exam/20150311/go2/4dxfE9oh_h2_s_sks_hsj.pdf
2015,2,3,school_mock,science,chemistry-1,question,manual_review,verified_pending_import,confirmed,official_catalog_and_pdf,not_imported,,https://wdown.ebsi.co.kr/W61001/01exam/20150311/go2/cSN00ktm_h2_g_che1_mun.pdf
2015,2,3,school_mock,science,chemistry-1,solution,manual_review,verified_pending_import,confirmed,official_catalog_and_pdf,not_imported,,https://wdown.ebsi.co.kr/W61001/01exam/20150311/go2/zmVBCOWH_h2_g_che1_hsj.pdf
2015,2,3,school_mock,science,earth-science-1,question,manual_review,verified_pending_import,confirmed,official_catalog_and_pdf,not_imported,,https://wdown.ebsi.co.kr/W61001/01exam/20150311/go2/3wFDxchd_h2_g_ear1_mun.pdf
2015,2,3,school_mock,science,earth-science-1,solution,manual_review,verified_pending_import,confirmed,official_catalog_and_pdf,not_imported,,https://wdown.ebsi.co.kr/W61001/01exam/20150311/go2/pqpEq8hZ_h2_g_ear1_hsj.pdf
2015,2,3,school_mock,science,life-science-1,question,manual_review,verified_pending_import,confirmed,official_catalog_and_pdf,not_imported,,https://wdown.ebsi.co.kr/W61001/01exam/20150311/go2/JVkl4AU1_h2_g_bio1_mun.pdf
2015,2,3,school_mock,science,life-science-1,solution,manual_review,verified_pending_import,confirmed,official_catalog_and_pdf,not_imported,,https://wdown.ebsi.co.kr/W61001/01exam/20150311/go2/O6YalkXh_h2_g_bio1_hsj.pdf
2015,2,3,school_mock,science,physics-1,question,manual_review,verified_pending_import,confirmed,official_catalog_and_pdf,not_imported,,https://wdown.ebsi.co.kr/W61001/01exam/20150311/go2/vcDfSDGA_h2_g_phy1_mun.pdf
2015,2,3,school_mock,science,physics-1,solution,manual_review,verified_pending_import,confirmed,official_catalog_and_pdf,not_imported,,https://wdown.ebsi.co.kr/W61001/01exam/20150311/go2/IXWb9DYc_h2_g_phy1_hsj.pdf
2015,2,6,school_mock,korean,korean-a,question,manual_review,verified_pending_import,confirmed,official_catalog_and_pdf,not_imported,,https://wdown.ebsi.co.kr/W61001/01exam/20150604/go2/fpT8vWyu_h2_kor_mun.pdf
2015,2,6,school_mock,korean,korean-a,solution,manual_review,verified_pending_import,confirmed,official_catalog_and_pdf,not_imported,,https://wdown.ebsi.co.kr/W61001/01exam/20150604/go2/9kstC7tX_h2_kor_hsj.pdf
2015,2,6,school_mock,math,math-a,question,manual_review,verified_pending_import,confirmed,official_catalog_and_pdf,not_imported,,https://wdown.ebsi.co.kr/W61001/01exam/20150604/go2/WwSoRKbp_h2_matha_mun.pdf
2015,2,6,school_mock,math,math-a,solution,manual_review,verified_pending_import,confirmed,official_catalog_and_pdf,not_imported,,https://wdown.ebsi.co.kr/W61001/01exam/20150604/go2/G1Kiaexd_h2_matha_hsj.pdf
2015,2,6,school_mock,math,math-b,question,manual_review,verified_pending_import,confirmed,official_catalog_and_pdf,not_imported,,https://wdown.ebsi.co.kr/W61001/01exam/20150604/go2/tMTF4ia5_h2_mathb_mun.pdf
2015,2,6,school_mock,math,math-b,solution,manual_review,verified_pending_import,confirmed,official_catalog_and_pdf,not_imported,,https://wdown.ebsi.co.kr/W61001/01exam/20150604/go2/wAz8AWiZ_h2_mathb_hsj.pdf
2015,2,6,school_mock,english,,question,manual_review,verified_pending_import,confirmed,official_catalog_and_pdf,not_imported,,https://wdown.ebsi.co.kr/W61001/01exam/20150604/go2/vl7PDqqg_h2_eng_mun.pdf
2015,2,6,school_mock,english,,solution,manual_review,verified_pending_import,confirmed,official_catalog_and_pdf,not_imported,,https://wdown.ebsi.co.kr/W61001/01exam/20150604/go2/MJOtd3rO_h2_eng_hsj.pdf
2015,2,6,school_mock,history,,question,manual_review,verified_pending_import,confirmed,official_catalog_and_pdf,not_imported,,https://wdown.ebsi.co.kr/W61001/01exam/20150604/go2/vJFRFWMo_h2_s_his_mun.pdf
2015,2,6,school_mock,history,,solution,manual_review,verified_pending_import,confirmed,official_catalog_and_pdf,not_imported,,https://wdown.ebsi.co.kr/W61001/01exam/20150604/go2/zgYLowsp_h2_s_his_hsj.pdf
2015,2,6,school_mock,social,east-asian-history,question,manual_review,verified_pending_import,confirmed,official_catalog_and_pdf,not_imported,,https://wdown.ebsi.co.kr/W61001/01exam/20150604/go2/xWY5pCxl_h2_s_easta_mun.pdf
2015,2,6,school_mock,social,east-asian-history,solution,manual_review,verified_pending_import,confirmed,official_catalog_and_pdf,not_imported,,https://wdown.ebsi.co.kr/W61001/01exam/20150604/go2/ICSsiWdB_h2_s_easta_hsj.pdf
2015,2,6,school_mock,social,economics,question,manual_review,verified_pending_import,confirmed,official_catalog_and_pdf,not_imported,,https://wdown.ebsi.co.kr/W61001/01exam/20150604/go2/2T0apMHi_h2_s_eco_mun.pdf
2015,2,6,school_mock,social,economics,solution,manual_review,verified_pending_import,confirmed,official_catalog_and_pdf,not_imported,,https://wdown.ebsi.co.kr/W61001/01exam/20150604/go2/0SYNIPuk_h2_s_eco_hsj.pdf
2015,2,6,school_mock,social,ethics-and-thought,question,manual_review,verified_pending_import,confirmed,official_catalog_and_pdf,not_imported,,https://wdown.ebsi.co.kr/W61001/01exam/20150604/go2/mJB526tr_h2_s_yrnss_mun.pdf
2015,2,6,school_mock,social,ethics-and-thought,solution,manual_review,verified_pending_import,confirmed,official_catalog_and_pdf,not_imported,,https://wdown.ebsi.co.kr/W61001/01exam/20150604/go2/5XsCj1d4__h2_s_yrnss_hsj.pdf
2015,2,6,school_mock,social,korean-geography,question,manual_review,verified_pending_import,confirmed,official_catalog_and_pdf,not_imported,,https://wdown.ebsi.co.kr/W61001/01exam/20150604/go2/DKicUbvB_h2_s_hanji_mun.pdf
2015,2,6,school_mock,social,korean-geography,solution,manual_review,verified_pending_import,confirmed,official_catalog_and_pdf,not_imported,,https://wdown.ebsi.co.kr/W61001/01exam/20150604/go2/DxroC6PO_h2_s_hanji_hsj.pdf
2015,2,6,school_mock,social,life-and-ethics-general,question,manual_review,verified_pending_import,confirmed,official_catalog_and_pdf,not_imported,,https://wdown.ebsi.co.kr/W61001/01exam/20150604/go2/JfKHmj9n_h2_s_ssnyr_mun.pdf
2015,2,6,school_mock,social,life-and-ethics-general,solution,manual_review,verified_pending_import,confirmed,official_catalog_and_pdf,not_imported,,https://wdown.ebsi.co.kr/W61001/01exam/20150604/go2/1xxWn9R6_h2_s_ssnyr_hsj.pdf
2015,2,6,school_mock,social,politics-and-law,question,manual_review,verified_pending_import,confirmed,official_catalog_and_pdf,not_imported,,https://wdown.ebsi.co.kr/W61001/01exam/20150604/go2/NTAbAWFs_h2_s_bnj_mun.pdf
2015,2,6,school_mock,social,politics-and-law,solution,manual_review,verified_pending_import,confirmed,official_catalog_and_pdf,not_imported,,https://wdown.ebsi.co.kr/W61001/01exam/20150604/go2/wl3tTUqp_h2_s_bnj_hsj.pdf
2015,2,6,school_mock,social,social-culture,question,manual_review,verified_pending_import,confirmed,official_catalog_and_pdf,not_imported,,https://wdown.ebsi.co.kr/W61001/01exam/20150604/go2/g3nOpj53_h2_s_samun_mun.pdf
2015,2,6,school_mock,social,social-culture,solution,manual_review,verified_pending_import,confirmed,official_catalog_and_pdf,not_imported,,https://wdown.ebsi.co.kr/W61001/01exam/20150604/go2/XaDFuXCp_h2_s_samun_hsj.pdf
2015,2,6,school_mock,social,world-geography,question,manual_review,verified_pending_import,confirmed,official_catalog_and_pdf,not_imported,,https://wdown.ebsi.co.kr/W61001/01exam/20150604/go2/YFSrAuWi_h2_s_saeji_mun.pdf
2015,2,6,school_mock,social,world-geography,solution,manual_review,verified_pending_import,confirmed,official_catalog_and_pdf,not_imported,,https://wdown.ebsi.co.kr/W61001/01exam/20150604/go2/qJmdTcjJ_h2_s_saeji_hsj.pdf
2015,2,6,school_mock,social,world-history,question,manual_review,verified_pending_import,confirmed,official_catalog_and_pdf,not_imported,,https://wdown.ebsi.co.kr/W61001/01exam/20150604/go2/dsnvUFcx_h2_s_sks_mun.pdf
2015,2,6,school_mock,social,world-history,solution,manual_review,verified_pending_import,confirmed,official_catalog_and_pdf,not_imported,,https://wdown.ebsi.co.kr/W61001/01exam/20150604/go2/T5nwZvIP_h2_s_sks_hsj.pdf
2015,2,6,school_mock,science,chemistry-1,question,manual_review,verified_pending_import,confirmed,official_catalog_and_pdf,not_imported,,https://wdown.ebsi.co.kr/W61001/01exam/20150604/go2/3Z4d5htA_h2_g_che1_mun.pdf
2015,2,6,school_mock,science,chemistry-1,solution,manual_review,verified_pending_import,confirmed,official_catalog_and_pdf,not_imported,,https://wdown.ebsi.co.kr/W61001/01exam/20150604/go2/yD7TfSr0_h2_g_che1_hsj.pdf
2015,2,6,school_mock,science,earth-science-1,question,manual_review,verified_pending_import,confirmed,official_catalog_and_pdf,not_imported,,https://wdown.ebsi.co.kr/W61001/01exam/20150604/go2/84FTA7OI_h2_g_ear1_mun.pdf
2015,2,6,school_mock,science,earth-science-1,solution,manual_review,verified_pending_import,confirmed,official_catalog_and_pdf,not_imported,,https://wdown.ebsi.co.kr/W61001/01exam/20150604/go2/kUqLpHka_h2_g_ear1_hsj.pdf
2015,2,6,school_mock,science,life-science-1,question,manual_review,verified_pending_import,confirmed,official_catalog_and_pdf,not_imported,,https://wdown.ebsi.co.kr/W61001/01exam/20150604/go2/fVwcdZ06_h2_g_bio1_mun.pdf
2015,2,6,school_mock,science,life-science-1,solution,manual_review,verified_pending_import,confirmed,official_catalog_and_pdf,not_imported,,https://wdown.ebsi.co.kr/W61001/01exam/20150604/go2/YO4OPXok_h2_g_bio1_hsj.pdf
2015,2,6,school_mock,science,physics-1,question,manual_review,verified_pending_import,confirmed,official_catalog_and_pdf,not_imported,,https://wdown.ebsi.co.kr/W61001/01exam/20150604/go2/u2ZN9KAy_h2_g_phy1_mun.pdf
2015,2,6,school_mock,science,physics-1,solution,manual_review,verified_pending_import,confirmed,official_catalog_and_pdf,not_imported,,https://wdown.ebsi.co.kr/W61001/01exam/20150604/go2/4MoSn03t_h2_g_phy1_hsj.pdf
2015,2,9,school_mock,korean,korean-a,question,manual_review,verified_pending_import,confirmed,official_catalog_and_pdf,not_imported,,https://wdown.ebsi.co.kr/W61001/01exam/20150902/go2/fpT8vpyu_h2_kor_mun.pdf
2015,2,9,school_mock,korean,korean-a,solution,manual_review,verified_pending_import,confirmed,official_catalog_and_pdf,not_imported,,https://wdown.ebsi.co.kr/W61001/01exam/20150902/go2/9kstC7tN_h2_kor_hsj.pdf
2015,2,9,school_mock,math,math-a,question,manual_review,verified_pending_import,confirmed,official_catalog_and_pdf,not_imported,,https://wdown.ebsi.co.kr/W61001/01exam/20150902/go2/ppShRKbp_h2_matha_mun.pdf
2015,2,9,school_mock,math,math-a,solution,manual_review,verified_pending_import,confirmed,official_catalog_and_pdf,not_imported,,https://wdown.ebsi.co.kr/W61001/01exam/20150902/go2/G1KireNd_h2_matha_hsj.pdf
2015,2,9,school_mock,math,math-b,question,manual_review,verified_pending_import,confirmed,official_catalog_and_pdf,not_imported,,https://wdown.ebsi.co.kr/W61001/01exam/20150902/go2/tqTF4ir6_h2_mathb_mun.pdf
2015,2,9,school_mock,math,math-b,solution,manual_review,verified_pending_import,confirmed,official_catalog_and_pdf,not_imported,,https://wdown.ebsi.co.kr/W61001/01exam/20150902/go2/prz8rpiZ_h2_mathb_hsj.pdf
2015,2,9,school_mock,english,,question,manual_review,verified_pending_import,confirmed,official_catalog_and_pdf,not_imported,,https://wdown.ebsi.co.kr/W61001/01exam/20150902/go2/vl7PDqqg_h2_eng_mun.pdf
2015,2,9,school_mock,english,,solution,manual_review,verified_pending_import,confirmed,official_catalog_and_pdf,not_imported,,https://wdown.ebsi.co.kr/W61001/01exam/20150902/go2/qJhtd3rh_h2_eng_hsj.pdf
2015,2,9,school_mock,history,,question,manual_review,verified_pending_import,confirmed,official_catalog_and_pdf,not_imported,,https://wdown.ebsi.co.kr/W61001/01exam/20150902/go2/1vJFRFpqh_h2_s_his_mun.pdf
2015,2,9,school_mock,history,,solution,manual_review,verified_pending_import,confirmed,official_catalog_and_pdf,not_imported,,https://wdown.ebsi.co.kr/W61001/01exam/20150902/go2/1zgYLhpsp_h2_s_his_hsj.pdf
2015,2,9,school_mock,social,east-asian-history,question,manual_review,verified_pending_import,confirmed,official_catalog_and_pdf,not_imported,,https://wdown.ebsi.co.kr/W61001/01exam/20150902/go2/1NpY6pCNl_h2_s_easta_mun_1.pdf
2015,2,9,school_mock,social,east-asian-history,solution,manual_review,verified_pending_import,confirmed,official_catalog_and_pdf,not_imported,,https://wdown.ebsi.co.kr/W61001/01exam/20150902/go2/1ICSsipdB_h2_s_easta_hsj.pdf
2015,2,9,school_mock,social,economics,question,manual_review,verified_pending_import,confirmed,official_catalog_and_pdf,not_imported,,https://wdown.ebsi.co.kr/W61001/01exam/20150902/go2/12T0rpqHi_h2_s_eco_mun.pdf
2015,2,9,school_mock,social,economics,solution,manual_review,verified_pending_import,confirmed,official_catalog_and_pdf,not_imported,,https://wdown.ebsi.co.kr/W61001/01exam/20150902/go2/10SYNIPuk_h2_s_eco_hsj.pdf
2015,2,9,school_mock,social,ethics-and-thought,question,manual_review,verified_pending_import,confirmed,official_catalog_and_pdf,not_imported,,https://wdown.ebsi.co.kr/W61001/01exam/20150902/go2/1qJB626tr_h2_s_yrnss_mun.pdf
2015,2,9,school_mock,social,ethics-and-thought,solution,manual_review,verified_pending_import,confirmed,official_catalog_and_pdf,not_imported,,https://wdown.ebsi.co.kr/W61001/01exam/20150902/go2/16NsCj1d4__h2_s_yrnss_hsj.pdf
2015,2,9,school_mock,social,korean-geography,question,manual_review,verified_pending_import,confirmed,official_catalog_and_pdf,not_imported,,https://wdown.ebsi.co.kr/W61001/01exam/20150902/go2/1DKicUbvB_h2_s_hanji_mun.pdf
2015,2,9,school_mock,social,korean-geography,solution,manual_review,verified_pending_import,confirmed,official_catalog_and_pdf,not_imported,,https://wdown.ebsi.co.kr/W61001/01exam/20150902/go2/1DNrhC6Ph_h2_s_hanji_hsj.pdf
2015,2,9,school_mock,social,life-and-ethics-general,question,manual_review,verified_pending_import,confirmed,official_catalog_and_pdf,not_imported,,https://wdown.ebsi.co.kr/W61001/01exam/20150902/go2/1JfKHqj9n_h2_s_ssnyr_mun.pdf
2015,2,9,school_mock,social,life-and-ethics-general,solution,manual_review,verified_pending_import,confirmed,official_catalog_and_pdf,not_imported,,https://wdown.ebsi.co.kr/W61001/01exam/20150902/go2/11NNpn9R6_h2_s_ssnyr_hsj.pdf
2015,2,9,school_mock,social,politics-and-law,question,manual_review,verified_pending_import,confirmed,official_catalog_and_pdf,not_imported,,https://wdown.ebsi.co.kr/W61001/01exam/20150902/go2/1NTrbrpFs_h2_s_bnj_mun.pdf
2015,2,9,school_mock,social,politics-and-law,solution,manual_review,verified_pending_import,confirmed,official_catalog_and_pdf,not_imported,,https://wdown.ebsi.co.kr/W61001/01exam/20150902/go2/1pl3tTUqp_h2_s_bnj_hsj.pdf
2015,2,9,school_mock,social,social-culture,question,manual_review,verified_pending_import,confirmed,official_catalog_and_pdf,not_imported,,https://wdown.ebsi.co.kr/W61001/01exam/20150902/go2/1g3nhpj63_h2_s_samun_mun.pdf
2015,2,9,school_mock,social,social-culture,solution,manual_review,verified_pending_import,confirmed,official_catalog_and_pdf,not_imported,,https://wdown.ebsi.co.kr/W61001/01exam/20150902/go2/1NrDFuNCp_h2_s_samun_hsj.pdf
2015,2,9,school_mock,social,world-geography,question,manual_review,verified_pending_import,confirmed,official_catalog_and_pdf,not_imported,,https://wdown.ebsi.co.kr/W61001/01exam/20150902/go2/1YFSrrupi_h2_s_saeji_mun.pdf
2015,2,9,school_mock,social,world-geography,solution,manual_review,verified_pending_import,confirmed,official_catalog_and_pdf,not_imported,,https://wdown.ebsi.co.kr/W61001/01exam/20150902/go2/1qJqdTcjJ_h2_s_saeji_hsj.pdf
2015,2,9,school_mock,social,world-history,question,manual_review,verified_pending_import,confirmed,official_catalog_and_pdf,not_imported,,https://wdown.ebsi.co.kr/W61001/01exam/20150902/go2/1dsnvUFcN_h2_s_sks_mun.pdf
2015,2,9,school_mock,social,world-history,solution,manual_review,verified_pending_import,confirmed,official_catalog_and_pdf,not_imported,,https://wdown.ebsi.co.kr/W61001/01exam/20150902/go2/1T6npZvIP_h2_s_sks_hsj.pdf
2015,2,9,school_mock,science,chemistry-1,question,manual_review,verified_pending_import,confirmed,official_catalog_and_pdf,not_imported,,https://wdown.ebsi.co.kr/W61001/01exam/20150902/go2/13Z4d6htr_h2_g_che1_mun.pdf
2015,2,9,school_mock,science,chemistry-1,solution,manual_review,verified_pending_import,confirmed,official_catalog_and_pdf,not_imported,,https://wdown.ebsi.co.kr/W61001/01exam/20150902/go2/1yD7TfSr0_h2_g_che1_hsj.pdf
2015,2,9,school_mock,science,earth-science-1,question,manual_review,verified_pending_import,confirmed,official_catalog_and_pdf,not_imported,,https://wdown.ebsi.co.kr/W61001/01exam/20150902/go2/184FTr7hI_h2_g_ear1_mun.pdf
2015,2,9,school_mock,science,earth-science-1,solution,manual_review,verified_pending_import,confirmed,official_catalog_and_pdf,not_imported,,https://wdown.ebsi.co.kr/W61001/01exam/20150902/go2/1kUqLpHkr_h2_g_ear1_hsj.pdf
2015,2,9,school_mock,science,life-science-1,question,manual_review,verified_pending_import,confirmed,official_catalog_and_pdf,not_imported,,https://wdown.ebsi.co.kr/W61001/01exam/20150902/go2/1fVpcdZ06_h2_g_bio1_mun.pdf
2015,2,9,school_mock,science,life-science-1,solution,manual_review,verified_pending_import,confirmed,official_catalog_and_pdf,not_imported,,https://wdown.ebsi.co.kr/W61001/01exam/20150902/go2/1Yh4hPNhk_h2_g_bio1_hsj.pdf
2015,2,9,school_mock,science,physics-1,question,manual_review,verified_pending_import,confirmed,official_catalog_and_pdf,not_imported,,https://wdown.ebsi.co.kr/W61001/01exam/20150902/go2/1u2ZN9Kry_h2_g_phy1_mun.pdf
2015,2,9,school_mock,science,physics-1,solution,manual_review,verified_pending_import,confirmed,official_catalog_and_pdf,not_imported,,https://wdown.ebsi.co.kr/W61001/01exam/20150902/go2/14qhSn03t_h2_g_phy1_hsj.pdf
2015,2,11,school_mock,korean,korean-a,question,manual_review,verified_pending_import,confirmed,official_catalog_and_pdf,not_imported,,https://wdown.ebsi.co.kr/W61001/01exam/20151117/go2/FRaqbC8w_kor_mun.pdf
2015,2,11,school_mock,korean,korean-a,solution,manual_review,verified_pending_import,confirmed,official_catalog_and_pdf,not_imported,,https://wdown.ebsi.co.kr/W61001/01exam/20151117/go2/SA1XvpFV_kor_jdj.pdf
2015,2,11,school_mock,math,math-a,question,manual_review,verified_pending_import,confirmed,official_catalog_and_pdf,not_imported,,https://wdown.ebsi.co.kr/W61001/01exam/20151117/go2/jCRGryWt_matha_mun.pdf
2015,2,11,school_mock,math,math-a,solution,manual_review,verified_pending_import,confirmed,official_catalog_and_pdf,not_imported,,https://wdown.ebsi.co.kr/W61001/01exam/20151117/go2/IIZS2TRq_matha_jdj.pdf
2015,2,11,school_mock,math,math-b,question,manual_review,verified_pending_import,confirmed,official_catalog_and_pdf,not_imported,,https://wdown.ebsi.co.kr/W61001/01exam/20151117/go2/f69aZbLA_mathb_mun.pdf
2015,2,11,school_mock,math,math-b,solution,manual_review,verified_pending_import,confirmed,official_catalog_and_pdf,not_imported,,https://wdown.ebsi.co.kr/W61001/01exam/20151117/go2/X3cf3edn_mathb_jdj.pdf
2015,2,11,school_mock,english,,question,manual_review,verified_pending_import,confirmed,official_catalog_and_pdf,not_imported,,https://wdown.ebsi.co.kr/W61001/01exam/20151117/go2/HM3SOlbp_eng_mun.pdf
2015,2,11,school_mock,english,,solution,manual_review,verified_pending_import,confirmed,official_catalog_and_pdf,not_imported,,https://wdown.ebsi.co.kr/W61001/01exam/20151117/go2/H71yEXUI_eng_jdj.pdf
2015,2,11,school_mock,history,,question,manual_review,verified_pending_import,confirmed,official_catalog_and_pdf,not_imported,,https://wdown.ebsi.co.kr/W61001/01exam/20151117/go2/gC81Tbdk_s_his_mun.pdf
2015,2,11,school_mock,history,,solution,manual_review,verified_pending_import,confirmed,official_catalog_and_pdf,not_imported,,https://wdown.ebsi.co.kr/W61001/01exam/20151117/go2/SmLAztxc_s_his_hsj.pdf
2015,2,11,school_mock,social,east-asian-history,question,manual_review,verified_pending_import,confirmed,official_catalog_and_pdf,not_imported,,https://wdown.ebsi.co.kr/W61001/01exam/20151117/go2/Ozyfyz5b_s_easta_mun.pdf
2015,2,11,school_mock,social,east-asian-history,solution,manual_review,verified_pending_import,confirmed,official_catalog_and_pdf,not_imported,,https://wdown.ebsi.co.kr/W61001/01exam/20151117/go2/6KZmcK8r_s_easta_hsj.pdf
2015,2,11,school_mock,social,economics,question,manual_review,verified_pending_import,confirmed,official_catalog_and_pdf,not_imported,,https://wdown.ebsi.co.kr/W61001/01exam/20151117/go2/ILoygXLs_s_eco_mun.pdf
2015,2,11,school_mock,social,economics,solution,manual_review,verified_pending_import,confirmed,official_catalog_and_pdf,not_imported,,https://wdown.ebsi.co.kr/W61001/01exam/20151117/go2/xpTljBOh_s_eco_hsj.pdf
2015,2,11,school_mock,social,ethics-and-thought,question,manual_review,verified_pending_import,confirmed,official_catalog_and_pdf,not_imported,,https://wdown.ebsi.co.kr/W61001/01exam/20151117/go2/YAPNXRPm_s_yrnss_mun.pdf
2015,2,11,school_mock,social,ethics-and-thought,solution,manual_review,verified_pending_import,confirmed,official_catalog_and_pdf,not_imported,,https://wdown.ebsi.co.kr/W61001/01exam/20151117/go2/carcR4ZD_s_yrnss_hsj.pdf
2015,2,11,school_mock,social,korean-geography,question,manual_review,verified_pending_import,confirmed,official_catalog_and_pdf,not_imported,,https://wdown.ebsi.co.kr/W61001/01exam/20151117/go2/1o8yfogk_s_hanji_mun.pdf
2015,2,11,school_mock,social,korean-geography,solution,manual_review,verified_pending_import,confirmed,official_catalog_and_pdf,not_imported,,https://wdown.ebsi.co.kr/W61001/01exam/20151117/go2/JXrRjbDt_s_hanji_hsj.pdf
2015,2,11,school_mock,social,life-and-ethics-general,question,manual_review,verified_pending_import,confirmed,official_catalog_and_pdf,not_imported,,https://wdown.ebsi.co.kr/W61001/01exam/20151117/go2/BBsQwY6Y_s_ssnyr_mun.pdf
2015,2,11,school_mock,social,life-and-ethics-general,solution,manual_review,verified_pending_import,confirmed,official_catalog_and_pdf,not_imported,,https://wdown.ebsi.co.kr/W61001/01exam/20151117/go2/HkidcDjo_s_ssnyr_hsj.pdf
2015,2,11,school_mock,social,politics-and-law,question,manual_review,verified_pending_import,confirmed,official_catalog_and_pdf,not_imported,,https://wdown.ebsi.co.kr/W61001/01exam/20151117/go2/yDd3OJXs_s_bnj_mun.pdf
2015,2,11,school_mock,social,politics-and-law,solution,manual_review,verified_pending_import,confirmed,official_catalog_and_pdf,not_imported,,https://wdown.ebsi.co.kr/W61001/01exam/20151117/go2/NQptgFrY_s_bnj_hsj.pdf
2015,2,11,school_mock,social,social-culture,question,manual_review,verified_pending_import,confirmed,official_catalog_and_pdf,not_imported,,https://wdown.ebsi.co.kr/W61001/01exam/20151117/go2/8s4KWiGt_s_samun_mun.pdf
2015,2,11,school_mock,social,social-culture,solution,manual_review,verified_pending_import,confirmed,official_catalog_and_pdf,not_imported,,https://wdown.ebsi.co.kr/W61001/01exam/20151117/go2/XsL1c00g_s_samun_hsj.pdf
2015,2,11,school_mock,social,world-geography,question,manual_review,verified_pending_import,confirmed,official_catalog_and_pdf,not_imported,,https://wdown.ebsi.co.kr/W61001/01exam/20151117/go2/3HvoFOAm_s_saeji_mun.pdf
2015,2,11,school_mock,social,world-geography,solution,manual_review,verified_pending_import,confirmed,official_catalog_and_pdf,not_imported,,https://wdown.ebsi.co.kr/W61001/01exam/20151117/go2/EaJswFCH_s_saeji_hsj.pdf
2015,2,11,school_mock,social,world-history,question,manual_review,verified_pending_import,confirmed,official_catalog_and_pdf,not_imported,,https://wdown.ebsi.co.kr/W61001/01exam/20151117/go2/6beUzmRf_s_sks_mun.pdf
2015,2,11,school_mock,social,world-history,solution,manual_review,verified_pending_import,confirmed,official_catalog_and_pdf,not_imported,,https://wdown.ebsi.co.kr/W61001/01exam/20151117/go2/6Ci6nx8d_s_sks_hsj.pdf
2015,2,11,school_mock,science,chemistry-1,question,manual_review,verified_pending_import,confirmed,official_catalog_and_pdf,not_imported,,https://wdown.ebsi.co.kr/W61001/01exam/20151117/go2/cOrBLSAQ_g_che1_mun.pdf
2015,2,11,school_mock,science,chemistry-1,solution,manual_review,verified_pending_import,confirmed,official_catalog_and_pdf,not_imported,,https://wdown.ebsi.co.kr/W61001/01exam/20151117/go2/V6uPDVni_g_che1_hsj.pdf
2015,2,11,school_mock,science,earth-science-1,question,manual_review,verified_pending_import,confirmed,official_catalog_and_pdf,not_imported,,https://wdown.ebsi.co.kr/W61001/01exam/20151117/go2/2TUSzbAU_g_ear1_mun.pdf
2015,2,11,school_mock,science,earth-science-1,solution,manual_review,verified_pending_import,confirmed,official_catalog_and_pdf,not_imported,,https://wdown.ebsi.co.kr/W61001/01exam/20151117/go2/fKRfcjcM_g_ear1_hsj.pdf
2015,2,11,school_mock,science,life-science-1,question,manual_review,verified_pending_import,confirmed,official_catalog_and_pdf,not_imported,,https://wdown.ebsi.co.kr/W61001/01exam/20151117/go2/SnRMWuLn_g_bio1_mun.pdf
2015,2,11,school_mock,science,life-science-1,solution,manual_review,verified_pending_import,confirmed,official_catalog_and_pdf,not_imported,,https://wdown.ebsi.co.kr/W61001/01exam/20151117/go2/5U9T3TGJ_g_bio1_hsj.pdf
2015,2,11,school_mock,science,physics-1,question,manual_review,verified_pending_import,confirmed,official_catalog_and_pdf,not_imported,,https://wdown.ebsi.co.kr/W61001/01exam/20151117/go2/oZolmRBa_g_phy1_mun.pdf
2015,2,11,school_mock,science,physics-1,solution,manual_review,verified_pending_import,confirmed,official_catalog_and_pdf,not_imported,,https://wdown.ebsi.co.kr/W61001/01exam/20151117/go2/YFkuutSg_g_phy1_hsj.pdf
2015,2,11,school_mock,vocational,agriculture-bio-industry,question,manual_review,verified_pending_import,confirmed,official_catalog_and_pdf,not_imported,,https://wdown.ebsi.co.kr/W61001/01exam/20151117/go2/zfoV1qdi_J_nsmsup_mun.pdf
2015,2,11,school_mock,vocational,agriculture-bio-industry,solution,manual_review,verified_pending_import,confirmed,official_catalog_and_pdf,not_imported,,https://wdown.ebsi.co.kr/W61001/01exam/20151117/go2/ixjnzi95_J_nsmsup_hsj.pdf
2015,2,11,school_mock,vocational,commerce-information,question,manual_review,verified_pending_import,confirmed,official_catalog_and_pdf,not_imported,,https://wdown.ebsi.co.kr/W61001/01exam/20151117/go2/6pkNzPZr_J_supjb_mun.pdf
2015,2,11,school_mock,vocational,commerce-information,solution,manual_review,verified_pending_import,confirmed,official_catalog_and_pdf,not_imported,,https://wdown.ebsi.co.kr/W61001/01exam/20151117/go2/IkyPzGNs_J_supjb_hsj.pdf
2015,2,11,school_mock,vocational,fisheries-shipping,question,manual_review,verified_pending_import,confirmed,official_catalog_and_pdf,not_imported,,https://wdown.ebsi.co.kr/W61001/01exam/20151117/go2/okLQ8aZR_J_ssnw_mun.pdf
2015,2,11,school_mock,vocational,fisheries-shipping,solution,manual_review,verified_pending_import,confirmed,official_catalog_and_pdf,not_imported,,https://wdown.ebsi.co.kr/W61001/01exam/20151117/go2/hQdOgl4r_J_ssnw_hsj.pdf
2015,2,11,school_mock,vocational,home-economics-industry,question,manual_review,verified_pending_import,confirmed,official_catalog_and_pdf,not_imported,,https://wdown.ebsi.co.kr/W61001/01exam/20151117/go2/hYQYx3G5_J_gsnsup_mun.pdf
2015,2,11,school_mock,vocational,home-economics-industry,solution,manual_review,verified_pending_import,confirmed,official_catalog_and_pdf,not_imported,,https://wdown.ebsi.co.kr/W61001/01exam/20151117/go2/aYY61LEd_J_gsnsup_hsj.pdf
2015,2,11,school_mock,vocational,industry,question,manual_review,verified_pending_import,confirmed,official_catalog_and_pdf,not_imported,,https://wdown.ebsi.co.kr/W61001/01exam/20151117/go2/HfqR77bi_J_gup_mun.pdf
2015,2,11,school_mock,vocational,industry,solution,manual_review,verified_pending_import,confirmed,official_catalog_and_pdf,not_imported,,https://wdown.ebsi.co.kr/W61001/01exam/20151117/go2/eLYCT4aJ_J_gup_hsj.pdf
2015,2,11,school_mock,second_language,chinese-1,question,manual_review,verified_pending_import,confirmed,official_catalog_and_pdf,not_imported,,https://wdown.ebsi.co.kr/W61001/01exam/20151117/go2/tMVhEUse_2nd_ch1_mun.pdf
2015,2,11,school_mock,second_language,chinese-1,solution,manual_review,verified_pending_import,confirmed,official_catalog_and_pdf,not_imported,,https://wdown.ebsi.co.kr/W61001/01exam/20151117/go2/bmspH2q6_2nd_ch1_hsj.pdf
2015,2,11,school_mock,second_language,classical-chinese-1,question,manual_review,verified_pending_import,confirmed,official_catalog_and_pdf,not_imported,,https://wdown.ebsi.co.kr/W61001/01exam/20151117/go2/8ARf3sll_2nd_han1_mun.pdf
2015,2,11,school_mock,second_language,classical-chinese-1,solution,manual_review,verified_pending_import,confirmed,official_catalog_and_pdf,not_imported,,https://wdown.ebsi.co.kr/W61001/01exam/20151117/go2/NY30kkZI_2nd_han1_hsj.pdf
2015,2,11,school_mock,second_language,french-1,question,manual_review,verified_pending_import,confirmed,official_catalog_and_pdf,not_imported,,https://wdown.ebsi.co.kr/W61001/01exam/20151117/go2/Fur2iz2M_2nd_fr1_mun.pdf
2015,2,11,school_mock,second_language,french-1,solution,manual_review,verified_pending_import,confirmed,official_catalog_and_pdf,not_imported,,https://wdown.ebsi.co.kr/W61001/01exam/20151117/go2/b1s7nlT2_2nd_fr1_hsj.pdf
2015,2,11,school_mock,second_language,german-1,question,manual_review,verified_pending_import,confirmed,official_catalog_and_pdf,not_imported,,https://wdown.ebsi.co.kr/W61001/01exam/20151117/go2/yt3cew8k_2nd_gr1_mun.pdf
2015,2,11,school_mock,second_language,german-1,solution,manual_review,verified_pending_import,confirmed,official_catalog_and_pdf,not_imported,,https://wdown.ebsi.co.kr/W61001/01exam/20151117/go2/69RKLpgT_2nd_gr1_hsj.pdf
2015,2,11,school_mock,second_language,japanese-1,question,manual_review,verified_pending_import,confirmed,official_catalog_and_pdf,not_imported,,https://wdown.ebsi.co.kr/W61001/01exam/20151117/go2/DqaJY4kJ_2nd_ja1_mun.pdf
2015,2,11,school_mock,second_language,japanese-1,solution,manual_review,verified_pending_import,confirmed,official_catalog_and_pdf,not_imported,,https://wdown.ebsi.co.kr/W61001/01exam/20151117/go2/SFsxf4yp_2nd_ja1_hsj.pdf
2015,2,11,school_mock,second_language,russian-1,question,manual_review,verified_pending_import,confirmed,official_catalog_and_pdf,not_imported,,https://wdown.ebsi.co.kr/W61001/01exam/20151117/go2/NqFJ3sl3_2nd_ru1_mun.pdf
2015,2,11,school_mock,second_language,russian-1,solution,manual_review,verified_pending_import,confirmed,official_catalog_and_pdf,not_imported,,https://wdown.ebsi.co.kr/W61001/01exam/20151117/go2/xbYiMCIq_2nd_ru1_hsj.pdf
2015,2,11,school_mock,second_language,spanish-1,question,manual_review,verified_pending_import,confirmed,official_catalog_and_pdf,not_imported,,https://wdown.ebsi.co.kr/W61001/01exam/20151117/go2/tQvAauNj_2nd_sp1_mun.pdf
2015,2,11,school_mock,second_language,spanish-1,solution,manual_review,verified_pending_import,confirmed,official_catalog_and_pdf,not_imported,,https://wdown.ebsi.co.kr/W61001/01exam/20151117/go2/VuMhvqgS_2nd_sp1_hsj.pdf
2015,3,3,school_mock,korean,korean-a,question,manual_review,verified_pending_import,confirmed,official_catalog_and_pdf,not_imported,,https://wdown.ebsi.co.kr/W61001/01exam/20150311/go3/sqsLwy5s_kora_mun.pdf
2015,3,3,school_mock,korean,korean-a,solution,manual_review,verified_pending_import,confirmed,official_catalog_and_pdf,not_imported,,https://wdown.ebsi.co.kr/W61001/01exam/20150311/go3/cK8t859I_kora_hsj.pdf
2015,3,3,school_mock,korean,korean-b,question,manual_review,verified_pending_import,confirmed,official_catalog_and_pdf,not_imported,,https://wdown.ebsi.co.kr/W61001/01exam/20150311/go3/09Ek8fIp_korb_mun.pdf
2015,3,3,school_mock,korean,korean-b,solution,manual_review,verified_pending_import,confirmed,official_catalog_and_pdf,not_imported,,https://wdown.ebsi.co.kr/W61001/01exam/20150311/go3/WIgRLNTa_korb_hsj.pdf
2015,3,3,school_mock,math,math-a,question,manual_review,verified_pending_import,confirmed,official_catalog_and_pdf,not_imported,,https://wdown.ebsi.co.kr/W61001/01exam/20150311/go3/FagA34pf_matha_mun.pdf
2015,3,3,school_mock,math,math-a,solution,manual_review,verified_pending_import,confirmed,official_catalog_and_pdf,not_imported,,https://wdown.ebsi.co.kr/W61001/01exam/20150311/go3/RS8LbyiD_matha_hsj.pdf
2015,3,3,school_mock,math,math-b,question,manual_review,verified_pending_import,confirmed,official_catalog_and_pdf,not_imported,,https://wdown.ebsi.co.kr/W61001/01exam/20150311/go3/FkBfMPAF_mathb_mun.pdf
2015,3,3,school_mock,math,math-b,solution,manual_review,verified_pending_import,confirmed,official_catalog_and_pdf,not_imported,,https://wdown.ebsi.co.kr/W61001/01exam/20150311/go3/cdnksMhG_mathb_hsj.pdf
2015,3,3,school_mock,english,,question,manual_review,verified_pending_import,confirmed,official_catalog_and_pdf,not_imported,,https://wdown.ebsi.co.kr/W61001/01exam/20150311/go3/4YdlbEwP_enga_mun.pdf
2015,3,3,school_mock,english,,solution,manual_review,verified_pending_import,confirmed,official_catalog_and_pdf,not_imported,,https://wdown.ebsi.co.kr/W61001/01exam/20150311/go3/wgnOsjdx_enga_hsj.pdf
2015,3,3,school_mock,history,,question,manual_review,verified_pending_import,confirmed,official_catalog_and_pdf,not_imported,,https://wdown.ebsi.co.kr/W61001/01exam/20150311/go3/83sntGWI_s_his_mun.pdf
2015,3,3,school_mock,history,,solution,manual_review,verified_pending_import,confirmed,official_catalog_and_pdf,not_imported,,https://wdown.ebsi.co.kr/W61001/01exam/20150311/go3/xd3SiSkC_s_his_hsj.pdf
2015,3,3,school_mock,social,east-asian-history,question,manual_review,verified_pending_import,confirmed,official_catalog_and_pdf,not_imported,,https://wdown.ebsi.co.kr/W61001/01exam/20150311/go3/k1Ixzl4a_s_easta_mun.pdf
2015,3,3,school_mock,social,east-asian-history,solution,manual_review,verified_pending_import,confirmed,official_catalog_and_pdf,not_imported,,https://wdown.ebsi.co.kr/W61001/01exam/20150311/go3/nSs21Ud9_s_easta_hsj.pdf
2015,3,3,school_mock,social,economics,question,manual_review,verified_pending_import,confirmed,official_catalog_and_pdf,not_imported,,https://wdown.ebsi.co.kr/W61001/01exam/20150311/go3/Dx2I5L40_s_eco_mun.pdf
2015,3,3,school_mock,social,economics,solution,manual_review,verified_pending_import,confirmed,official_catalog_and_pdf,not_imported,,https://wdown.ebsi.co.kr/W61001/01exam/20150311/go3/sP2Bk87w_s_eco_hsj.pdf
2015,3,3,school_mock,social,ethics-and-thought,question,manual_review,verified_pending_import,confirmed,official_catalog_and_pdf,not_imported,,https://wdown.ebsi.co.kr/W61001/01exam/20150311/go3/ASeOxV2R_s_yrnss_mun.pdf
2015,3,3,school_mock,social,ethics-and-thought,solution,manual_review,verified_pending_import,confirmed,official_catalog_and_pdf,not_imported,,https://wdown.ebsi.co.kr/W61001/01exam/20150311/go3/QHtQlGpf_s_yrnss_hsj.pdf
2015,3,3,school_mock,social,korean-geography,question,manual_review,verified_pending_import,confirmed,official_catalog_and_pdf,not_imported,,https://wdown.ebsi.co.kr/W61001/01exam/20150311/go3/s8SlIZao_s_hanji_mun.pdf
2015,3,3,school_mock,social,korean-geography,solution,manual_review,verified_pending_import,confirmed,official_catalog_and_pdf,not_imported,,https://wdown.ebsi.co.kr/W61001/01exam/20150311/go3/RdITblCB_s_hanji_hsj.pdf
2015,3,3,school_mock,social,life-and-ethics-general,question,manual_review,verified_pending_import,confirmed,official_catalog_and_pdf,not_imported,,https://wdown.ebsi.co.kr/W61001/01exam/20150311/go3/yscXIW6J_s_ssnyr_mun.pdf
2015,3,3,school_mock,social,life-and-ethics-general,solution,manual_review,verified_pending_import,confirmed,official_catalog_and_pdf,not_imported,,https://wdown.ebsi.co.kr/W61001/01exam/20150311/go3/m3pHToG3_s_ssnyr_hsj.pdf
2015,3,3,school_mock,social,politics-and-law,question,manual_review,verified_pending_import,confirmed,official_catalog_and_pdf,not_imported,,https://wdown.ebsi.co.kr/W61001/01exam/20150311/go3/hY55ZodT_s_bnj_mun.pdf
2015,3,3,school_mock,social,politics-and-law,solution,manual_review,verified_pending_import,confirmed,official_catalog_and_pdf,not_imported,,https://wdown.ebsi.co.kr/W61001/01exam/20150311/go3/WaSOiz8J_s_bnj_hsj.pdf
2015,3,3,school_mock,social,social-culture,question,manual_review,verified_pending_import,confirmed,official_catalog_and_pdf,not_imported,,https://wdown.ebsi.co.kr/W61001/01exam/20150311/go3/4NBMmCa1_s_samun_mun.pdf
2015,3,3,school_mock,social,social-culture,solution,manual_review,verified_pending_import,confirmed,official_catalog_and_pdf,not_imported,,https://wdown.ebsi.co.kr/W61001/01exam/20150311/go3/kt2ireTU_s_samun_hsj.pdf
2015,3,3,school_mock,social,world-geography,question,manual_review,verified_pending_import,confirmed,official_catalog_and_pdf,not_imported,,https://wdown.ebsi.co.kr/W61001/01exam/20150311/go3/A7x5FRpQ_s_saeji_mun.pdf
2015,3,3,school_mock,social,world-geography,solution,manual_review,verified_pending_import,confirmed,official_catalog_and_pdf,not_imported,,https://wdown.ebsi.co.kr/W61001/01exam/20150311/go3/hjzyAmbn_s_saeji_hsj.pdf
2015,3,3,school_mock,social,world-history,question,manual_review,verified_pending_import,confirmed,official_catalog_and_pdf,not_imported,,https://wdown.ebsi.co.kr/W61001/01exam/20150311/go3/mTP2vZXq_s_sks_mun.pdf
2015,3,3,school_mock,social,world-history,solution,manual_review,verified_pending_import,confirmed,official_catalog_and_pdf,not_imported,,https://wdown.ebsi.co.kr/W61001/01exam/20150311/go3/imrMh0R1_s_sks_hsj.pdf
2015,3,3,school_mock,science,chemistry-1,question,manual_review,verified_pending_import,confirmed,official_catalog_and_pdf,not_imported,,https://wdown.ebsi.co.kr/W61001/01exam/20150311/go3/krbUpm0R_g_che1_mun.pdf
2015,3,3,school_mock,science,chemistry-1,solution,manual_review,verified_pending_import,confirmed,official_catalog_and_pdf,not_imported,,https://wdown.ebsi.co.kr/W61001/01exam/20150311/go3/nzXotJAa_g_che1_hsj.pdf
2015,3,3,school_mock,science,earth-science-1,question,manual_review,verified_pending_import,confirmed,official_catalog_and_pdf,not_imported,,https://wdown.ebsi.co.kr/W61001/01exam/20150311/go3/0cIUP3Vk_g_ear1_mun.pdf
2015,3,3,school_mock,science,earth-science-1,solution,manual_review,verified_pending_import,confirmed,official_catalog_and_pdf,not_imported,,https://wdown.ebsi.co.kr/W61001/01exam/20150311/go3/ifffEkZN_g_ear1_hsj.pdf
2015,3,3,school_mock,science,life-science-1,question,manual_review,verified_pending_import,confirmed,official_catalog_and_pdf,not_imported,,https://wdown.ebsi.co.kr/W61001/01exam/20150311/go3/AUGYbhfB_g_bio1_mun.pdf
2015,3,3,school_mock,science,life-science-1,solution,manual_review,verified_pending_import,confirmed,official_catalog_and_pdf,not_imported,,https://wdown.ebsi.co.kr/W61001/01exam/20150311/go3/WF84KtG4_g_bio1_hsj.pdf
2015,3,3,school_mock,science,physics-1,question,manual_review,verified_pending_import,confirmed,official_catalog_and_pdf,not_imported,,https://wdown.ebsi.co.kr/W61001/01exam/20150311/go3/gAHbx4Rr_g_phy1_mun.pdf
2015,3,3,school_mock,science,physics-1,solution,manual_review,verified_pending_import,confirmed,official_catalog_and_pdf,not_imported,,https://wdown.ebsi.co.kr/W61001/01exam/20150311/go3/nu2CCbJz_g_phy1_hsj.pdf
2015,3,4,school_mock,korean,korean-a,question,manual_review,verified_pending_import,confirmed,official_catalog_and_pdf,not_imported,,https://wdown.ebsi.co.kr/W61001/01exam/20150409/go3/DreBBsQw_kora_mun.pdf
2015,3,4,school_mock,korean,korean-a,solution,manual_review,verified_pending_import,confirmed,official_catalog_and_pdf,not_imported,,https://wdown.ebsi.co.kr/W61001/01exam/20150409/go3/Y6YHkidc_kora_hsj.pdf
2015,3,4,school_mock,korean,korean-b,question,manual_review,verified_pending_import,confirmed,official_catalog_and_pdf,not_imported,,https://wdown.ebsi.co.kr/W61001/01exam/20150409/go3/RPmcarcR_korb_mun.pdf
2015,3,4,school_mock,korean,korean-b,solution,manual_review,verified_pending_import,confirmed,official_catalog_and_pdf,not_imported,,https://wdown.ebsi.co.kr/W61001/01exam/20150409/go3/4ZDgC81T_korb_hsj.pdf
2015,3,4,school_mock,math,math-a,question,manual_review,verified_pending_import,confirmed,official_catalog_and_pdf,not_imported,,https://wdown.ebsi.co.kr/W61001/01exam/20150409/go3/txc1o8yf_matha_mun.pdf
2015,3,4,school_mock,math,math-a,solution,manual_review,verified_pending_import,confirmed,official_catalog_and_pdf,not_imported,,https://wdown.ebsi.co.kr/W61001/01exam/20150409/go3/ogkJXrRj_matha_hsj.pdf
2015,3,4,school_mock,math,math-b,question,manual_review,verified_pending_import,confirmed,official_catalog_and_pdf,not_imported,,https://wdown.ebsi.co.kr/W61001/01exam/20150409/go3/OAmEaJsw_mathb_mun.pdf
2015,3,4,school_mock,math,math-b,solution,manual_review,verified_pending_import,confirmed,official_catalog_and_pdf,not_imported,,https://wdown.ebsi.co.kr/W61001/01exam/20150409/go3/FCHOzyfy_mathb_hsj.pdf
2015,3,4,school_mock,english,,question,manual_review,verified_pending_import,confirmed,official_catalog_and_pdf,not_imported,,https://wdown.ebsi.co.kr/W61001/01exam/20150409/go3/K8r6beUz_enga_mun.pdf
2015,3,4,school_mock,english,,solution,manual_review,verified_pending_import,confirmed,official_catalog_and_pdf,not_imported,,https://wdown.ebsi.co.kr/W61001/01exam/20150409/go3/JXsNQptg_enga_hsj.pdf
2015,3,4,school_mock,history,,question,manual_review,verified_pending_import,confirmed,official_catalog_and_pdf,not_imported,,https://wdown.ebsi.co.kr/W61001/01exam/20150409/go3/RBaYFkuu_s_his_mun.pdf
2015,3,4,school_mock,history,,solution,manual_review,verified_pending_import,confirmed,official_catalog_and_pdf,not_imported,,https://wdown.ebsi.co.kr/W61001/01exam/20150409/go3/tSgcOrBL_s_his_hsj.pdf
2015,3,4,school_mock,social,east-asian-history,question,manual_review,verified_pending_import,confirmed,official_catalog_and_pdf,not_imported,,https://wdown.ebsi.co.kr/W61001/01exam/20150409/go3/bAUfKRfc_s_easta_mun.pdf
2015,3,4,school_mock,social,east-asian-history,solution,manual_review,verified_pending_import,confirmed,official_catalog_and_pdf,not_imported,,https://wdown.ebsi.co.kr/W61001/01exam/20150409/go3/jcMzfoV1_s_easta_hsj.pdf
2015,3,4,school_mock,social,economics,question,manual_review,verified_pending_import,confirmed,official_catalog_and_pdf,not_imported,,https://wdown.ebsi.co.kr/W61001/01exam/20150409/go3/PZrIkyPz_s_eco_mun.pdf
2015,3,4,school_mock,social,economics,solution,manual_review,verified_pending_import,confirmed,official_catalog_and_pdf,not_imported,,https://wdown.ebsi.co.kr/W61001/01exam/20150409/go3/GNsokLQ8_s_eco_hsj.pdf
2015,3,4,school_mock,social,ethics-and-thought,question,manual_review,verified_pending_import,confirmed,official_catalog_and_pdf,not_imported,,https://wdown.ebsi.co.kr/W61001/01exam/20150409/go3/iGtXsL1c_s_yrnss_mun.pdf
2015,3,4,school_mock,social,ethics-and-thought,solution,manual_review,verified_pending_import,confirmed,official_catalog_and_pdf,not_imported,,https://wdown.ebsi.co.kr/W61001/01exam/20150409/go3/00goZolm_s_yrnss_hsj.pdf
2015,3,4,school_mock,social,korean-geography,question,manual_review,verified_pending_import,confirmed,official_catalog_and_pdf,not_imported,,https://wdown.ebsi.co.kr/W61001/01exam/20150409/go3/SAQV6uPD_s_hanji_mun.pdf
2015,3,4,school_mock,social,korean-geography,solution,manual_review,verified_pending_import,confirmed,official_catalog_and_pdf,not_imported,,https://wdown.ebsi.co.kr/W61001/01exam/20150409/go3/VniSnRMW_s_hanji_hsj.pdf
2015,3,4,school_mock,social,life-and-ethics-general,question,manual_review,verified_pending_import,confirmed,official_catalog_and_pdf,not_imported,,https://wdown.ebsi.co.kr/W61001/01exam/20150409/go3/XLsxpTlj_s_ssnyr_mun.pdf
2015,3,4,school_mock,social,life-and-ethics-general,solution,manual_review,verified_pending_import,confirmed,official_catalog_and_pdf,not_imported,,https://wdown.ebsi.co.kr/W61001/01exam/20150409/go3/BOh8s4KW_s_ssnyr_hsj.pdf
2015,3,4,school_mock,social,politics-and-law,question,manual_review,verified_pending_import,confirmed,official_catalog_and_pdf,not_imported,,https://wdown.ebsi.co.kr/W61001/01exam/20150409/go3/7bieLYCT_s_bnj_mun.pdf
2015,3,4,school_mock,social,politics-and-law,solution,manual_review,verified_pending_import,confirmed,official_catalog_and_pdf,not_imported,,https://wdown.ebsi.co.kr/W61001/01exam/20150409/go3/4aJ6pkNz_s_bnj_hsj.pdf
2015,3,4,school_mock,social,social-culture,question,manual_review,verified_pending_import,confirmed,official_catalog_and_pdf,not_imported,,https://wdown.ebsi.co.kr/W61001/01exam/20150409/go3/aZRhQdOg_s_samun_mun.pdf
2015,3,4,school_mock,social,social-culture,solution,manual_review,verified_pending_import,confirmed,official_catalog_and_pdf,not_imported,,https://wdown.ebsi.co.kr/W61001/01exam/20150409/go3/l4rhYQYx_s_samun_hsj.pdf
2015,3,4,school_mock,social,world-geography,question,manual_review,verified_pending_import,confirmed,official_catalog_and_pdf,not_imported,,https://wdown.ebsi.co.kr/W61001/01exam/20150409/go3/uLn5U9T3_s_saeji_mun.pdf
2015,3,4,school_mock,social,world-geography,solution,manual_review,verified_pending_import,confirmed,official_catalog_and_pdf,not_imported,,https://wdown.ebsi.co.kr/W61001/01exam/20150409/go3/TGJ2TUSz_s_saeji_hsj.pdf
2015,3,4,school_mock,social,world-history,question,manual_review,verified_pending_import,confirmed,official_catalog_and_pdf,not_imported,,https://wdown.ebsi.co.kr/W61001/01exam/20150409/go3/qdiixjnz_s_sks_mun.pdf
2015,3,4,school_mock,social,world-history,solution,manual_review,verified_pending_import,confirmed,official_catalog_and_pdf,not_imported,,https://wdown.ebsi.co.kr/W61001/01exam/20150409/go3/i95HfqR7_s_sks_hsj.pdf
2015,3,4,school_mock,science,chemistry-1,question,manual_review,verified_pending_import,confirmed,official_catalog_and_pdf,not_imported,,https://wdown.ebsi.co.kr/W61001/01exam/20150409/go3/pgTFur2i_g_che1_mun.pdf
2015,3,4,school_mock,science,chemistry-1,solution,manual_review,verified_pending_import,confirmed,official_catalog_and_pdf,not_imported,,https://wdown.ebsi.co.kr/W61001/01exam/20150409/go3/z2Mb1s7n_g_che1_hsj.pdf
2015,3,4,school_mock,science,chemistry-2,question,manual_review,verified_pending_import,confirmed,official_catalog_and_pdf,not_imported,,https://wdown.ebsi.co.kr/W61001/01exam/20150409/go3/2q6DqaJY_g_che2_mun.pdf
2015,3,4,school_mock,science,chemistry-2,solution,manual_review,verified_pending_import,confirmed,official_catalog_and_pdf,not_imported,,https://wdown.ebsi.co.kr/W61001/01exam/20150409/go3/4kJSFsxf_g_che2_hsj.pdf
2015,3,4,school_mock,science,earth-science-1,question,manual_review,verified_pending_import,confirmed,official_catalog_and_pdf,not_imported,,https://wdown.ebsi.co.kr/W61001/01exam/20150409/go3/CIqtQvAa_g_ear1_mun2.pdf
2015,3,4,school_mock,science,earth-science-1,solution,manual_review,verified_pending_import,confirmed,official_catalog_and_pdf,not_imported,,https://wdown.ebsi.co.kr/W61001/01exam/20150409/go3/uNjVuMhv_g_ear1_hsj2.pdf
2015,3,4,school_mock,science,earth-science-2,question,manual_review,verified_pending_import,confirmed,official_catalog_and_pdf,not_imported,,https://wdown.ebsi.co.kr/W61001/01exam/20150409/go3/kZIhTrBo_g_ear2_mun.pdf
2015,3,4,school_mock,science,earth-science-2,solution,manual_review,verified_pending_import,confirmed,official_catalog_and_pdf,not_imported,,https://wdown.ebsi.co.kr/W61001/01exam/20150409/go3/e2U8QVjp_g_ear2_hsj.pdf
2015,3,4,school_mock,science,life-science-1,question,manual_review,verified_pending_import,confirmed,official_catalog_and_pdf,not_imported,,https://wdown.ebsi.co.kr/W61001/01exam/20150409/go3/lT2NqFJ3_g_bio1_mun.pdf
2015,3,4,school_mock,science,life-science-1,solution,manual_review,verified_pending_import,confirmed,official_catalog_and_pdf,not_imported,,https://wdown.ebsi.co.kr/W61001/01exam/20150409/go3/sl3xbYiM_g_bio1_hsj.pdf
2015,3,4,school_mock,science,life-science-2,question,manual_review,verified_pending_import,confirmed,official_catalog_and_pdf,not_imported,,https://wdown.ebsi.co.kr/W61001/01exam/20150409/go3/4yp8ARf3_g_bio2_mun.pdf
2015,3,4,school_mock,science,life-science-2,solution,manual_review,verified_pending_import,confirmed,official_catalog_and_pdf,not_imported,,https://wdown.ebsi.co.kr/W61001/01exam/20150409/go3/sllNY30k_g_bio2_hsj.pdf
2015,3,4,school_mock,science,physics-1,question,manual_review,verified_pending_import,confirmed,official_catalog_and_pdf,not_imported,,https://wdown.ebsi.co.kr/W61001/01exam/20150409/go3/LEdyt3ce_g_phy1_mun.pdf
2015,3,4,school_mock,science,physics-1,solution,manual_review,verified_pending_import,confirmed,official_catalog_and_pdf,not_imported,,https://wdown.ebsi.co.kr/W61001/01exam/20150409/go3/w8k69RKL_g_phy1_hsj.pdf
2015,3,4,school_mock,science,physics-2,question,manual_review,verified_pending_import,confirmed,official_catalog_and_pdf,not_imported,,https://wdown.ebsi.co.kr/W61001/01exam/20150409/go3/qgStMVhE_g_phy2_mun.pdf
2015,3,4,school_mock,science,physics-2,solution,manual_review,verified_pending_import,confirmed,official_catalog_and_pdf,not_imported,,https://wdown.ebsi.co.kr/W61001/01exam/20150409/go3/UsebmspH_g_phy2_hsj.pdf
2015,3,6,kice_mock,korean,korean-a,question,manual_review,verified_pending_import,confirmed,official_catalog_and_pdf,not_imported,,https://wdown.ebsi.co.kr/W61001/01exam/20150604/go3/EAOeIiGX_kora_mun.pdf
2015,3,6,kice_mock,korean,korean-a,solution,manual_review,verified_pending_import,confirmed,official_catalog_and_pdf,not_imported,,https://wdown.ebsi.co.kr/W61001/01exam/20150604/go3/BBsQwY6Y_kora_hsj.pdf
2015,3,6,kice_mock,korean,korean-b,question,manual_review,verified_pending_import,confirmed,official_catalog_and_pdf,not_imported,,https://wdown.ebsi.co.kr/W61001/01exam/20150604/go3/HkidcDjo_korb_mun.pdf
2015,3,6,kice_mock,korean,korean-b,solution,manual_review,verified_pending_import,confirmed,official_catalog_and_pdf,not_imported,,https://wdown.ebsi.co.kr/W61001/01exam/20150604/go3/carcR4ZD_korb_hsj.pdf
2015,3,6,kice_mock,math,math-a,question,manual_review,verified_pending_import,confirmed,official_catalog_and_pdf,not_imported,,https://wdown.ebsi.co.kr/W61001/01exam/20150604/go3/gC81Tbdk_matha_mun.pdf
2015,3,6,kice_mock,math,math-a,solution,manual_review,verified_pending_import,confirmed,official_catalog_and_pdf,not_imported,,https://wdown.ebsi.co.kr/W61001/01exam/20150604/go3/1o8yfogk_matha_hsj.pdf
2015,3,6,kice_mock,math,math-b,question,manual_review,verified_pending_import,confirmed,official_catalog_and_pdf,not_imported,,https://wdown.ebsi.co.kr/W61001/01exam/20150604/go3/JXrRjbDt_mathb_mun.pdf
2015,3,6,kice_mock,math,math-b,solution,manual_review,verified_pending_import,confirmed,official_catalog_and_pdf,not_imported,,https://wdown.ebsi.co.kr/W61001/01exam/20150604/go3/EaJswFCH_mathb_hsj.pdf
2015,3,6,kice_mock,english,,question,manual_review,verified_pending_import,confirmed,official_catalog_and_pdf,not_imported,,https://wdown.ebsi.co.kr/W61001/01exam/20150604/go3/Ozyfyz5b_eng_mun_1.pdf
2015,3,6,kice_mock,english,,solution,manual_review,verified_pending_import,confirmed,official_catalog_and_pdf,not_imported,,https://wdown.ebsi.co.kr/W61001/01exam/20150604/go3/6beUzmRf_eng_hsj.pdf
2015,3,6,kice_mock,history,,question,manual_review,verified_pending_import,confirmed,official_catalog_and_pdf,not_imported,,https://wdown.ebsi.co.kr/W61001/01exam/20150604/go3/YFkuutSg_s_his_mun.pdf
2015,3,6,kice_mock,history,,solution,manual_review,verified_pending_import,confirmed,official_catalog_and_pdf,not_imported,,https://wdown.ebsi.co.kr/W61001/01exam/20150604/go3/V6uPDVni_s_his_hsj.pdf
2015,3,6,kice_mock,social,east-asian-history,question,manual_review,verified_pending_import,confirmed,official_catalog_and_pdf,not_imported,,https://wdown.ebsi.co.kr/W61001/01exam/20150604/go3/HfqR77bi_s_easta_mun.pdf
2015,3,6,kice_mock,social,east-asian-history,solution,manual_review,verified_pending_import,confirmed,official_catalog_and_pdf,not_imported,,https://wdown.ebsi.co.kr/W61001/01exam/20150604/go3/6pkNzPZr_s_easta_hsj.pdf
2015,3,6,kice_mock,social,economics,question,manual_review,verified_pending_import,confirmed,official_catalog_and_pdf,not_imported,,https://wdown.ebsi.co.kr/W61001/01exam/20150604/go3/69RKLpgT_s_eco_mun.pdf
2015,3,6,kice_mock,social,economics,solution,manual_review,verified_pending_import,confirmed,official_catalog_and_pdf,not_imported,,https://wdown.ebsi.co.kr/W61001/01exam/20150604/go3/b1s7nlT2_s_eco_hsj.pdf
2015,3,6,kice_mock,social,ethics-and-thought,question,manual_review,verified_pending_import,confirmed,official_catalog_and_pdf,not_imported,,https://wdown.ebsi.co.kr/W61001/01exam/20150604/go3/8s4KWiGt_s_yrnss_mun.pdf
2015,3,6,kice_mock,social,ethics-and-thought,solution,manual_review,verified_pending_import,confirmed,official_catalog_and_pdf,not_imported,,https://wdown.ebsi.co.kr/W61001/01exam/20150604/go3/oZolmRBa_s_yrnss_hsj.pdf
2015,3,6,kice_mock,social,korean-geography,question,manual_review,verified_pending_import,confirmed,official_catalog_and_pdf,not_imported,,https://wdown.ebsi.co.kr/W61001/01exam/20150604/go3/SnRMWuLn_s_hanji_mun.pdf
2015,3,6,kice_mock,social,korean-geography,solution,manual_review,verified_pending_import,confirmed,official_catalog_and_pdf,not_imported,,https://wdown.ebsi.co.kr/W61001/01exam/20150604/go3/2TUSzbAU_s_hanji_hsj.pdf
2015,3,6,kice_mock,social,life-and-ethics-general,question,manual_review,verified_pending_import,confirmed,official_catalog_and_pdf,not_imported,,https://wdown.ebsi.co.kr/W61001/01exam/20150604/go3/NQptgFrY_s_ssnyr_mun_2.pdf
2015,3,6,kice_mock,social,life-and-ethics-general,solution,manual_review,verified_pending_import,confirmed,official_catalog_and_pdf,not_imported,,https://wdown.ebsi.co.kr/W61001/01exam/20150604/go3/xpTljBOh_s_ssnyr_hsj.pdf
2015,3,6,kice_mock,social,politics-and-law,question,manual_review,verified_pending_import,confirmed,official_catalog_and_pdf,not_imported,,https://wdown.ebsi.co.kr/W61001/01exam/20150604/go3/hYQYx3G5_s_bnj_mun.pdf
2015,3,6,kice_mock,social,politics-and-law,solution,manual_review,verified_pending_import,confirmed,official_catalog_and_pdf,not_imported,,https://wdown.ebsi.co.kr/W61001/01exam/20150604/go3/yt3cew8k_s_bnj_hsj.pdf
2015,3,6,kice_mock,social,social-culture,question,manual_review,verified_pending_import,confirmed,official_catalog_and_pdf,not_imported,,https://wdown.ebsi.co.kr/W61001/01exam/20150604/go3/NqFJ3sl3_s_samun_mun.pdf
2015,3,6,kice_mock,social,social-culture,solution,manual_review,verified_pending_import,confirmed,official_catalog_and_pdf,not_imported,,https://wdown.ebsi.co.kr/W61001/01exam/20150604/go3/tQvAauNj_s_samun_hsj_1.pdf
2015,3,6,kice_mock,social,world-geography,question,manual_review,verified_pending_import,confirmed,official_catalog_and_pdf,not_imported,,https://wdown.ebsi.co.kr/W61001/01exam/20150604/go3/fKRfcjcM_s_saeji_mun.pdf
2015,3,6,kice_mock,social,world-geography,solution,manual_review,verified_pending_import,confirmed,official_catalog_and_pdf,not_imported,,https://wdown.ebsi.co.kr/W61001/01exam/20150604/go3/ixjnzi95_s_saeji_hsj_1.pdf
2015,3,6,kice_mock,social,world-history,question,manual_review,verified_pending_import,confirmed,official_catalog_and_pdf,not_imported,,https://wdown.ebsi.co.kr/W61001/01exam/20150604/go3/IkyPzGNs_s_sks_mun.pdf
2015,3,6,kice_mock,social,world-history,solution,manual_review,verified_pending_import,confirmed,official_catalog_and_pdf,not_imported,,https://wdown.ebsi.co.kr/W61001/01exam/20150604/go3/hQdOgl4r_s_sks_hsj.pdf
2015,3,6,kice_mock,science,chemistry-1,question,manual_review,verified_pending_import,confirmed,official_catalog_and_pdf,not_imported,,https://wdown.ebsi.co.kr/W61001/01exam/20150604/go3/pgTFur2i_g_che1_mun.pdf
2015,3,6,kice_mock,science,chemistry-1,solution,manual_review,verified_pending_import,confirmed,official_catalog_and_pdf,not_imported,,https://wdown.ebsi.co.kr/W61001/01exam/20150604/go3/K6PYzDab_g_che1_hsj.pdf
2015,3,6,kice_mock,science,chemistry-2,question,manual_review,verified_pending_import,confirmed,official_catalog_and_pdf,not_imported,,https://wdown.ebsi.co.kr/W61001/01exam/20150604/go3/r8pkpLkT_g_che2_mun.pdf
2015,3,6,kice_mock,science,chemistry-2,solution,manual_review,verified_pending_import,confirmed,official_catalog_and_pdf,not_imported,,https://wdown.ebsi.co.kr/W61001/01exam/20150604/go3/TaogxLDp_g_che2_hsj.pdf
2015,3,6,kice_mock,science,earth-science-1,question,manual_review,verified_pending_import,confirmed,official_catalog_and_pdf,not_imported,,https://wdown.ebsi.co.kr/W61001/01exam/20150604/go3/0OUIHNkj_g_ear1_mun.pdf
2015,3,6,kice_mock,science,earth-science-1,solution,manual_review,verified_pending_import,confirmed,official_catalog_and_pdf,not_imported,,https://wdown.ebsi.co.kr/W61001/01exam/20150604/go3/LZCHusMj_g_ear1_hsj.pdf
2015,3,6,kice_mock,science,earth-science-2,question,manual_review,verified_pending_import,confirmed,official_catalog_and_pdf,not_imported,,https://wdown.ebsi.co.kr/W61001/01exam/20150604/go3/jfNLnlyg_g_ear2_mun.pdf
2015,3,6,kice_mock,science,earth-science-2,solution,manual_review,verified_pending_import,confirmed,official_catalog_and_pdf,not_imported,,https://wdown.ebsi.co.kr/W61001/01exam/20150604/go3/FprhMOgR_g_ear2_hsj.pdf
2015,3,6,kice_mock,science,life-science-1,question,manual_review,verified_pending_import,confirmed,official_catalog_and_pdf,not_imported,,https://wdown.ebsi.co.kr/W61001/01exam/20150604/go3/igPasSmz_g_bio1_mun.pdf
2015,3,6,kice_mock,science,life-science-1,solution,manual_review,verified_pending_import,confirmed,official_catalog_and_pdf,not_imported,,https://wdown.ebsi.co.kr/W61001/01exam/20150604/go3/uT6Ssuot_g_bio1_hsj.pdf
2015,3,6,kice_mock,science,life-science-2,question,manual_review,verified_pending_import,confirmed,official_catalog_and_pdf,not_imported,,https://wdown.ebsi.co.kr/W61001/01exam/20150604/go3/7mvjkO22_g_bio2_mun.pdf
2015,3,6,kice_mock,science,life-science-2,solution,manual_review,verified_pending_import,confirmed,official_catalog_and_pdf,not_imported,,https://wdown.ebsi.co.kr/W61001/01exam/20150604/go3/08N8yxdZ_g_bio2_hsj.pdf
2015,3,6,kice_mock,science,physics-1,question,manual_review,verified_pending_import,confirmed,official_catalog_and_pdf,not_imported,,https://wdown.ebsi.co.kr/W61001/01exam/20150604/go3/VuMhvqgS_g_phy1_mun.pdf
2015,3,6,kice_mock,science,physics-1,solution,manual_review,verified_pending_import,confirmed,official_catalog_and_pdf,not_imported,,https://wdown.ebsi.co.kr/W61001/01exam/20150604/go3/bmspH2q6_g_phy1_hsj.pdf
2015,3,6,kice_mock,science,physics-2,question,manual_review,verified_pending_import,confirmed,official_catalog_and_pdf,not_imported,,https://wdown.ebsi.co.kr/W61001/01exam/20150604/go3/QHtMFauk_g_phy2_mun.pdf
2015,3,6,kice_mock,science,physics-2,solution,manual_review,verified_pending_import,confirmed,official_catalog_and_pdf,not_imported,,https://wdown.ebsi.co.kr/W61001/01exam/20150604/go3/PFR6sKBE_g_phy2_hsj.pdf
2015,3,6,kice_mock,vocational,agriculture-bio-industry,question,manual_review,verified_pending_import,confirmed,official_catalog_and_pdf,not_imported,,https://wdown.ebsi.co.kr/W61001/01exam/20150604/go3/GkQ6mByS_J_nsmsup_mun.pdf
2015,3,6,kice_mock,vocational,agriculture-bio-industry,solution,manual_review,verified_pending_import,confirmed,official_catalog_and_pdf,not_imported,,https://wdown.ebsi.co.kr/W61001/01exam/20150604/go3/WEsBk31T_J_nsmsup_hsj_1.pdf
2015,3,6,kice_mock,vocational,commerce-information,question,manual_review,verified_pending_import,confirmed,official_catalog_and_pdf,not_imported,,https://wdown.ebsi.co.kr/W61001/01exam/20150604/go3/TmIClmpc_J_supjb_mun.pdf
2015,3,6,kice_mock,vocational,commerce-information,solution,manual_review,verified_pending_import,confirmed,official_catalog_and_pdf,not_imported,,https://wdown.ebsi.co.kr/W61001/01exam/20150604/go3/1Ed28kIN_J_supjb_hsj.pdf
2015,3,6,kice_mock,vocational,fisheries-shipping,question,manual_review,verified_pending_import,confirmed,official_catalog_and_pdf,not_imported,,https://wdown.ebsi.co.kr/W61001/01exam/20150604/go3/4MmXKCnz_J_ssnw_mun.pdf
2015,3,6,kice_mock,vocational,fisheries-shipping,solution,manual_review,verified_pending_import,confirmed,official_catalog_and_pdf,not_imported,,https://wdown.ebsi.co.kr/W61001/01exam/20150604/go3/qDCZx4FR_J_ssnw_hsj.pdf
2015,3,6,kice_mock,vocational,home-economics-industry,question,manual_review,verified_pending_import,confirmed,official_catalog_and_pdf,not_imported,,https://wdown.ebsi.co.kr/W61001/01exam/20150604/go3/0rmTIVvL_J_gsnsup_mun.pdf
2015,3,6,kice_mock,vocational,home-economics-industry,solution,manual_review,verified_pending_import,confirmed,official_catalog_and_pdf,not_imported,,https://wdown.ebsi.co.kr/W61001/01exam/20150604/go3/XZZTHfyQ_J_gsnsup_hsj.pdf
2015,3,6,kice_mock,vocational,industry,question,manual_review,verified_pending_import,confirmed,official_catalog_and_pdf,not_imported,,https://wdown.ebsi.co.kr/W61001/01exam/20150604/go3/Z14eBa1k_J_gup_mun.pdf
2015,3,6,kice_mock,vocational,industry,solution,manual_review,verified_pending_import,confirmed,official_catalog_and_pdf,not_imported,,https://wdown.ebsi.co.kr/W61001/01exam/20150604/go3/MNFmWAFs_J_gup_hsj.pdf
2015,3,6,kice_mock,second_language,arabic-1,question,manual_review,verified_pending_import,confirmed,official_catalog_and_pdf,not_imported,,https://wdown.ebsi.co.kr/W61001/01exam/20150604/go3/0ZkfzDsk_2nd_ar1_mun.pdf
2015,3,6,kice_mock,second_language,arabic-1,solution,manual_review,verified_pending_import,confirmed,official_catalog_and_pdf,not_imported,,https://wdown.ebsi.co.kr/W61001/01exam/20150604/go3/YKkpLTkU_2nd_ar1_hsj.pdf
2015,3,6,kice_mock,second_language,chinese-1,question,manual_review,verified_pending_import,confirmed,official_catalog_and_pdf,not_imported,,https://wdown.ebsi.co.kr/W61001/01exam/20150604/go3/BbKP7Ie8_2nd_ch1_mun.pdf
2015,3,6,kice_mock,second_language,chinese-1,solution,manual_review,verified_pending_import,confirmed,official_catalog_and_pdf,not_imported,,https://wdown.ebsi.co.kr/W61001/01exam/20150604/go3/vjPkQTGp_2nd_ch1_hsj.pdf
2015,3,6,kice_mock,second_language,classical-chinese-1,question,manual_review,verified_pending_import,confirmed,official_catalog_and_pdf,not_imported,,https://wdown.ebsi.co.kr/W61001/01exam/20150604/go3/TyfPefLJ_2nd_han_mun.pdf
2015,3,6,kice_mock,second_language,classical-chinese-1,solution,manual_review,verified_pending_import,confirmed,official_catalog_and_pdf,not_imported,,https://wdown.ebsi.co.kr/W61001/01exam/20150604/go3/VJpjc0D5_2nd_han_hsj.pdf
2015,3,6,kice_mock,second_language,french-1,question,manual_review,verified_pending_import,confirmed,official_catalog_and_pdf,not_imported,,https://wdown.ebsi.co.kr/W61001/01exam/20150604/go3/WE9ql2Rk_2nd_fr1_mun.pdf
2015,3,6,kice_mock,second_language,french-1,solution,manual_review,verified_pending_import,confirmed,official_catalog_and_pdf,not_imported,,https://wdown.ebsi.co.kr/W61001/01exam/20150604/go3/N3qljWwY_2nd_fr1_hsj.pdf
2015,3,6,kice_mock,second_language,german-1,question,manual_review,verified_pending_import,confirmed,official_catalog_and_pdf,not_imported,,https://wdown.ebsi.co.kr/W61001/01exam/20150604/go3/geDKvPEk_2nd_gr1_mun.pdf
2015,3,6,kice_mock,second_language,german-1,solution,manual_review,verified_pending_import,confirmed,official_catalog_and_pdf,not_imported,,https://wdown.ebsi.co.kr/W61001/01exam/20150604/go3/jxe0ymQ1_2nd_gr1_hsj_2.pdf
2015,3,6,kice_mock,second_language,japanese-1,question,manual_review,verified_pending_import,confirmed,official_catalog_and_pdf,not_imported,,https://wdown.ebsi.co.kr/W61001/01exam/20150604/go3/aoG1VRIj_2nd_ja1_mun.pdf
2015,3,6,kice_mock,second_language,japanese-1,solution,manual_review,verified_pending_import,confirmed,official_catalog_and_pdf,not_imported,,https://wdown.ebsi.co.kr/W61001/01exam/20150604/go3/bH8J0sca_2nd_ja1_hsj.pdf
2015,3,6,kice_mock,second_language,russian-1,question,manual_review,verified_pending_import,confirmed,official_catalog_and_pdf,not_imported,,https://wdown.ebsi.co.kr/W61001/01exam/20150604/go3/0VnkB4lt_2nd_ru1_mun.pdf
2015,3,6,kice_mock,second_language,russian-1,solution,manual_review,verified_pending_import,confirmed,official_catalog_and_pdf,not_imported,,https://wdown.ebsi.co.kr/W61001/01exam/20150604/go3/0Gxw8Zw5_2nd_ru1_hsj.pdf
2015,3,6,kice_mock,second_language,spanish-1,question,manual_review,verified_pending_import,confirmed,official_catalog_and_pdf,not_imported,,https://wdown.ebsi.co.kr/W61001/01exam/20150604/go3/V6QcqnWw_2nd_sp1_mun.pdf
2015,3,6,kice_mock,second_language,spanish-1,solution,manual_review,verified_pending_import,confirmed,official_catalog_and_pdf,not_imported,,https://wdown.ebsi.co.kr/W61001/01exam/20150604/go3/TX5V3Gyk_2nd_sp1_hsj_1.pdf
2015,3,6,kice_mock,second_language,vietnamese-1,question,manual_review,verified_pending_import,confirmed,official_catalog_and_pdf,not_imported,,https://wdown.ebsi.co.kr/W61001/01exam/20150604/go3/D5euwdUT_2nd_vit_mun.pdf
2015,3,6,kice_mock,second_language,vietnamese-1,solution,manual_review,verified_pending_import,confirmed,official_catalog_and_pdf,not_imported,,https://wdown.ebsi.co.kr/W61001/01exam/20150604/go3/m03yMJiQ_2nd_vit_hsj.pdf
2015,3,7,school_mock,korean,korean-a,question,manual_review,verified_pending_import,confirmed,official_catalog_and_pdf,not_imported,,https://wdown.ebsi.co.kr/W61001/01exam/20150709/go3/FRaqbC8w_kora_mun.pdf
2015,3,7,school_mock,korean,korean-a,solution,manual_review,verified_pending_import,confirmed,official_catalog_and_pdf,not_imported,,https://wdown.ebsi.co.kr/W61001/01exam/20150709/go3/SA1XvpFV_kora_hsj.pdf
2015,3,7,school_mock,korean,korean-b,question,manual_review,verified_pending_import,confirmed,official_catalog_and_pdf,not_imported,,https://wdown.ebsi.co.kr/W61001/01exam/20150709/go3/jCRGryWt_korb_mun.pdf
2015,3,7,school_mock,korean,korean-b,solution,manual_review,verified_pending_import,confirmed,official_catalog_and_pdf,not_imported,,https://wdown.ebsi.co.kr/W61001/01exam/20150709/go3/IIZS2TRq_korb_hsj.pdf
2015,3,7,school_mock,math,math-a,question,manual_review,verified_pending_import,confirmed,official_catalog_and_pdf,not_imported,,https://wdown.ebsi.co.kr/W61001/01exam/20150709/go3/f69aZbLA_matha_mun.pdf
2015,3,7,school_mock,math,math-a,solution,manual_review,verified_pending_import,confirmed,official_catalog_and_pdf,not_imported,,https://wdown.ebsi.co.kr/W61001/01exam/20150709/go3/X3cf3edn_matha_hsj.pdf
2015,3,7,school_mock,math,math-b,question,manual_review,verified_pending_import,confirmed,official_catalog_and_pdf,not_imported,,https://wdown.ebsi.co.kr/W61001/01exam/20150709/go3/HM3SOlbp_mathb_mun.pdf
2015,3,7,school_mock,math,math-b,solution,manual_review,verified_pending_import,confirmed,official_catalog_and_pdf,not_imported,,https://wdown.ebsi.co.kr/W61001/01exam/20150709/go3/H71yEXUI_mathb_hsj.pdf
2015,3,7,school_mock,english,,question,manual_review,verified_pending_import,confirmed,official_catalog_and_pdf,not_imported,,https://wdown.ebsi.co.kr/W61001/01exam/20150709/go3/EAOeIiGX_eng_mun.pdf
2015,3,7,school_mock,english,,solution,manual_review,verified_pending_import,confirmed,official_catalog_and_pdf,not_imported,,https://wdown.ebsi.co.kr/W61001/01exam/20150709/go3/ix4A2Dre_eng_hsj.pdf
2015,3,7,school_mock,history,,question,manual_review,verified_pending_import,confirmed,official_catalog_and_pdf,not_imported,,https://wdown.ebsi.co.kr/W61001/01exam/20150709/go3/1o8yfogk_s_his_mun.pdf
2015,3,7,school_mock,history,,solution,manual_review,verified_pending_import,confirmed,official_catalog_and_pdf,not_imported,,https://wdown.ebsi.co.kr/W61001/01exam/20150709/go3/JXrRjbDt_s_his_hsj.pdf
2015,3,7,school_mock,social,east-asian-history,question,manual_review,verified_pending_import,confirmed,official_catalog_and_pdf,not_imported,,https://wdown.ebsi.co.kr/W61001/01exam/20150709/go3/6beUzmRf_s_easta_mun.pdf
2015,3,7,school_mock,social,east-asian-history,solution,manual_review,verified_pending_import,confirmed,official_catalog_and_pdf,not_imported,,https://wdown.ebsi.co.kr/W61001/01exam/20150709/go3/6Ci6nx8d_s_easta_hsj.pdf
2015,3,7,school_mock,social,economics,question,manual_review,verified_pending_import,confirmed,official_catalog_and_pdf,not_imported,,https://wdown.ebsi.co.kr/W61001/01exam/20150709/go3/8s4KWiGt_s_eco_mun.pdf
2015,3,7,school_mock,social,economics,solution,manual_review,verified_pending_import,confirmed,official_catalog_and_pdf,not_imported,,https://wdown.ebsi.co.kr/W61001/01exam/20150709/go3/XsL1c00g_s_eco_hsj.pdf
2015,3,7,school_mock,social,ethics-and-thought,question,manual_review,verified_pending_import,confirmed,official_catalog_and_pdf,not_imported,,https://wdown.ebsi.co.kr/W61001/01exam/20150709/go3/gC81Tbdk_s_yrnss_mun.pdf
2015,3,7,school_mock,social,ethics-and-thought,solution,manual_review,verified_pending_import,confirmed,official_catalog_and_pdf,not_imported,,https://wdown.ebsi.co.kr/W61001/01exam/20150709/go3/SmLAztxc_s_yrnss_hsj.pdf
2015,3,7,school_mock,social,korean-geography,question,manual_review,verified_pending_import,confirmed,official_catalog_and_pdf,not_imported,,https://wdown.ebsi.co.kr/W61001/01exam/20150709/go3/3HvoFOAm_s_hanji_mun.pdf
2015,3,7,school_mock,social,korean-geography,solution,manual_review,verified_pending_import,confirmed,official_catalog_and_pdf,not_imported,,https://wdown.ebsi.co.kr/W61001/01exam/20150709/go3/EaJswFCH_s_hanji_hsj.pdf
2015,3,7,school_mock,social,life-and-ethics-general,question,manual_review,verified_pending_import,confirmed,official_catalog_and_pdf,not_imported,,https://wdown.ebsi.co.kr/W61001/01exam/20150709/go3/YAPNXRPm_s_ssnyr_mun.pdf
2015,3,7,school_mock,social,life-and-ethics-general,solution,manual_review,verified_pending_import,confirmed,official_catalog_and_pdf,not_imported,,https://wdown.ebsi.co.kr/W61001/01exam/20150709/go3/carcR4ZD_s_ssnyr_hsj.pdf
2015,3,7,school_mock,social,politics-and-law,question,manual_review,verified_pending_import,confirmed,official_catalog_and_pdf,not_imported,,https://wdown.ebsi.co.kr/W61001/01exam/20150709/go3/ILoygXLs_s_bnj_mun.pdf
2015,3,7,school_mock,social,politics-and-law,solution,manual_review,verified_pending_import,confirmed,official_catalog_and_pdf,not_imported,,https://wdown.ebsi.co.kr/W61001/01exam/20150709/go3/xpTljBOh_s_bnj_hsj.pdf
2015,3,7,school_mock,social,social-culture,question,manual_review,verified_pending_import,confirmed,official_catalog_and_pdf,not_imported,,https://wdown.ebsi.co.kr/W61001/01exam/20150709/go3/oZolmRBa_s_samun_mun.pdf
2015,3,7,school_mock,social,social-culture,solution,manual_review,verified_pending_import,confirmed,official_catalog_and_pdf,not_imported,,https://wdown.ebsi.co.kr/W61001/01exam/20150709/go3/YFkuutSg_s_samun_hsj.pdf
2015,3,7,school_mock,social,world-geography,question,manual_review,verified_pending_import,confirmed,official_catalog_and_pdf,not_imported,,https://wdown.ebsi.co.kr/W61001/01exam/20150709/go3/Ozyfyz5b_s_saeji_mun.pdf
2015,3,7,school_mock,social,world-geography,solution,manual_review,verified_pending_import,confirmed,official_catalog_and_pdf,not_imported,,https://wdown.ebsi.co.kr/W61001/01exam/20150709/go3/6KZmcK8r_s_saeji_hsj.pdf
2015,3,7,school_mock,social,world-history,question,manual_review,verified_pending_import,confirmed,official_catalog_and_pdf,not_imported,,https://wdown.ebsi.co.kr/W61001/01exam/20150709/go3/yDd3OJXs_s_sks_mun.pdf
2015,3,7,school_mock,social,world-history,solution,manual_review,verified_pending_import,confirmed,official_catalog_and_pdf,not_imported,,https://wdown.ebsi.co.kr/W61001/01exam/20150709/go3/NQptgFrY_s_sks_hsj.pdf
2015,3,7,school_mock,science,chemistry-1,question,manual_review,verified_pending_import,confirmed,official_catalog_and_pdf,not_imported,,https://wdown.ebsi.co.kr/W61001/01exam/20150709/go3/SnRMWuLn_g_che1_mun.pdf
2015,3,7,school_mock,science,chemistry-1,solution,manual_review,verified_pending_import,confirmed,official_catalog_and_pdf,not_imported,,https://wdown.ebsi.co.kr/W61001/01exam/20150709/go3/5U9T3TGJ_g_che1_hsj.pdf
2015,3,7,school_mock,science,chemistry-2,question,manual_review,verified_pending_import,confirmed,official_catalog_and_pdf,not_imported,,https://wdown.ebsi.co.kr/W61001/01exam/20150709/go3/6pkNzPZr_g_che2_mun.pdf
2015,3,7,school_mock,science,chemistry-2,solution,manual_review,verified_pending_import,confirmed,official_catalog_and_pdf,not_imported,,https://wdown.ebsi.co.kr/W61001/01exam/20150709/go3/IkyPzGNs_g_che2_hsj.pdf
2015,3,7,school_mock,science,earth-science-1,question,manual_review,verified_pending_import,confirmed,official_catalog_and_pdf,not_imported,,https://wdown.ebsi.co.kr/W61001/01exam/20150709/go3/zfoV1qdi_g_ear1_mun.pdf
2015,3,7,school_mock,science,earth-science-1,solution,manual_review,verified_pending_import,confirmed,official_catalog_and_pdf,not_imported,,https://wdown.ebsi.co.kr/W61001/01exam/20150709/go3/ixjnzi95_g_ear1_hsj.pdf
2015,3,7,school_mock,science,earth-science-2,question,manual_review,verified_pending_import,confirmed,official_catalog_and_pdf,not_imported,,https://wdown.ebsi.co.kr/W61001/01exam/20150709/go3/hYQYx3G5_g_ear2_mun.pdf
2015,3,7,school_mock,science,earth-science-2,solution,manual_review,verified_pending_import,confirmed,official_catalog_and_pdf,not_imported,,https://wdown.ebsi.co.kr/W61001/01exam/20150709/go3/aYY61LEd_g_ear2_hsj.pdf
2015,3,7,school_mock,science,life-science-1,question,manual_review,verified_pending_import,confirmed,official_catalog_and_pdf,not_imported,,https://wdown.ebsi.co.kr/W61001/01exam/20150709/go3/2TUSzbAU_g_bio1_mun.pdf
2015,3,7,school_mock,science,life-science-1,solution,manual_review,verified_pending_import,confirmed,official_catalog_and_pdf,not_imported,,https://wdown.ebsi.co.kr/W61001/01exam/20150709/go3/fKRfcjcM_g_bio1_hsj.pdf
2015,3,7,school_mock,science,life-science-2,question,manual_review,verified_pending_import,confirmed,official_catalog_and_pdf,not_imported,,https://wdown.ebsi.co.kr/W61001/01exam/20150709/go3/okLQ8aZR_g_bio2_mun.pdf
2015,3,7,school_mock,science,life-science-2,solution,manual_review,verified_pending_import,confirmed,official_catalog_and_pdf,not_imported,,https://wdown.ebsi.co.kr/W61001/01exam/20150709/go3/hQdOgl4r_g_bio2_hsj.pdf
2015,3,7,school_mock,science,physics-1,question,manual_review,verified_pending_import,confirmed,official_catalog_and_pdf,not_imported,,https://wdown.ebsi.co.kr/W61001/01exam/20150709/go3/cOrBLSAQ_g_phy1_mun.pdf
2015,3,7,school_mock,science,physics-1,solution,manual_review,verified_pending_import,confirmed,official_catalog_and_pdf,not_imported,,https://wdown.ebsi.co.kr/W61001/01exam/20150709/go3/V6uPDVni_g_phy1_hsj.pdf
2015,3,7,school_mock,science,physics-2,question,manual_review,verified_pending_import,confirmed,official_catalog_and_pdf,not_imported,,https://wdown.ebsi.co.kr/W61001/01exam/20150709/go3/HfqR77bi_g_phy2_mun.pdf
2015,3,7,school_mock,science,physics-2,solution,manual_review,verified_pending_import,confirmed,official_catalog_and_pdf,not_imported,,https://wdown.ebsi.co.kr/W61001/01exam/20150709/go3/eLYCT4aJ_g_phy2_hsj.pdf
2015,3,9,kice_mock,korean,korean-a,question,manual_review,verified_pending_import,confirmed,official_catalog_and_pdf,not_imported,,https://wdown.ebsi.co.kr/W61001/01exam/20150902/go3/EAOeIiGX_kora_mun.pdf
2015,3,9,kice_mock,korean,korean-a,solution,manual_review,verified_pending_import,confirmed,official_catalog_and_pdf,not_imported,,https://wdown.ebsi.co.kr/W61001/01exam/20150902/go3/1CCsQwY6Y_kora_hsj.pdf
2015,3,9,kice_mock,korean,korean-b,question,manual_review,verified_pending_import,confirmed,official_catalog_and_pdf,not_imported,,https://wdown.ebsi.co.kr/W61001/01exam/20150902/go3/2HlidcDjo_korb_mun.pdf
2015,3,9,kice_mock,korean,korean-b,solution,manual_review,verified_pending_import,confirmed,official_catalog_and_pdf,not_imported,,https://wdown.ebsi.co.kr/W61001/01exam/20150902/go3/1carcR4ZD_korb_hsj.pdf
2015,3,9,kice_mock,math,math-a,question,manual_review,verified_pending_import,confirmed,official_catalog_and_pdf,not_imported,,https://wdown.ebsi.co.kr/W61001/01exam/20150902/go3/gC81TCdl_matha_mun.pdf
2015,3,9,kice_mock,math,math-a,solution,manual_review,verified_pending_import,confirmed,official_catalog_and_pdf,not_imported,,https://wdown.ebsi.co.kr/W61001/01exam/20150902/go3/11o8yfogl_matha_hsj.pdf
2015,3,9,kice_mock,math,math-b,question,manual_review,verified_pending_import,confirmed,official_catalog_and_pdf,not_imported,,https://wdown.ebsi.co.kr/W61001/01exam/20150902/go3/JXrRjCDt_mathb_mun.pdf
2015,3,9,kice_mock,math,math-b,solution,manual_review,verified_pending_import,confirmed,official_catalog_and_pdf,not_imported,,https://wdown.ebsi.co.kr/W61001/01exam/20150902/go3/1EaJswFCH_mathb_hsj.pdf
2015,3,9,kice_mock,english,,question,manual_review,verified_pending_import,confirmed,official_catalog_and_pdf,not_imported,,https://wdown.ebsi.co.kr/W61001/01exam/20150902/go3/Ozyfyz5C_eng_mun.pdf
2015,3,9,kice_mock,english,,solution,manual_review,verified_pending_import,confirmed,official_catalog_and_pdf,not_imported,,https://wdown.ebsi.co.kr/W61001/01exam/20150902/go3/16CeUzmRf_eng_hsj.pdf
2015,3,9,kice_mock,history,,question,manual_review,verified_pending_import,confirmed,official_catalog_and_pdf,not_imported,,https://wdown.ebsi.co.kr/W61001/01exam/20150902/go3/YFluutSg_s_his_mun.pdf
2015,3,9,kice_mock,history,,solution,manual_review,verified_pending_import,confirmed,official_catalog_and_pdf,not_imported,,https://wdown.ebsi.co.kr/W61001/01exam/20150902/go3/1V6uCDVni_s_his_hsj.pdf
2015,3,9,kice_mock,social,east-asian-history,question,manual_review,verified_pending_import,confirmed,official_catalog_and_pdf,not_imported,,https://wdown.ebsi.co.kr/W61001/01exam/20150902/go3/HfqR77Ci_s_easta_mun.pdf
2015,3,9,kice_mock,social,east-asian-history,solution,manual_review,verified_pending_import,confirmed,official_catalog_and_pdf,not_imported,,https://wdown.ebsi.co.kr/W61001/01exam/20150902/go3/6ClNzCZr_s_easta_hsj.pdf
2015,3,9,kice_mock,social,economics,question,manual_review,verified_pending_import,confirmed,official_catalog_and_pdf,not_imported,,https://wdown.ebsi.co.kr/W61001/01exam/20150902/go3/69RlLCgT_s_eco_mun.pdf
2015,3,9,kice_mock,social,economics,solution,manual_review,verified_pending_import,confirmed,official_catalog_and_pdf,not_imported,,https://wdown.ebsi.co.kr/W61001/01exam/20150902/go3/C1s7nlT9_s_eco_hsj.pdf
2015,3,9,kice_mock,social,ethics-and-thought,question,manual_review,verified_pending_import,confirmed,official_catalog_and_pdf,not_imported,,https://wdown.ebsi.co.kr/W61001/01exam/20150902/go3/8s4lWiGt_s_yrnss_mun.pdf
2015,3,9,kice_mock,social,ethics-and-thought,solution,manual_review,verified_pending_import,confirmed,official_catalog_and_pdf,not_imported,,https://wdown.ebsi.co.kr/W61001/01exam/20150902/go3/oZolmRCa_s_yrnss_hsj.pdf
2015,3,9,kice_mock,social,korean-geography,question,manual_review,verified_pending_import,confirmed,official_catalog_and_pdf,not_imported,,https://wdown.ebsi.co.kr/W61001/01exam/20150902/go3/SnRMWuLn_s_hanji_mun.pdf
2015,3,9,kice_mock,social,korean-geography,solution,manual_review,verified_pending_import,confirmed,official_catalog_and_pdf,not_imported,,https://wdown.ebsi.co.kr/W61001/01exam/20150902/go3/9TUSzCAU_s_hanji_hsj.pdf
2015,3,9,kice_mock,social,life-and-ethics-general,question,manual_review,verified_pending_import,confirmed,official_catalog_and_pdf,not_imported,,https://wdown.ebsi.co.kr/W61001/01exam/20150902/go3/NQCtgFrY_s_ssnyr_mun.pdf
2015,3,9,kice_mock,social,life-and-ethics-general,solution,manual_review,verified_pending_import,confirmed,official_catalog_and_pdf,not_imported,,https://wdown.ebsi.co.kr/W61001/01exam/20150902/go3/2xCTljCOh_s_ssnyr_hsj.pdf
2015,3,9,kice_mock,social,politics-and-law,question,manual_review,verified_pending_import,confirmed,official_catalog_and_pdf,not_imported,,https://wdown.ebsi.co.kr/W61001/01exam/20150902/go3/hYQYx1G5_s_bnj_mun.pdf
2015,3,9,kice_mock,social,politics-and-law,solution,manual_review,verified_pending_import,confirmed,official_catalog_and_pdf,not_imported,,https://wdown.ebsi.co.kr/W61001/01exam/20150902/go3/yt1cew8l_s_bnj_hsj.pdf
2015,3,9,kice_mock,social,social-culture,question,manual_review,verified_pending_import,confirmed,official_catalog_and_pdf,not_imported,,https://wdown.ebsi.co.kr/W61001/01exam/20150902/go3/NqFJ1sl1_s_samun_mun.pdf
2015,3,9,kice_mock,social,social-culture,solution,manual_review,verified_pending_import,confirmed,official_catalog_and_pdf,not_imported,,https://wdown.ebsi.co.kr/W61001/01exam/20150902/go3/tQvAauNj_s_samun_hsj.pdf
2015,3,9,kice_mock,social,world-geography,question,manual_review,verified_pending_import,confirmed,official_catalog_and_pdf,not_imported,,https://wdown.ebsi.co.kr/W61001/01exam/20150902/go3/flRfcjcM_s_saeji_mun.pdf
2015,3,9,kice_mock,social,world-geography,solution,manual_review,verified_pending_import,confirmed,official_catalog_and_pdf,not_imported,,https://wdown.ebsi.co.kr/W61001/01exam/20150902/go3/ixjnzi95_s_saeji_hsj.pdf
2015,3,9,kice_mock,social,world-history,question,manual_review,verified_pending_import,confirmed,official_catalog_and_pdf,not_imported,,https://wdown.ebsi.co.kr/W61001/01exam/20150902/go3/IlyCzGNs_s_sks_mun.pdf
2015,3,9,kice_mock,social,world-history,solution,manual_review,verified_pending_import,confirmed,official_catalog_and_pdf,not_imported,,https://wdown.ebsi.co.kr/W61001/01exam/20150902/go3/hQdOgl4r_s_sks_hsj.pdf
2015,3,9,kice_mock,science,chemistry-1,question,manual_review,verified_pending_import,confirmed,official_catalog_and_pdf,not_imported,,https://wdown.ebsi.co.kr/W61001/01exam/20150902/go3/CgTFur9i_g_che1_mun.pdf
2015,3,9,kice_mock,science,chemistry-1,solution,manual_review,verified_pending_import,confirmed,official_catalog_and_pdf,not_imported,,https://wdown.ebsi.co.kr/W61001/01exam/20150902/go3/l6CYzDaC_g_che1_hsj.pdf
2015,3,9,kice_mock,science,chemistry-2,question,manual_review,verified_pending_import,confirmed,official_catalog_and_pdf,not_imported,,https://wdown.ebsi.co.kr/W61001/01exam/20150902/go3/r8ClCLlT_g_che2_mun.pdf
2015,3,9,kice_mock,science,chemistry-2,solution,manual_review,verified_pending_import,confirmed,official_catalog_and_pdf,not_imported,,https://wdown.ebsi.co.kr/W61001/01exam/20150902/go3/2TaogxLDC_g_che2_hsj.pdf
2015,3,9,kice_mock,science,earth-science-1,question,manual_review,verified_pending_import,confirmed,official_catalog_and_pdf,not_imported,,https://wdown.ebsi.co.kr/W61001/01exam/20150902/go3/0OUIHNlj_g_ear1_mun.pdf
2015,3,9,kice_mock,science,earth-science-1,solution,manual_review,verified_pending_import,confirmed,official_catalog_and_pdf,not_imported,,https://wdown.ebsi.co.kr/W61001/01exam/20150902/go3/LZCHusMj_g_ear1_hsj.pdf
2015,3,9,kice_mock,science,earth-science-2,question,manual_review,verified_pending_import,confirmed,official_catalog_and_pdf,not_imported,,https://wdown.ebsi.co.kr/W61001/01exam/20150902/go3/jfNLnlyg_g_ear2_mun.pdf
2015,3,9,kice_mock,science,earth-science-2,solution,manual_review,verified_pending_import,confirmed,official_catalog_and_pdf,not_imported,,https://wdown.ebsi.co.kr/W61001/01exam/20150902/go3/FCrhMOgR_g_ear2_hsj.pdf
2015,3,9,kice_mock,science,life-science-1,question,manual_review,verified_pending_import,confirmed,official_catalog_and_pdf,not_imported,,https://wdown.ebsi.co.kr/W61001/01exam/20150902/go3/igCasSmz_g_bio1_mun.pdf
2015,3,9,kice_mock,science,life-science-1,solution,manual_review,verified_pending_import,confirmed,official_catalog_and_pdf,not_imported,,https://wdown.ebsi.co.kr/W61001/01exam/20150902/go3/uT6Ssuot_g_bio1_hsj.pdf
2015,3,9,kice_mock,science,life-science-2,question,manual_review,verified_pending_import,confirmed,official_catalog_and_pdf,not_imported,,https://wdown.ebsi.co.kr/W61001/01exam/20150902/go3/7mvjlO99_g_bio2_mun.pdf
2015,3,9,kice_mock,science,life-science-2,solution,manual_review,verified_pending_import,confirmed,official_catalog_and_pdf,not_imported,,https://wdown.ebsi.co.kr/W61001/01exam/20150902/go3/08N8yxdZ_g_bio2_hsj.pdf
2015,3,9,kice_mock,science,physics-1,question,manual_review,verified_pending_import,confirmed,official_catalog_and_pdf,not_imported,,https://wdown.ebsi.co.kr/W61001/01exam/20150902/go3/VuMhvqgS_g_phy1_mun.pdf
2015,3,9,kice_mock,science,physics-1,solution,manual_review,verified_pending_import,confirmed,official_catalog_and_pdf,not_imported,,https://wdown.ebsi.co.kr/W61001/01exam/20150902/go3/CmsCH9q6_g_phy1_hsj.pdf
2015,3,9,kice_mock,science,physics-2,question,manual_review,verified_pending_import,confirmed,official_catalog_and_pdf,not_imported,,https://wdown.ebsi.co.kr/W61001/01exam/20150902/go3/QHtMFaul_g_phy2_mun.pdf
2015,3,9,kice_mock,science,physics-2,solution,manual_review,verified_pending_import,confirmed,official_catalog_and_pdf,not_imported,,https://wdown.ebsi.co.kr/W61001/01exam/20150902/go3/CFR6slCE_g_phy2_hsj.pdf
2015,3,9,kice_mock,vocational,agriculture-bio-industry,question,manual_review,verified_pending_import,confirmed,official_catalog_and_pdf,not_imported,,https://wdown.ebsi.co.kr/W61001/01exam/20150902/go3/GlQ6mCyS_J_nsmsup_mun.pdf
2015,3,9,kice_mock,vocational,agriculture-bio-industry,solution,manual_review,verified_pending_import,confirmed,official_catalog_and_pdf,not_imported,,https://wdown.ebsi.co.kr/W61001/01exam/20150902/go3/WEsCl11T_J_nsmsup_hsj.pdf
2015,3,9,kice_mock,vocational,commerce-information,question,manual_review,verified_pending_import,confirmed,official_catalog_and_pdf,not_imported,,https://wdown.ebsi.co.kr/W61001/01exam/20150902/go3/TmIClmCc_J_supjb_mun.pdf
2015,3,9,kice_mock,vocational,commerce-information,solution,manual_review,verified_pending_import,confirmed,official_catalog_and_pdf,not_imported,,https://wdown.ebsi.co.kr/W61001/01exam/20150902/go3/1Ed98lIN_J_supjb_hsj.pdf
2015,3,9,kice_mock,vocational,fisheries-shipping,question,manual_review,verified_pending_import,confirmed,official_catalog_and_pdf,not_imported,,https://wdown.ebsi.co.kr/W61001/01exam/20150902/go3/4MmXlCnz_J_ssnw_mun.pdf
2015,3,9,kice_mock,vocational,fisheries-shipping,solution,manual_review,verified_pending_import,confirmed,official_catalog_and_pdf,not_imported,,https://wdown.ebsi.co.kr/W61001/01exam/20150902/go3/qDCZx4FR_J_ssnw_hsj.pdf
2015,3,9,kice_mock,vocational,home-economics-industry,question,manual_review,verified_pending_import,confirmed,official_catalog_and_pdf,not_imported,,https://wdown.ebsi.co.kr/W61001/01exam/20150902/go3/0rmTIVvL_J_gsnsup_mun.pdf
2015,3,9,kice_mock,vocational,home-economics-industry,solution,manual_review,verified_pending_import,confirmed,official_catalog_and_pdf,not_imported,,https://wdown.ebsi.co.kr/W61001/01exam/20150902/go3/XZZTHfyQ_J_gsnsup_hsj.pdf
2015,3,9,kice_mock,vocational,industry,question,manual_review,verified_pending_import,confirmed,official_catalog_and_pdf,not_imported,,https://wdown.ebsi.co.kr/W61001/01exam/20150902/go3/Z14eCa1l_J_gup_mun.pdf
2015,3,9,kice_mock,vocational,industry,solution,manual_review,verified_pending_import,confirmed,official_catalog_and_pdf,not_imported,,https://wdown.ebsi.co.kr/W61001/01exam/20150902/go3/MNFmWAFs_J_gup_hsj.pdf
2015,3,9,kice_mock,second_language,arabic-1,question,manual_review,verified_pending_import,confirmed,official_catalog_and_pdf,not_imported,,https://wdown.ebsi.co.kr/W61001/01exam/20150902/go3/0ZlfzDsl_2nd_ar1_mun.pdf
2015,3,9,kice_mock,second_language,arabic-1,solution,manual_review,verified_pending_import,confirmed,official_catalog_and_pdf,not_imported,,https://wdown.ebsi.co.kr/W61001/01exam/20150902/go3/YllCLTlU_2nd_ar1_hsj_3.pdf
2015,3,9,kice_mock,second_language,chinese-1,question,manual_review,verified_pending_import,confirmed,official_catalog_and_pdf,not_imported,,https://wdown.ebsi.co.kr/W61001/01exam/20150902/go3/CClC7Ie8_2nd_ch1_mun.pdf
2015,3,9,kice_mock,second_language,chinese-1,solution,manual_review,verified_pending_import,confirmed,official_catalog_and_pdf,not_imported,,https://wdown.ebsi.co.kr/W61001/01exam/20150902/go3/vjClQTGC_2nd_ch1_hsj.pdf
2015,3,9,kice_mock,second_language,classical-chinese-1,question,manual_review,verified_pending_import,confirmed,official_catalog_and_pdf,not_imported,,https://wdown.ebsi.co.kr/W61001/01exam/20150902/go3/TyfCefLJ_2nd_han_mun.pdf
2015,3,9,kice_mock,second_language,classical-chinese-1,solution,manual_review,verified_pending_import,confirmed,official_catalog_and_pdf,not_imported,,https://wdown.ebsi.co.kr/W61001/01exam/20150902/go3/VJCjc0D5_2nd_han_hsj.pdf
2015,3,9,kice_mock,second_language,french-1,question,manual_review,verified_pending_import,confirmed,official_catalog_and_pdf,not_imported,,https://wdown.ebsi.co.kr/W61001/01exam/20150902/go3/WE9ql9Rl_2nd_fr1_mun.pdf
2015,3,9,kice_mock,second_language,french-1,solution,manual_review,verified_pending_import,confirmed,official_catalog_and_pdf,not_imported,,https://wdown.ebsi.co.kr/W61001/01exam/20150902/go3/N1qljWwY_2nd_fr1_hsj.pdf
2015,3,9,kice_mock,second_language,german-1,question,manual_review,verified_pending_import,confirmed,official_catalog_and_pdf,not_imported,,https://wdown.ebsi.co.kr/W61001/01exam/20150902/go3/geDlvCEl_2nd_gr1_mun.pdf
2015,3,9,kice_mock,second_language,german-1,solution,manual_review,verified_pending_import,confirmed,official_catalog_and_pdf,not_imported,,https://wdown.ebsi.co.kr/W61001/01exam/20150902/go3/jxe0ymQ1_2nd_gr1_hsj.pdf
2015,3,9,kice_mock,second_language,japanese-1,question,manual_review,verified_pending_import,confirmed,official_catalog_and_pdf,not_imported,,https://wdown.ebsi.co.kr/W61001/01exam/20150902/go3/aoG1VRIj_2nd_ja1_mun.pdf
2015,3,9,kice_mock,second_language,japanese-1,solution,manual_review,verified_pending_import,confirmed,official_catalog_and_pdf,not_imported,,https://wdown.ebsi.co.kr/W61001/01exam/20150902/go3/CH8J0sca_2nd_ja1_hsj.pdf
2015,3,9,kice_mock,second_language,russian-1,question,manual_review,verified_pending_import,confirmed,official_catalog_and_pdf,not_imported,,https://wdown.ebsi.co.kr/W61001/01exam/20150902/go3/0VnlC4lt_2nd_ru1_mun.pdf
2015,3,9,kice_mock,second_language,russian-1,solution,manual_review,verified_pending_import,confirmed,official_catalog_and_pdf,not_imported,,https://wdown.ebsi.co.kr/W61001/01exam/20150902/go3/0Gxw8Zw5_2nd_ru1_hsj.pdf
2015,3,9,kice_mock,second_language,spanish-1,question,manual_review,verified_pending_import,confirmed,official_catalog_and_pdf,not_imported,,https://wdown.ebsi.co.kr/W61001/01exam/20150902/go3/V6QcqnWw_2nd_sp1_mun.pdf
2015,3,9,kice_mock,second_language,spanish-1,solution,manual_review,verified_pending_import,confirmed,official_catalog_and_pdf,not_imported,,https://wdown.ebsi.co.kr/W61001/01exam/20150902/go3/TX5V1Gyl_2nd_sp1_hsj.pdf
2015,3,9,kice_mock,second_language,vietnamese-1,question,manual_review,verified_pending_import,confirmed,official_catalog_and_pdf,not_imported,,https://wdown.ebsi.co.kr/W61001/01exam/20150902/go3/D5euwdUT_2nd_vit_mun.pdf
2015,3,9,kice_mock,second_language,vietnamese-1,solution,manual_review,verified_pending_import,confirmed,official_catalog_and_pdf,not_imported,,https://wdown.ebsi.co.kr/W61001/01exam/20150902/go3/m01yMJiQ_2nd_vit_hsj.pdf
2015,3,10,school_mock,korean,korean-a,question,manual_review,verified_pending_import,confirmed,official_catalog_and_pdf,not_imported,,https://wdown.ebsi.co.kr/W61001/01exam/20151013/go3/fWoqFXfy_kora_mun.pdf
2015,3,10,school_mock,korean,korean-a,solution,manual_review,verified_pending_import,confirmed,official_catalog_and_pdf,not_imported,,https://wdown.ebsi.co.kr/W61001/01exam/20151013/go3/Y0QUUBPc_kora_hsj.pdf
2015,3,10,school_mock,korean,korean-b,question,manual_review,verified_pending_import,confirmed,official_catalog_and_pdf,not_imported,,https://wdown.ebsi.co.kr/W61001/01exam/20151013/go3/Zi71mrvo_korb_mun.pdf
2015,3,10,school_mock,korean,korean-b,solution,manual_review,verified_pending_import,confirmed,official_catalog_and_pdf,not_imported,,https://wdown.ebsi.co.kr/W61001/01exam/20151013/go3/GdKO8FNp_korb_hsj.pdf
2015,3,10,school_mock,math,math-a,question,manual_review,verified_pending_import,confirmed,official_catalog_and_pdf,not_imported,,https://wdown.ebsi.co.kr/W61001/01exam/20151013/go3/yLAPDVXL_matha_mun.pdf
2015,3,10,school_mock,math,math-a,solution,manual_review,verified_pending_import,confirmed,official_catalog_and_pdf,not_imported,,https://wdown.ebsi.co.kr/W61001/01exam/20151013/go3/uSbh29cM_matha_hsj.pdf
2015,3,10,school_mock,math,math-b,question,manual_review,verified_pending_import,confirmed,official_catalog_and_pdf,not_imported,,https://wdown.ebsi.co.kr/W61001/01exam/20151013/go3/3oryKFRJ_mathb_mun.pdf
2015,3,10,school_mock,math,math-b,solution,manual_review,verified_pending_import,confirmed,official_catalog_and_pdf,not_imported,,https://wdown.ebsi.co.kr/W61001/01exam/20151013/go3/rzdDW6lC_mathb_hsj.pdf
2015,3,10,school_mock,english,,question,manual_review,verified_pending_import,confirmed,official_catalog_and_pdf,not_imported,,https://wdown.ebsi.co.kr/W61001/01exam/20151013/go3/Px33E1io1_eng_mun.pdf
2015,3,10,school_mock,english,,solution,manual_review,verified_pending_import,confirmed,official_catalog_and_pdf,not_imported,,https://wdown.ebsi.co.kr/W61001/01exam/20151013/go3/Wwr2UAaT_eng_hsj.pdf
2015,3,10,school_mock,history,,question,manual_review,verified_pending_import,confirmed,official_catalog_and_pdf,not_imported,,https://wdown.ebsi.co.kr/W61001/01exam/20151013/go3/mWecm9t0_s_his_mun.pdf
2015,3,10,school_mock,history,,solution,manual_review,verified_pending_import,confirmed,official_catalog_and_pdf,not_imported,,https://wdown.ebsi.co.kr/W61001/01exam/20151013/go3/CI76rOJh_s_his_hsj.pdf
2015,3,10,school_mock,social,east-asian-history,question,manual_review,verified_pending_import,confirmed,official_catalog_and_pdf,not_imported,,https://wdown.ebsi.co.kr/W61001/01exam/20151013/go3/LI9mK6PY_s_easta_mun.pdf
2015,3,10,school_mock,social,east-asian-history,solution,manual_review,verified_pending_import,confirmed,official_catalog_and_pdf,not_imported,,https://wdown.ebsi.co.kr/W61001/01exam/20151013/go3/zDabigPa_s_easta_hsj.pdf
2015,3,10,school_mock,social,economics,question,manual_review,verified_pending_import,confirmed,official_catalog_and_pdf,not_imported,,https://wdown.ebsi.co.kr/W61001/01exam/20151013/go3/ApwOLZCH_s_eco_mun.pdf
2015,3,10,school_mock,social,economics,solution,manual_review,verified_pending_import,confirmed,official_catalog_and_pdf,not_imported,,https://wdown.ebsi.co.kr/W61001/01exam/20151013/go3/usMjQHtM_s_eco_hsj.pdf
2015,3,10,school_mock,social,ethics-and-thought,question,manual_review,verified_pending_import,confirmed,official_catalog_and_pdf,not_imported,,https://wdown.ebsi.co.kr/W61001/01exam/20151013/go3/456UnHAa_s_yrnss_mun.pdf
2015,3,10,school_mock,social,ethics-and-thought,solution,manual_review,verified_pending_import,confirmed,official_catalog_and_pdf,not_imported,,https://wdown.ebsi.co.kr/W61001/01exam/20151013/go3/az7EjQxz_s_yrnss_hsj.pdf
2015,3,10,school_mock,social,korean-geography,question,manual_review,verified_pending_import,confirmed,official_catalog_and_pdf,not_imported,,https://wdown.ebsi.co.kr/W61001/01exam/20151013/go3/KPc99ir3_s_hanji_mun.pdf
2015,3,10,school_mock,social,korean-geography,solution,manual_review,verified_pending_import,confirmed,official_catalog_and_pdf,not_imported,,https://wdown.ebsi.co.kr/W61001/01exam/20151013/go3/wSimD3Jk_s_hanji_hsj.pdf
2015,3,10,school_mock,social,life-and-ethics-general,question,manual_review,verified_pending_import,confirmed,official_catalog_and_pdf,not_imported,,https://wdown.ebsi.co.kr/W61001/01exam/20151013/go3/NzscE8Np_s_ssnyr_mun.pdf
2015,3,10,school_mock,social,life-and-ethics-general,solution,manual_review,verified_pending_import,confirmed,official_catalog_and_pdf,not_imported,,https://wdown.ebsi.co.kr/W61001/01exam/20151013/go3/qhNPPzQT_s_ssnyr_hsj.pdf
2015,3,10,school_mock,social,politics-and-law,question,manual_review,verified_pending_import,confirmed,official_catalog_and_pdf,not_imported,,https://wdown.ebsi.co.kr/W61001/01exam/20151013/go3/suot0OUI_s_bnj_mun.pdf
2015,3,10,school_mock,social,politics-and-law,solution,manual_review,verified_pending_import,confirmed,official_catalog_and_pdf,not_imported,,https://wdown.ebsi.co.kr/W61001/01exam/20151013/go3/HNkjgJKV_s_bnj_hsj.pdf
2015,3,10,school_mock,social,social-culture,question,manual_review,verified_pending_import,confirmed,official_catalog_and_pdf,not_imported,,https://wdown.ebsi.co.kr/W61001/01exam/20151013/go3/FaukyCKD_s_samun_mun.pdf
2015,3,10,school_mock,social,social-culture,solution,manual_review,verified_pending_import,confirmed,official_catalog_and_pdf,not_imported,,https://wdown.ebsi.co.kr/W61001/01exam/20151013/go3/kb9pPFR6_s_samun_hsj.pdf
2015,3,10,school_mock,social,world-geography,question,manual_review,verified_pending_import,confirmed,official_catalog_and_pdf,not_imported,,https://wdown.ebsi.co.kr/W61001/01exam/20151013/go3/UwWpSWer_s_saeji_mun.pdf
2015,3,10,school_mock,social,world-geography,solution,manual_review,verified_pending_import,confirmed,official_catalog_and_pdf,not_imported,,https://wdown.ebsi.co.kr/W61001/01exam/20151013/go3/Oc0Ne0Pa_s_saeji_hsj.pdf
2015,3,10,school_mock,social,world-history,question,manual_review,verified_pending_import,confirmed,official_catalog_and_pdf,not_imported,,https://wdown.ebsi.co.kr/W61001/01exam/20151013/go3/sSmz6UuE_s_sks_mun.pdf
2015,3,10,school_mock,social,world-history,solution,manual_review,verified_pending_import,confirmed,official_catalog_and_pdf,not_imported,,https://wdown.ebsi.co.kr/W61001/01exam/20151013/go3/hjJ8uT6S_s_sks_hsj.pdf
2015,3,10,school_mock,science,chemistry-1,question,manual_review,verified_pending_import,confirmed,official_catalog_and_pdf,not_imported,,https://wdown.ebsi.co.kr/W61001/01exam/20151013/go3/luLCTaog_g_che1_mun.pdf
2015,3,10,school_mock,science,chemistry-1,solution,manual_review,verified_pending_import,confirmed,official_catalog_and_pdf,not_imported,,https://wdown.ebsi.co.kr/W61001/01exam/20151013/go3/xLDp7mvj_g_che11_hsj.pdf
2015,3,10,school_mock,science,chemistry-2,question,manual_review,verified_pending_import,confirmed,official_catalog_and_pdf,not_imported,,https://wdown.ebsi.co.kr/W61001/01exam/20151013/go3/mBySsxVY_g_che2_mun.pdf
2015,3,10,school_mock,science,chemistry-2,solution,manual_review,verified_pending_import,confirmed,official_catalog_and_pdf,not_imported,,https://wdown.ebsi.co.kr/W61001/01exam/20151013/go3/60mJWEsB_g_che2_hsj.pdf
2015,3,10,school_mock,science,earth-science-1,question,manual_review,verified_pending_import,confirmed,official_catalog_and_pdf,not_imported,,https://wdown.ebsi.co.kr/W61001/01exam/20151013/go3/yxdZjfNL_g_ear1_mun.pdf
2015,3,10,school_mock,science,earth-science-1,solution,manual_review,verified_pending_import,confirmed,official_catalog_and_pdf,not_imported,,https://wdown.ebsi.co.kr/W61001/01exam/20151013/go3/nlyg35sQ_g_ear1_hsj.pdf
2015,3,10,school_mock,science,earth-science-2,question,manual_review,verified_pending_import,confirmed,official_catalog_and_pdf,not_imported,,https://wdown.ebsi.co.kr/W61001/01exam/20151013/go3/sfGdMNFm_g_ear2_mun.pdf
2015,3,10,school_mock,science,earth-science-2,solution,manual_review,verified_pending_import,confirmed,official_catalog_and_pdf,not_imported,,https://wdown.ebsi.co.kr/W61001/01exam/20151013/go3/WAFsTmIC_g_ear2_hsj.pdf
2015,3,10,school_mock,science,life-science-1,question,manual_review,verified_pending_import,confirmed,official_catalog_and_pdf,not_imported,,https://wdown.ebsi.co.kr/W61001/01exam/20151013/go3/kO22ZhCl_g_bio1_mun.pdf
2015,3,10,school_mock,science,life-science-1,solution,manual_review,verified_pending_import,confirmed,official_catalog_and_pdf,not_imported,,https://wdown.ebsi.co.kr/W61001/01exam/20151013/go3/8aii08N8_g_bio1_hsj.pdf
2015,3,10,school_mock,science,life-science-2,question,manual_review,verified_pending_import,confirmed,official_catalog_and_pdf,not_imported,,https://wdown.ebsi.co.kr/W61001/01exam/20151013/go3/k31TZ14e_g_bio2_mun.pdf
2015,3,10,school_mock,science,life-science-2,solution,manual_review,verified_pending_import,confirmed,official_catalog_and_pdf,not_imported,,https://wdown.ebsi.co.kr/W61001/01exam/20151013/go3/Ba1kg3Am_g_bio2_hsj.pdf
2015,3,10,school_mock,science,physics-1,question,manual_review,verified_pending_import,confirmed,official_catalog_and_pdf,not_imported,,https://wdown.ebsi.co.kr/W61001/01exam/20151013/go3/sKBEr8pk_g_phy1_mun.pdf
2015,3,10,school_mock,science,physics-1,solution,manual_review,verified_pending_import,confirmed,official_catalog_and_pdf,not_imported,,https://wdown.ebsi.co.kr/W61001/01exam/20151013/go3/pLkTgbLY_g_phy1_hsj.pdf
2015,3,10,school_mock,science,physics-2,question,manual_review,verified_pending_import,confirmed,official_catalog_and_pdf,not_imported,,https://wdown.ebsi.co.kr/W61001/01exam/20151013/go3/tgTIFprh_g_phy2_mun.pdf
2015,3,10,school_mock,science,physics-2,solution,manual_review,verified_pending_import,confirmed,official_catalog_and_pdf,not_imported,,https://wdown.ebsi.co.kr/W61001/01exam/20151013/go3/MOgRGkQ6_g_phy2_hsj.pdf
2015,3,10,school_mock,vocational,agriculture-bio-industry,question,manual_review,verified_pending_import,confirmed,official_catalog_and_pdf,not_imported,,https://wdown.ebsi.co.kr/W61001/01exam/20151013/go3/GlQ6mCyS_J_nsmsup_mun.pdf
2015,3,10,school_mock,vocational,agriculture-bio-industry,solution,manual_review,verified_pending_import,confirmed,official_catalog_and_pdf,not_imported,,https://wdown.ebsi.co.kr/W61001/01exam/20151013/go3/WEsCl11T_J_nsmsup_hsj.pdf
2015,3,10,school_mock,vocational,commerce-information,question,manual_review,verified_pending_import,confirmed,official_catalog_and_pdf,not_imported,,https://wdown.ebsi.co.kr/W61001/01exam/20151013/go3/TmIClmCc_J_supjb_mun.pdf
2015,3,10,school_mock,vocational,commerce-information,solution,manual_review,verified_pending_import,confirmed,official_catalog_and_pdf,not_imported,,https://wdown.ebsi.co.kr/W61001/01exam/20151013/go3/1Ed98lIN_J_supjb_hsj.pdf
2015,3,10,school_mock,vocational,fisheries-shipping,question,manual_review,verified_pending_import,confirmed,official_catalog_and_pdf,not_imported,,https://wdown.ebsi.co.kr/W61001/01exam/20151013/go3/4MmXlCnz_J_ssnw_mun.pdf
2015,3,10,school_mock,vocational,fisheries-shipping,solution,manual_review,verified_pending_import,confirmed,official_catalog_and_pdf,not_imported,,https://wdown.ebsi.co.kr/W61001/01exam/20151013/go3/qDCZx4FR_J_ssnw_hsj.pdf
2015,3,10,school_mock,vocational,home-economics-industry,question,manual_review,verified_pending_import,confirmed,official_catalog_and_pdf,not_imported,,https://wdown.ebsi.co.kr/W61001/01exam/20151013/go3/0rmTIVvL_J_gsnsup_mun.pdf
2015,3,10,school_mock,vocational,home-economics-industry,solution,manual_review,verified_pending_import,confirmed,official_catalog_and_pdf,not_imported,,https://wdown.ebsi.co.kr/W61001/01exam/20151013/go3/XZZTHfyQ_J_gsnsup_hsj.pdf
2015,3,10,school_mock,vocational,industry,question,manual_review,verified_pending_import,confirmed,official_catalog_and_pdf,not_imported,,https://wdown.ebsi.co.kr/W61001/01exam/20151013/go3/Z14eCa1l_J_gup_mun.pdf
2015,3,10,school_mock,vocational,industry,solution,manual_review,verified_pending_import,confirmed,official_catalog_and_pdf,not_imported,,https://wdown.ebsi.co.kr/W61001/01exam/20151013/go3/MNFmWAFs_J_gup_hsj.pdf
2015,3,10,school_mock,second_language,chinese-1,question,manual_review,verified_pending_import,confirmed,official_catalog_and_pdf,not_imported,,https://wdown.ebsi.co.kr/W61001/01exam/20151013/go3/CClC7Ie8_2nd_ch1_mun.pdf
2015,3,10,school_mock,second_language,chinese-1,solution,manual_review,verified_pending_import,confirmed,official_catalog_and_pdf,not_imported,,https://wdown.ebsi.co.kr/W61001/01exam/20151013/go3/vjClQTGC_2nd_ch1_hsj.pdf
2015,3,10,school_mock,second_language,classical-chinese-1,question,manual_review,verified_pending_import,confirmed,official_catalog_and_pdf,not_imported,,https://wdown.ebsi.co.kr/W61001/01exam/20151013/go3/TyfCefLJ_2nd_han_mun.pdf
2015,3,10,school_mock,second_language,classical-chinese-1,solution,manual_review,verified_pending_import,confirmed,official_catalog_and_pdf,not_imported,,https://wdown.ebsi.co.kr/W61001/01exam/20151013/go3/VJCjc0D5_2nd_han_hsj.pdf
2015,3,10,school_mock,second_language,french-1,question,manual_review,verified_pending_import,confirmed,official_catalog_and_pdf,not_imported,,https://wdown.ebsi.co.kr/W61001/01exam/20151013/go3/WE9ql9Rl_2nd_fr1_mun.pdf
2015,3,10,school_mock,second_language,french-1,solution,manual_review,verified_pending_import,confirmed,official_catalog_and_pdf,not_imported,,https://wdown.ebsi.co.kr/W61001/01exam/20151013/go3/N1qljWwY_2nd_fr1_hsj.pdf
2015,3,10,school_mock,second_language,german-1,question,manual_review,verified_pending_import,confirmed,official_catalog_and_pdf,not_imported,,https://wdown.ebsi.co.kr/W61001/01exam/20151013/go3/geDlvCEl_2nd_gr1_mun.pdf
2015,3,10,school_mock,second_language,german-1,solution,manual_review,verified_pending_import,confirmed,official_catalog_and_pdf,not_imported,,https://wdown.ebsi.co.kr/W61001/01exam/20151013/go3/jxe0ymQ1_2nd_gr1_hsj.pdf
2015,3,10,school_mock,second_language,japanese-1,question,manual_review,verified_pending_import,confirmed,official_catalog_and_pdf,not_imported,,https://wdown.ebsi.co.kr/W61001/01exam/20151013/go3/aoG1VRIj_2nd_ja1_mun.pdf
2015,3,10,school_mock,second_language,japanese-1,solution,manual_review,verified_pending_import,confirmed,official_catalog_and_pdf,not_imported,,https://wdown.ebsi.co.kr/W61001/01exam/20151013/go3/CH8J0sca_2nd_ja1_hsj.pdf
2015,3,10,school_mock,second_language,russian-1,question,manual_review,verified_pending_import,confirmed,official_catalog_and_pdf,not_imported,,https://wdown.ebsi.co.kr/W61001/01exam/20151013/go3/0VnlC4lt_2nd_ru1_mun.pdf
2015,3,10,school_mock,second_language,russian-1,solution,manual_review,verified_pending_import,confirmed,official_catalog_and_pdf,not_imported,,https://wdown.ebsi.co.kr/W61001/01exam/20151013/go3/0Gxw8Zw5_2nd_ru1_hsj.pdf
2015,3,10,school_mock,second_language,spanish-1,question,manual_review,verified_pending_import,confirmed,official_catalog_and_pdf,not_imported,,https://wdown.ebsi.co.kr/W61001/01exam/20151013/go3/V6QcqnWw_2nd_sp1_mun.pdf
2015,3,10,school_mock,second_language,spanish-1,solution,manual_review,verified_pending_import,confirmed,official_catalog_and_pdf,not_imported,,https://wdown.ebsi.co.kr/W61001/01exam/20151013/go3/TX5V1Gyl_2nd_sp1_hsj.pdf
2015,3,11,csat,korean,korean-a,question,manual_review,verified_pending_import,confirmed,official_catalog_and_pdf,not_imported,,https://wdown.ebsi.co.kr/W61001/01exam/20151112/go3/FRaqbC8w_kora1_mun_3.pdf
2015,3,11,csat,korean,korean-a,solution,manual_review,verified_pending_import,confirmed,official_catalog_and_pdf,not_imported,,https://wdown.ebsi.co.kr/W61001/01exam/20151112/go3/jCRGryWt_kora1_hsj_1.pdf
2015,3,11,csat,korean,korean-b,question,manual_review,verified_pending_import,confirmed,official_catalog_and_pdf,not_imported,,https://wdown.ebsi.co.kr/W61001/01exam/20151112/go3/IIZS2TRq_korb1_mun.pdf
2015,3,11,csat,korean,korean-b,solution,manual_review,verified_pending_import,confirmed,official_catalog_and_pdf,not_imported,,https://wdown.ebsi.co.kr/W61001/01exam/20151112/go3/X3cf3edn_korb1_hsj_1.pdf
2015,3,11,csat,math,math-a,question,manual_review,verified_pending_import,confirmed,official_catalog_and_pdf,not_imported,,https://wdown.ebsi.co.kr/W61001/01exam/20151112/go3/HM3SOlbp_matha1_mun.pdf
2015,3,11,csat,math,math-a,solution,manual_review,verified_pending_import,confirmed,official_catalog_and_pdf,not_imported,,https://wdown.ebsi.co.kr/W61001/01exam/20151112/go3/EAOeIiGX_matha1_hsj.pdf
2015,3,11,csat,math,math-b,question,manual_review,verified_pending_import,confirmed,official_catalog_and_pdf,not_imported,,https://wdown.ebsi.co.kr/W61001/01exam/20151112/go3/ix4A2Dre_mathb1_mun.pdf
2015,3,11,csat,math,math-b,solution,manual_review,verified_pending_import,confirmed,official_catalog_and_pdf,not_imported,,https://wdown.ebsi.co.kr/W61001/01exam/20151112/go3/HkidcDjo_mathb1_hsj_1.pdf
2015,3,11,csat,english,,question,manual_review,verified_pending_import,confirmed,official_catalog_and_pdf,not_imported,,https://wdown.ebsi.co.kr/W61001/01exam/20151112/go3/YAPNXRPm_eng1_mun.pdf
2015,3,11,csat,english,,solution,manual_review,verified_pending_import,confirmed,official_catalog_and_pdf,not_imported,,https://wdown.ebsi.co.kr/W61001/01exam/20151112/go3/gC81Tbdk_eng1_hsj.pdf
2015,3,11,csat,history,,question,manual_review,verified_pending_import,confirmed,official_catalog_and_pdf,not_imported,,https://wdown.ebsi.co.kr/W61001/01exam/20151112/go3/yt3cew8k_s_hanji_mun.pdf
2015,3,11,csat,history,,solution,manual_review,verified_pending_import,confirmed,official_catalog_and_pdf,not_imported,,https://wdown.ebsi.co.kr/W61001/01exam/20151112/go3/Fur2iz2M_s_saeji_mun.pdf
2015,3,11,csat,social,east-asian-history,question,manual_review,verified_pending_import,confirmed,official_catalog_and_pdf,not_imported,,https://wdown.ebsi.co.kr/W61001/01exam/20151112/go3/bmspH2q6_s_bnj_hsj.pdf
2015,3,11,csat,social,east-asian-history,solution,manual_review,verified_pending_import,confirmed,official_catalog_and_pdf,not_imported,,https://wdown.ebsi.co.kr/W61001/01exam/20151112/go3/SFsxf4yp_s_eco_hsj.pdf
2015,3,11,csat,social,economics,question,manual_review,verified_pending_import,confirmed,official_catalog_and_pdf,not_imported,,https://wdown.ebsi.co.kr/W61001/01exam/20151112/go3/f69aZbLA_s_eco_mun.pdf
2015,3,11,csat,social,economics,solution,manual_review,verified_pending_import,confirmed,official_catalog_and_pdf,not_imported,,https://wdown.ebsi.co.kr/W61001/01exam/20151112/go3/HM3SOlbp_s_eco_hsj.pdf
2015,3,11,csat,social,ethics-and-thought,question,manual_review,verified_pending_import,confirmed,official_catalog_and_pdf,not_imported,,https://wdown.ebsi.co.kr/W61001/01exam/20151112/go3/hQdOgl4r_s_yrnss_hsj.pdf
2015,3,11,csat,social,ethics-and-thought,solution,manual_review,verified_pending_import,confirmed,official_catalog_and_pdf,not_imported,,https://wdown.ebsi.co.kr/W61001/01exam/20151112/go3/aYY61LEd_s_his_hsj.pdf
2015,3,11,csat,social,korean-geography,question,manual_review,verified_pending_import,confirmed,official_catalog_and_pdf,not_imported,,https://wdown.ebsi.co.kr/W61001/01exam/20151112/go3/b1s7nlT2_s_saeji_hsj.pdf
2015,3,11,csat,social,korean-geography,solution,manual_review,verified_pending_import,confirmed,official_catalog_and_pdf,not_imported,,https://wdown.ebsi.co.kr/W61001/01exam/20151112/go3/xbYiMCIq_s_easta_hsj_1.pdf
2015,3,11,csat,social,life-and-ethics-general,question,manual_review,verified_pending_import,confirmed,official_catalog_and_pdf,not_imported,,https://wdown.ebsi.co.kr/W61001/01exam/20151112/go3/6pkNzPZr_s_ssnyr_mun.pdf
2015,3,11,csat,social,life-and-ethics-general,solution,manual_review,verified_pending_import,confirmed,official_catalog_and_pdf,not_imported,,https://wdown.ebsi.co.kr/W61001/01exam/20151112/go3/okLQ8aZR_s_yrnss_mun.pdf
2015,3,11,csat,social,politics-and-law,question,manual_review,verified_pending_import,confirmed,official_catalog_and_pdf,not_imported,,https://wdown.ebsi.co.kr/W61001/01exam/20151112/go3/SA1XvpFV_s_bnj_mun.pdf
2015,3,11,csat,social,politics-and-law,solution,manual_review,verified_pending_import,confirmed,official_catalog_and_pdf,not_imported,,https://wdown.ebsi.co.kr/W61001/01exam/20151112/go3/IIZS2TRq_s_bnj_hsj.pdf
2015,3,11,csat,social,social-culture,question,manual_review,verified_pending_import,confirmed,official_catalog_and_pdf,not_imported,,https://wdown.ebsi.co.kr/W61001/01exam/20151112/go3/H71yEXUI_s_samun_mun.pdf
2015,3,11,csat,social,social-culture,solution,manual_review,verified_pending_import,confirmed,official_catalog_and_pdf,not_imported,,https://wdown.ebsi.co.kr/W61001/01exam/20151112/go3/ix4A2Dre_s_samun_hsj.pdf
2015,3,11,csat,social,world-geography,question,manual_review,verified_pending_import,confirmed,official_catalog_and_pdf,not_imported,,https://wdown.ebsi.co.kr/W61001/01exam/20151112/go3/tQvAauNj_s_sks_mun.pdf
2015,3,11,csat,social,world-geography,solution,manual_review,verified_pending_import,confirmed,official_catalog_and_pdf,not_imported,,https://wdown.ebsi.co.kr/W61001/01exam/20151112/go3/tMVhEUse_s_bnj_mun.pdf
2015,3,11,csat,social,world-history,question,manual_review,verified_pending_import,confirmed,official_catalog_and_pdf,not_imported,,https://wdown.ebsi.co.kr/W61001/01exam/20151112/go3/8ARf3sll_s_samun_mun.pdf
2015,3,11,csat,social,world-history,solution,manual_review,verified_pending_import,confirmed,official_catalog_and_pdf,not_imported,,https://wdown.ebsi.co.kr/W61001/01exam/20151112/go3/FRaqbC8w_s_sks_hsj.pdf
2015,3,11,csat,science,chemistry-1,question,manual_review,verified_pending_import,confirmed,official_catalog_and_pdf,not_imported,,https://wdown.ebsi.co.kr/W61001/01exam/20151112/go3/carcR4ZD_g_che1_mun.pdf
2015,3,11,csat,science,chemistry-1,solution,manual_review,verified_pending_import,confirmed,official_catalog_and_pdf,not_imported,,https://wdown.ebsi.co.kr/W61001/01exam/20151112/go3/SmLAztxc_g_che1_hsj.pdf
2015,3,11,csat,science,chemistry-2,question,manual_review,verified_pending_import,confirmed,official_catalog_and_pdf,not_imported,,https://wdown.ebsi.co.kr/W61001/01exam/20151112/go3/NQptgFrY_g_che2_mun.pdf
2015,3,11,csat,science,chemistry-2,solution,manual_review,verified_pending_import,confirmed,official_catalog_and_pdf,not_imported,,https://wdown.ebsi.co.kr/W61001/01exam/20151112/go3/xpTljBOh_g_che2_hsj.pdf
2015,3,11,csat,science,earth-science-1,question,manual_review,verified_pending_import,confirmed,official_catalog_and_pdf,not_imported,,https://wdown.ebsi.co.kr/W61001/01exam/20151112/go3/EaJswFCH_g_ear1_mun.pdf
2015,3,11,csat,science,earth-science-1,solution,manual_review,verified_pending_import,confirmed,official_catalog_and_pdf,not_imported,,https://wdown.ebsi.co.kr/W61001/01exam/20151112/go3/6KZmcK8r_g_ear1_hsj_1.pdf
2015,3,11,csat,science,earth-science-2,question,manual_review,verified_pending_import,confirmed,official_catalog_and_pdf,not_imported,,https://wdown.ebsi.co.kr/W61001/01exam/20151112/go3/SmLAztxc_g_ear2_mun.pdf
2015,3,11,csat,science,earth-science-2,solution,manual_review,verified_pending_import,confirmed,official_catalog_and_pdf,not_imported,,https://wdown.ebsi.co.kr/W61001/01exam/20151112/go3/JXrRjbDt_g_ear2_hsj.pdf
2015,3,11,csat,science,life-science-1,question,manual_review,verified_pending_import,confirmed,official_catalog_and_pdf,not_imported,,https://wdown.ebsi.co.kr/W61001/01exam/20151112/go3/1o8yfogk_g_bio1_mun.pdf
2015,3,11,csat,science,life-science-1,solution,manual_review,verified_pending_import,confirmed,official_catalog_and_pdf,not_imported,,https://wdown.ebsi.co.kr/W61001/01exam/20151112/go3/3HvoFOAm_g_bio1_hsj.pdf
2015,3,11,csat,science,life-science-2,question,manual_review,verified_pending_import,confirmed,official_catalog_and_pdf,not_imported,,https://wdown.ebsi.co.kr/W61001/01exam/20151112/go3/8s4KWiGt_g_bio2_mun.pdf
2015,3,11,csat,science,life-science-2,solution,manual_review,verified_pending_import,confirmed,official_catalog_and_pdf,not_imported,,https://wdown.ebsi.co.kr/W61001/01exam/20151112/go3/gC81Tbdk_g_bio2_hsj.pdf
2015,3,11,csat,science,physics-1,question,manual_review,verified_pending_import,confirmed,official_catalog_and_pdf,not_imported,,https://wdown.ebsi.co.kr/W61001/01exam/20151112/go3/BBsQwY6Y_g_phy1_mun.pdf
2015,3,11,csat,science,physics-1,solution,manual_review,verified_pending_import,confirmed,official_catalog_and_pdf,not_imported,,https://wdown.ebsi.co.kr/W61001/01exam/20151112/go3/YAPNXRPm_g_phy1_hsj_1.pdf
2015,3,11,csat,science,physics-2,question,manual_review,verified_pending_import,confirmed,official_catalog_and_pdf,not_imported,,https://wdown.ebsi.co.kr/W61001/01exam/20151112/go3/6beUzmRf_g_phy2_mun.pdf
2015,3,11,csat,science,physics-2,solution,manual_review,verified_pending_import,confirmed,official_catalog_and_pdf,not_imported,,https://wdown.ebsi.co.kr/W61001/01exam/20151112/go3/yDd3OJXs_g_phy2_hsj.pdf
2015,3,11,csat,vocational,agriculture-bio-industry,question,manual_review,verified_pending_import,confirmed,official_catalog_and_pdf,not_imported,,https://wdown.ebsi.co.kr/W61001/01exam/20151112/go3/3HvoFOAm_J_nsmsup_mun.pdf
2015,3,11,csat,vocational,agriculture-bio-industry,solution,manual_review,verified_pending_import,confirmed,official_catalog_and_pdf,not_imported,,https://wdown.ebsi.co.kr/W61001/01exam/20151112/go3/Ozyfyz5b_J_nsmsup_hsj.pdf
2015,3,11,csat,vocational,commerce-information,question,manual_review,verified_pending_import,confirmed,official_catalog_and_pdf,not_imported,,https://wdown.ebsi.co.kr/W61001/01exam/20151112/go3/yDd3OJXs_J_supjb_mun.pdf
2015,3,11,csat,vocational,commerce-information,solution,manual_review,verified_pending_import,confirmed,official_catalog_and_pdf,not_imported,,https://wdown.ebsi.co.kr/W61001/01exam/20151112/go3/ILoygXLs_J_supjb_hsj.pdf
2015,3,11,csat,vocational,fisheries-shipping,question,manual_review,verified_pending_import,confirmed,official_catalog_and_pdf,not_imported,,https://wdown.ebsi.co.kr/W61001/01exam/20151112/go3/xpTljBOh_J_ssnw_mun.pdf
2015,3,11,csat,vocational,fisheries-shipping,solution,manual_review,verified_pending_import,confirmed,official_catalog_and_pdf,not_imported,,https://wdown.ebsi.co.kr/W61001/01exam/20151112/go3/XsL1c00g_J_ssnw_hsj.pdf
2015,3,11,csat,vocational,home-economics-industry,question,manual_review,verified_pending_import,confirmed,official_catalog_and_pdf,not_imported,,https://wdown.ebsi.co.kr/W61001/01exam/20151112/go3/oZolmRBa_J_gsnsup_mun.pdf
2015,3,11,csat,vocational,home-economics-industry,solution,manual_review,verified_pending_import,confirmed,official_catalog_and_pdf,not_imported,,https://wdown.ebsi.co.kr/W61001/01exam/20151112/go3/cOrBLSAQ_J_gsnsup_hsj.pdf
2015,3,11,csat,vocational,industry,question,manual_review,verified_pending_import,confirmed,official_catalog_and_pdf,not_imported,,https://wdown.ebsi.co.kr/W61001/01exam/20151112/go3/6KZmcK8r_J_gup_mun.pdf
2015,3,11,csat,vocational,industry,solution,manual_review,verified_pending_import,confirmed,official_catalog_and_pdf,not_imported,,https://wdown.ebsi.co.kr/W61001/01exam/20151112/go3/6Ci6nx8d_J_gup_hsj.pdf
2015,3,11,csat,second_language,arabic-1,question,manual_review,verified_pending_import,confirmed,official_catalog_and_pdf,not_imported,,https://wdown.ebsi.co.kr/W61001/01exam/20151112/go3/b1s7nlT2_2nd_ar1_mun.pdf
2015,3,11,csat,second_language,arabic-1,solution,manual_review,verified_pending_import,confirmed,official_catalog_and_pdf,not_imported,,https://wdown.ebsi.co.kr/W61001/01exam/20151112/go3/xbYiMCIq_2nd_ar1_hsj_22.pdf
2015,3,11,csat,second_language,chinese-1,question,manual_review,verified_pending_import,confirmed,official_catalog_and_pdf,not_imported,,https://wdown.ebsi.co.kr/W61001/01exam/20151112/go3/hQdOgl4r_2nd_ch1_mun.pdf
2015,3,11,csat,second_language,chinese-1,solution,manual_review,verified_pending_import,confirmed,official_catalog_and_pdf,not_imported,,https://wdown.ebsi.co.kr/W61001/01exam/20151112/go3/aYY61LEd_2nd_ch1_hsj.pdf
2015,3,11,csat,second_language,classical-chinese-1,question,manual_review,verified_pending_import,confirmed,official_catalog_and_pdf,not_imported,,https://wdown.ebsi.co.kr/W61001/01exam/20151112/go3/bmspH2q6_2nd_han_mun.pdf
2015,3,11,csat,second_language,classical-chinese-1,solution,manual_review,verified_pending_import,confirmed,official_catalog_and_pdf,not_imported,,https://wdown.ebsi.co.kr/W61001/01exam/20151112/go3/SFsxf4yp_2nd_han_hsj_2.pdf
2015,3,11,csat,second_language,french-1,question,manual_review,verified_pending_import,confirmed,official_catalog_and_pdf,not_imported,,https://wdown.ebsi.co.kr/W61001/01exam/20151112/go3/2TUSzbAU_2nd_fr1_mun.pdf
2015,3,11,csat,second_language,french-1,solution,manual_review,verified_pending_import,confirmed,official_catalog_and_pdf,not_imported,,https://wdown.ebsi.co.kr/W61001/01exam/20151112/go3/zfoV1qdi_2nd_fr1_hsj.pdf
2015,3,11,csat,second_language,german-1,question,manual_review,verified_pending_import,confirmed,official_catalog_and_pdf,not_imported,,https://wdown.ebsi.co.kr/W61001/01exam/20151112/go3/V6uPDVni_2nd_gr1_mun.pdf
2015,3,11,csat,second_language,german-1,solution,manual_review,verified_pending_import,confirmed,official_catalog_and_pdf,not_imported,,https://wdown.ebsi.co.kr/W61001/01exam/20151112/go3/5U9T3TGJ_2nd_gr1_hsj.pdf
2015,3,11,csat,second_language,japanese-1,question,manual_review,verified_pending_import,confirmed,official_catalog_and_pdf,not_imported,,https://wdown.ebsi.co.kr/W61001/01exam/20151112/go3/yt3cew8k_2nd_ja1_mun.pdf
2015,3,11,csat,second_language,japanese-1,solution,manual_review,verified_pending_import,confirmed,official_catalog_and_pdf,not_imported,,https://wdown.ebsi.co.kr/W61001/01exam/20151112/go3/Fur2iz2M_2nd_ja1_hsj_01.pdf
2015,3,11,csat,second_language,russian-1,question,manual_review,verified_pending_import,confirmed,official_catalog_and_pdf,not_imported,,https://wdown.ebsi.co.kr/W61001/01exam/20151112/go3/ixjnzi95_2nd_ru1_mun.pdf
2015,3,11,csat,second_language,russian-1,solution,manual_review,verified_pending_import,confirmed,official_catalog_and_pdf,not_imported,,https://wdown.ebsi.co.kr/W61001/01exam/20151112/go3/eLYCT4aJ_2nd_ru1_hsj.pdf
2015,3,11,csat,second_language,spanish-1,question,manual_review,verified_pending_import,confirmed,official_catalog_and_pdf,not_imported,,https://wdown.ebsi.co.kr/W61001/01exam/20151112/go3/6pkNzPZr_2nd_sp1_mun.pdf
2015,3,11,csat,second_language,spanish-1,solution,manual_review,verified_pending_import,confirmed,official_catalog_and_pdf,not_imported,,https://wdown.ebsi.co.kr/W61001/01exam/20151112/go3/okLQ8aZR_2nd_sp1_hsj.pdf
2015,3,11,csat,second_language,vietnamese-1,question,manual_review,verified_pending_import,confirmed,official_catalog_and_pdf,not_imported,,https://wdown.ebsi.co.kr/W61001/01exam/20151112/go3/tQvAauNj_2nd_vit_mun.pdf
2015,3,11,csat,second_language,vietnamese-1,solution,manual_review,verified_pending_import,confirmed,official_catalog_and_pdf,not_imported,,https://wdown.ebsi.co.kr/W61001/01exam/20151112/go3/tMVhEUse_2nd_vit_hsj.pdf
