year,grade,month,exam_type,subject,course_code,file_type,status,reason,count_as_expected,expected_basis,db_status,public_file_id,official_url
2017,1,3,school_mock,korean,,question,manual_review,verified_pending_import,confirmed,official_catalog_and_pdf,not_imported,,https://wdown.ebsi.co.kr/W61001/01exam/20170309/go1/kor_mun_tjik38dW_1.pdf
2017,1,3,school_mock,korean,,solution,manual_review,verified_pending_import,confirmed,official_catalog_and_pdf,not_imported,,https://wdown.ebsi.co.kr/W61001/01exam/20170309/go1/kor_hsj_MJ69ik6k_1.pdf
2017,1,3,school_mock,math,,question,manual_review,verified_pending_import,confirmed,official_catalog_and_pdf,not_imported,,https://wdown.ebsi.co.kr/W61001/01exam/20170309/go1/math_mun_vXsn2Yf0_1.pdf
2017,1,3,school_mock,math,,solution,manual_review,verified_pending_import,confirmed,official_catalog_and_pdf,not_imported,,https://wdown.ebsi.co.kr/W61001/01exam/20170309/go1/math_hsj_scL9NtDE_1.pdf
2017,1,3,school_mock,english,,question,manual_review,verified_pending_import,confirmed,official_catalog_and_pdf,not_imported,,https://wdown.ebsi.co.kr/W61001/01exam/20170309/go1/eng_mun_JmGzrLCC_1.pdf
2017,1,3,school_mock,english,,solution,manual_review,verified_pending_import,confirmed,official_catalog_and_pdf,not_imported,,https://wdown.ebsi.co.kr/W61001/01exam/20170309/go1/eng_hsj_tgx8VUkR_1.pdf
2017,1,3,school_mock,history,,question,manual_review,verified_pending_import,confirmed,official_catalog_and_pdf,not_imported,,https://wdown.ebsi.co.kr/W61001/01exam/20170309/go1/s_his_mun_zabtneqd.pdf
2017,1,3,school_mock,history,,solution,manual_review,verified_pending_import,confirmed,official_catalog_and_pdf,not_imported,,https://wdown.ebsi.co.kr/W61001/01exam/20170309/go1/s_his_hsj_GSyMp69Y.pdf
2017,1,3,school_mock,social,social-studies,question,manual_review,verified_pending_import,confirmed,official_catalog_and_pdf,not_imported,,https://wdown.ebsi.co.kr/W61001/01exam/20170309/go1/t_tam_mun_DqSkcJse.pdf
2017,1,3,school_mock,social,social-studies,solution,manual_review,verified_pending_import,confirmed,official_catalog_and_pdf,not_imported,,https://wdown.ebsi.co.kr/W61001/01exam/20170309/go1/t_tam_hsj_1fTvOSQe.pdf
2017,1,3,school_mock,science,science-studies,question,manual_review,verified_pending_import,confirmed,official_catalog_and_pdf,not_imported,,https://wdown.ebsi.co.kr/W61001/01exam/20170309/go1/t_sci_mun_SOzNCWbz.pdf
2017,1,3,school_mock,science,science-studies,solution,manual_review,verified_pending_import,confirmed,official_catalog_and_pdf,not_imported,,https://wdown.ebsi.co.kr/W61001/01exam/20170309/go1/t_sci_hsj_wWJv3zOd.pdf
2017,1,6,school_mock,korean,,question,manual_review,verified_pending_import,confirmed,official_catalog_and_pdf,not_imported,,https://wdown.ebsi.co.kr/W61001/01exam/20170601/go1/kor_mun_A9bbbJXn_jong.pdf
2017,1,6,school_mock,korean,,solution,manual_review,verified_pending_import,confirmed,official_catalog_and_pdf,not_imported,,https://wdown.ebsi.co.kr/W61001/01exam/20170601/go1/kor_hsj_cnm5c4Gn.pdf
2017,1,6,school_mock,math,,question,manual_review,verified_pending_import,confirmed,official_catalog_and_pdf,not_imported,,https://wdown.ebsi.co.kr/W61001/01exam/20170601/go1/matha_mun_O9lTXeo6.pdf
2017,1,6,school_mock,math,,solution,manual_review,verified_pending_import,confirmed,official_catalog_and_pdf,not_imported,,https://wdown.ebsi.co.kr/W61001/01exam/20170601/go1/matha_hsj_fQSgeR4U.pdf
2017,1,6,school_mock,english,,question,manual_review,verified_pending_import,confirmed,official_catalog_and_pdf,not_imported,,https://wdown.ebsi.co.kr/W61001/01exam/20170601/go1/eng_mun_IS42NXHw.pdf
2017,1,6,school_mock,english,,solution,manual_review,verified_pending_import,confirmed,official_catalog_and_pdf,not_imported,,https://wdown.ebsi.co.kr/W61001/01exam/20170601/go1/eng_hsj_GrRDyjLQ.pdf
2017,1,6,school_mock,history,,question,manual_review,verified_pending_import,confirmed,official_catalog_and_pdf,not_imported,,https://wdown.ebsi.co.kr/W61001/01exam/20170601/go1/s_his_mun_WMzRsft8.pdf
2017,1,6,school_mock,history,,solution,manual_review,verified_pending_import,confirmed,official_catalog_and_pdf,not_imported,,https://wdown.ebsi.co.kr/W61001/01exam/20170601/go1/s_his_hsj_3wxnGKen.pdf
2017,1,6,school_mock,social,general-social,question,manual_review,verified_pending_import,confirmed,official_catalog_and_pdf,not_imported,,https://wdown.ebsi.co.kr/W61001/01exam/20170601/go1/s_soc_mun_ML51O0aA.pdf
2017,1,6,school_mock,social,general-social,solution,manual_review,verified_pending_import,confirmed,official_catalog_and_pdf,not_imported,,https://wdown.ebsi.co.kr/W61001/01exam/20170601/go1/s_soc_hsj_GgWtpe1O.pdf
2017,1,6,school_mock,social,geography-general,question,manual_review,verified_pending_import,confirmed,official_catalog_and_pdf,not_imported,,https://wdown.ebsi.co.kr/W61001/01exam/20170601/go1/s_hanji_mun_Bp9evGMV.pdf
2017,1,6,school_mock,social,geography-general,solution,manual_review,verified_pending_import,confirmed,official_catalog_and_pdf,not_imported,,https://wdown.ebsi.co.kr/W61001/01exam/20170601/go1/s_hanji_hsj_J7Anvces.pdf
2017,1,6,school_mock,social,life-and-ethics-general,question,manual_review,verified_pending_import,confirmed,official_catalog_and_pdf,not_imported,,https://wdown.ebsi.co.kr/W61001/01exam/20170601/go1/s_ssnyr_mun_ykohsyrY.pdf
2017,1,6,school_mock,social,life-and-ethics-general,solution,manual_review,verified_pending_import,confirmed,official_catalog_and_pdf,not_imported,,https://wdown.ebsi.co.kr/W61001/01exam/20170601/go1/s_ssnyr_hsj_rZuvbUCw.pdf
2017,1,6,school_mock,science,chemistry-general,question,manual_review,verified_pending_import,confirmed,official_catalog_and_pdf,not_imported,,https://wdown.ebsi.co.kr/W61001/01exam/20170601/go1/g_che_mun_VHYEuZFk.pdf
2017,1,6,school_mock,science,chemistry-general,solution,manual_review,verified_pending_import,confirmed,official_catalog_and_pdf,not_imported,,https://wdown.ebsi.co.kr/W61001/01exam/20170601/go1/g_che_hsj_TEPcOhNt.pdf
2017,1,6,school_mock,science,earth-science-general,question,manual_review,verified_pending_import,confirmed,official_catalog_and_pdf,not_imported,,https://wdown.ebsi.co.kr/W61001/01exam/20170601/go1/g_ear_mun_HbY6OISo.pdf
2017,1,6,school_mock,science,earth-science-general,solution,manual_review,verified_pending_import,confirmed,official_catalog_and_pdf,not_imported,,https://wdown.ebsi.co.kr/W61001/01exam/20170601/go1/g_ear_hsj_1WYi3Nnd.pdf
2017,1,6,school_mock,science,life-science-general,question,manual_review,verified_pending_import,confirmed,official_catalog_and_pdf,not_imported,,https://wdown.ebsi.co.kr/W61001/01exam/20170601/go1/g_bio_mun_WZmaFxey.pdf
2017,1,6,school_mock,science,life-science-general,solution,manual_review,verified_pending_import,confirmed,official_catalog_and_pdf,not_imported,,https://wdown.ebsi.co.kr/W61001/01exam/20170601/go1/g_bio_hsj_BkNyYcKU.pdf
2017,1,6,school_mock,science,physics-general,question,manual_review,verified_pending_import,confirmed,official_catalog_and_pdf,not_imported,,https://wdown.ebsi.co.kr/W61001/01exam/20170601/go1/g_phy_mun_WhMnU5Jz.pdf
2017,1,6,school_mock,science,physics-general,solution,manual_review,verified_pending_import,confirmed,official_catalog_and_pdf,not_imported,,https://wdown.ebsi.co.kr/W61001/01exam/20170601/go1/g_phy_hsj_UIDk4Jdx.pdf
2017,1,9,school_mock,korean,,question,manual_review,verified_pending_import,confirmed,official_catalog_and_pdf,not_imported,,https://wdown.ebsi.co.kr/W61001/01exam/20170906/go1/kor_mun_uV54Ogdd.pdf
2017,1,9,school_mock,korean,,solution,manual_review,verified_pending_import,confirmed,official_catalog_and_pdf,not_imported,,https://wdown.ebsi.co.kr/W61001/01exam/20170906/go1/kor_hsj_u5qE8DzH.pdf
2017,1,9,school_mock,math,,question,manual_review,verified_pending_import,confirmed,official_catalog_and_pdf,not_imported,,https://wdown.ebsi.co.kr/W61001/01exam/20170906/go1/matha_mun_x63RNpgg.pdf
2017,1,9,school_mock,math,,solution,manual_review,verified_pending_import,confirmed,official_catalog_and_pdf,not_imported,,https://wdown.ebsi.co.kr/W61001/01exam/20170906/go1/matha_hsj_kzpB8JPG.pdf
2017,1,9,school_mock,english,,question,manual_review,verified_pending_import,confirmed,official_catalog_and_pdf,not_imported,,https://wdown.ebsi.co.kr/W61001/01exam/20170906/go1/eng_mun_bFqTnrrX.pdf
2017,1,9,school_mock,english,,solution,manual_review,verified_pending_import,confirmed,official_catalog_and_pdf,not_imported,,https://wdown.ebsi.co.kr/W61001/01exam/20170906/go1/eng_hsj_j7gC2DWp.pdf
2017,1,9,school_mock,history,,question,manual_review,verified_pending_import,confirmed,official_catalog_and_pdf,not_imported,,https://wdown.ebsi.co.kr/W61001/01exam/20170906/go1/s_his_mun_eR6IHupe.pdf
2017,1,9,school_mock,history,,solution,manual_review,verified_pending_import,confirmed,official_catalog_and_pdf,not_imported,,https://wdown.ebsi.co.kr/W61001/01exam/20170906/go1/s_his_hsj_yyfIIhs6.pdf
2017,1,9,school_mock,social,general-social,question,manual_review,verified_pending_import,confirmed,official_catalog_and_pdf,not_imported,,https://wdown.ebsi.co.kr/W61001/01exam/20170906/go1/s_soc_mun_AQq12LRF.pdf
2017,1,9,school_mock,social,general-social,solution,manual_review,verified_pending_import,confirmed,official_catalog_and_pdf,not_imported,,https://wdown.ebsi.co.kr/W61001/01exam/20170906/go1/s_soc_hsj_58tP9DLf.pdf
2017,1,9,school_mock,social,geography-general,question,manual_review,verified_pending_import,confirmed,official_catalog_and_pdf,not_imported,,https://wdown.ebsi.co.kr/W61001/01exam/20170906/go1/s_hanji_mun_XwGO5EEc.pdf
2017,1,9,school_mock,social,geography-general,solution,manual_review,verified_pending_import,confirmed,official_catalog_and_pdf,not_imported,,https://wdown.ebsi.co.kr/W61001/01exam/20170906/go1/s_hanji_hsj_vJY4Wocw.pdf
2017,1,9,school_mock,social,life-and-ethics-general,question,manual_review,verified_pending_import,confirmed,official_catalog_and_pdf,not_imported,,https://wdown.ebsi.co.kr/W61001/01exam/20170906/go1/s_ssnyr_mun_hdn1KVHY.pdf
2017,1,9,school_mock,social,life-and-ethics-general,solution,manual_review,verified_pending_import,confirmed,official_catalog_and_pdf,not_imported,,https://wdown.ebsi.co.kr/W61001/01exam/20170906/go1/s_ssnyr_hsj_S8YV2btI.pdf
2017,1,9,school_mock,science,chemistry-general,question,manual_review,verified_pending_import,confirmed,official_catalog_and_pdf,not_imported,,https://wdown.ebsi.co.kr/W61001/01exam/20170906/go1/g_che_mun_nfvcySa4.pdf
2017,1,9,school_mock,science,chemistry-general,solution,manual_review,verified_pending_import,confirmed,official_catalog_and_pdf,not_imported,,https://wdown.ebsi.co.kr/W61001/01exam/20170906/go1/g_che_hsj_k3z6QEy0.pdf
2017,1,9,school_mock,science,earth-science-general,question,manual_review,verified_pending_import,confirmed,official_catalog_and_pdf,not_imported,,https://wdown.ebsi.co.kr/W61001/01exam/20170906/go1/g_ear_mun_7bOsPTQx.pdf
2017,1,9,school_mock,science,earth-science-general,solution,manual_review,verified_pending_import,confirmed,official_catalog_and_pdf,not_imported,,https://wdown.ebsi.co.kr/W61001/01exam/20170906/go1/g_ear_hsj_HgnfOHrd.pdf
2017,1,9,school_mock,science,life-science-general,question,manual_review,verified_pending_import,confirmed,official_catalog_and_pdf,not_imported,,https://wdown.ebsi.co.kr/W61001/01exam/20170906/go1/g_bio_mun_Dll7fnp3.pdf
2017,1,9,school_mock,science,life-science-general,solution,manual_review,verified_pending_import,confirmed,official_catalog_and_pdf,not_imported,,https://wdown.ebsi.co.kr/W61001/01exam/20170906/go1/g_bio_hsj_eEHJtfob.pdf
2017,1,9,school_mock,science,physics-general,question,manual_review,verified_pending_import,confirmed,official_catalog_and_pdf,not_imported,,https://wdown.ebsi.co.kr/W61001/01exam/20170906/go1/g_phy_mun_4bg5Xmll.pdf
2017,1,9,school_mock,science,physics-general,solution,manual_review,verified_pending_import,confirmed,official_catalog_and_pdf,not_imported,,https://wdown.ebsi.co.kr/W61001/01exam/20170906/go1/g_phy_hsj_gYBr4BvR.pdf
2017,1,11,school_mock,korean,,question,manual_review,verified_pending_import,confirmed,official_catalog_and_pdf,not_imported,,https://wdown.ebsi.co.kr/W61001/01exam/20171122/go1/kor_mun_7AMeKZrU_01.pdf
2017,1,11,school_mock,korean,,solution,manual_review,verified_pending_import,confirmed,official_catalog_and_pdf,not_imported,,https://wdown.ebsi.co.kr/W61001/01exam/20171122/go1/kor_hsj_wzhhPSZD.pdf
2017,1,11,school_mock,math,,question,manual_review,verified_pending_import,confirmed,official_catalog_and_pdf,not_imported,,https://wdown.ebsi.co.kr/W61001/01exam/20171122/go1/math_mun_a8aGcuPw_01.pdf
2017,1,11,school_mock,math,,solution,manual_review,verified_pending_import,confirmed,official_catalog_and_pdf,not_imported,,https://wdown.ebsi.co.kr/W61001/01exam/20171122/go1/math_hsj_jnnh99Rh.pdf
2017,1,11,school_mock,english,,question,manual_review,verified_pending_import,confirmed,official_catalog_and_pdf,not_imported,,https://wdown.ebsi.co.kr/W61001/01exam/20171122/go1/eng_mun_OQmIpgVC_01.pdf
2017,1,11,school_mock,english,,solution,manual_review,verified_pending_import,confirmed,official_catalog_and_pdf,not_imported,,https://wdown.ebsi.co.kr/W61001/01exam/20171122/go1/eng_hsj_t3hqAdei.pdf
2017,1,11,school_mock,history,,question,manual_review,verified_pending_import,confirmed,official_catalog_and_pdf,not_imported,,https://wdown.ebsi.co.kr/W61001/01exam/20171122/go1/s_his_mun_0eOtiFUy.pdf
2017,1,11,school_mock,history,,solution,manual_review,verified_pending_import,confirmed,official_catalog_and_pdf,not_imported,,https://wdown.ebsi.co.kr/W61001/01exam/20171122/go1/s_his_hsj_e1gZ9lEc.pdf
2017,1,11,school_mock,social,general-social,question,manual_review,verified_pending_import,confirmed,official_catalog_and_pdf,not_imported,,https://wdown.ebsi.co.kr/W61001/01exam/20171122/go1/s_ilsa_mun_eu5EjkEq.pdf
2017,1,11,school_mock,social,general-social,solution,manual_review,verified_pending_import,confirmed,official_catalog_and_pdf,not_imported,,https://wdown.ebsi.co.kr/W61001/01exam/20171122/go1/s_ilsa_hsj_G0MBHKzl.pdf
2017,1,11,school_mock,social,geography-general,question,manual_review,verified_pending_import,confirmed,official_catalog_and_pdf,not_imported,,https://wdown.ebsi.co.kr/W61001/01exam/20171122/go1/s_jili_mun_itvVjJuY.pdf
2017,1,11,school_mock,social,geography-general,solution,manual_review,verified_pending_import,confirmed,official_catalog_and_pdf,not_imported,,https://wdown.ebsi.co.kr/W61001/01exam/20171122/go1/s_jili_hsj_W8iOqz5s.pdf
2017,1,11,school_mock,social,life-and-ethics-general,question,manual_review,verified_pending_import,confirmed,official_catalog_and_pdf,not_imported,,https://wdown.ebsi.co.kr/W61001/01exam/20171122/go1/s_ssnyr_mun_hW71qh1a.pdf
2017,1,11,school_mock,social,life-and-ethics-general,solution,manual_review,verified_pending_import,confirmed,official_catalog_and_pdf,not_imported,,https://wdown.ebsi.co.kr/W61001/01exam/20171122/go1/s_ssnyr_hsj_QzHkQtMX.pdf
2017,1,11,school_mock,science,chemistry-general,question,manual_review,verified_pending_import,confirmed,official_catalog_and_pdf,not_imported,,https://wdown.ebsi.co.kr/W61001/01exam/20171122/go1/g_che_mun_Gtv3x6Bf.pdf
2017,1,11,school_mock,science,chemistry-general,solution,manual_review,verified_pending_import,confirmed,official_catalog_and_pdf,not_imported,,https://wdown.ebsi.co.kr/W61001/01exam/20171122/go1/g_che_hsj_NLP8NLnI.pdf
2017,1,11,school_mock,science,earth-science-general,question,manual_review,verified_pending_import,confirmed,official_catalog_and_pdf,not_imported,,https://wdown.ebsi.co.kr/W61001/01exam/20171122/go1/g_ear_mun_4GauSgup.pdf
2017,1,11,school_mock,science,earth-science-general,solution,manual_review,verified_pending_import,confirmed,official_catalog_and_pdf,not_imported,,https://wdown.ebsi.co.kr/W61001/01exam/20171122/go1/g_ear_hsj_Uj2pODjp.pdf
2017,1,11,school_mock,science,life-science-general,question,manual_review,verified_pending_import,confirmed,official_catalog_and_pdf,not_imported,,https://wdown.ebsi.co.kr/W61001/01exam/20171122/go1/g_bio_mun_UC1L2FS9.pdf
2017,1,11,school_mock,science,life-science-general,solution,manual_review,verified_pending_import,confirmed,official_catalog_and_pdf,not_imported,,https://wdown.ebsi.co.kr/W61001/01exam/20171122/go1/g_bio_hsj_sCFBUzlT.pdf
2017,1,11,school_mock,science,physics-general,question,manual_review,verified_pending_import,confirmed,official_catalog_and_pdf,not_imported,,https://wdown.ebsi.co.kr/W61001/01exam/20171122/go1/g_phy_mun_FlN7SIt8.pdf
2017,1,11,school_mock,science,physics-general,solution,manual_review,verified_pending_import,confirmed,official_catalog_and_pdf,not_imported,,https://wdown.ebsi.co.kr/W61001/01exam/20171122/go1/g_phy_hsj_65WYtn4y.pdf
2017,2,3,school_mock,korean,,question,manual_review,verified_pending_import,confirmed,official_catalog_and_pdf,not_imported,,https://wdown.ebsi.co.kr/W61001/01exam/20170309/go2/kor_mun_x3Vp20N3_1.pdf
2017,2,3,school_mock,korean,,solution,manual_review,verified_pending_import,confirmed,official_catalog_and_pdf,not_imported,,https://wdown.ebsi.co.kr/W61001/01exam/20170309/go2/kor_hsj_9x6HHGNZ_1.pdf
2017,2,3,school_mock,math,math-a,question,manual_review,verified_pending_import,confirmed,official_catalog_and_pdf,not_imported,,https://wdown.ebsi.co.kr/W61001/01exam/20170309/go2/matha_mun_4mF1IT18_1.pdf
2017,2,3,school_mock,math,math-a,solution,manual_review,verified_pending_import,confirmed,official_catalog_and_pdf,not_imported,,https://wdown.ebsi.co.kr/W61001/01exam/20170309/go2/matha_hsj_olkDTM9w_1.pdf
2017,2,3,school_mock,math,math-b,question,manual_review,verified_pending_import,confirmed,official_catalog_and_pdf,not_imported,,https://wdown.ebsi.co.kr/W61001/01exam/20170309/go2/mathb_mun_GmAf0Mjk_1.pdf
2017,2,3,school_mock,math,math-b,solution,manual_review,verified_pending_import,confirmed,official_catalog_and_pdf,not_imported,,https://wdown.ebsi.co.kr/W61001/01exam/20170309/go2/mathb_hsj_atwD43oF_1.pdf
2017,2,3,school_mock,english,,question,manual_review,verified_pending_import,confirmed,official_catalog_and_pdf,not_imported,,https://wdown.ebsi.co.kr/W61001/01exam/20170309/go2/eng_mun_LaqSOc7w_1.pdf
2017,2,3,school_mock,english,,solution,manual_review,verified_pending_import,confirmed,official_catalog_and_pdf,not_imported,,https://wdown.ebsi.co.kr/W61001/01exam/20170309/go2/eng_hsj_o95EFk2H_1.pdf
2017,2,3,school_mock,history,,question,manual_review,verified_pending_import,confirmed,official_catalog_and_pdf,not_imported,,https://wdown.ebsi.co.kr/W61001/01exam/20170309/go2/s_his_mun_fCHJr1Wt_1.pdf
2017,2,3,school_mock,history,,solution,manual_review,verified_pending_import,confirmed,official_catalog_and_pdf,not_imported,,https://wdown.ebsi.co.kr/W61001/01exam/20170309/go2/s_his_hsj_yi67EKRu_1.pdf
2017,2,3,school_mock,social,east-asian-history,question,manual_review,verified_pending_import,confirmed,official_catalog_and_pdf,not_imported,,https://wdown.ebsi.co.kr/W61001/01exam/20170309/go2/s_easta_mun_M7e0C9gu_1.pdf
2017,2,3,school_mock,social,east-asian-history,solution,manual_review,verified_pending_import,confirmed,official_catalog_and_pdf,not_imported,,https://wdown.ebsi.co.kr/W61001/01exam/20170309/go2/s_easta_hsj_A8M6XQQe_1.pdf
2017,2,3,school_mock,social,economics,question,manual_review,verified_pending_import,confirmed,official_catalog_and_pdf,not_imported,,https://wdown.ebsi.co.kr/W61001/01exam/20170309/go2/s_eco_mun_mNN79xav_1.pdf
2017,2,3,school_mock,social,economics,solution,manual_review,verified_pending_import,confirmed,official_catalog_and_pdf,not_imported,,https://wdown.ebsi.co.kr/W61001/01exam/20170309/go2/s_eco_hsj_jrRZ1UbD_1.pdf
2017,2,3,school_mock,social,ethics-and-thought,question,manual_review,verified_pending_import,confirmed,official_catalog_and_pdf,not_imported,,https://wdown.ebsi.co.kr/W61001/01exam/20170309/go2/s_yrnss_mun_wiZ9rWjA_1.pdf
2017,2,3,school_mock,social,ethics-and-thought,solution,manual_review,verified_pending_import,confirmed,official_catalog_and_pdf,not_imported,,https://wdown.ebsi.co.kr/W61001/01exam/20170309/go2/s_yrnss_hsj_KYVpMmOl_1.pdf
2017,2,3,school_mock,social,korean-geography,question,manual_review,verified_pending_import,confirmed,official_catalog_and_pdf,not_imported,,https://wdown.ebsi.co.kr/W61001/01exam/20170309/go2/s_hanji_mun_bcrYP0Qz_1.pdf
2017,2,3,school_mock,social,korean-geography,solution,manual_review,verified_pending_import,confirmed,official_catalog_and_pdf,not_imported,,https://wdown.ebsi.co.kr/W61001/01exam/20170309/go2/s_hanji_hsj_BxhJTANZ_1.pdf
2017,2,3,school_mock,social,life-and-ethics,question,manual_review,verified_pending_import,confirmed,official_catalog_and_pdf,not_imported,,https://wdown.ebsi.co.kr/W61001/01exam/20170309/go2/s_ssnyr_mun_YDlrjbud_1.pdf
2017,2,3,school_mock,social,life-and-ethics,solution,manual_review,verified_pending_import,confirmed,official_catalog_and_pdf,not_imported,,https://wdown.ebsi.co.kr/W61001/01exam/20170309/go2/s_ssnyr_hsj_zxxfYXFr_1.pdf
2017,2,3,school_mock,social,politics-and-law,question,manual_review,verified_pending_import,confirmed,official_catalog_and_pdf,not_imported,,https://wdown.ebsi.co.kr/W61001/01exam/20170309/go2/s_bnj_mun_h2wLCVYl_1.pdf
2017,2,3,school_mock,social,politics-and-law,solution,manual_review,verified_pending_import,confirmed,official_catalog_and_pdf,not_imported,,https://wdown.ebsi.co.kr/W61001/01exam/20170309/go2/s_bnj_hsj_4maEqxGG_1.pdf
2017,2,3,school_mock,social,social-culture,question,manual_review,verified_pending_import,confirmed,official_catalog_and_pdf,not_imported,,https://wdown.ebsi.co.kr/W61001/01exam/20170309/go2/s_samun_mun_BRArVc4I_1.pdf
2017,2,3,school_mock,social,social-culture,solution,manual_review,verified_pending_import,confirmed,official_catalog_and_pdf,not_imported,,https://wdown.ebsi.co.kr/W61001/01exam/20170309/go2/s_samun_hsj_u1B6gVs1_1.pdf
2017,2,3,school_mock,social,world-geography,question,manual_review,verified_pending_import,confirmed,official_catalog_and_pdf,not_imported,,https://wdown.ebsi.co.kr/W61001/01exam/20170309/go2/s_saeji_mun_wwPcMFlF_1.pdf
2017,2,3,school_mock,social,world-geography,solution,manual_review,verified_pending_import,confirmed,official_catalog_and_pdf,not_imported,,https://wdown.ebsi.co.kr/W61001/01exam/20170309/go2/s_saeji_hsj_8HGmCvoX_1.pdf
2017,2,3,school_mock,social,world-history,question,manual_review,verified_pending_import,confirmed,official_catalog_and_pdf,not_imported,,https://wdown.ebsi.co.kr/W61001/01exam/20170309/go2/s_sks_mun_z1enAqpf_1.pdf
2017,2,3,school_mock,social,world-history,solution,manual_review,verified_pending_import,confirmed,official_catalog_and_pdf,not_imported,,https://wdown.ebsi.co.kr/W61001/01exam/20170309/go2/s_sks_hsj_kNsjUHQH_1.pdf
2017,2,3,school_mock,science,chemistry-1,question,manual_review,verified_pending_import,confirmed,official_catalog_and_pdf,not_imported,,https://wdown.ebsi.co.kr/W61001/01exam/20170309/go2/g_che1_mun_tniFKULP_1.pdf
2017,2,3,school_mock,science,chemistry-1,solution,manual_review,verified_pending_import,confirmed,official_catalog_and_pdf,not_imported,,https://wdown.ebsi.co.kr/W61001/01exam/20170309/go2/g_che1_hsj_EhGD1XyC_1.pdf
2017,2,3,school_mock,science,earth-science-1,question,manual_review,verified_pending_import,confirmed,official_catalog_and_pdf,not_imported,,https://wdown.ebsi.co.kr/W61001/01exam/20170309/go2/g_ear1_mun_7a0xtAEH_1.pdf
2017,2,3,school_mock,science,earth-science-1,solution,manual_review,verified_pending_import,confirmed,official_catalog_and_pdf,not_imported,,https://wdown.ebsi.co.kr/W61001/01exam/20170309/go2/g_ear1_hsj_LB8TrBHx_1.pdf
2017,2,3,school_mock,science,life-science-1,question,manual_review,verified_pending_import,confirmed,official_catalog_and_pdf,not_imported,,https://wdown.ebsi.co.kr/W61001/01exam/20170309/go2/g_bio1_mun_Tr9rf3yX_1.pdf
2017,2,3,school_mock,science,life-science-1,solution,manual_review,verified_pending_import,confirmed,official_catalog_and_pdf,not_imported,,https://wdown.ebsi.co.kr/W61001/01exam/20170309/go2/g_bio1_hsj_vEbjkyqU_1.pdf
2017,2,3,school_mock,science,physics-1,question,manual_review,verified_pending_import,confirmed,official_catalog_and_pdf,not_imported,,https://wdown.ebsi.co.kr/W61001/01exam/20170309/go2/g_phy1_mun_tIzmQVuR_1.pdf
2017,2,3,school_mock,science,physics-1,solution,manual_review,verified_pending_import,confirmed,official_catalog_and_pdf,not_imported,,https://wdown.ebsi.co.kr/W61001/01exam/20170309/go2/g_phy1_hsj_WCy7rjcx_1.pdf
2017,2,6,school_mock,korean,,question,manual_review,verified_pending_import,confirmed,official_catalog_and_pdf,not_imported,,https://wdown.ebsi.co.kr/W61001/01exam/20170601/go2/kor_mun_fE8B9DjC_1.pdf
2017,2,6,school_mock,korean,,solution,manual_review,verified_pending_import,confirmed,official_catalog_and_pdf,not_imported,,https://wdown.ebsi.co.kr/W61001/01exam/20170601/go2/kor_hsj_SDAmwtyL.pdf
2017,2,6,school_mock,math,math-a,question,manual_review,verified_pending_import,confirmed,official_catalog_and_pdf,not_imported,,https://wdown.ebsi.co.kr/W61001/01exam/20170601/go2/matha_mun_813LlkHT.pdf
2017,2,6,school_mock,math,math-a,solution,manual_review,verified_pending_import,confirmed,official_catalog_and_pdf,not_imported,,https://wdown.ebsi.co.kr/W61001/01exam/20170601/go2/matha_hsj_9UaEI8Rv.pdf
2017,2,6,school_mock,math,math-b,question,manual_review,verified_pending_import,confirmed,official_catalog_and_pdf,not_imported,,https://wdown.ebsi.co.kr/W61001/01exam/20170601/go2/mathb_mun_Txjoay0q.pdf
2017,2,6,school_mock,math,math-b,solution,manual_review,verified_pending_import,confirmed,official_catalog_and_pdf,not_imported,,https://wdown.ebsi.co.kr/W61001/01exam/20170601/go2/mathb_hsj_0NTY9agv.pdf
2017,2,6,school_mock,english,,question,manual_review,verified_pending_import,confirmed,official_catalog_and_pdf,not_imported,,https://wdown.ebsi.co.kr/W61001/01exam/20170601/go2/eng_mun_3SuY2PVU.pdf
2017,2,6,school_mock,english,,solution,manual_review,verified_pending_import,confirmed,official_catalog_and_pdf,not_imported,,https://wdown.ebsi.co.kr/W61001/01exam/20170601/go2/eng_hsj_lT3XIhFT.pdf
2017,2,6,school_mock,history,,question,manual_review,verified_pending_import,confirmed,official_catalog_and_pdf,not_imported,,https://wdown.ebsi.co.kr/W61001/01exam/20170601/go2/s_his_mun_8AZndKaQ.pdf
2017,2,6,school_mock,history,,solution,manual_review,verified_pending_import,confirmed,official_catalog_and_pdf,not_imported,,https://wdown.ebsi.co.kr/W61001/01exam/20170601/go2/s_his_hsj_f0Stamg6.pdf
2017,2,6,school_mock,social,east-asian-history,question,manual_review,verified_pending_import,confirmed,official_catalog_and_pdf,not_imported,,https://wdown.ebsi.co.kr/W61001/01exam/20170601/go2/s_easta_mun_oYqwpjr2.pdf
2017,2,6,school_mock,social,east-asian-history,solution,manual_review,verified_pending_import,confirmed,official_catalog_and_pdf,not_imported,,https://wdown.ebsi.co.kr/W61001/01exam/20170601/go2/s_easta_hsj_V94GBQTm.pdf
2017,2,6,school_mock,social,economics,question,manual_review,verified_pending_import,confirmed,official_catalog_and_pdf,not_imported,,https://wdown.ebsi.co.kr/W61001/01exam/20170601/go2/s_eco_mun_5XijWQK3.pdf
2017,2,6,school_mock,social,economics,solution,manual_review,verified_pending_import,confirmed,official_catalog_and_pdf,not_imported,,https://wdown.ebsi.co.kr/W61001/01exam/20170601/go2/s_eco_hsj_zrwz4kgN.pdf
2017,2,6,school_mock,social,ethics-and-thought,question,manual_review,verified_pending_import,confirmed,official_catalog_and_pdf,not_imported,,https://wdown.ebsi.co.kr/W61001/01exam/20170601/go2/s_yrnss_mun_LvuKebm4.pdf
2017,2,6,school_mock,social,ethics-and-thought,solution,manual_review,verified_pending_import,confirmed,official_catalog_and_pdf,not_imported,,https://wdown.ebsi.co.kr/W61001/01exam/20170601/go2/s_yrnss_hsj_M2S0gUFD.pdf
2017,2,6,school_mock,social,korean-geography,question,manual_review,verified_pending_import,confirmed,official_catalog_and_pdf,not_imported,,https://wdown.ebsi.co.kr/W61001/01exam/20170601/go2/s_hanji_mun_KPGzGqiu.pdf
2017,2,6,school_mock,social,korean-geography,solution,manual_review,verified_pending_import,confirmed,official_catalog_and_pdf,not_imported,,https://wdown.ebsi.co.kr/W61001/01exam/20170601/go2/s_hanji_hsj_LeHTgzW2.pdf
2017,2,6,school_mock,social,life-and-ethics,question,manual_review,verified_pending_import,confirmed,official_catalog_and_pdf,not_imported,,https://wdown.ebsi.co.kr/W61001/01exam/20170601/go2/s_ssnyr_mun_dfEm58zJ.pdf
2017,2,6,school_mock,social,life-and-ethics,solution,manual_review,verified_pending_import,confirmed,official_catalog_and_pdf,not_imported,,https://wdown.ebsi.co.kr/W61001/01exam/20170601/go2/s_ssnyr_hsj_ZjUqPsV9.pdf
2017,2,6,school_mock,social,politics-and-law,question,manual_review,verified_pending_import,confirmed,official_catalog_and_pdf,not_imported,,https://wdown.ebsi.co.kr/W61001/01exam/20170601/go2/s_bnj_mun_1BEzJvlZ.pdf
2017,2,6,school_mock,social,politics-and-law,solution,manual_review,verified_pending_import,confirmed,official_catalog_and_pdf,not_imported,,https://wdown.ebsi.co.kr/W61001/01exam/20170601/go2/s_bnj_hsj_GdOZofu4.pdf
2017,2,6,school_mock,social,social-culture,question,manual_review,verified_pending_import,confirmed,official_catalog_and_pdf,not_imported,,https://wdown.ebsi.co.kr/W61001/01exam/20170601/go2/s_samun_mun_r4zCcT7J.pdf
2017,2,6,school_mock,social,social-culture,solution,manual_review,verified_pending_import,confirmed,official_catalog_and_pdf,not_imported,,https://wdown.ebsi.co.kr/W61001/01exam/20170601/go2/s_samun_hsj_7mgsQQIq.pdf
2017,2,6,school_mock,social,world-geography,question,manual_review,verified_pending_import,confirmed,official_catalog_and_pdf,not_imported,,https://wdown.ebsi.co.kr/W61001/01exam/20170601/go2/s_saeji_mun_hSsKAfHc.pdf
2017,2,6,school_mock,social,world-geography,solution,manual_review,verified_pending_import,confirmed,official_catalog_and_pdf,not_imported,,https://wdown.ebsi.co.kr/W61001/01exam/20170601/go2/s_saeji_hsj_iBmjm2Jd.pdf
2017,2,6,school_mock,social,world-history,question,manual_review,verified_pending_import,confirmed,official_catalog_and_pdf,not_imported,,https://wdown.ebsi.co.kr/W61001/01exam/20170601/go2/s_sks_mun_ReozTIAw.pdf
2017,2,6,school_mock,social,world-history,solution,manual_review,verified_pending_import,confirmed,official_catalog_and_pdf,not_imported,,https://wdown.ebsi.co.kr/W61001/01exam/20170601/go2/s_sks_hsj_19DBqqtJ.pdf
2017,2,6,school_mock,science,chemistry-1,question,manual_review,verified_pending_import,confirmed,official_catalog_and_pdf,not_imported,,https://wdown.ebsi.co.kr/W61001/01exam/20170601/go2/g_che1_mun_MVur6nzO.pdf
2017,2,6,school_mock,science,chemistry-1,solution,manual_review,verified_pending_import,confirmed,official_catalog_and_pdf,not_imported,,https://wdown.ebsi.co.kr/W61001/01exam/20170601/go2/g_che1_hsj_9OMHffNP.pdf
2017,2,6,school_mock,science,earth-science-1,question,manual_review,verified_pending_import,confirmed,official_catalog_and_pdf,not_imported,,https://wdown.ebsi.co.kr/W61001/01exam/20170601/go2/g_ear1_mun_89cMhtTY.pdf
2017,2,6,school_mock,science,earth-science-1,solution,manual_review,verified_pending_import,confirmed,official_catalog_and_pdf,not_imported,,https://wdown.ebsi.co.kr/W61001/01exam/20170601/go2/g_ear1_hsj_DGGfAFeU.pdf
2017,2,6,school_mock,science,life-science-1,question,manual_review,verified_pending_import,confirmed,official_catalog_and_pdf,not_imported,,https://wdown.ebsi.co.kr/W61001/01exam/20170601/go2/g_bio1_mun_L83mxMAK_1.pdf
2017,2,6,school_mock,science,life-science-1,solution,manual_review,verified_pending_import,confirmed,official_catalog_and_pdf,not_imported,,https://wdown.ebsi.co.kr/W61001/01exam/20170601/go2/g_bio1_hsj_yttoRaD6.pdf
2017,2,6,school_mock,science,physics-1,question,manual_review,verified_pending_import,confirmed,official_catalog_and_pdf,not_imported,,https://wdown.ebsi.co.kr/W61001/01exam/20170601/go2/g_phy1_mun_rfFz82bu.pdf
2017,2,6,school_mock,science,physics-1,solution,manual_review,verified_pending_import,confirmed,official_catalog_and_pdf,not_imported,,https://wdown.ebsi.co.kr/W61001/01exam/20170601/go2/g_phy1_hsj_W5RNB6Hf.pdf
2017,2,9,school_mock,korean,,question,manual_review,verified_pending_import,confirmed,official_catalog_and_pdf,not_imported,,https://wdown.ebsi.co.kr/W61001/01exam/20170906/go2/kor_mun_IPukg3nO.pdf
2017,2,9,school_mock,korean,,solution,manual_review,verified_pending_import,confirmed,official_catalog_and_pdf,not_imported,,https://wdown.ebsi.co.kr/W61001/01exam/20170906/go2/kor_hsj_pj53XaDF.pdf
2017,2,9,school_mock,math,math-a,question,manual_review,verified_pending_import,confirmed,official_catalog_and_pdf,not_imported,,https://wdown.ebsi.co.kr/W61001/01exam/20170906/go2/matha_mun_uXCpU6q5.pdf
2017,2,9,school_mock,math,math-a,solution,manual_review,verified_pending_import,confirmed,official_catalog_and_pdf,not_imported,,https://wdown.ebsi.co.kr/W61001/01exam/20170906/go2/matha_hsj_ijb1u2ZN.pdf
2017,2,9,school_mock,math,math-b,question,manual_review,verified_pending_import,confirmed,official_catalog_and_pdf,not_imported,,https://wdown.ebsi.co.kr/W61001/01exam/20170906/go2/mathb_mun_9KAy4MoS.pdf
2017,2,9,school_mock,math,math-b,solution,manual_review,verified_pending_import,confirmed,official_catalog_and_pdf,not_imported,,https://wdown.ebsi.co.kr/W61001/01exam/20170906/go2/mathb_hsj_n03t3Z4d.pdf
2017,2,9,school_mock,english,,question,manual_review,verified_pending_import,confirmed,official_catalog_and_pdf,not_imported,,https://wdown.ebsi.co.kr/W61001/01exam/20170906/go2/eng_mun_5htAyD7T.pdf
2017,2,9,school_mock,english,,solution,manual_review,verified_pending_import,confirmed,official_catalog_and_pdf,not_imported,,https://wdown.ebsi.co.kr/W61001/01exam/20170906/go2/eng_hsj_fSr0fVwc.pdf
2017,2,9,school_mock,history,,question,manual_review,verified_pending_import,confirmed,official_catalog_and_pdf,not_imported,,https://wdown.ebsi.co.kr/W61001/01exam/20170906/go2/s_his_mun_A7OIkUqL.pdf
2017,2,9,school_mock,history,,solution,manual_review,verified_pending_import,confirmed,official_catalog_and_pdf,not_imported,,https://wdown.ebsi.co.kr/W61001/01exam/20170906/go2/s_his_hsj_pHkatd4g.pdf
2017,2,9,school_mock,social,east-asian-history,question,manual_review,verified_pending_import,confirmed,official_catalog_and_pdf,not_imported,,https://wdown.ebsi.co.kr/W61001/01exam/20170906/go2/s_easta_mun_QcqmSvux.pdf
2017,2,9,school_mock,social,east-asian-history,solution,manual_review,verified_pending_import,confirmed,official_catalog_and_pdf,not_imported,,https://wdown.ebsi.co.kr/W61001/01exam/20170906/go2/s_easta_hsj_4Jf7zynr.pdf
2017,2,9,school_mock,social,economics,question,manual_review,verified_pending_import,confirmed,official_catalog_and_pdf,not_imported,,https://wdown.ebsi.co.kr/W61001/01exam/20170906/go2/s_eco_mun_i9yzu23L.pdf
2017,2,9,school_mock,social,economics,solution,manual_review,verified_pending_import,confirmed,official_catalog_and_pdf,not_imported,,https://wdown.ebsi.co.kr/W61001/01exam/20170906/go2/s_eco_hsj_iC1h1jYh.pdf
2017,2,9,school_mock,social,ethics-and-thought,question,manual_review,verified_pending_import,confirmed,official_catalog_and_pdf,not_imported,,https://wdown.ebsi.co.kr/W61001/01exam/20170906/go2/s_yrnss_mun_VTvKRNZS.pdf
2017,2,9,school_mock,social,ethics-and-thought,solution,manual_review,verified_pending_import,confirmed,official_catalog_and_pdf,not_imported,,https://wdown.ebsi.co.kr/W61001/01exam/20170906/go2/s_yrnss_hsj_PGNkY5Te.pdf
2017,2,9,school_mock,social,korean-geography,question,manual_review,verified_pending_import,confirmed,official_catalog_and_pdf,not_imported,,https://wdown.ebsi.co.kr/W61001/01exam/20170906/go2/s_hanji_mun_tpIuPHDX.pdf
2017,2,9,school_mock,social,korean-geography,solution,manual_review,verified_pending_import,confirmed,official_catalog_and_pdf,not_imported,,https://wdown.ebsi.co.kr/W61001/01exam/20170906/go2/s_hanji_hsj_E2sCRBHZ.pdf
2017,2,9,school_mock,social,life-and-ethics,question,manual_review,verified_pending_import,confirmed,official_catalog_and_pdf,not_imported,,https://wdown.ebsi.co.kr/W61001/01exam/20170906/go2/s_ssnyr_mun_mSknvh7w.pdf
2017,2,9,school_mock,social,life-and-ethics,solution,manual_review,verified_pending_import,confirmed,official_catalog_and_pdf,not_imported,,https://wdown.ebsi.co.kr/W61001/01exam/20170906/go2/s_ssnyr_hsj_FI1ZG5yo.pdf
2017,2,9,school_mock,social,politics-and-law,question,manual_review,verified_pending_import,confirmed,official_catalog_and_pdf,not_imported,,https://wdown.ebsi.co.kr/W61001/01exam/20170906/go2/s_bnj_mun_OxJagXTi.pdf
2017,2,9,school_mock,social,politics-and-law,solution,manual_review,verified_pending_import,confirmed,official_catalog_and_pdf,not_imported,,https://wdown.ebsi.co.kr/W61001/01exam/20170906/go2/s_bnj_hsj_8M19VMcz.pdf
2017,2,9,school_mock,social,social-culture,question,manual_review,verified_pending_import,confirmed,official_catalog_and_pdf,not_imported,,https://wdown.ebsi.co.kr/W61001/01exam/20170906/go2/s_samun_mun_AOylhgnF.pdf
2017,2,9,school_mock,social,social-culture,solution,manual_review,verified_pending_import,confirmed,official_catalog_and_pdf,not_imported,,https://wdown.ebsi.co.kr/W61001/01exam/20170906/go2/s_samun_hsj_ZS4HIv6E.pdf
2017,2,9,school_mock,social,world-geography,question,manual_review,verified_pending_import,confirmed,official_catalog_and_pdf,not_imported,,https://wdown.ebsi.co.kr/W61001/01exam/20170906/go2/s_saeji_mun_XFZ0stgr.pdf
2017,2,9,school_mock,social,world-geography,solution,manual_review,verified_pending_import,confirmed,official_catalog_and_pdf,not_imported,,https://wdown.ebsi.co.kr/W61001/01exam/20170906/go2/s_saeji_hsj_3SU0hXCR.pdf
2017,2,9,school_mock,social,world-history,question,manual_review,verified_pending_import,confirmed,official_catalog_and_pdf,not_imported,,https://wdown.ebsi.co.kr/W61001/01exam/20170906/go2/s_sks_mun_vDOv5y4F.pdf
2017,2,9,school_mock,social,world-history,solution,manual_review,verified_pending_import,confirmed,official_catalog_and_pdf,not_imported,,https://wdown.ebsi.co.kr/W61001/01exam/20170906/go2/s_sks_hsj_ypKsEgJX.pdf
2017,2,9,school_mock,science,chemistry-1,question,manual_review,verified_pending_import,confirmed,official_catalog_and_pdf,not_imported,,https://wdown.ebsi.co.kr/W61001/01exam/20170906/go2/g_che1_mun_m5R4r3mb.pdf
2017,2,9,school_mock,science,chemistry-1,solution,manual_review,verified_pending_import,confirmed,official_catalog_and_pdf,not_imported,,https://wdown.ebsi.co.kr/W61001/01exam/20170906/go2/g_che1_hsj_fJ8VrRQv.pdf
2017,2,9,school_mock,science,earth-science-1,question,manual_review,verified_pending_import,confirmed,official_catalog_and_pdf,not_imported,,https://wdown.ebsi.co.kr/W61001/01exam/20170906/go2/g_ear1_mun_hyemYewQ.pdf
2017,2,9,school_mock,science,earth-science-1,solution,manual_review,verified_pending_import,confirmed,official_catalog_and_pdf,not_imported,,https://wdown.ebsi.co.kr/W61001/01exam/20170906/go2/g_ear1_hsj_1N8Pik3Y.pdf
2017,2,9,school_mock,science,life-science-1,question,manual_review,verified_pending_import,confirmed,official_catalog_and_pdf,not_imported,,https://wdown.ebsi.co.kr/W61001/01exam/20170906/go2/g_bio1_mun_XlaoY99E.pdf
2017,2,9,school_mock,science,life-science-1,solution,manual_review,verified_pending_import,confirmed,official_catalog_and_pdf,not_imported,,https://wdown.ebsi.co.kr/W61001/01exam/20170906/go2/g_bio1_hsj_Xxt5BBBV.pdf
2017,2,9,school_mock,science,physics-1,question,manual_review,verified_pending_import,confirmed,official_catalog_and_pdf,not_imported,,https://wdown.ebsi.co.kr/W61001/01exam/20170906/go2/g_phy1_mun_ybqfAj81.pdf
2017,2,9,school_mock,science,physics-1,solution,manual_review,verified_pending_import,confirmed,official_catalog_and_pdf,not_imported,,https://wdown.ebsi.co.kr/W61001/01exam/20170906/go2/g_phy1_hsj_EYtN3Isa.pdf
2017,2,11,school_mock,korean,,question,manual_review,verified_pending_import,confirmed,official_catalog_and_pdf,not_imported,,https://wdown.ebsi.co.kr/W61001/01exam/20171122/go2/kor_mun_NjWOiy54.pdf
2017,2,11,school_mock,korean,,solution,manual_review,verified_pending_import,confirmed,official_catalog_and_pdf,not_imported,,https://wdown.ebsi.co.kr/W61001/01exam/20171122/go2/kor_hsj_DgI6bXmd.pdf
2017,2,11,school_mock,math,math-a,question,manual_review,verified_pending_import,confirmed,official_catalog_and_pdf,not_imported,,https://wdown.ebsi.co.kr/W61001/01exam/20171122/go2/matha_mun_MJOtd3rO.pdf
2017,2,11,school_mock,math,math-a,solution,manual_review,verified_pending_import,confirmed,official_catalog_and_pdf,not_imported,,https://wdown.ebsi.co.kr/W61001/01exam/20171122/go2/matha_hsj_E9TuHZnc.pdf
2017,2,11,school_mock,math,math-b,question,manual_review,verified_pending_import,confirmed,official_catalog_and_pdf,not_imported,,https://wdown.ebsi.co.kr/W61001/01exam/20171122/go2/mathb_mun_JfKHmj9n.pdf
2017,2,11,school_mock,math,math-b,solution,manual_review,verified_pending_import,confirmed,official_catalog_and_pdf,not_imported,,https://wdown.ebsi.co.kr/W61001/01exam/20171122/go2/mathb_hsj_1xxWn9R6.pdf
2017,2,11,school_mock,english,,question,manual_review,verified_pending_import,confirmed,official_catalog_and_pdf,not_imported,,https://wdown.ebsi.co.kr/W61001/01exam/20171122/go2/eng_mun_mJB526tr.pdf
2017,2,11,school_mock,english,,solution,manual_review,verified_pending_import,confirmed,official_catalog_and_pdf,not_imported,,https://wdown.ebsi.co.kr/W61001/01exam/20171122/go2/eng_hsj_5XsCj1d4.pdf
2017,2,11,school_mock,history,,question,manual_review,verified_pending_import,confirmed,official_catalog_and_pdf,not_imported,,https://wdown.ebsi.co.kr/W61001/01exam/20171122/go2/s_his_mun_DKicUbvB.pdf
2017,2,11,school_mock,history,,solution,manual_review,verified_pending_import,confirmed,official_catalog_and_pdf,not_imported,,https://wdown.ebsi.co.kr/W61001/01exam/20171122/go2/s_his_hsj_DxroC6PO.pdf
2017,2,11,school_mock,social,east-asian-history,question,manual_review,verified_pending_import,confirmed,official_catalog_and_pdf,not_imported,,https://wdown.ebsi.co.kr/W61001/01exam/20171122/go2/s_easta_mun_2T0apMHi.pdf
2017,2,11,school_mock,social,east-asian-history,solution,manual_review,verified_pending_import,confirmed,official_catalog_and_pdf,not_imported,,https://wdown.ebsi.co.kr/W61001/01exam/20171122/go2/s_easta_hsj_0SYNIPuk.pdf
2017,2,11,school_mock,social,economics,question,manual_review,verified_pending_import,confirmed,official_catalog_and_pdf,not_imported,,https://wdown.ebsi.co.kr/W61001/01exam/20171122/go2/s_eco_mun_4MoSn03t.pdf
2017,2,11,school_mock,social,economics,solution,manual_review,verified_pending_import,confirmed,official_catalog_and_pdf,not_imported,,https://wdown.ebsi.co.kr/W61001/01exam/20171122/go2/s_eco_hsj_3Z4d5htA.pdf
2017,2,11,school_mock,social,ethics-and-thought,question,manual_review,verified_pending_import,confirmed,official_catalog_and_pdf,not_imported,,https://wdown.ebsi.co.kr/W61001/01exam/20171122/go2/s_yrnss_mun_xWY5pCxl.pdf
2017,2,11,school_mock,social,ethics-and-thought,solution,manual_review,verified_pending_import,confirmed,official_catalog_and_pdf,not_imported,,https://wdown.ebsi.co.kr/W61001/01exam/20171122/go2/s_yrnss_hsj_ICSsiWdB.pdf
2017,2,11,school_mock,social,korean-geography,question,manual_review,verified_pending_import,confirmed,official_catalog_and_pdf,not_imported,,https://wdown.ebsi.co.kr/W61001/01exam/20171122/go2/s_hanji_mun_dsnvUFcx.pdf
2017,2,11,school_mock,social,korean-geography,solution,manual_review,verified_pending_import,confirmed,official_catalog_and_pdf,not_imported,,https://wdown.ebsi.co.kr/W61001/01exam/20171122/go2/s_hanji_hsj_T5nwZvIP.pdf
2017,2,11,school_mock,social,life-and-ethics,question,manual_review,verified_pending_import,confirmed,official_catalog_and_pdf,not_imported,,https://wdown.ebsi.co.kr/W61001/01exam/20171122/go2/s_ssnyr_mun_YFSrAuWi.pdf
2017,2,11,school_mock,social,life-and-ethics,solution,manual_review,verified_pending_import,confirmed,official_catalog_and_pdf,not_imported,,https://wdown.ebsi.co.kr/W61001/01exam/20171122/go2/s_ssnyr_hsj_qJmdTcjJ.pdf
2017,2,11,school_mock,social,politics-and-law,question,manual_review,verified_pending_import,confirmed,official_catalog_and_pdf,not_imported,,https://wdown.ebsi.co.kr/W61001/01exam/20171122/go2/s_bnj_mun_U6q5ijb1.pdf
2017,2,11,school_mock,social,politics-and-law,solution,manual_review,verified_pending_import,confirmed,official_catalog_and_pdf,not_imported,,https://wdown.ebsi.co.kr/W61001/01exam/20171122/go2/s_bnj_hsj_u2ZN9KAy.pdf
2017,2,11,school_mock,social,social-culture,question,manual_review,verified_pending_import,confirmed,official_catalog_and_pdf,not_imported,,https://wdown.ebsi.co.kr/W61001/01exam/20171122/go2/s_samun_mun_yD7TfSr0.pdf
2017,2,11,school_mock,social,social-culture,solution,manual_review,verified_pending_import,confirmed,official_catalog_and_pdf,not_imported,,https://wdown.ebsi.co.kr/W61001/01exam/20171122/go2/s_samun_hsj_fVwcdZ06.pdf
2017,2,11,school_mock,social,world-geography,question,manual_review,verified_pending_import,confirmed,official_catalog_and_pdf,not_imported,,https://wdown.ebsi.co.kr/W61001/01exam/20171122/go2/s_saeji_mun_NTAbAWFs.pdf
2017,2,11,school_mock,social,world-geography,solution,manual_review,verified_pending_import,confirmed,official_catalog_and_pdf,not_imported,,https://wdown.ebsi.co.kr/W61001/01exam/20171122/go2/s_saeji_hsj_wl3tTUqp.pdf
2017,2,11,school_mock,social,world-history,question,manual_review,verified_pending_import,confirmed,official_catalog_and_pdf,not_imported,,https://wdown.ebsi.co.kr/W61001/01exam/20171122/go2/s_sks_mun_g3nOpj53.pdf
2017,2,11,school_mock,social,world-history,solution,manual_review,verified_pending_import,confirmed,official_catalog_and_pdf,not_imported,,https://wdown.ebsi.co.kr/W61001/01exam/20171122/go2/s_sks_hsj_XaDFuXCp.pdf
2017,2,11,school_mock,science,chemistry-1,question,manual_review,verified_pending_import,confirmed,official_catalog_and_pdf,not_imported,,https://wdown.ebsi.co.kr/W61001/01exam/20171122/go2/g_che1_mun_kUqLpHka.pdf
2017,2,11,school_mock,science,chemistry-1,solution,manual_review,verified_pending_import,confirmed,official_catalog_and_pdf,not_imported,,https://wdown.ebsi.co.kr/W61001/01exam/20171122/go2/g_che1_hsj_td4gmSkn.pdf
2017,2,11,school_mock,science,earth-science-1,question,manual_review,verified_pending_import,confirmed,official_catalog_and_pdf,not_imported,,https://wdown.ebsi.co.kr/W61001/01exam/20171122/go2/g_ear1_mun_RNZSPGNk.pdf
2017,2,11,school_mock,science,earth-science-1,solution,manual_review,verified_pending_import,confirmed,official_catalog_and_pdf,not_imported,,https://wdown.ebsi.co.kr/W61001/01exam/20171122/go2/g_ear1_hsj_Y5TetpIu.pdf
2017,2,11,school_mock,science,life-science-1,question,manual_review,verified_pending_import,confirmed,official_catalog_and_pdf,not_imported,,https://wdown.ebsi.co.kr/W61001/01exam/20171122/go2/g_bio1_mun_vh7wFI1Z.pdf
2017,2,11,school_mock,science,life-science-1,solution,manual_review,verified_pending_import,confirmed,official_catalog_and_pdf,not_imported,,https://wdown.ebsi.co.kr/W61001/01exam/20171122/go2/g_bio1_hsj_G5yoVTvK.pdf
2017,2,11,school_mock,science,physics-1,question,manual_review,verified_pending_import,confirmed,official_catalog_and_pdf,not_imported,,https://wdown.ebsi.co.kr/W61001/01exam/20171122/go2/g_phy1_mun_YO4OPXok.pdf
2017,2,11,school_mock,science,physics-1,solution,manual_review,verified_pending_import,confirmed,official_catalog_and_pdf,not_imported,,https://wdown.ebsi.co.kr/W61001/01exam/20171122/go2/g_phy1_hsj_84FTA7OI.pdf
2017,2,11,school_mock,vocational,accounting-principles,question,manual_review,verified_pending_import,confirmed,official_catalog_and_pdf,not_imported,,https://wdown.ebsi.co.kr/W61001/01exam/20171122/go2/J_one_mun_u23LiC1h.pdf
2017,2,11,school_mock,vocational,accounting-principles,solution,manual_review,verified_pending_import,confirmed,official_catalog_and_pdf,not_imported,,https://wdown.ebsi.co.kr/W61001/01exam/20171122/go2/J_one_hsj_1jYhAOyl.pdf
2017,2,11,school_mock,vocational,agriculture-basics,question,manual_review,verified_pending_import,confirmed,official_catalog_and_pdf,not_imported,,https://wdown.ebsi.co.kr/W61001/01exam/20171122/go2/J_nupgi_mun_stgr3SU0.pdf
2017,2,11,school_mock,vocational,agriculture-basics,solution,manual_review,verified_pending_import,confirmed,official_catalog_and_pdf,not_imported,,https://wdown.ebsi.co.kr/W61001/01exam/20171122/go2/J_nupgi_hsj_hXCRQcqm.pdf
2017,2,11,school_mock,vocational,agriculture-understanding,question,manual_review,verified_pending_import,confirmed,official_catalog_and_pdf,not_imported,,https://wdown.ebsi.co.kr/W61001/01exam/20171122/go2/J_nup_mun_PHDXE2sC.pdf
2017,2,11,school_mock,vocational,agriculture-understanding,solution,manual_review,verified_pending_import,confirmed,official_catalog_and_pdf,not_imported,,https://wdown.ebsi.co.kr/W61001/01exam/20171122/go2/J_nup_hsj_RBHZXFZ0.pdf
2017,2,11,school_mock,vocational,basic-drafting,question,manual_review,verified_pending_import,confirmed,official_catalog_and_pdf,not_imported,,https://wdown.ebsi.co.kr/W61001/01exam/20171122/go2/J_kicho_mun_5y4FypKs.pdf
2017,2,11,school_mock,vocational,basic-drafting,solution,manual_review,verified_pending_import,confirmed,official_catalog_and_pdf,not_imported,,https://wdown.ebsi.co.kr/W61001/01exam/20171122/go2/J_kicho_hsj_EgJXOxJa.pdf
2017,2,11,school_mock,vocational,commercial-economics,question,manual_review,verified_pending_import,confirmed,official_catalog_and_pdf,not_imported,,https://wdown.ebsi.co.kr/W61001/01exam/20171122/go2/J_sangup_mun_gXTi8M19.pdf
2017,2,11,school_mock,vocational,commercial-economics,solution,manual_review,verified_pending_import,confirmed,official_catalog_and_pdf,not_imported,,https://wdown.ebsi.co.kr/W61001/01exam/20171122/go2/J_sangup_hsj_VMczi9yz.pdf
2017,2,11,school_mock,vocational,fisheries-and-shipping,question,manual_review,verified_pending_import,confirmed,official_catalog_and_pdf,not_imported,,https://wdown.ebsi.co.kr/W61001/01exam/20171122/go2/J_susan_mun_Aj81EYtN.pdf
2017,2,11,school_mock,vocational,fisheries-and-shipping,solution,manual_review,verified_pending_import,confirmed,official_catalog_and_pdf,not_imported,,https://wdown.ebsi.co.kr/W61001/01exam/20171122/go2/J_susan_hsj_3Isam5R4.pdf
2017,2,11,school_mock,vocational,human-development,question,manual_review,verified_pending_import,confirmed,official_catalog_and_pdf,not_imported,,https://wdown.ebsi.co.kr/W61001/01exam/20171122/go2/J_inkan_mun_r3mbfJ8V.pdf
2017,2,11,school_mock,vocational,human-development,solution,manual_review,verified_pending_import,confirmed,official_catalog_and_pdf,not_imported,,https://wdown.ebsi.co.kr/W61001/01exam/20171122/go2/J_inkan_hsj_rRQvXlao.pdf
2017,2,11,school_mock,vocational,industry-general,question,manual_review,verified_pending_import,confirmed,official_catalog_and_pdf,not_imported,,https://wdown.ebsi.co.kr/W61001/01exam/20171122/go2/J_gup_mun_Svux4Jf7.pdf
2017,2,11,school_mock,vocational,industry-general,solution,manual_review,verified_pending_import,confirmed,official_catalog_and_pdf,not_imported,,https://wdown.ebsi.co.kr/W61001/01exam/20171122/go2/J_gup_hsj_zynrvDOv.pdf
2017,2,11,school_mock,vocational,ocean-understanding,question,manual_review,verified_pending_import,confirmed,official_catalog_and_pdf,not_imported,,https://wdown.ebsi.co.kr/W61001/01exam/20171122/go2/J_hae_mun_hgnFZS4H.pdf
2017,2,11,school_mock,vocational,ocean-understanding,solution,manual_review,verified_pending_import,confirmed,official_catalog_and_pdf,not_imported,,https://wdown.ebsi.co.kr/W61001/01exam/20171122/go2/J_hae_hsj_Iv6Eybqf.pdf
2017,2,11,school_mock,vocational,service-industry-understanding,question,manual_review,verified_pending_import,confirmed,official_catalog_and_pdf,not_imported,,https://wdown.ebsi.co.kr/W61001/01exam/20171122/go2/J_ser_mun_Y99EXxt5.pdf
2017,2,11,school_mock,vocational,service-industry-understanding,solution,manual_review,verified_pending_import,confirmed,official_catalog_and_pdf,not_imported,,https://wdown.ebsi.co.kr/W61001/01exam/20171122/go2/J_ser_hsj_BBBVhyem.pdf
2017,2,11,school_mock,second_language,chinese-1,question,manual_review,verified_pending_import,confirmed,official_catalog_and_pdf,not_imported,,https://wdown.ebsi.co.kr/W61001/01exam/20171122/go2/2nd_ch_mun_1JOMyQlm.pdf
2017,2,11,school_mock,second_language,chinese-1,solution,manual_review,verified_pending_import,confirmed,official_catalog_and_pdf,not_imported,,https://wdown.ebsi.co.kr/W61001/01exam/20171122/go2/2nd_ch_hsj_LFQG101s.pdf
2017,2,11,school_mock,second_language,classical-chinese-1,question,manual_review,verified_pending_import,confirmed,official_catalog_and_pdf,not_imported,,https://wdown.ebsi.co.kr/W61001/01exam/20171122/go2/2nd_han_mun_ZWZaendg.pdf
2017,2,11,school_mock,second_language,classical-chinese-1,solution,manual_review,verified_pending_import,confirmed,official_catalog_and_pdf,not_imported,,https://wdown.ebsi.co.kr/W61001/01exam/20171122/go2/2nd_han_hsj_jvM9KfYD.pdf
2017,2,11,school_mock,second_language,french-1,question,manual_review,verified_pending_import,confirmed,official_catalog_and_pdf,not_imported,,https://wdown.ebsi.co.kr/W61001/01exam/20171122/go2/2nd_fr_mun_tKarvzr0.pdf
2017,2,11,school_mock,second_language,french-1,solution,manual_review,verified_pending_import,confirmed,official_catalog_and_pdf,not_imported,,https://wdown.ebsi.co.kr/W61001/01exam/20171122/go2/2nd_fr_hsj_dSHpVyLr.pdf
2017,2,11,school_mock,second_language,german-1,question,manual_review,verified_pending_import,confirmed,official_catalog_and_pdf,not_imported,,https://wdown.ebsi.co.kr/W61001/01exam/20171122/go2/2nd_gr_mun_YewQ1N8P.pdf
2017,2,11,school_mock,second_language,german-1,solution,manual_review,verified_pending_import,confirmed,official_catalog_and_pdf,not_imported,,https://wdown.ebsi.co.kr/W61001/01exam/20171122/go2/2nd_gr_hsj_ik3Y8pEB.pdf
2017,2,11,school_mock,second_language,japanese-1,question,manual_review,verified_pending_import,confirmed,official_catalog_and_pdf,not_imported,,https://wdown.ebsi.co.kr/W61001/01exam/20171122/go2/2nd_ja_mun_7hpJm8Ot.pdf
2017,2,11,school_mock,second_language,japanese-1,solution,manual_review,verified_pending_import,confirmed,official_catalog_and_pdf,not_imported,,https://wdown.ebsi.co.kr/W61001/01exam/20171122/go2/2nd_ja_hsj_prR0E6fa.pdf
2017,2,11,school_mock,second_language,russian-1,question,manual_review,verified_pending_import,confirmed,official_catalog_and_pdf,not_imported,,https://wdown.ebsi.co.kr/W61001/01exam/20171122/go2/2nd_ru_mun_idnGiAw8.pdf
2017,2,11,school_mock,second_language,russian-1,solution,manual_review,verified_pending_import,confirmed,official_catalog_and_pdf,not_imported,,https://wdown.ebsi.co.kr/W61001/01exam/20171122/go2/2nd_ru_hsj_HQEUEiff.pdf
2017,2,11,school_mock,second_language,spanish-1,question,manual_review,verified_pending_import,confirmed,official_catalog_and_pdf,not_imported,,https://wdown.ebsi.co.kr/W61001/01exam/20171122/go2/2nd_sp_mun_C8aH5qRF.pdf
2017,2,11,school_mock,second_language,spanish-1,solution,manual_review,verified_pending_import,confirmed,official_catalog_and_pdf,not_imported,,https://wdown.ebsi.co.kr/W61001/01exam/20171122/go2/2nd_sp_hsj_apNuT1FM.pdf
2017,3,3,school_mock,korean,,question,manual_review,verified_pending_import,confirmed,official_catalog_and_pdf,not_imported,,https://wdown.ebsi.co.kr/W61001/01exam/20170309/go3/kor_mun_aZRhQdOg_1.pdf
2017,3,3,school_mock,korean,,solution,manual_review,verified_pending_import,confirmed,official_catalog_and_pdf,not_imported,,https://wdown.ebsi.co.kr/W61001/01exam/20170309/go3/kor_hsj_l4rhYQYx_1.pdf
2017,3,3,school_mock,math,math-a,question,manual_review,verified_pending_import,confirmed,official_catalog_and_pdf,not_imported,,https://wdown.ebsi.co.kr/W61001/01exam/20170309/go3/matha_mun_3G5aYY61_1.pdf
2017,3,3,school_mock,math,math-a,solution,manual_review,verified_pending_import,confirmed,official_catalog_and_pdf,not_imported,,https://wdown.ebsi.co.kr/W61001/01exam/20170309/go3/matha_hsj_LEdyt3ce_1.pdf
2017,3,3,school_mock,math,math-b,question,manual_review,verified_pending_import,confirmed,official_catalog_and_pdf,not_imported,,https://wdown.ebsi.co.kr/W61001/01exam/20170309/go3/mathb_mun_w8k69RKL_1.pdf
2017,3,3,school_mock,math,math-b,solution,manual_review,verified_pending_import,confirmed,official_catalog_and_pdf,not_imported,,https://wdown.ebsi.co.kr/W61001/01exam/20170309/go3/mathb_hsj_pgTFur2i_1.pdf
2017,3,3,school_mock,english,,question,manual_review,verified_pending_import,confirmed,official_catalog_and_pdf,not_imported,,https://wdown.ebsi.co.kr/W61001/01exam/20170309/go3/eng_mun_z2Mb1s7n_1.pdf
2017,3,3,school_mock,english,,solution,manual_review,verified_pending_import,confirmed,official_catalog_and_pdf,not_imported,,https://wdown.ebsi.co.kr/W61001/01exam/20170309/go3/eng_hsj_lT2NqFJ3_1.pdf
2017,3,3,school_mock,history,,question,manual_review,verified_pending_import,confirmed,official_catalog_and_pdf,not_imported,,https://wdown.ebsi.co.kr/W61001/01exam/20170309/go3/s_his_mun_uNjVuMhv_1.pdf
2017,3,3,school_mock,history,,solution,manual_review,verified_pending_import,confirmed,official_catalog_and_pdf,not_imported,,https://wdown.ebsi.co.kr/W61001/01exam/20170309/go3/s_his_hsj_qgStMVhE_1.pdf
2017,3,3,school_mock,social,east-asian-history,question,manual_review,verified_pending_import,confirmed,official_catalog_and_pdf,not_imported,,https://wdown.ebsi.co.kr/W61001/01exam/20170309/go3/s_easta_mun_j03oHMwV_1.pdf
2017,3,3,school_mock,social,east-asian-history,solution,manual_review,verified_pending_import,confirmed,official_catalog_and_pdf,not_imported,,https://wdown.ebsi.co.kr/W61001/01exam/20170309/go3/s_easta_hsj_N7miR9Od_1.pdf
2017,3,3,school_mock,social,economics,question,manual_review,verified_pending_import,confirmed,official_catalog_and_pdf,not_imported,,https://wdown.ebsi.co.kr/W61001/01exam/20170309/go3/s_eco_mun_2H67yRLV_1.pdf
2017,3,3,school_mock,social,economics,solution,manual_review,verified_pending_import,confirmed,official_catalog_and_pdf,not_imported,,https://wdown.ebsi.co.kr/W61001/01exam/20170309/go3/s_eco_hsj_bNDN4Cxp_1.pdf
2017,3,3,school_mock,social,ethics-and-thought,question,manual_review,verified_pending_import,confirmed,official_catalog_and_pdf,not_imported,,https://wdown.ebsi.co.kr/W61001/01exam/20170309/go3/s_yrnss_mun_4kJSFsxf_1.pdf
2017,3,3,school_mock,social,ethics-and-thought,solution,manual_review,verified_pending_import,confirmed,official_catalog_and_pdf,not_imported,,https://wdown.ebsi.co.kr/W61001/01exam/20170309/go3/s_yrnss_hsj_4yp8ARf3_1.pdf
2017,3,3,school_mock,social,korean-geography,question,manual_review,verified_pending_import,confirmed,official_catalog_and_pdf,not_imported,,https://wdown.ebsi.co.kr/W61001/01exam/20170309/go3/s_hanji_mun_sllNY30k_1.pdf
2017,3,3,school_mock,social,korean-geography,solution,manual_review,verified_pending_import,confirmed,official_catalog_and_pdf,not_imported,,https://wdown.ebsi.co.kr/W61001/01exam/20170309/go3/s_hanji_hsj_kZIhTrBo_1.pdf
2017,3,3,school_mock,social,life-and-ethics,question,manual_review,verified_pending_import,confirmed,official_catalog_and_pdf,not_imported,,https://wdown.ebsi.co.kr/W61001/01exam/20170309/go3/s_ssnyr_mun_UsebmspH_1.pdf
2017,3,3,school_mock,social,life-and-ethics,solution,manual_review,verified_pending_import,confirmed,official_catalog_and_pdf,not_imported,,https://wdown.ebsi.co.kr/W61001/01exam/20170309/go3/s_ssnyr_hsj_2q6DqaJY_1.pdf
2017,3,3,school_mock,social,politics-and-law,question,manual_review,verified_pending_import,confirmed,official_catalog_and_pdf,not_imported,,https://wdown.ebsi.co.kr/W61001/01exam/20170309/go3/s_bnj_mun_SWoBDyse_1.pdf
2017,3,3,school_mock,social,politics-and-law,solution,manual_review,verified_pending_import,confirmed,official_catalog_and_pdf,not_imported,,https://wdown.ebsi.co.kr/W61001/01exam/20170309/go3/s_bnj_hsj_VwrblZz0_1.pdf
2017,3,3,school_mock,social,social-culture,question,manual_review,verified_pending_import,confirmed,official_catalog_and_pdf,not_imported,,https://wdown.ebsi.co.kr/W61001/01exam/20170309/go3/s_samun_mun_AOAkK5Lq_1.pdf
2017,3,3,school_mock,social,social-culture,solution,manual_review,verified_pending_import,confirmed,official_catalog_and_pdf,not_imported,,https://wdown.ebsi.co.kr/W61001/01exam/20170309/go3/s_samun_hsj_N33HFnwp_1.pdf
2017,3,3,school_mock,social,world-geography,question,manual_review,verified_pending_import,confirmed,official_catalog_and_pdf,not_imported,,https://wdown.ebsi.co.kr/W61001/01exam/20170309/go3/s_saeji_mun_e2U8QVjp_1.pdf
2017,3,3,school_mock,social,world-geography,solution,manual_review,verified_pending_import,confirmed,official_catalog_and_pdf,not_imported,,https://wdown.ebsi.co.kr/W61001/01exam/20170309/go3/s_saeji_hsj_3b6uIU1G_1.pdf
2017,3,3,school_mock,social,world-history,question,manual_review,verified_pending_import,confirmed,official_catalog_and_pdf,not_imported,,https://wdown.ebsi.co.kr/W61001/01exam/20170309/go3/s_sks_mun_utox7nye_1.pdf
2017,3,3,school_mock,social,world-history,solution,manual_review,verified_pending_import,confirmed,official_catalog_and_pdf,not_imported,,https://wdown.ebsi.co.kr/W61001/01exam/20170309/go3/s_sks_hsj_KzGZuNY1_1.pdf
2017,3,3,school_mock,science,chemistry-1,question,manual_review,verified_pending_import,confirmed,official_catalog_and_pdf,not_imported,,https://wdown.ebsi.co.kr/W61001/01exam/20170309/go3/g_che1_mun_Cl9FopYC_1.pdf
2017,3,3,school_mock,science,chemistry-1,solution,manual_review,verified_pending_import,confirmed,official_catalog_and_pdf,not_imported,,https://wdown.ebsi.co.kr/W61001/01exam/20170309/go3/g_che1_hsj_98Bi89Qt_1.pdf
2017,3,3,school_mock,science,earth-science-1,question,manual_review,verified_pending_import,confirmed,official_catalog_and_pdf,not_imported,,https://wdown.ebsi.co.kr/W61001/01exam/20170309/go3/g_ear1_mun_KKQpQq5p_1.pdf
2017,3,3,school_mock,science,earth-science-1,solution,manual_review,verified_pending_import,confirmed,official_catalog_and_pdf,not_imported,,https://wdown.ebsi.co.kr/W61001/01exam/20170309/go3/g_ear1_hsj_neeFUtLc_1.pdf
2017,3,3,school_mock,science,life-science-1,question,manual_review,verified_pending_import,confirmed,official_catalog_and_pdf,not_imported,,https://wdown.ebsi.co.kr/W61001/01exam/20170309/go3/g_bio1_mun_pfTYSl1q_1.pdf
2017,3,3,school_mock,science,life-science-1,solution,manual_review,verified_pending_import,confirmed,official_catalog_and_pdf,not_imported,,https://wdown.ebsi.co.kr/W61001/01exam/20170309/go3/g_bio1_hsj_4gtopWd7_1.pdf
2017,3,3,school_mock,science,physics-1,question,manual_review,verified_pending_import,confirmed,official_catalog_and_pdf,not_imported,,https://wdown.ebsi.co.kr/W61001/01exam/20170309/go3/g_phy1_mun_GR881Np7_1.pdf
2017,3,3,school_mock,science,physics-1,solution,manual_review,verified_pending_import,confirmed,official_catalog_and_pdf,not_imported,,https://wdown.ebsi.co.kr/W61001/01exam/20170309/go3/g_phy1_hsj_vXee4fDG_1.pdf
2017,3,4,school_mock,korean,,question,manual_review,verified_pending_import,confirmed,official_catalog_and_pdf,not_imported,,https://wdown.ebsi.co.kr/W61001/01exam/20170412/go3/kor_mun_XM7e0C9g.pdf
2017,3,4,school_mock,korean,,solution,manual_review,verified_pending_import,confirmed,official_catalog_and_pdf,not_imported,,https://wdown.ebsi.co.kr/W61001/01exam/20170412/go3/kor_hsj_uA8M6XQQ_1.pdf
2017,3,4,school_mock,math,math-a,question,manual_review,verified_pending_import,confirmed,official_catalog_and_pdf,not_imported,,https://wdown.ebsi.co.kr/W61001/01exam/20170412/go3/matha_mun_ez1enAqp.pdf
2017,3,4,school_mock,math,math-a,solution,manual_review,verified_pending_import,confirmed,official_catalog_and_pdf,not_imported,,https://wdown.ebsi.co.kr/W61001/01exam/20170412/go3/matha_hsj_fkNsjUHQ.pdf
2017,3,4,school_mock,math,math-b,question,manual_review,verified_pending_import,confirmed,official_catalog_and_pdf,not_imported,,https://wdown.ebsi.co.kr/W61001/01exam/20170412/go3/mathb_mun_Hh2wLCVY.pdf
2017,3,4,school_mock,math,math-b,solution,manual_review,verified_pending_import,confirmed,official_catalog_and_pdf,not_imported,,https://wdown.ebsi.co.kr/W61001/01exam/20170412/go3/mathb_hsj_l4maEqxG.pdf
2017,3,4,school_mock,english,,question,manual_review,verified_pending_import,confirmed,official_catalog_and_pdf,not_imported,,https://wdown.ebsi.co.kr/W61001/01exam/20170412/go3/eng_mun_GmNN79xa.pdf
2017,3,4,school_mock,english,,solution,manual_review,verified_pending_import,confirmed,official_catalog_and_pdf,not_imported,,https://wdown.ebsi.co.kr/W61001/01exam/20170412/go3/eng_hsj_vjrRZ1Ub.pdf
2017,3,4,school_mock,history,,question,manual_review,verified_pending_import,confirmed,official_catalog_and_pdf,not_imported,,https://wdown.ebsi.co.kr/W61001/01exam/20170412/go3/s_his_mun_1tIzmQVu.pdf
2017,3,4,school_mock,history,,solution,manual_review,verified_pending_import,confirmed,official_catalog_and_pdf,not_imported,,https://wdown.ebsi.co.kr/W61001/01exam/20170412/go3/s_his_hsj_RWCy7rjc.pdf
2017,3,4,school_mock,social,east-asian-history,question,manual_review,verified_pending_import,confirmed,official_catalog_and_pdf,not_imported,,https://wdown.ebsi.co.kr/W61001/01exam/20170412/go3/s_easta_mun_W6Ex3Akw.pdf
2017,3,4,school_mock,social,east-asian-history,solution,manual_review,verified_pending_import,confirmed,official_catalog_and_pdf,not_imported,,https://wdown.ebsi.co.kr/W61001/01exam/20170412/go3/s_easta_hsj_tsQztQoP.pdf
2017,3,4,school_mock,social,economics,question,manual_review,verified_pending_import,confirmed,official_catalog_and_pdf,not_imported,,https://wdown.ebsi.co.kr/W61001/01exam/20170412/go3/s_eco_mun_MJJQ873T.pdf
2017,3,4,school_mock,social,economics,solution,manual_review,verified_pending_import,confirmed,official_catalog_and_pdf,not_imported,,https://wdown.ebsi.co.kr/W61001/01exam/20170412/go3/s_eco_hsj_lm70rM3T.pdf
2017,3,4,school_mock,social,ethics-and-thought,question,manual_review,verified_pending_import,confirmed,official_catalog_and_pdf,not_imported,,https://wdown.ebsi.co.kr/W61001/01exam/20170412/go3/s_yrnss_mun_CTr9rf3y.pdf
2017,3,4,school_mock,social,ethics-and-thought,solution,manual_review,verified_pending_import,confirmed,official_catalog_and_pdf,not_imported,,https://wdown.ebsi.co.kr/W61001/01exam/20170412/go3/s_yrnss_hsj_XvEbjkyq.pdf
2017,3,4,school_mock,social,korean-geography,question,manual_review,verified_pending_import,confirmed,official_catalog_and_pdf,not_imported,,https://wdown.ebsi.co.kr/W61001/01exam/20170412/go3/s_hanji_mun_U7a0xtAE.pdf
2017,3,4,school_mock,social,korean-geography,solution,manual_review,verified_pending_import,confirmed,official_catalog_and_pdf,not_imported,,https://wdown.ebsi.co.kr/W61001/01exam/20170412/go3/s_hanji_hsj_HLB8TrBH.pdf
2017,3,4,school_mock,social,life-and-ethics,question,manual_review,verified_pending_import,confirmed,official_catalog_and_pdf,not_imported,,https://wdown.ebsi.co.kr/W61001/01exam/20170412/go3/s_ssnyr_mun_xtniFKUL.pdf
2017,3,4,school_mock,social,life-and-ethics,solution,manual_review,verified_pending_import,confirmed,official_catalog_and_pdf,not_imported,,https://wdown.ebsi.co.kr/W61001/01exam/20170412/go3/s_ssnyr_hsj_PEhGD1Xy.pdf
2017,3,4,school_mock,social,politics-and-law,question,manual_review,verified_pending_import,confirmed,official_catalog_and_pdf,not_imported,,https://wdown.ebsi.co.kr/W61001/01exam/20170412/go3/s_bnj_mun_vSAMfKQu.pdf
2017,3,4,school_mock,social,politics-and-law,solution,manual_review,verified_pending_import,confirmed,official_catalog_and_pdf,not_imported,,https://wdown.ebsi.co.kr/W61001/01exam/20170412/go3/s_bnj_hsj_1bCdUg07.pdf
2017,3,4,school_mock,social,social-culture,question,manual_review,verified_pending_import,confirmed,official_catalog_and_pdf,not_imported,,https://wdown.ebsi.co.kr/W61001/01exam/20170412/go3/s_samun_mun_bhyF2fPm.pdf
2017,3,4,school_mock,social,social-culture,solution,manual_review,verified_pending_import,confirmed,official_catalog_and_pdf,not_imported,,https://wdown.ebsi.co.kr/W61001/01exam/20170412/go3/s_samun_hsj_sSVhGOD6.pdf
2017,3,4,school_mock,social,world-geography,question,manual_review,verified_pending_import,confirmed,official_catalog_and_pdf,not_imported,,https://wdown.ebsi.co.kr/W61001/01exam/20170412/go3/s_saeji_mun_xvZ9aZ1i_1.pdf
2017,3,4,school_mock,social,world-geography,solution,manual_review,verified_pending_import,confirmed,official_catalog_and_pdf,not_imported,,https://wdown.ebsi.co.kr/W61001/01exam/20170412/go3/s_saeji_hsj_6bdVJWrG.pdf
2017,3,4,school_mock,social,world-history,question,manual_review,verified_pending_import,confirmed,official_catalog_and_pdf,not_imported,,https://wdown.ebsi.co.kr/W61001/01exam/20170412/go3/s_sks_mun_AzdaQYrV_1.pdf
2017,3,4,school_mock,social,world-history,solution,manual_review,verified_pending_import,confirmed,official_catalog_and_pdf,not_imported,,https://wdown.ebsi.co.kr/W61001/01exam/20170412/go3/s_sks_hsj_jYKtWfN3.pdf
2017,3,4,school_mock,science,chemistry-1,question,manual_review,verified_pending_import,confirmed,official_catalog_and_pdf,not_imported,,https://wdown.ebsi.co.kr/W61001/01exam/20170412/go3/g_che1_mun_NzW3l1GM.pdf
2017,3,4,school_mock,science,chemistry-1,solution,manual_review,verified_pending_import,confirmed,official_catalog_and_pdf,not_imported,,https://wdown.ebsi.co.kr/W61001/01exam/20170412/go3/g_che1_hsj_3h3vLgAu.pdf
2017,3,4,school_mock,science,chemistry-2,question,manual_review,verified_pending_import,confirmed,official_catalog_and_pdf,not_imported,,https://wdown.ebsi.co.kr/W61001/01exam/20170412/go3/g_che2_mun_YHLBQhEx.pdf
2017,3,4,school_mock,science,chemistry-2,solution,manual_review,verified_pending_import,confirmed,official_catalog_and_pdf,not_imported,,https://wdown.ebsi.co.kr/W61001/01exam/20170412/go3/g_che2_hsj_kiyPoHZg.pdf
2017,3,4,school_mock,science,earth-science-1,question,manual_review,verified_pending_import,confirmed,official_catalog_and_pdf,not_imported,,https://wdown.ebsi.co.kr/W61001/01exam/20170412/go3/g_ear1_mun_jnZS08i7.pdf
2017,3,4,school_mock,science,earth-science-1,solution,manual_review,verified_pending_import,confirmed,official_catalog_and_pdf,not_imported,,https://wdown.ebsi.co.kr/W61001/01exam/20170412/go3/g_ear1_hsj_M4BAyxJM.pdf
2017,3,4,school_mock,science,earth-science-2,question,manual_review,verified_pending_import,confirmed,official_catalog_and_pdf,not_imported,,https://wdown.ebsi.co.kr/W61001/01exam/20170412/go3/g_ear2_mun_Ds9aAOPp.pdf
2017,3,4,school_mock,science,earth-science-2,solution,manual_review,verified_pending_import,confirmed,official_catalog_and_pdf,not_imported,,https://wdown.ebsi.co.kr/W61001/01exam/20170412/go3/g_ear2_hsj_BpcXCXWt.pdf
2017,3,4,school_mock,science,life-science-1,question,manual_review,verified_pending_import,confirmed,official_catalog_and_pdf,not_imported,,https://wdown.ebsi.co.kr/W61001/01exam/20170412/go3/g_bio1_mun_sVxONvzy.pdf
2017,3,4,school_mock,science,life-science-1,solution,manual_review,verified_pending_import,confirmed,official_catalog_and_pdf,not_imported,,https://wdown.ebsi.co.kr/W61001/01exam/20170412/go3/g_bio1_hsj_JxArGvnC.pdf
2017,3,4,school_mock,science,life-science-2,question,manual_review,verified_pending_import,confirmed,official_catalog_and_pdf,not_imported,,https://wdown.ebsi.co.kr/W61001/01exam/20170412/go3/g_bio2_mun_zDgtZKpj.pdf
2017,3,4,school_mock,science,life-science-2,solution,manual_review,verified_pending_import,confirmed,official_catalog_and_pdf,not_imported,,https://wdown.ebsi.co.kr/W61001/01exam/20170412/go3/g_bio2_hsj_E5aHaZVr.pdf
2017,3,4,school_mock,science,physics-1,question,manual_review,verified_pending_import,confirmed,official_catalog_and_pdf,not_imported,,https://wdown.ebsi.co.kr/W61001/01exam/20170412/go3/g_phy1_mun_gx3lKy8V.pdf
2017,3,4,school_mock,science,physics-1,solution,manual_review,verified_pending_import,confirmed,official_catalog_and_pdf,not_imported,,https://wdown.ebsi.co.kr/W61001/01exam/20170412/go3/g_phy1_hsj_BDUfdfdh.pdf
2017,3,4,school_mock,science,physics-2,question,manual_review,verified_pending_import,confirmed,official_catalog_and_pdf,not_imported,,https://wdown.ebsi.co.kr/W61001/01exam/20170412/go3/g_phy2_mun_XehYSoOZ.pdf
2017,3,4,school_mock,science,physics-2,solution,manual_review,verified_pending_import,confirmed,official_catalog_and_pdf,not_imported,,https://wdown.ebsi.co.kr/W61001/01exam/20170412/go3/g_phy2_hsj_zHZlJ2Hx.pdf
2017,3,6,kice_mock,korean,,question,manual_review,verified_pending_import,confirmed,official_catalog_and_pdf,not_imported,,https://wdown.ebsi.co.kr/W61001/01exam/20170601/go3/kor_mun_tKarvzr0.pdf
2017,3,6,kice_mock,korean,,solution,manual_review,verified_pending_import,confirmed,official_catalog_and_pdf,not_imported,,https://wdown.ebsi.co.kr/W61001/01exam/20170601/go3/kor_hsj_dSHpVyLr_2.pdf
2017,3,6,kice_mock,math,math-a,question,manual_review,verified_pending_import,confirmed,official_catalog_and_pdf,not_imported,,https://wdown.ebsi.co.kr/W61001/01exam/20170601/go3/matha_mun_idnGiAw8_1.pdf
2017,3,6,kice_mock,math,math-a,solution,manual_review,verified_pending_import,confirmed,official_catalog_and_pdf,not_imported,,https://wdown.ebsi.co.kr/W61001/01exam/20170601/go3/matha_hsj_HQEUEiff_1.pdf
2017,3,6,kice_mock,math,math-b,question,manual_review,verified_pending_import,confirmed,official_catalog_and_pdf,not_imported,,https://wdown.ebsi.co.kr/W61001/01exam/20170601/go3/mathb_mun_C8aH5qRF_1.pdf
2017,3,6,kice_mock,math,math-b,solution,manual_review,verified_pending_import,confirmed,official_catalog_and_pdf,not_imported,,https://wdown.ebsi.co.kr/W61001/01exam/20170601/go3/mathb_hsj_apNuT1FM.pdf
2017,3,6,kice_mock,english,,question,manual_review,verified_pending_import,confirmed,official_catalog_and_pdf,not_imported,,https://wdown.ebsi.co.kr/W61001/01exam/20170601/go3/eng_mun_1JOMyQlm_3.pdf
2017,3,6,kice_mock,english,,solution,manual_review,verified_pending_import,confirmed,official_catalog_and_pdf,not_imported,,https://wdown.ebsi.co.kr/W61001/01exam/20170601/go3/eng_hsj_LFQG101s_1.pdf
2017,3,6,kice_mock,history,,question,manual_review,verified_pending_import,confirmed,official_catalog_and_pdf,not_imported,,https://wdown.ebsi.co.kr/W61001/01exam/20170601/go3/s_his_mun_ZWZaendg.pdf
2017,3,6,kice_mock,history,,solution,manual_review,verified_pending_import,confirmed,official_catalog_and_pdf,not_imported,,https://wdown.ebsi.co.kr/W61001/01exam/20170601/go3/s_his_hsj_jvM9KfYD.pdf
2017,3,6,kice_mock,social,east-asian-history,question,manual_review,verified_pending_import,confirmed,official_catalog_and_pdf,not_imported,,https://wdown.ebsi.co.kr/W61001/01exam/20170601/go3/s_easta_mun_y5KINzq6.pdf
2017,3,6,kice_mock,social,east-asian-history,solution,manual_review,verified_pending_import,confirmed,official_catalog_and_pdf,not_imported,,https://wdown.ebsi.co.kr/W61001/01exam/20170601/go3/s_easta_hsj_xEfhzL1f.pdf
2017,3,6,kice_mock,social,economics,question,manual_review,verified_pending_import,confirmed,official_catalog_and_pdf,not_imported,,https://wdown.ebsi.co.kr/W61001/01exam/20170601/go3/s_eco_mun_lHs46tfU.pdf
2017,3,6,kice_mock,social,economics,solution,manual_review,verified_pending_import,confirmed,official_catalog_and_pdf,not_imported,,https://wdown.ebsi.co.kr/W61001/01exam/20170601/go3/s_eco_hsj_DbbkA5JI_1.pdf
2017,3,6,kice_mock,social,ethics-and-thought,question,manual_review,verified_pending_import,confirmed,official_catalog_and_pdf,not_imported,,https://wdown.ebsi.co.kr/W61001/01exam/20170601/go3/s_yrnss_mun_IlWrdFOS.pdf
2017,3,6,kice_mock,social,ethics-and-thought,solution,manual_review,verified_pending_import,confirmed,official_catalog_and_pdf,not_imported,,https://wdown.ebsi.co.kr/W61001/01exam/20170601/go3/s_yrnss_hsj_PUPeKljq.pdf
2017,3,6,kice_mock,social,korean-geography,question,manual_review,verified_pending_import,confirmed,official_catalog_and_pdf,not_imported,,https://wdown.ebsi.co.kr/W61001/01exam/20170601/go3/s_hanji_mun_65Rn8P5o.pdf
2017,3,6,kice_mock,social,korean-geography,solution,manual_review,verified_pending_import,confirmed,official_catalog_and_pdf,not_imported,,https://wdown.ebsi.co.kr/W61001/01exam/20170601/go3/s_hanji_hsj_7P6umLrX.pdf
2017,3,6,kice_mock,social,life-and-ethics,question,manual_review,verified_pending_import,confirmed,official_catalog_and_pdf,not_imported,,https://wdown.ebsi.co.kr/W61001/01exam/20170601/go3/s_ssnyr_mun_ovvQ0Puz.pdf
2017,3,6,kice_mock,social,life-and-ethics,solution,manual_review,verified_pending_import,confirmed,official_catalog_and_pdf,not_imported,,https://wdown.ebsi.co.kr/W61001/01exam/20170601/go3/s_ssnyr_hsj_63Bma4RC.pdf
2017,3,6,kice_mock,social,politics-and-law,question,manual_review,verified_pending_import,confirmed,official_catalog_and_pdf,not_imported,,https://wdown.ebsi.co.kr/W61001/01exam/20170601/go3/s_bnj_mun_iyhGvDpE.pdf
2017,3,6,kice_mock,social,politics-and-law,solution,manual_review,verified_pending_import,confirmed,official_catalog_and_pdf,not_imported,,https://wdown.ebsi.co.kr/W61001/01exam/20170601/go3/s_bnj_hsj_DiOa7ddh.pdf
2017,3,6,kice_mock,social,social-culture,question,manual_review,verified_pending_import,confirmed,official_catalog_and_pdf,not_imported,,https://wdown.ebsi.co.kr/W61001/01exam/20170601/go3/s_samun_mun_zpNcedZh.pdf
2017,3,6,kice_mock,social,social-culture,solution,manual_review,verified_pending_import,confirmed,official_catalog_and_pdf,not_imported,,https://wdown.ebsi.co.kr/W61001/01exam/20170601/go3/s_samun_hsj_otjCjWEF_1.pdf
2017,3,6,kice_mock,social,world-geography,question,manual_review,verified_pending_import,confirmed,official_catalog_and_pdf,not_imported,,https://wdown.ebsi.co.kr/W61001/01exam/20170601/go3/s_saeji_mun_Wq0GPlrw.pdf
2017,3,6,kice_mock,social,world-geography,solution,manual_review,verified_pending_import,confirmed,official_catalog_and_pdf,not_imported,,https://wdown.ebsi.co.kr/W61001/01exam/20170601/go3/s_saeji_hsj_AnekVgKM.pdf
2017,3,6,kice_mock,social,world-history,question,manual_review,verified_pending_import,confirmed,official_catalog_and_pdf,not_imported,,https://wdown.ebsi.co.kr/W61001/01exam/20170601/go3/s_sks_mun_6Ykwn9Wg.pdf
2017,3,6,kice_mock,social,world-history,solution,manual_review,verified_pending_import,confirmed,official_catalog_and_pdf,not_imported,,https://wdown.ebsi.co.kr/W61001/01exam/20170601/go3/s_sks_hsj_tc2S6AAT.pdf
2017,3,6,kice_mock,science,chemistry-1,question,manual_review,verified_pending_import,confirmed,official_catalog_and_pdf,not_imported,,https://wdown.ebsi.co.kr/W61001/01exam/20170601/go3/g_che1_mun_kpB9pbKW.pdf
2017,3,6,kice_mock,science,chemistry-1,solution,manual_review,verified_pending_import,confirmed,official_catalog_and_pdf,not_imported,,https://wdown.ebsi.co.kr/W61001/01exam/20170601/go3/g_che1_hsj_ZfEAkqBi.pdf
2017,3,6,kice_mock,science,chemistry-2,question,manual_review,verified_pending_import,confirmed,official_catalog_and_pdf,not_imported,,https://wdown.ebsi.co.kr/W61001/01exam/20170601/go3/g_che2_mun_x1Dy3riC.pdf
2017,3,6,kice_mock,science,chemistry-2,solution,manual_review,verified_pending_import,confirmed,official_catalog_and_pdf,not_imported,,https://wdown.ebsi.co.kr/W61001/01exam/20170601/go3/g_che2_hsj_TVuy16xs_1.pdf
2017,3,6,kice_mock,science,earth-science-1,question,manual_review,verified_pending_import,confirmed,official_catalog_and_pdf,not_imported,,https://wdown.ebsi.co.kr/W61001/01exam/20170601/go3/g_ear1_mun_HfKsp3MS.pdf
2017,3,6,kice_mock,science,earth-science-1,solution,manual_review,verified_pending_import,confirmed,official_catalog_and_pdf,not_imported,,https://wdown.ebsi.co.kr/W61001/01exam/20170601/go3/g_ear1_hsj_i6xzmeWg.pdf
2017,3,6,kice_mock,science,earth-science-2,question,manual_review,verified_pending_import,confirmed,official_catalog_and_pdf,not_imported,,https://wdown.ebsi.co.kr/W61001/01exam/20170601/go3/g_ear2_mun_pGtS79AX.pdf
2017,3,6,kice_mock,science,earth-science-2,solution,manual_review,verified_pending_import,confirmed,official_catalog_and_pdf,not_imported,,https://wdown.ebsi.co.kr/W61001/01exam/20170601/go3/g_ear2_hsj_7Ur5qWn3.pdf
2017,3,6,kice_mock,science,life-science-1,question,manual_review,verified_pending_import,confirmed,official_catalog_and_pdf,not_imported,,https://wdown.ebsi.co.kr/W61001/01exam/20170601/go3/g_bio1_mun_BsbrL1SC.pdf
2017,3,6,kice_mock,science,life-science-1,solution,manual_review,verified_pending_import,confirmed,official_catalog_and_pdf,not_imported,,https://wdown.ebsi.co.kr/W61001/01exam/20170601/go3/g_bio1_hsj_eX8KShPd_1.pdf
2017,3,6,kice_mock,science,life-science-2,question,manual_review,verified_pending_import,confirmed,official_catalog_and_pdf,not_imported,,https://wdown.ebsi.co.kr/W61001/01exam/20170601/go3/g_bio2_mun_oIIzQtO9.pdf
2017,3,6,kice_mock,science,life-science-2,solution,manual_review,verified_pending_import,confirmed,official_catalog_and_pdf,not_imported,,https://wdown.ebsi.co.kr/W61001/01exam/20170601/go3/g_bio2_hsj_vXLsdAef.pdf
2017,3,6,kice_mock,science,physics-1,question,manual_review,verified_pending_import,confirmed,official_catalog_and_pdf,not_imported,,https://wdown.ebsi.co.kr/W61001/01exam/20170601/go3/g_phy1_mun_0HG0anlz.pdf
2017,3,6,kice_mock,science,physics-1,solution,manual_review,verified_pending_import,confirmed,official_catalog_and_pdf,not_imported,,https://wdown.ebsi.co.kr/W61001/01exam/20170601/go3/g_phy1_hsj_mUR7BED0.pdf
2017,3,6,kice_mock,science,physics-2,question,manual_review,verified_pending_import,confirmed,official_catalog_and_pdf,not_imported,,https://wdown.ebsi.co.kr/W61001/01exam/20170601/go3/g_phy2_mun_USp3sJWG.pdf
2017,3,6,kice_mock,science,physics-2,solution,manual_review,verified_pending_import,confirmed,official_catalog_and_pdf,not_imported,,https://wdown.ebsi.co.kr/W61001/01exam/20170601/go3/g_phy2_hsj_YdRGy9tC.pdf
2017,3,6,kice_mock,vocational,accounting-principles,question,manual_review,verified_pending_import,confirmed,official_catalog_and_pdf,not_imported,,https://wdown.ebsi.co.kr/W61001/01exam/20170601/go3/J_one_mun_IuXZ2y2F.pdf
2017,3,6,kice_mock,vocational,accounting-principles,solution,manual_review,verified_pending_import,confirmed,official_catalog_and_pdf,not_imported,,https://wdown.ebsi.co.kr/W61001/01exam/20170601/go3/J_one_hsj_ko8C7wyf.pdf
2017,3,6,kice_mock,vocational,agriculture-basics,question,manual_review,verified_pending_import,confirmed,official_catalog_and_pdf,not_imported,,https://wdown.ebsi.co.kr/W61001/01exam/20170601/go3/J_nupgi_mun_3AkTR60o.pdf
2017,3,6,kice_mock,vocational,agriculture-basics,solution,manual_review,verified_pending_import,confirmed,official_catalog_and_pdf,not_imported,,https://wdown.ebsi.co.kr/W61001/01exam/20170601/go3/J_nupgi_hsj_VexDAeys.pdf
2017,3,6,kice_mock,vocational,agriculture-understanding,question,manual_review,verified_pending_import,confirmed,official_catalog_and_pdf,not_imported,,https://wdown.ebsi.co.kr/W61001/01exam/20170601/go3/J_nup_mun_GCIFoPkG.pdf
2017,3,6,kice_mock,vocational,agriculture-understanding,solution,manual_review,verified_pending_import,confirmed,official_catalog_and_pdf,not_imported,,https://wdown.ebsi.co.kr/W61001/01exam/20170601/go3/J_nup_hsj_0rm3rxUn.pdf
2017,3,6,kice_mock,vocational,basic-drafting,question,manual_review,verified_pending_import,confirmed,official_catalog_and_pdf,not_imported,,https://wdown.ebsi.co.kr/W61001/01exam/20170601/go3/J_kicho_mun_VsA6XktM.pdf
2017,3,6,kice_mock,vocational,basic-drafting,solution,manual_review,verified_pending_import,confirmed,official_catalog_and_pdf,not_imported,,https://wdown.ebsi.co.kr/W61001/01exam/20170601/go3/J_kicho_hsj_1qjj0aIm.pdf
2017,3,6,kice_mock,vocational,commercial-economics,question,manual_review,verified_pending_import,confirmed,official_catalog_and_pdf,not_imported,,https://wdown.ebsi.co.kr/W61001/01exam/20170601/go3/J_sangup_mun_PiZxOASW.pdf
2017,3,6,kice_mock,vocational,commercial-economics,solution,manual_review,verified_pending_import,confirmed,official_catalog_and_pdf,not_imported,,https://wdown.ebsi.co.kr/W61001/01exam/20170601/go3/J_sangup_hsj_TgZu6WY9.pdf
2017,3,6,kice_mock,vocational,fisheries-and-shipping,question,manual_review,verified_pending_import,confirmed,official_catalog_and_pdf,not_imported,,https://wdown.ebsi.co.kr/W61001/01exam/20170601/go3/J_susan_mun_LFYxc9NU.pdf
2017,3,6,kice_mock,vocational,fisheries-and-shipping,solution,manual_review,verified_pending_import,confirmed,official_catalog_and_pdf,not_imported,,https://wdown.ebsi.co.kr/W61001/01exam/20170601/go3/J_susan_hsj_puabjKoM.pdf
2017,3,6,kice_mock,vocational,human-development,question,manual_review,verified_pending_import,confirmed,official_catalog_and_pdf,not_imported,,https://wdown.ebsi.co.kr/W61001/01exam/20170601/go3/J_inkan_mun_FYsDSzhx.pdf
2017,3,6,kice_mock,vocational,human-development,solution,manual_review,verified_pending_import,confirmed,official_catalog_and_pdf,not_imported,,https://wdown.ebsi.co.kr/W61001/01exam/20170601/go3/J_inkan_hsj_Rz3s2gu5.pdf
2017,3,6,kice_mock,vocational,industry-general,question,manual_review,verified_pending_import,confirmed,official_catalog_and_pdf,not_imported,,https://wdown.ebsi.co.kr/W61001/01exam/20170601/go3/J_gup_mun_8FSA4Ale.pdf
2017,3,6,kice_mock,vocational,industry-general,solution,manual_review,verified_pending_import,confirmed,official_catalog_and_pdf,not_imported,,https://wdown.ebsi.co.kr/W61001/01exam/20170601/go3/J_gup_hsj_LI2yL4l4.pdf
2017,3,6,kice_mock,vocational,ocean-understanding,question,manual_review,verified_pending_import,confirmed,official_catalog_and_pdf,not_imported,,https://wdown.ebsi.co.kr/W61001/01exam/20170601/go3/J_hae_mun_wjHNuQuN.pdf
2017,3,6,kice_mock,vocational,ocean-understanding,solution,manual_review,verified_pending_import,confirmed,official_catalog_and_pdf,not_imported,,https://wdown.ebsi.co.kr/W61001/01exam/20170601/go3/J_hae_hsj_6tdqVvPd.pdf
2017,3,6,kice_mock,vocational,service-industry-understanding,question,manual_review,verified_pending_import,confirmed,official_catalog_and_pdf,not_imported,,https://wdown.ebsi.co.kr/W61001/01exam/20170601/go3/J_ser_mun_9Vvjvxo6.pdf
2017,3,6,kice_mock,vocational,service-industry-understanding,solution,manual_review,verified_pending_import,confirmed,official_catalog_and_pdf,not_imported,,https://wdown.ebsi.co.kr/W61001/01exam/20170601/go3/J_ser_hsj_AmX3qrB0.pdf
2017,3,6,kice_mock,second_language,arabic-1,question,manual_review,verified_pending_import,confirmed,official_catalog_and_pdf,not_imported,,https://wdown.ebsi.co.kr/W61001/01exam/20170601/go3/2nd_ar_mun_Q7SzE2NS.pdf
2017,3,6,kice_mock,second_language,arabic-1,solution,manual_review,verified_pending_import,confirmed,official_catalog_and_pdf,not_imported,,https://wdown.ebsi.co.kr/W61001/01exam/20170601/go3/2nd_ar_hsj_AW4eE2FG.pdf
2017,3,6,kice_mock,second_language,chinese-1,question,manual_review,verified_pending_import,confirmed,official_catalog_and_pdf,not_imported,,https://wdown.ebsi.co.kr/W61001/01exam/20170601/go3/2nd_ch_mun_BSotwBP8.pdf
2017,3,6,kice_mock,second_language,chinese-1,solution,manual_review,verified_pending_import,confirmed,official_catalog_and_pdf,not_imported,,https://wdown.ebsi.co.kr/W61001/01exam/20170601/go3/2nd_ch_hsj_xidGVwPG.pdf
2017,3,6,kice_mock,second_language,classical-chinese-1,question,manual_review,verified_pending_import,confirmed,official_catalog_and_pdf,not_imported,,https://wdown.ebsi.co.kr/W61001/01exam/20170601/go3/2nd_han_mun_VY5jVkjA.pdf
2017,3,6,kice_mock,second_language,classical-chinese-1,solution,manual_review,verified_pending_import,confirmed,official_catalog_and_pdf,not_imported,,https://wdown.ebsi.co.kr/W61001/01exam/20170601/go3/2nd_han_hsj_2DJxRVVf.pdf
2017,3,6,kice_mock,second_language,french-1,question,manual_review,verified_pending_import,confirmed,official_catalog_and_pdf,not_imported,,https://wdown.ebsi.co.kr/W61001/01exam/20170601/go3/2nd_fr_mun_9BekWo76.pdf
2017,3,6,kice_mock,second_language,french-1,solution,manual_review,verified_pending_import,confirmed,official_catalog_and_pdf,not_imported,,https://wdown.ebsi.co.kr/W61001/01exam/20170601/go3/2nd_fr_hsj_UaiRNhFC_1.pdf
2017,3,6,kice_mock,second_language,german-1,question,manual_review,verified_pending_import,confirmed,official_catalog_and_pdf,not_imported,,https://wdown.ebsi.co.kr/W61001/01exam/20170601/go3/2nd_gr_mun_Xn2Pi1Y7.pdf
2017,3,6,kice_mock,second_language,german-1,solution,manual_review,verified_pending_import,confirmed,official_catalog_and_pdf,not_imported,,https://wdown.ebsi.co.kr/W61001/01exam/20170601/go3/2nd_gr_hsj_PeGbPn6U.pdf
2017,3,6,kice_mock,second_language,japanese-1,question,manual_review,verified_pending_import,confirmed,official_catalog_and_pdf,not_imported,,https://wdown.ebsi.co.kr/W61001/01exam/20170601/go3/2nd_ja_mun_xgelXDeq.pdf
2017,3,6,kice_mock,second_language,japanese-1,solution,manual_review,verified_pending_import,confirmed,official_catalog_and_pdf,not_imported,,https://wdown.ebsi.co.kr/W61001/01exam/20170601/go3/2nd_ja_hsj_oMIOGCvq.pdf
2017,3,6,kice_mock,second_language,russian-1,question,manual_review,verified_pending_import,confirmed,official_catalog_and_pdf,not_imported,,https://wdown.ebsi.co.kr/W61001/01exam/20170601/go3/2nd_ru_mun_fywEsGmj.pdf
2017,3,6,kice_mock,second_language,russian-1,solution,manual_review,verified_pending_import,confirmed,official_catalog_and_pdf,not_imported,,https://wdown.ebsi.co.kr/W61001/01exam/20170601/go3/2nd_ru_hsj_m08IyFry.pdf
2017,3,6,kice_mock,second_language,spanish-1,question,manual_review,verified_pending_import,confirmed,official_catalog_and_pdf,not_imported,,https://wdown.ebsi.co.kr/W61001/01exam/20170601/go3/2nd_sp_mun_dlb9rXg5.pdf
2017,3,6,kice_mock,second_language,spanish-1,solution,manual_review,verified_pending_import,confirmed,official_catalog_and_pdf,not_imported,,https://wdown.ebsi.co.kr/W61001/01exam/20170601/go3/2nd_sp_hsj_wlSe9F6E_1.pdf
2017,3,6,kice_mock,second_language,vietnamese-1,question,manual_review,verified_pending_import,confirmed,official_catalog_and_pdf,not_imported,,https://wdown.ebsi.co.kr/W61001/01exam/20170601/go3/2nd_vit_mun_wQ21ju2i.pdf
2017,3,6,kice_mock,second_language,vietnamese-1,solution,manual_review,verified_pending_import,confirmed,official_catalog_and_pdf,not_imported,,https://wdown.ebsi.co.kr/W61001/01exam/20170601/go3/2nd_vit_hsj_DL6e5f6W.pdf
2017,3,7,school_mock,korean,,question,manual_review,verified_pending_import,confirmed,official_catalog_and_pdf,not_imported,,https://wdown.ebsi.co.kr/W61001/01exam/20170712/go3/kor_mun_i90gP8yJ.pdf
2017,3,7,school_mock,korean,,solution,manual_review,verified_pending_import,confirmed,official_catalog_and_pdf,not_imported,,https://wdown.ebsi.co.kr/W61001/01exam/20170712/go3/kor_hsj_rNKBqujs.pdf
2017,3,7,school_mock,math,math-a,question,manual_review,verified_pending_import,confirmed,official_catalog_and_pdf,not_imported,,https://wdown.ebsi.co.kr/W61001/01exam/20170712/go3/matha_mun_clWXSZ3Z.pdf
2017,3,7,school_mock,math,math-a,solution,manual_review,verified_pending_import,confirmed,official_catalog_and_pdf,not_imported,,https://wdown.ebsi.co.kr/W61001/01exam/20170712/go3/matha_hsj_s3Mpw6yL.pdf
2017,3,7,school_mock,math,math-b,question,manual_review,verified_pending_import,confirmed,official_catalog_and_pdf,not_imported,,https://wdown.ebsi.co.kr/W61001/01exam/20170712/go3/mathb_mun_2m9lHiu3.pdf
2017,3,7,school_mock,math,math-b,solution,manual_review,verified_pending_import,confirmed,official_catalog_and_pdf,not_imported,,https://wdown.ebsi.co.kr/W61001/01exam/20170712/go3/mathb_hsj_fQtYdVzD.pdf
2017,3,7,school_mock,english,,question,manual_review,verified_pending_import,confirmed,official_catalog_and_pdf,not_imported,,https://wdown.ebsi.co.kr/W61001/01exam/20170712/go3/eng_mun_pubxcbz3.pdf
2017,3,7,school_mock,english,,solution,manual_review,verified_pending_import,confirmed,official_catalog_and_pdf,not_imported,,https://wdown.ebsi.co.kr/W61001/01exam/20170712/go3/eng_hsj_7cfJiY9Z.pdf
2017,3,7,school_mock,history,,question,manual_review,verified_pending_import,confirmed,official_catalog_and_pdf,not_imported,,https://wdown.ebsi.co.kr/W61001/01exam/20170712/go3/s_his_mun_FRcmVFOh.pdf
2017,3,7,school_mock,history,,solution,manual_review,verified_pending_import,confirmed,official_catalog_and_pdf,not_imported,,https://wdown.ebsi.co.kr/W61001/01exam/20170712/go3/s_his_hsj_1vdkmyCF.pdf
2017,3,7,school_mock,social,east-asian-history,question,manual_review,verified_pending_import,confirmed,official_catalog_and_pdf,not_imported,,https://wdown.ebsi.co.kr/W61001/01exam/20170712/go3/s_easta_mun_H3IhA1qf.pdf
2017,3,7,school_mock,social,east-asian-history,solution,manual_review,verified_pending_import,confirmed,official_catalog_and_pdf,not_imported,,https://wdown.ebsi.co.kr/W61001/01exam/20170712/go3/s_easta_hsj_T7eEmP9C.pdf
2017,3,7,school_mock,social,economics,question,manual_review,verified_pending_import,confirmed,official_catalog_and_pdf,not_imported,,https://wdown.ebsi.co.kr/W61001/01exam/20170712/go3/s_eco_mun_4xOjIL2j.pdf
2017,3,7,school_mock,social,economics,solution,manual_review,verified_pending_import,confirmed,official_catalog_and_pdf,not_imported,,https://wdown.ebsi.co.kr/W61001/01exam/20170712/go3/s_eco_hsj_pWkfb81I.pdf
2017,3,7,school_mock,social,ethics-and-thought,question,manual_review,verified_pending_import,confirmed,official_catalog_and_pdf,not_imported,,https://wdown.ebsi.co.kr/W61001/01exam/20170712/go3/s_yrnss_mun_vsGOkevW.pdf
2017,3,7,school_mock,social,ethics-and-thought,solution,manual_review,verified_pending_import,confirmed,official_catalog_and_pdf,not_imported,,https://wdown.ebsi.co.kr/W61001/01exam/20170712/go3/s_yrnss_hsj_WGxegIqu.pdf
2017,3,7,school_mock,social,korean-geography,question,manual_review,verified_pending_import,confirmed,official_catalog_and_pdf,not_imported,,https://wdown.ebsi.co.kr/W61001/01exam/20170712/go3/s_hanji_mun_nLOyDc41.pdf
2017,3,7,school_mock,social,korean-geography,solution,manual_review,verified_pending_import,confirmed,official_catalog_and_pdf,not_imported,,https://wdown.ebsi.co.kr/W61001/01exam/20170712/go3/s_hanji_hsj_W2ufyWOx.pdf
2017,3,7,school_mock,social,life-and-ethics,question,manual_review,verified_pending_import,confirmed,official_catalog_and_pdf,not_imported,,https://wdown.ebsi.co.kr/W61001/01exam/20170712/go3/s_ssnyr_mun_1Hkikieq.pdf
2017,3,7,school_mock,social,life-and-ethics,solution,manual_review,verified_pending_import,confirmed,official_catalog_and_pdf,not_imported,,https://wdown.ebsi.co.kr/W61001/01exam/20170712/go3/s_ssnyr_hsj_XItMcx4v.pdf
2017,3,7,school_mock,social,politics-and-law,question,manual_review,verified_pending_import,confirmed,official_catalog_and_pdf,not_imported,,https://wdown.ebsi.co.kr/W61001/01exam/20170712/go3/s_bnj_mun_4ZneAzdf.pdf
2017,3,7,school_mock,social,politics-and-law,solution,manual_review,verified_pending_import,confirmed,official_catalog_and_pdf,not_imported,,https://wdown.ebsi.co.kr/W61001/01exam/20170712/go3/s_bnj_hsj_TVSxzW23.pdf
2017,3,7,school_mock,social,social-culture,question,manual_review,verified_pending_import,confirmed,official_catalog_and_pdf,not_imported,,https://wdown.ebsi.co.kr/W61001/01exam/20170712/go3/s_samun_mun_fpT8vWyu.pdf
2017,3,7,school_mock,social,social-culture,solution,manual_review,verified_pending_import,confirmed,official_catalog_and_pdf,not_imported,,https://wdown.ebsi.co.kr/W61001/01exam/20170712/go3/s_samun_hsj_9kstC7tX.pdf
2017,3,7,school_mock,social,world-geography,question,manual_review,verified_pending_import,confirmed,official_catalog_and_pdf,not_imported,,https://wdown.ebsi.co.kr/W61001/01exam/20170712/go3/s_saeji_mun_bCJnEMzA.pdf
2017,3,7,school_mock,social,world-geography,solution,manual_review,verified_pending_import,confirmed,official_catalog_and_pdf,not_imported,,https://wdown.ebsi.co.kr/W61001/01exam/20170712/go3/s_saeji_hsj_Uor03u9P.pdf
2017,3,7,school_mock,social,world-history,question,manual_review,verified_pending_import,confirmed,official_catalog_and_pdf,not_imported,,https://wdown.ebsi.co.kr/W61001/01exam/20170712/go3/s_sks_mun_DBHy3Spw.pdf
2017,3,7,school_mock,social,world-history,solution,manual_review,verified_pending_import,confirmed,official_catalog_and_pdf,not_imported,,https://wdown.ebsi.co.kr/W61001/01exam/20170712/go3/s_sks_hsj_BGpEI2rV.pdf
2017,3,7,school_mock,science,chemistry-1,question,manual_review,verified_pending_import,confirmed,official_catalog_and_pdf,not_imported,,https://wdown.ebsi.co.kr/W61001/01exam/20170712/go3/g_che1_mun_G1Kiaexd.pdf
2017,3,7,school_mock,science,chemistry-1,solution,manual_review,verified_pending_import,confirmed,official_catalog_and_pdf,not_imported,,https://wdown.ebsi.co.kr/W61001/01exam/20170712/go3/g_che1_hsj_DAO2Rpy9.pdf
2017,3,7,school_mock,science,chemistry-2,question,manual_review,verified_pending_import,confirmed,official_catalog_and_pdf,not_imported,,https://wdown.ebsi.co.kr/W61001/01exam/20170712/go3/g_che2_mun_MJOtd3rO.pdf
2017,3,7,school_mock,science,chemistry-2,solution,manual_review,verified_pending_import,confirmed,official_catalog_and_pdf,not_imported,,https://wdown.ebsi.co.kr/W61001/01exam/20170712/go3/g_che2_hsj_E9TuHZnc.pdf
2017,3,7,school_mock,science,earth-science-1,question,manual_review,verified_pending_import,confirmed,official_catalog_and_pdf,not_imported,,https://wdown.ebsi.co.kr/W61001/01exam/20170712/go3/g_ear1_mun_AtGYkNUT.pdf
2017,3,7,school_mock,science,earth-science-1,solution,manual_review,verified_pending_import,confirmed,official_catalog_and_pdf,not_imported,,https://wdown.ebsi.co.kr/W61001/01exam/20170712/go3/g_ear1_hsj_vl7PDqqg.pdf
2017,3,7,school_mock,science,earth-science-2,question,manual_review,verified_pending_import,confirmed,official_catalog_and_pdf,not_imported,,https://wdown.ebsi.co.kr/W61001/01exam/20170712/go3/g_ear2_mun_mJB526tr.pdf
2017,3,7,school_mock,science,earth-science-2,solution,manual_review,verified_pending_import,confirmed,official_catalog_and_pdf,not_imported,,https://wdown.ebsi.co.kr/W61001/01exam/20170712/go3/g_ear2_hsj_5XsCj1d4.pdf
2017,3,7,school_mock,science,life-science-1,question,manual_review,verified_pending_import,confirmed,official_catalog_and_pdf,not_imported,,https://wdown.ebsi.co.kr/W61001/01exam/20170712/go3/g_bio1_mun_tMTF4ia5.pdf
2017,3,7,school_mock,science,life-science-1,solution,manual_review,verified_pending_import,confirmed,official_catalog_and_pdf,not_imported,,https://wdown.ebsi.co.kr/W61001/01exam/20170712/go3/g_bio1_hsj_wAz8AWiZ.pdf
2017,3,7,school_mock,science,life-science-2,question,manual_review,verified_pending_import,confirmed,official_catalog_and_pdf,not_imported,,https://wdown.ebsi.co.kr/W61001/01exam/20170712/go3/g_bio2_mun_JfKHmj9n_2.pdf
2017,3,7,school_mock,science,life-science-2,solution,manual_review,verified_pending_import,confirmed,official_catalog_and_pdf,not_imported,,https://wdown.ebsi.co.kr/W61001/01exam/20170712/go3/g_bio2_hsj_1xxWn9R6.pdf
2017,3,7,school_mock,science,physics-1,question,manual_review,verified_pending_import,confirmed,official_catalog_and_pdf,not_imported,,https://wdown.ebsi.co.kr/W61001/01exam/20170712/go3/g_phy1_mun_js5FGJzi.pdf
2017,3,7,school_mock,science,physics-1,solution,manual_review,verified_pending_import,confirmed,official_catalog_and_pdf,not_imported,,https://wdown.ebsi.co.kr/W61001/01exam/20170712/go3/g_phy1_hsj_WwSoRKbp.pdf
2017,3,7,school_mock,science,physics-2,question,manual_review,verified_pending_import,confirmed,official_catalog_and_pdf,not_imported,,https://wdown.ebsi.co.kr/W61001/01exam/20170712/go3/g_phy2_mun_NjWOiy54.pdf
2017,3,7,school_mock,science,physics-2,solution,manual_review,verified_pending_import,confirmed,official_catalog_and_pdf,not_imported,,https://wdown.ebsi.co.kr/W61001/01exam/20170712/go3/g_phy2_hsj_DgI6bXmd.pdf
2017,3,9,kice_mock,korean,,question,manual_review,verified_pending_import,confirmed,official_catalog_and_pdf,not_imported,,https://wdown.ebsi.co.kr/W61001/01exam/20170906/go3/kor_mun_1Fjxe0ym.pdf
2017,3,9,kice_mock,korean,,solution,manual_review,verified_pending_import,confirmed,official_catalog_and_pdf,not_imported,,https://wdown.ebsi.co.kr/W61001/01exam/20170906/go3/kor_hsj_Q1WE9ql2_3.pdf
2017,3,9,kice_mock,math,math-a,question,manual_review,verified_pending_import,confirmed,official_catalog_and_pdf,not_imported,,https://wdown.ebsi.co.kr/W61001/01exam/20170906/go3/matha_mun_RkeS8Ykd.pdf
2017,3,9,kice_mock,math,math-a,solution,manual_review,verified_pending_import,confirmed,official_catalog_and_pdf,not_imported,,https://wdown.ebsi.co.kr/W61001/01exam/20170906/go3/matha_hsj_avN3qljW_4.pdf
2017,3,9,kice_mock,math,math-b,question,manual_review,verified_pending_import,confirmed,official_catalog_and_pdf,not_imported,,https://wdown.ebsi.co.kr/W61001/01exam/20170906/go3/mathb_mun_wY0VnkB4.pdf
2017,3,9,kice_mock,math,math-b,solution,manual_review,verified_pending_import,confirmed,official_catalog_and_pdf,not_imported,,https://wdown.ebsi.co.kr/W61001/01exam/20170906/go3/mathb_hsj_ltFlmmlQ_2.pdf
2017,3,9,kice_mock,english,,question,manual_review,verified_pending_import,confirmed,official_catalog_and_pdf,not_imported,,https://wdown.ebsi.co.kr/W61001/01exam/20170906/go3/eng_mun_080Gxw8Z_1.pdf
2017,3,9,kice_mock,english,,solution,manual_review,verified_pending_import,confirmed,official_catalog_and_pdf,not_imported,,https://wdown.ebsi.co.kr/W61001/01exam/20170906/go3/eng_hsj_w5V6Qcqn_1.pdf
2017,3,9,kice_mock,history,,question,manual_review,verified_pending_import,confirmed,official_catalog_and_pdf,not_imported,,https://wdown.ebsi.co.kr/W61001/01exam/20170906/go3/s_his_mun_ykBbKP7I.pdf
2017,3,9,kice_mock,history,,solution,manual_review,verified_pending_import,confirmed,official_catalog_and_pdf,not_imported,,https://wdown.ebsi.co.kr/W61001/01exam/20170906/go3/s_his_hsj_e8tlMazU.pdf
2017,3,9,kice_mock,social,east-asian-history,question,manual_review,verified_pending_import,confirmed,official_catalog_and_pdf,not_imported,,https://wdown.ebsi.co.kr/W61001/01exam/20170906/go3/s_easta_mun_UTaGmvSV.pdf
2017,3,9,kice_mock,social,east-asian-history,solution,manual_review,verified_pending_import,confirmed,official_catalog_and_pdf,not_imported,,https://wdown.ebsi.co.kr/W61001/01exam/20170906/go3/s_easta_hsj_Mum03yMJ.pdf
2017,3,9,kice_mock,social,economics,question,manual_review,verified_pending_import,confirmed,official_catalog_and_pdf,not_imported,,https://wdown.ebsi.co.kr/W61001/01exam/20170906/go3/s_eco_mun_Jc0xvlUQ.pdf
2017,3,9,kice_mock,social,economics,solution,manual_review,verified_pending_import,confirmed,official_catalog_and_pdf,not_imported,,https://wdown.ebsi.co.kr/W61001/01exam/20170906/go3/s_eco_hsj_9cAgjHXw.pdf
2017,3,9,kice_mock,social,ethics-and-thought,question,manual_review,verified_pending_import,confirmed,official_catalog_and_pdf,not_imported,,https://wdown.ebsi.co.kr/W61001/01exam/20170906/go3/s_yrnss_mun_Ijn04x29.pdf
2017,3,9,kice_mock,social,ethics-and-thought,solution,manual_review,verified_pending_import,confirmed,official_catalog_and_pdf,not_imported,,https://wdown.ebsi.co.kr/W61001/01exam/20170906/go3/s_yrnss_hsj_xDbH8J0s.pdf
2017,3,9,kice_mock,social,korean-geography,question,manual_review,verified_pending_import,confirmed,official_catalog_and_pdf,not_imported,,https://wdown.ebsi.co.kr/W61001/01exam/20170906/go3/s_hanji_mun_ca0ZkfzD.pdf
2017,3,9,kice_mock,social,korean-geography,solution,manual_review,verified_pending_import,confirmed,official_catalog_and_pdf,not_imported,,https://wdown.ebsi.co.kr/W61001/01exam/20170906/go3/s_hanji_hsj_skqC5Etr.pdf
2017,3,9,kice_mock,social,life-and-ethics,question,manual_review,verified_pending_import,confirmed,official_catalog_and_pdf,not_imported,,https://wdown.ebsi.co.kr/W61001/01exam/20170906/go3/s_ssnyr_mun_SxvjPkQT.pdf
2017,3,9,kice_mock,social,life-and-ethics,solution,manual_review,verified_pending_import,confirmed,official_catalog_and_pdf,not_imported,,https://wdown.ebsi.co.kr/W61001/01exam/20170906/go3/s_ssnyr_hsj_GpaoG1VR.pdf
2017,3,9,kice_mock,social,politics-and-law,question,manual_review,verified_pending_import,confirmed,official_catalog_and_pdf,not_imported,,https://wdown.ebsi.co.kr/W61001/01exam/20170906/go3/s_bnj_mun_NEVJpjc0.pdf
2017,3,9,kice_mock,social,politics-and-law,solution,manual_review,verified_pending_import,confirmed,official_catalog_and_pdf,not_imported,,https://wdown.ebsi.co.kr/W61001/01exam/20170906/go3/s_bnj_hsj_D543Tuyl.pdf
2017,3,9,kice_mock,social,social-culture,question,manual_review,verified_pending_import,confirmed,official_catalog_and_pdf,not_imported,,https://wdown.ebsi.co.kr/W61001/01exam/20170906/go3/s_samun_mun_KHvyo3Dj.pdf
2017,3,9,kice_mock,social,social-culture,solution,manual_review,verified_pending_import,confirmed,official_catalog_and_pdf,not_imported,,https://wdown.ebsi.co.kr/W61001/01exam/20170906/go3/s_samun_hsj_FbUcOV1E.pdf
2017,3,9,kice_mock,social,world-geography,question,manual_review,verified_pending_import,confirmed,official_catalog_and_pdf,not_imported,,https://wdown.ebsi.co.kr/W61001/01exam/20170906/go3/s_saeji_mun_UVYKkpLT.pdf
2017,3,9,kice_mock,social,world-geography,solution,manual_review,verified_pending_import,confirmed,official_catalog_and_pdf,not_imported,,https://wdown.ebsi.co.kr/W61001/01exam/20170906/go3/s_saeji_hsj_kUD5euwd_01.pdf
2017,3,9,kice_mock,social,world-history,question,manual_review,verified_pending_import,confirmed,official_catalog_and_pdf,not_imported,,https://wdown.ebsi.co.kr/W61001/01exam/20170906/go3/s_sks_mun_iQTyfPef.pdf
2017,3,9,kice_mock,social,world-history,solution,manual_review,verified_pending_import,confirmed,official_catalog_and_pdf,not_imported,,https://wdown.ebsi.co.kr/W61001/01exam/20170906/go3/s_sks_hsj_LJGWSa1a.pdf
2017,3,9,kice_mock,science,chemistry-1,question,manual_review,verified_pending_import,confirmed,official_catalog_and_pdf,not_imported,,https://wdown.ebsi.co.kr/W61001/01exam/20170906/go3/g_che1_mun_rKtzcbLD.pdf
2017,3,9,kice_mock,science,chemistry-1,solution,manual_review,verified_pending_import,confirmed,official_catalog_and_pdf,not_imported,,https://wdown.ebsi.co.kr/W61001/01exam/20170906/go3/g_che1_hsj_iKBsuZ2K.pdf
2017,3,9,kice_mock,science,chemistry-2,question,manual_review,verified_pending_import,confirmed,official_catalog_and_pdf,not_imported,,https://wdown.ebsi.co.kr/W61001/01exam/20170906/go3/g_che2_mun_ExvWvqzA.pdf
2017,3,9,kice_mock,science,chemistry-2,solution,manual_review,verified_pending_import,confirmed,official_catalog_and_pdf,not_imported,,https://wdown.ebsi.co.kr/W61001/01exam/20170906/go3/g_che2_hsj_oa2JB1nd_.pdf
2017,3,9,kice_mock,science,earth-science-1,question,manual_review,verified_pending_import,confirmed,official_catalog_and_pdf,not_imported,,https://wdown.ebsi.co.kr/W61001/01exam/20170906/go3/g_ear1_mun_eSJIEoPX.pdf
2017,3,9,kice_mock,science,earth-science-1,solution,manual_review,verified_pending_import,confirmed,official_catalog_and_pdf,not_imported,,https://wdown.ebsi.co.kr/W61001/01exam/20170906/go3/g_ear1_hsj_CFbN4TZy_3.pdf
2017,3,9,kice_mock,science,earth-science-2,question,manual_review,verified_pending_import,confirmed,official_catalog_and_pdf,not_imported,,https://wdown.ebsi.co.kr/W61001/01exam/20170906/go3/g_ear2_mun_Z4mF1IT1.pdf
2017,3,9,kice_mock,science,earth-science-2,solution,manual_review,verified_pending_import,confirmed,official_catalog_and_pdf,not_imported,,https://wdown.ebsi.co.kr/W61001/01exam/20170906/go3/g_ear2_hsj_8olkDTM9.pdf
2017,3,9,kice_mock,science,life-science-1,question,manual_review,verified_pending_import,confirmed,official_catalog_and_pdf,not_imported,,https://wdown.ebsi.co.kr/W61001/01exam/20170906/go3/g_bio1_mun_4xDh9vXs.pdf
2017,3,9,kice_mock,science,life-science-1,solution,manual_review,verified_pending_import,confirmed,official_catalog_and_pdf,not_imported,,https://wdown.ebsi.co.kr/W61001/01exam/20170906/go3/g_bio1_hsj_FFsAitVG_1.pdf
2017,3,9,kice_mock,science,life-science-2,question,manual_review,verified_pending_import,confirmed,official_catalog_and_pdf,not_imported,,https://wdown.ebsi.co.kr/W61001/01exam/20170906/go3/g_bio2_mun_cx3Vp20N.pdf
2017,3,9,kice_mock,science,life-science-2,solution,manual_review,verified_pending_import,confirmed,official_catalog_and_pdf,not_imported,,https://wdown.ebsi.co.kr/W61001/01exam/20170906/go3/g_bio2_hsj_39x6HHGN.pdf
2017,3,9,kice_mock,science,physics-1,question,manual_review,verified_pending_import,confirmed,official_catalog_and_pdf,not_imported,,https://wdown.ebsi.co.kr/W61001/01exam/20170906/go3/g_phy1_mun_etVoMDrx.pdf
2017,3,9,kice_mock,science,physics-1,solution,manual_review,verified_pending_import,confirmed,official_catalog_and_pdf,not_imported,,https://wdown.ebsi.co.kr/W61001/01exam/20170906/go3/g_phy1_hsj_xnSYe4nh.pdf
2017,3,9,kice_mock,science,physics-2,question,manual_review,verified_pending_import,confirmed,official_catalog_and_pdf,not_imported,,https://wdown.ebsi.co.kr/W61001/01exam/20170906/go3/g_phy2_mun_abYTHrdu.pdf
2017,3,9,kice_mock,science,physics-2,solution,manual_review,verified_pending_import,confirmed,official_catalog_and_pdf,not_imported,,https://wdown.ebsi.co.kr/W61001/01exam/20170906/go3/g_phy2_hsj_sluCBcKf.pdf
2017,3,9,kice_mock,vocational,accounting-principles,question,manual_review,verified_pending_import,confirmed,official_catalog_and_pdf,not_imported,,https://wdown.ebsi.co.kr/W61001/01exam/20170906/go3/J_one_mun_rwiZ9rWj.pdf
2017,3,9,kice_mock,vocational,accounting-principles,solution,manual_review,verified_pending_import,confirmed,official_catalog_and_pdf,not_imported,,https://wdown.ebsi.co.kr/W61001/01exam/20170906/go3/J_one_hsj_AKYVpMmO_2.pdf
2017,3,9,kice_mock,vocational,agriculture-basics,question,manual_review,verified_pending_import,confirmed,official_catalog_and_pdf,not_imported,,https://wdown.ebsi.co.kr/W61001/01exam/20170906/go3/J_nupgi_mun_FLaqSOc7.pdf
2017,3,9,kice_mock,vocational,agriculture-basics,solution,manual_review,verified_pending_import,confirmed,official_catalog_and_pdf,not_imported,,https://wdown.ebsi.co.kr/W61001/01exam/20170906/go3/J_nupgi_hsj_wo95EFk2.pdf
2017,3,9,kice_mock,vocational,agriculture-understanding,question,manual_review,verified_pending_import,confirmed,official_catalog_and_pdf,not_imported,,https://wdown.ebsi.co.kr/W61001/01exam/20170906/go3/J_nup_mun_wGmAf0Mj.pdf
2017,3,9,kice_mock,vocational,agriculture-understanding,solution,manual_review,verified_pending_import,confirmed,official_catalog_and_pdf,not_imported,,https://wdown.ebsi.co.kr/W61001/01exam/20170906/go3/J_nup_hsj_katwD43o.pdf
2017,3,9,kice_mock,vocational,basic-drafting,question,manual_review,verified_pending_import,confirmed,official_catalog_and_pdf,not_imported,,https://wdown.ebsi.co.kr/W61001/01exam/20170906/go3/J_kicho_mun_mfCHJr1W.pdf
2017,3,9,kice_mock,vocational,basic-drafting,solution,manual_review,verified_pending_import,confirmed,official_catalog_and_pdf,not_imported,,https://wdown.ebsi.co.kr/W61001/01exam/20170906/go3/J_kicho_hsj_tyi67EKR_2.pdf
2017,3,9,kice_mock,vocational,commercial-economics,question,manual_review,verified_pending_import,confirmed,official_catalog_and_pdf,not_imported,,https://wdown.ebsi.co.kr/W61001/01exam/20170906/go3/J_sangup_mun_uYDlrjbu.pdf
2017,3,9,kice_mock,vocational,commercial-economics,solution,manual_review,verified_pending_import,confirmed,official_catalog_and_pdf,not_imported,,https://wdown.ebsi.co.kr/W61001/01exam/20170906/go3/J_sangup_hsj_dzxxfYXF.pdf
2017,3,9,kice_mock,vocational,fisheries-and-shipping,question,manual_review,verified_pending_import,confirmed,official_catalog_and_pdf,not_imported,,https://wdown.ebsi.co.kr/W61001/01exam/20170906/go3/J_susan_mun_ZwwPcMFl.pdf
2017,3,9,kice_mock,vocational,fisheries-and-shipping,solution,manual_review,verified_pending_import,confirmed,official_catalog_and_pdf,not_imported,,https://wdown.ebsi.co.kr/W61001/01exam/20170906/go3/J_susan_hsj_F8HGmCvo.pdf
2017,3,9,kice_mock,vocational,human-development,question,manual_review,verified_pending_import,confirmed,official_catalog_and_pdf,not_imported,,https://wdown.ebsi.co.kr/W61001/01exam/20170906/go3/J_inkan_mun_XM7e0C9g.pdf
2017,3,9,kice_mock,vocational,human-development,solution,manual_review,verified_pending_import,confirmed,official_catalog_and_pdf,not_imported,,https://wdown.ebsi.co.kr/W61001/01exam/20170906/go3/J_inkan_hsj_uA8M6XQQ.pdf
2017,3,9,kice_mock,vocational,industry-general,question,manual_review,verified_pending_import,confirmed,official_catalog_and_pdf,not_imported,,https://wdown.ebsi.co.kr/W61001/01exam/20170906/go3/J_gup_mun_H3b98Ktd.pdf
2017,3,9,kice_mock,vocational,industry-general,solution,manual_review,verified_pending_import,confirmed,official_catalog_and_pdf,not_imported,,https://wdown.ebsi.co.kr/W61001/01exam/20170906/go3/J_gup_hsj_hQYZkxOj.pdf
2017,3,9,kice_mock,vocational,ocean-understanding,question,manual_review,verified_pending_import,confirmed,official_catalog_and_pdf,not_imported,,https://wdown.ebsi.co.kr/W61001/01exam/20170906/go3/J_hae_mun_lbcrYP0Q.pdf
2017,3,9,kice_mock,vocational,ocean-understanding,solution,manual_review,verified_pending_import,confirmed,official_catalog_and_pdf,not_imported,,https://wdown.ebsi.co.kr/W61001/01exam/20170906/go3/J_hae_hsj_zBxhJTAN.pdf
2017,3,9,kice_mock,vocational,service-industry-understanding,question,manual_review,verified_pending_import,confirmed,official_catalog_and_pdf,not_imported,,https://wdown.ebsi.co.kr/W61001/01exam/20170906/go3/J_ser_mun_ez1enAqp.pdf
2017,3,9,kice_mock,vocational,service-industry-understanding,solution,manual_review,verified_pending_import,confirmed,official_catalog_and_pdf,not_imported,,https://wdown.ebsi.co.kr/W61001/01exam/20170906/go3/J_ser_hsj_fkNsjUHQ_3.pdf
2017,3,9,kice_mock,second_language,arabic-1,question,manual_review,verified_pending_import,confirmed,official_catalog_and_pdf,not_imported,,https://wdown.ebsi.co.kr/W61001/01exam/20170906/go3/2nd_ar_mun_U7a0xtAE.pdf
2017,3,9,kice_mock,second_language,arabic-1,solution,manual_review,verified_pending_import,confirmed,official_catalog_and_pdf,not_imported,,https://wdown.ebsi.co.kr/W61001/01exam/20170906/go3/2nd_ar_hsj_HLB8TrBH.pdf
2017,3,9,kice_mock,second_language,chinese-1,question,manual_review,verified_pending_import,confirmed,official_catalog_and_pdf,not_imported,,https://wdown.ebsi.co.kr/W61001/01exam/20170906/go3/2nd_ch_mun_xtniFKUL.pdf
2017,3,9,kice_mock,second_language,chinese-1,solution,manual_review,verified_pending_import,confirmed,official_catalog_and_pdf,not_imported,,https://wdown.ebsi.co.kr/W61001/01exam/20170906/go3/2nd_ch_hsj_PEhGD1Xy.pdf
2017,3,9,kice_mock,second_language,classical-chinese-1,question,manual_review,verified_pending_import,confirmed,official_catalog_and_pdf,not_imported,,https://wdown.ebsi.co.kr/W61001/01exam/20170906/go3/2nd_han_mun_W6Ex3Akw.pdf
2017,3,9,kice_mock,second_language,classical-chinese-1,solution,manual_review,verified_pending_import,confirmed,official_catalog_and_pdf,not_imported,,https://wdown.ebsi.co.kr/W61001/01exam/20170906/go3/2nd_han_hsj_tsQztQoP.pdf
2017,3,9,kice_mock,second_language,french-1,question,manual_review,verified_pending_import,confirmed,official_catalog_and_pdf,not_imported,,https://wdown.ebsi.co.kr/W61001/01exam/20170906/go3/2nd_fr_mun_GmNN79xa.pdf
2017,3,9,kice_mock,second_language,french-1,solution,manual_review,verified_pending_import,confirmed,official_catalog_and_pdf,not_imported,,https://wdown.ebsi.co.kr/W61001/01exam/20170906/go3/2nd_fr_hsj_vjrRZ1Ub.pdf
2017,3,9,kice_mock,second_language,german-1,question,manual_review,verified_pending_import,confirmed,official_catalog_and_pdf,not_imported,,https://wdown.ebsi.co.kr/W61001/01exam/20170906/go3/2nd_gr_mun_Hh2wLCVY.pdf
2017,3,9,kice_mock,second_language,german-1,solution,manual_review,verified_pending_import,confirmed,official_catalog_and_pdf,not_imported,,https://wdown.ebsi.co.kr/W61001/01exam/20170906/go3/2nd_gr_hsj_l4maEqxG.pdf
2017,3,9,kice_mock,second_language,japanese-1,question,manual_review,verified_pending_import,confirmed,official_catalog_and_pdf,not_imported,,https://wdown.ebsi.co.kr/W61001/01exam/20170906/go3/2nd_ja_mun_CTr9rf3y.pdf
2017,3,9,kice_mock,second_language,japanese-1,solution,manual_review,verified_pending_import,confirmed,official_catalog_and_pdf,not_imported,,https://wdown.ebsi.co.kr/W61001/01exam/20170906/go3/2nd_ja_hsj_XvEbjkyq.pdf
2017,3,9,kice_mock,second_language,russian-1,question,manual_review,verified_pending_import,confirmed,official_catalog_and_pdf,not_imported,,https://wdown.ebsi.co.kr/W61001/01exam/20170906/go3/2nd_ru_mun_DBRArVc4.pdf
2017,3,9,kice_mock,second_language,russian-1,solution,manual_review,verified_pending_import,confirmed,official_catalog_and_pdf,not_imported,,https://wdown.ebsi.co.kr/W61001/01exam/20170906/go3/2nd_ru_hsj_Iu1B6gVs.pdf
2017,3,9,kice_mock,second_language,spanish-1,question,manual_review,verified_pending_import,confirmed,official_catalog_and_pdf,not_imported,,https://wdown.ebsi.co.kr/W61001/01exam/20170906/go3/2nd_sp_mun_1tIzmQVu.pdf
2017,3,9,kice_mock,second_language,spanish-1,solution,manual_review,verified_pending_import,confirmed,official_catalog_and_pdf,not_imported,,https://wdown.ebsi.co.kr/W61001/01exam/20170906/go3/2nd_sp_hsj_RWCy7rjc.pdf
2017,3,9,kice_mock,second_language,vietnamese-1,question,manual_review,verified_pending_import,confirmed,official_catalog_and_pdf,not_imported,,https://wdown.ebsi.co.kr/W61001/01exam/20170906/go3/2nd_vit_mun_xvZ9aZ1i.pdf
2017,3,9,kice_mock,second_language,vietnamese-1,solution,manual_review,verified_pending_import,confirmed,official_catalog_and_pdf,not_imported,,https://wdown.ebsi.co.kr/W61001/01exam/20170906/go3/2nd_vit_hsj_6bdVJWrG.pdf
2017,3,10,school_mock,korean,,question,manual_review,verified_pending_import,confirmed,official_catalog_and_pdf,not_imported,,https://wdown.ebsi.co.kr/W61001/01exam/20171017/go3/kor_mun_tKarvzr0.pdf
2017,3,10,school_mock,korean,,solution,manual_review,verified_pending_import,confirmed,official_catalog_and_pdf,not_imported,,https://wdown.ebsi.co.kr/W61001/01exam/20171017/go3/kor_hsj_dSHpVyLr.pdf
2017,3,10,school_mock,math,math-a,question,manual_review,verified_pending_import,confirmed,official_catalog_and_pdf,not_imported,,https://wdown.ebsi.co.kr/W61001/01exam/20171017/go3/matha_mun_idnGiAw8.pdf
2017,3,10,school_mock,math,math-a,solution,manual_review,verified_pending_import,confirmed,official_catalog_and_pdf,not_imported,,https://wdown.ebsi.co.kr/W61001/01exam/20171017/go3/matha_hsj_HQEUEiff_1.pdf
2017,3,10,school_mock,math,math-b,question,manual_review,verified_pending_import,confirmed,official_catalog_and_pdf,not_imported,,https://wdown.ebsi.co.kr/W61001/01exam/20171017/go3/mathb_mun_C8aH5qRF.pdf
2017,3,10,school_mock,math,math-b,solution,manual_review,verified_pending_import,confirmed,official_catalog_and_pdf,not_imported,,https://wdown.ebsi.co.kr/W61001/01exam/20171017/go3/mathb_hsj_apNuT1FM.pdf
2017,3,10,school_mock,english,,question,manual_review,verified_pending_import,confirmed,official_catalog_and_pdf,not_imported,,https://wdown.ebsi.co.kr/W61001/01exam/20171017/go3/eng_mun_1JOMyQlm.pdf
2017,3,10,school_mock,english,,solution,manual_review,verified_pending_import,confirmed,official_catalog_and_pdf,not_imported,,https://wdown.ebsi.co.kr/W61001/01exam/20171017/go3/eng_hsj_LFQG101s.pdf
2017,3,10,school_mock,history,,question,manual_review,verified_pending_import,confirmed,official_catalog_and_pdf,not_imported,,https://wdown.ebsi.co.kr/W61001/01exam/20171017/go3/s_his_mun_ZWZaendg_1.pdf
2017,3,10,school_mock,history,,solution,manual_review,verified_pending_import,confirmed,official_catalog_and_pdf,not_imported,,https://wdown.ebsi.co.kr/W61001/01exam/20171017/go3/s_his_hsj_jvM9KfYD.pdf
2017,3,10,school_mock,social,east-asian-history,question,manual_review,verified_pending_import,confirmed,official_catalog_and_pdf,not_imported,,https://wdown.ebsi.co.kr/W61001/01exam/20171017/go3/s_easta_mun_y5KINzq6.pdf
2017,3,10,school_mock,social,east-asian-history,solution,manual_review,verified_pending_import,confirmed,official_catalog_and_pdf,not_imported,,https://wdown.ebsi.co.kr/W61001/01exam/20171017/go3/s_easta_hsj_xEfhzL1f.pdf
2017,3,10,school_mock,social,economics,question,manual_review,verified_pending_import,confirmed,official_catalog_and_pdf,not_imported,,https://wdown.ebsi.co.kr/W61001/01exam/20171017/go3/s_eco_mun_lHs46tfU.pdf
2017,3,10,school_mock,social,economics,solution,manual_review,verified_pending_import,confirmed,official_catalog_and_pdf,not_imported,,https://wdown.ebsi.co.kr/W61001/01exam/20171017/go3/s_eco_hsj_DbbkA5JI.pdf
2017,3,10,school_mock,social,ethics-and-thought,question,manual_review,verified_pending_import,confirmed,official_catalog_and_pdf,not_imported,,https://wdown.ebsi.co.kr/W61001/01exam/20171017/go3/s_yrnss_mun_IlWrdFOS.pdf
2017,3,10,school_mock,social,ethics-and-thought,solution,manual_review,verified_pending_import,confirmed,official_catalog_and_pdf,not_imported,,https://wdown.ebsi.co.kr/W61001/01exam/20171017/go3/s_yrnss_hsj_PUPeKljq.pdf
2017,3,10,school_mock,social,korean-geography,question,manual_review,verified_pending_import,confirmed,official_catalog_and_pdf,not_imported,,https://wdown.ebsi.co.kr/W61001/01exam/20171017/go3/s_hanji_mun_65Rn8P5o.pdf
2017,3,10,school_mock,social,korean-geography,solution,manual_review,verified_pending_import,confirmed,official_catalog_and_pdf,not_imported,,https://wdown.ebsi.co.kr/W61001/01exam/20171017/go3/s_hanji_hsj_7P6umLrX.pdf
2017,3,10,school_mock,social,life-and-ethics,question,manual_review,verified_pending_import,confirmed,official_catalog_and_pdf,not_imported,,https://wdown.ebsi.co.kr/W61001/01exam/20171017/go3/s_ssnyr_mun_ovvQ0Puz.pdf
2017,3,10,school_mock,social,life-and-ethics,solution,manual_review,verified_pending_import,confirmed,official_catalog_and_pdf,not_imported,,https://wdown.ebsi.co.kr/W61001/01exam/20171017/go3/s_ssnyr_hsj_63Bma4RC.pdf
2017,3,10,school_mock,social,politics-and-law,question,manual_review,verified_pending_import,confirmed,official_catalog_and_pdf,not_imported,,https://wdown.ebsi.co.kr/W61001/01exam/20171017/go3/s_bnj_mun_iyhGvDpE.pdf
2017,3,10,school_mock,social,politics-and-law,solution,manual_review,verified_pending_import,confirmed,official_catalog_and_pdf,not_imported,,https://wdown.ebsi.co.kr/W61001/01exam/20171017/go3/s_bnj_hsj_DiOa7ddh.pdf
2017,3,10,school_mock,social,social-culture,question,manual_review,verified_pending_import,confirmed,official_catalog_and_pdf,not_imported,,https://wdown.ebsi.co.kr/W61001/01exam/20171017/go3/s_samun_mun_zpNcedZh.pdf
2017,3,10,school_mock,social,social-culture,solution,manual_review,verified_pending_import,confirmed,official_catalog_and_pdf,not_imported,,https://wdown.ebsi.co.kr/W61001/01exam/20171017/go3/s_samun_hsj_otjCjWEF.pdf
2017,3,10,school_mock,social,world-geography,question,manual_review,verified_pending_import,confirmed,official_catalog_and_pdf,not_imported,,https://wdown.ebsi.co.kr/W61001/01exam/20171017/go3/s_saeji_mun_Wq0GPlrw.pdf
2017,3,10,school_mock,social,world-geography,solution,manual_review,verified_pending_import,confirmed,official_catalog_and_pdf,not_imported,,https://wdown.ebsi.co.kr/W61001/01exam/20171017/go3/s_saeji_hsj_AnekVgKM.pdf
2017,3,10,school_mock,social,world-history,question,manual_review,verified_pending_import,confirmed,official_catalog_and_pdf,not_imported,,https://wdown.ebsi.co.kr/W61001/01exam/20171017/go3/s_sks_mun_6Ykwn9Wg.pdf
2017,3,10,school_mock,social,world-history,solution,manual_review,verified_pending_import,confirmed,official_catalog_and_pdf,not_imported,,https://wdown.ebsi.co.kr/W61001/01exam/20171017/go3/s_sks_hsj_tc2S6AAT.pdf
2017,3,10,school_mock,science,chemistry-1,question,manual_review,verified_pending_import,confirmed,official_catalog_and_pdf,not_imported,,https://wdown.ebsi.co.kr/W61001/01exam/20171017/go3/g_che1_mun_kpB9pbKW_1.pdf
2017,3,10,school_mock,science,chemistry-1,solution,manual_review,verified_pending_import,confirmed,official_catalog_and_pdf,not_imported,,https://wdown.ebsi.co.kr/W61001/01exam/20171017/go3/g_che1_hsj_ZfEAkqBi.pdf
2017,3,10,school_mock,science,chemistry-2,question,manual_review,verified_pending_import,confirmed,official_catalog_and_pdf,not_imported,,https://wdown.ebsi.co.kr/W61001/01exam/20171017/go3/g_che2_mun_x1Dy3riC.pdf
2017,3,10,school_mock,science,chemistry-2,solution,manual_review,verified_pending_import,confirmed,official_catalog_and_pdf,not_imported,,https://wdown.ebsi.co.kr/W61001/01exam/20171017/go3/g_che2_hsj_TVuy16xs.pdf
2017,3,10,school_mock,science,earth-science-1,question,manual_review,verified_pending_import,confirmed,official_catalog_and_pdf,not_imported,,https://wdown.ebsi.co.kr/W61001/01exam/20171017/go3/g_ear1_mun_HfKsp3MS_1.pdf
2017,3,10,school_mock,science,earth-science-1,solution,manual_review,verified_pending_import,confirmed,official_catalog_and_pdf,not_imported,,https://wdown.ebsi.co.kr/W61001/01exam/20171017/go3/g_ear1_hsj_i6xzmeWg_1.pdf
2017,3,10,school_mock,science,earth-science-2,question,manual_review,verified_pending_import,confirmed,official_catalog_and_pdf,not_imported,,https://wdown.ebsi.co.kr/W61001/01exam/20171017/go3/g_ear2_mun_pGtS79AX.pdf
2017,3,10,school_mock,science,earth-science-2,solution,manual_review,verified_pending_import,confirmed,official_catalog_and_pdf,not_imported,,https://wdown.ebsi.co.kr/W61001/01exam/20171017/go3/g_ear2_hsj_7Ur5qWn3.pdf
2017,3,10,school_mock,science,life-science-1,question,manual_review,verified_pending_import,confirmed,official_catalog_and_pdf,not_imported,,https://wdown.ebsi.co.kr/W61001/01exam/20171017/go3/g_bio1_mun_BsbrL1SC_2.pdf
2017,3,10,school_mock,science,life-science-1,solution,manual_review,verified_pending_import,confirmed,official_catalog_and_pdf,not_imported,,https://wdown.ebsi.co.kr/W61001/01exam/20171017/go3/g_bio1_hsj_eX8KShPd.pdf
2017,3,10,school_mock,science,life-science-2,question,manual_review,verified_pending_import,confirmed,official_catalog_and_pdf,not_imported,,https://wdown.ebsi.co.kr/W61001/01exam/20171017/go3/g_bio2_mun_oIIzQtO9.pdf
2017,3,10,school_mock,science,life-science-2,solution,manual_review,verified_pending_import,confirmed,official_catalog_and_pdf,not_imported,,https://wdown.ebsi.co.kr/W61001/01exam/20171017/go3/g_bio2_hsj_vXLsdAef.pdf
2017,3,10,school_mock,science,physics-1,question,manual_review,verified_pending_import,confirmed,official_catalog_and_pdf,not_imported,,https://wdown.ebsi.co.kr/W61001/01exam/20171017/go3/g_phy1_mun_0HG0anlz_1.pdf
2017,3,10,school_mock,science,physics-1,solution,manual_review,verified_pending_import,confirmed,official_catalog_and_pdf,not_imported,,https://wdown.ebsi.co.kr/W61001/01exam/20171017/go3/g_phy1_hsj_mUR7BED0_1.pdf
2017,3,10,school_mock,science,physics-2,question,manual_review,verified_pending_import,confirmed,official_catalog_and_pdf,not_imported,,https://wdown.ebsi.co.kr/W61001/01exam/20171017/go3/g_phy2_mun_USp3sJWG.pdf
2017,3,10,school_mock,science,physics-2,solution,manual_review,verified_pending_import,confirmed,official_catalog_and_pdf,not_imported,,https://wdown.ebsi.co.kr/W61001/01exam/20171017/go3/g_phy2_hsj_YdRGy9tC.pdf
2017,3,10,school_mock,vocational,accounting-principles,question,manual_review,verified_pending_import,confirmed,official_catalog_and_pdf,not_imported,,https://wdown.ebsi.co.kr/W61001/01exam/20171017/go3/J_one_mun_IuXZ2y2F.pdf
2017,3,10,school_mock,vocational,accounting-principles,solution,manual_review,verified_pending_import,confirmed,official_catalog_and_pdf,not_imported,,https://wdown.ebsi.co.kr/W61001/01exam/20171017/go3/J_one_hsj_ko8C7wyf.pdf
2017,3,10,school_mock,vocational,agriculture-basics,question,manual_review,verified_pending_import,confirmed,official_catalog_and_pdf,not_imported,,https://wdown.ebsi.co.kr/W61001/01exam/20171017/go3/J_nupgi_mun_3AkTR60o.pdf
2017,3,10,school_mock,vocational,agriculture-basics,solution,manual_review,verified_pending_import,confirmed,official_catalog_and_pdf,not_imported,,https://wdown.ebsi.co.kr/W61001/01exam/20171017/go3/J_nupgi_hsj_VexDAeys.pdf
2017,3,10,school_mock,vocational,agriculture-understanding,question,manual_review,verified_pending_import,confirmed,official_catalog_and_pdf,not_imported,,https://wdown.ebsi.co.kr/W61001/01exam/20171017/go3/J_nup_mun_GCIFoPkG.pdf
2017,3,10,school_mock,vocational,agriculture-understanding,solution,manual_review,verified_pending_import,confirmed,official_catalog_and_pdf,not_imported,,https://wdown.ebsi.co.kr/W61001/01exam/20171017/go3/J_nup_hsj_0rm3rxUn.pdf
2017,3,10,school_mock,vocational,basic-drafting,question,manual_review,verified_pending_import,confirmed,official_catalog_and_pdf,not_imported,,https://wdown.ebsi.co.kr/W61001/01exam/20171017/go3/J_kicho_mun_VsA6XktM.pdf
2017,3,10,school_mock,vocational,basic-drafting,solution,manual_review,verified_pending_import,confirmed,official_catalog_and_pdf,not_imported,,https://wdown.ebsi.co.kr/W61001/01exam/20171017/go3/J_kicho_hsj_1qjj0aIm.pdf
2017,3,10,school_mock,vocational,commercial-economics,question,manual_review,verified_pending_import,confirmed,official_catalog_and_pdf,not_imported,,https://wdown.ebsi.co.kr/W61001/01exam/20171017/go3/J_sangup_mun_PiZxOASW.pdf
2017,3,10,school_mock,vocational,commercial-economics,solution,manual_review,verified_pending_import,confirmed,official_catalog_and_pdf,not_imported,,https://wdown.ebsi.co.kr/W61001/01exam/20171017/go3/J_sangup_hsj_TgZu6WY9.pdf
2017,3,10,school_mock,vocational,fisheries-and-shipping,question,manual_review,verified_pending_import,confirmed,official_catalog_and_pdf,not_imported,,https://wdown.ebsi.co.kr/W61001/01exam/20171017/go3/J_susan_mun_LFYxc9NU.pdf
2017,3,10,school_mock,vocational,fisheries-and-shipping,solution,manual_review,verified_pending_import,confirmed,official_catalog_and_pdf,not_imported,,https://wdown.ebsi.co.kr/W61001/01exam/20171017/go3/J_susan_hsj_puabjKoM.pdf
2017,3,10,school_mock,vocational,human-development,question,manual_review,verified_pending_import,confirmed,official_catalog_and_pdf,not_imported,,https://wdown.ebsi.co.kr/W61001/01exam/20171017/go3/J_inkan_mun_FYsDSzhx.pdf
2017,3,10,school_mock,vocational,human-development,solution,manual_review,verified_pending_import,confirmed,official_catalog_and_pdf,not_imported,,https://wdown.ebsi.co.kr/W61001/01exam/20171017/go3/J_inkan_hsj_Rz3s2gu5.pdf
2017,3,10,school_mock,vocational,industry-general,question,manual_review,verified_pending_import,confirmed,official_catalog_and_pdf,not_imported,,https://wdown.ebsi.co.kr/W61001/01exam/20171017/go3/J_gup_mun_8FSA4Ale.pdf
2017,3,10,school_mock,vocational,industry-general,solution,manual_review,verified_pending_import,confirmed,official_catalog_and_pdf,not_imported,,https://wdown.ebsi.co.kr/W61001/01exam/20171017/go3/J_gup_hsj_LI2yL4l4.pdf
2017,3,10,school_mock,vocational,ocean-understanding,question,manual_review,verified_pending_import,confirmed,official_catalog_and_pdf,not_imported,,https://wdown.ebsi.co.kr/W61001/01exam/20171017/go3/J_hae_mun_wjHNuQuN.pdf
2017,3,10,school_mock,vocational,ocean-understanding,solution,manual_review,verified_pending_import,confirmed,official_catalog_and_pdf,not_imported,,https://wdown.ebsi.co.kr/W61001/01exam/20171017/go3/J_hae_hsj_6tdqVvPd.pdf
2017,3,10,school_mock,vocational,service-industry-understanding,question,manual_review,verified_pending_import,confirmed,official_catalog_and_pdf,not_imported,,https://wdown.ebsi.co.kr/W61001/01exam/20171017/go3/J_ser_mun_9Vvjvxo6.pdf
2017,3,10,school_mock,vocational,service-industry-understanding,solution,manual_review,verified_pending_import,confirmed,official_catalog_and_pdf,not_imported,,https://wdown.ebsi.co.kr/W61001/01exam/20171017/go3/J_ser_hsj_AmX3qrB0.pdf
2017,3,10,school_mock,second_language,chinese-1,question,manual_review,verified_pending_import,confirmed,official_catalog_and_pdf,not_imported,,https://wdown.ebsi.co.kr/W61001/01exam/20171017/go3/2nd_ch_mun_BSotwBP8.pdf
2017,3,10,school_mock,second_language,chinese-1,solution,manual_review,verified_pending_import,confirmed,official_catalog_and_pdf,not_imported,,https://wdown.ebsi.co.kr/W61001/01exam/20171017/go3/2nd_ch_hsj_xidGVwPG.pdf
2017,3,10,school_mock,second_language,classical-chinese-1,question,manual_review,verified_pending_import,confirmed,official_catalog_and_pdf,not_imported,,https://wdown.ebsi.co.kr/W61001/01exam/20171017/go3/2nd_han_mun_VY5jVkjA.pdf
2017,3,10,school_mock,second_language,classical-chinese-1,solution,manual_review,verified_pending_import,confirmed,official_catalog_and_pdf,not_imported,,https://wdown.ebsi.co.kr/W61001/01exam/20171017/go3/2nd_han_hsj_2DJxRVVf.pdf
2017,3,10,school_mock,second_language,french-1,question,manual_review,verified_pending_import,confirmed,official_catalog_and_pdf,not_imported,,https://wdown.ebsi.co.kr/W61001/01exam/20171017/go3/2nd_fr_mun_9BekWo76.pdf
2017,3,10,school_mock,second_language,french-1,solution,manual_review,verified_pending_import,confirmed,official_catalog_and_pdf,not_imported,,https://wdown.ebsi.co.kr/W61001/01exam/20171017/go3/2nd_fr_hsj_UaiRNhFC.pdf
2017,3,10,school_mock,second_language,german-1,question,manual_review,verified_pending_import,confirmed,official_catalog_and_pdf,not_imported,,https://wdown.ebsi.co.kr/W61001/01exam/20171017/go3/2nd_gr_mun_Xn2Pi1Y7.pdf
2017,3,10,school_mock,second_language,german-1,solution,manual_review,verified_pending_import,confirmed,official_catalog_and_pdf,not_imported,,https://wdown.ebsi.co.kr/W61001/01exam/20171017/go3/2nd_gr_hsj_PeGbPn6U.pdf
2017,3,10,school_mock,second_language,japanese-1,question,manual_review,verified_pending_import,confirmed,official_catalog_and_pdf,not_imported,,https://wdown.ebsi.co.kr/W61001/01exam/20171017/go3/2nd_ja_mun_xgelXDeq.pdf
2017,3,10,school_mock,second_language,japanese-1,solution,manual_review,verified_pending_import,confirmed,official_catalog_and_pdf,not_imported,,https://wdown.ebsi.co.kr/W61001/01exam/20171017/go3/2nd_ja_hsj_oMIOGCvq.pdf
2017,3,10,school_mock,second_language,russian-1,question,manual_review,verified_pending_import,confirmed,official_catalog_and_pdf,not_imported,,https://wdown.ebsi.co.kr/W61001/01exam/20171017/go3/2nd_ru_mun_fywEsGmj.pdf
2017,3,10,school_mock,second_language,russian-1,solution,manual_review,verified_pending_import,confirmed,official_catalog_and_pdf,not_imported,,https://wdown.ebsi.co.kr/W61001/01exam/20171017/go3/2nd_ru_hsj_m08IyFry.pdf
2017,3,10,school_mock,second_language,spanish-1,question,manual_review,verified_pending_import,confirmed,official_catalog_and_pdf,not_imported,,https://wdown.ebsi.co.kr/W61001/01exam/20171017/go3/2nd_sp_mun_dlb9rXg5.pdf
2017,3,10,school_mock,second_language,spanish-1,solution,manual_review,verified_pending_import,confirmed,official_catalog_and_pdf,not_imported,,https://wdown.ebsi.co.kr/W61001/01exam/20171017/go3/2nd_sp_hsj_wlSe9F6E.pdf
2017,3,11,csat,korean,,question,manual_review,verified_pending_import,confirmed,official_catalog_and_pdf,not_imported,,https://wdown.ebsi.co.kr/W61001/01exam/20171116/go3/kor1_mun_tYeiYRpX.pdf
2017,3,11,csat,korean,,solution,manual_review,verified_pending_import,confirmed,official_catalog_and_pdf,not_imported,,https://wdown.ebsi.co.kr/W61001/01exam/20171116/go3/kor1_hsj_bD4dSrXh_03.pdf
2017,3,11,csat,math,math-a,question,manual_review,verified_pending_import,confirmed,official_catalog_and_pdf,not_imported,,https://wdown.ebsi.co.kr/W61001/01exam/20171116/go3/matha1_mun_3q4Gvrdz.pdf
2017,3,11,csat,math,math-a,solution,manual_review,verified_pending_import,confirmed,official_catalog_and_pdf,not_imported,,https://wdown.ebsi.co.kr/W61001/01exam/20171116/go3/matha1_hsj_CsbNZjGa_01.pdf
2017,3,11,csat,math,math-b,question,manual_review,verified_pending_import,confirmed,official_catalog_and_pdf,not_imported,,https://wdown.ebsi.co.kr/W61001/01exam/20171116/go3/mathb1_mun_zDE7lk5E.pdf
2017,3,11,csat,math,math-b,solution,manual_review,verified_pending_import,confirmed,official_catalog_and_pdf,not_imported,,https://wdown.ebsi.co.kr/W61001/01exam/20171116/go3/mathb1_hsj_do4uE43C_02.pdf
2017,3,11,csat,english,,question,manual_review,verified_pending_import,confirmed,official_catalog_and_pdf,not_imported,,https://wdown.ebsi.co.kr/W61001/01exam/20171116/go3/eng1_mun_aFc3leDM.pdf
2017,3,11,csat,english,,solution,manual_review,verified_pending_import,confirmed,official_catalog_and_pdf,not_imported,,https://wdown.ebsi.co.kr/W61001/01exam/20171116/go3/eng1_hsj_Lh9FrKAt_02.pdf
2017,3,11,csat,history,,question,manual_review,verified_pending_import,confirmed,official_catalog_and_pdf,not_imported,,https://wdown.ebsi.co.kr/W61001/01exam/20171116/go3/s_his_mun_wEeN7h0w.pdf
2017,3,11,csat,history,,solution,manual_review,verified_pending_import,confirmed,official_catalog_and_pdf,not_imported,,https://wdown.ebsi.co.kr/W61001/01exam/20171116/go3/s_his_hsj_ebTCln3N.pdf
2017,3,11,csat,social,east-asian-history,question,manual_review,verified_pending_import,confirmed,official_catalog_and_pdf,not_imported,,https://wdown.ebsi.co.kr/W61001/01exam/20171116/go3/s_easta_mun_OMyAkugh.pdf
2017,3,11,csat,social,east-asian-history,solution,manual_review,verified_pending_import,confirmed,official_catalog_and_pdf,not_imported,,https://wdown.ebsi.co.kr/W61001/01exam/20171116/go3/s_easta_hsj_pYM1lL7U_1.pdf
2017,3,11,csat,social,economics,question,manual_review,verified_pending_import,confirmed,official_catalog_and_pdf,not_imported,,https://wdown.ebsi.co.kr/W61001/01exam/20171116/go3/s_eco_mun_RkgTR3oy.pdf
2017,3,11,csat,social,economics,solution,manual_review,verified_pending_import,confirmed,official_catalog_and_pdf,not_imported,,https://wdown.ebsi.co.kr/W61001/01exam/20171116/go3/s_eco_hsj_oiJhU94m.pdf
2017,3,11,csat,social,ethics-and-thought,question,manual_review,verified_pending_import,confirmed,official_catalog_and_pdf,not_imported,,https://wdown.ebsi.co.kr/W61001/01exam/20171116/go3/s_yrnss_mun_UVEtDYZ3.pdf
2017,3,11,csat,social,ethics-and-thought,solution,manual_review,verified_pending_import,confirmed,official_catalog_and_pdf,not_imported,,https://wdown.ebsi.co.kr/W61001/01exam/20171116/go3/s_yrnss_hsj_LpmuOGSR.pdf
2017,3,11,csat,social,korean-geography,question,manual_review,verified_pending_import,confirmed,official_catalog_and_pdf,not_imported,,https://wdown.ebsi.co.kr/W61001/01exam/20171116/go3/s_hanji_mun_p0M0PK0o.pdf
2017,3,11,csat,social,korean-geography,solution,manual_review,verified_pending_import,confirmed,official_catalog_and_pdf,not_imported,,https://wdown.ebsi.co.kr/W61001/01exam/20171116/go3/s_hanji_hsj_aBfvQeVe_03.pdf
2017,3,11,csat,social,life-and-ethics,question,manual_review,verified_pending_import,confirmed,official_catalog_and_pdf,not_imported,,https://wdown.ebsi.co.kr/W61001/01exam/20171116/go3/s_ssnyr_mun_OZ4vSHIh.pdf
2017,3,11,csat,social,life-and-ethics,solution,manual_review,verified_pending_import,confirmed,official_catalog_and_pdf,not_imported,,https://wdown.ebsi.co.kr/W61001/01exam/20171116/go3/s_ssnyr_hsj_Ic8XrhQ8.pdf
2017,3,11,csat,social,politics-and-law,question,manual_review,verified_pending_import,confirmed,official_catalog_and_pdf,not_imported,,https://wdown.ebsi.co.kr/W61001/01exam/20171116/go3/s_bnj_mun_fLd6BT2P.pdf
2017,3,11,csat,social,politics-and-law,solution,manual_review,verified_pending_import,confirmed,official_catalog_and_pdf,not_imported,,https://wdown.ebsi.co.kr/W61001/01exam/20171116/go3/s_bnj_hsj_lyBqsZKn.pdf
2017,3,11,csat,social,social-culture,question,manual_review,verified_pending_import,confirmed,official_catalog_and_pdf,not_imported,,https://wdown.ebsi.co.kr/W61001/01exam/20171116/go3/s_samun_mun_ENOPODvI.pdf
2017,3,11,csat,social,social-culture,solution,manual_review,verified_pending_import,confirmed,official_catalog_and_pdf,not_imported,,https://wdown.ebsi.co.kr/W61001/01exam/20171116/go3/s_samun_hsj_bttyDE8I.pdf
2017,3,11,csat,social,world-geography,question,manual_review,verified_pending_import,confirmed,official_catalog_and_pdf,not_imported,,https://wdown.ebsi.co.kr/W61001/01exam/20171116/go3/s_saeji_mun_0F7HcCPG.pdf
2017,3,11,csat,social,world-geography,solution,manual_review,verified_pending_import,confirmed,official_catalog_and_pdf,not_imported,,https://wdown.ebsi.co.kr/W61001/01exam/20171116/go3/s_saeji_hsj_6hi4Qa22.pdf
2017,3,11,csat,social,world-history,question,manual_review,verified_pending_import,confirmed,official_catalog_and_pdf,not_imported,,https://wdown.ebsi.co.kr/W61001/01exam/20171116/go3/s_sks_mun_JVKji15g.pdf
2017,3,11,csat,social,world-history,solution,manual_review,verified_pending_import,confirmed,official_catalog_and_pdf,not_imported,,https://wdown.ebsi.co.kr/W61001/01exam/20171116/go3/s_sks_hsj_yGJSy7z5.pdf
2017,3,11,csat,science,chemistry-1,question,manual_review,verified_pending_import,confirmed,official_catalog_and_pdf,not_imported,,https://wdown.ebsi.co.kr/W61001/01exam/20171116/go3/g_che1_mun_a9jE11oj.pdf
2017,3,11,csat,science,chemistry-1,solution,manual_review,verified_pending_import,confirmed,official_catalog_and_pdf,not_imported,,https://wdown.ebsi.co.kr/W61001/01exam/20171116/go3/g_che1_hsj_Mcukgaeb_02.pdf
2017,3,11,csat,science,chemistry-2,question,manual_review,verified_pending_import,confirmed,official_catalog_and_pdf,not_imported,,https://wdown.ebsi.co.kr/W61001/01exam/20171116/go3/g_che2_mun_w3kXg5iI.pdf
2017,3,11,csat,science,chemistry-2,solution,manual_review,verified_pending_import,confirmed,official_catalog_and_pdf,not_imported,,https://wdown.ebsi.co.kr/W61001/01exam/20171116/go3/g_che2_hsj_IfPwoZfA_01.pdf
2017,3,11,csat,science,earth-science-1,question,manual_review,verified_pending_import,confirmed,official_catalog_and_pdf,not_imported,,https://wdown.ebsi.co.kr/W61001/01exam/20171116/go3/g_ear1_mun_CnspQZxk.pdf
2017,3,11,csat,science,earth-science-1,solution,manual_review,verified_pending_import,confirmed,official_catalog_and_pdf,not_imported,,https://wdown.ebsi.co.kr/W61001/01exam/20171116/go3/g_ear1_hsj_cHwFfy3m_01.pdf
2017,3,11,csat,science,earth-science-2,question,manual_review,verified_pending_import,confirmed,official_catalog_and_pdf,not_imported,,https://wdown.ebsi.co.kr/W61001/01exam/20171116/go3/g_ear2_mun_9xRGg3bH.pdf
2017,3,11,csat,science,earth-science-2,solution,manual_review,verified_pending_import,confirmed,official_catalog_and_pdf,not_imported,,https://wdown.ebsi.co.kr/W61001/01exam/20171116/go3/g_ear2_hsj_lwWkVNqX_01.pdf
2017,3,11,csat,science,life-science-1,question,manual_review,verified_pending_import,confirmed,official_catalog_and_pdf,not_imported,,https://wdown.ebsi.co.kr/W61001/01exam/20171116/go3/g_bio1_mun_G6NdrxYE.pdf
2017,3,11,csat,science,life-science-1,solution,manual_review,verified_pending_import,confirmed,official_catalog_and_pdf,not_imported,,https://wdown.ebsi.co.kr/W61001/01exam/20171116/go3/g_bio1_hsj_zmXwgwCy_01.pdf
2017,3,11,csat,science,life-science-2,question,manual_review,verified_pending_import,confirmed,official_catalog_and_pdf,not_imported,,https://wdown.ebsi.co.kr/W61001/01exam/20171116/go3/g_bio2_mun_FvgvR0AW.pdf
2017,3,11,csat,science,life-science-2,solution,manual_review,verified_pending_import,confirmed,official_catalog_and_pdf,not_imported,,https://wdown.ebsi.co.kr/W61001/01exam/20171116/go3/g_bio2_hsj_IeEGi4RC_03.pdf
2017,3,11,csat,science,physics-1,question,manual_review,verified_pending_import,confirmed,official_catalog_and_pdf,not_imported,,https://wdown.ebsi.co.kr/W61001/01exam/20171116/go3/g_phy1_mun_qpFuiHV5.pdf
2017,3,11,csat,science,physics-1,solution,manual_review,verified_pending_import,confirmed,official_catalog_and_pdf,not_imported,,https://wdown.ebsi.co.kr/W61001/01exam/20171116/go3/g_phy1_hsj_EIKcQEF2_01.pdf
2017,3,11,csat,science,physics-2,question,manual_review,verified_pending_import,confirmed,official_catalog_and_pdf,not_imported,,https://wdown.ebsi.co.kr/W61001/01exam/20171116/go3/g_phy2_mun_2ekFwknk.pdf
2017,3,11,csat,science,physics-2,solution,manual_review,verified_pending_import,confirmed,official_catalog_and_pdf,not_imported,,https://wdown.ebsi.co.kr/W61001/01exam/20171116/go3/g_phy2_hsj_27XcYVJ4_01.pdf
2017,3,11,csat,vocational,accounting-principles,question,manual_review,verified_pending_import,confirmed,official_catalog_and_pdf,not_imported,,https://wdown.ebsi.co.kr/W61001/01exam/20171116/go3/J_one_mun_JRRBItJg_01.pdf
2017,3,11,csat,vocational,accounting-principles,solution,manual_review,verified_pending_import,confirmed,official_catalog_and_pdf,not_imported,,https://wdown.ebsi.co.kr/W61001/01exam/20171116/go3/J_one_hsj_04FeCEZK_01.pdf
2017,3,11,csat,vocational,agriculture-basics,question,manual_review,verified_pending_import,confirmed,official_catalog_and_pdf,not_imported,,https://wdown.ebsi.co.kr/W61001/01exam/20171116/go3/J_nupgi_mun_q9LwLLbe_01.pdf
2017,3,11,csat,vocational,agriculture-basics,solution,manual_review,verified_pending_import,confirmed,official_catalog_and_pdf,not_imported,,https://wdown.ebsi.co.kr/W61001/01exam/20171116/go3/J_nupgi_hsj_I8Ky8pni.pdf
2017,3,11,csat,vocational,agriculture-understanding,question,manual_review,verified_pending_import,confirmed,official_catalog_and_pdf,not_imported,,https://wdown.ebsi.co.kr/W61001/01exam/20171116/go3/J_nup_mun_SvUkBAB7_01.pdf
2017,3,11,csat,vocational,agriculture-understanding,solution,manual_review,verified_pending_import,confirmed,official_catalog_and_pdf,not_imported,,https://wdown.ebsi.co.kr/W61001/01exam/20171116/go3/J_nup_hsj_pNKpuQZm.pdf
2017,3,11,csat,vocational,basic-drafting,question,manual_review,verified_pending_import,confirmed,official_catalog_and_pdf,not_imported,,https://wdown.ebsi.co.kr/W61001/01exam/20171116/go3/J_kicho_mun_v38lDbtA.pdf
2017,3,11,csat,vocational,basic-drafting,solution,manual_review,verified_pending_import,confirmed,official_catalog_and_pdf,not_imported,,https://wdown.ebsi.co.kr/W61001/01exam/20171116/go3/J_kicho_hsj_f2tb8XqL.pdf
2017,3,11,csat,vocational,commercial-economics,question,manual_review,verified_pending_import,confirmed,official_catalog_and_pdf,not_imported,,https://wdown.ebsi.co.kr/W61001/01exam/20171116/go3/J_sangup_mun_sBPcTOXN_01.pdf
2017,3,11,csat,vocational,commercial-economics,solution,manual_review,verified_pending_import,confirmed,official_catalog_and_pdf,not_imported,,https://wdown.ebsi.co.kr/W61001/01exam/20171116/go3/J_sangup_hsj_HUGw86xJ.pdf
2017,3,11,csat,vocational,fisheries-and-shipping,question,manual_review,verified_pending_import,confirmed,official_catalog_and_pdf,not_imported,,https://wdown.ebsi.co.kr/W61001/01exam/20171116/go3/J_susan_mun_Fw9fhphx_01.pdf
2017,3,11,csat,vocational,fisheries-and-shipping,solution,manual_review,verified_pending_import,confirmed,official_catalog_and_pdf,not_imported,,https://wdown.ebsi.co.kr/W61001/01exam/20171116/go3/J_susan_hsj_ivGHBoxS.pdf
2017,3,11,csat,vocational,human-development,question,manual_review,verified_pending_import,confirmed,official_catalog_and_pdf,not_imported,,https://wdown.ebsi.co.kr/W61001/01exam/20171116/go3/J_inkan_mun_64hc3DzX.pdf
2017,3,11,csat,vocational,human-development,solution,manual_review,verified_pending_import,confirmed,official_catalog_and_pdf,not_imported,,https://wdown.ebsi.co.kr/W61001/01exam/20171116/go3/J_inkan_hsj_DMBxY2ER.pdf
2017,3,11,csat,vocational,industry-general,question,manual_review,verified_pending_import,confirmed,official_catalog_and_pdf,not_imported,,https://wdown.ebsi.co.kr/W61001/01exam/20171116/go3/J_gup_mun_dKrlVKvH.pdf
2017,3,11,csat,vocational,industry-general,solution,manual_review,verified_pending_import,confirmed,official_catalog_and_pdf,not_imported,,https://wdown.ebsi.co.kr/W61001/01exam/20171116/go3/J_gup_hsj_9oilcjbO.pdf
2017,3,11,csat,vocational,ocean-understanding,question,manual_review,verified_pending_import,confirmed,official_catalog_and_pdf,not_imported,,https://wdown.ebsi.co.kr/W61001/01exam/20171116/go3/J_hae_mun_2OU4CfHP.pdf
2017,3,11,csat,vocational,ocean-understanding,solution,manual_review,verified_pending_import,confirmed,official_catalog_and_pdf,not_imported,,https://wdown.ebsi.co.kr/W61001/01exam/20171116/go3/J_hae_hsj_YD6pR1h8.pdf
2017,3,11,csat,vocational,service-industry-understanding,question,manual_review,verified_pending_import,confirmed,official_catalog_and_pdf,not_imported,,https://wdown.ebsi.co.kr/W61001/01exam/20171116/go3/J_ser_mun_3SAe3pVt_01.pdf
2017,3,11,csat,vocational,service-industry-understanding,solution,manual_review,verified_pending_import,confirmed,official_catalog_and_pdf,not_imported,,https://wdown.ebsi.co.kr/W61001/01exam/20171116/go3/J_ser_hsj_CZdBFHG8.pdf
2017,3,11,csat,second_language,arabic-1,question,manual_review,verified_pending_import,confirmed,official_catalog_and_pdf,not_imported,,https://wdown.ebsi.co.kr/W61001/01exam/20171116/go3/2nd_ar_mun_ZqgIEPUT_01.pdf
2017,3,11,csat,second_language,arabic-1,solution,manual_review,verified_pending_import,confirmed,official_catalog_and_pdf,not_imported,,https://wdown.ebsi.co.kr/W61001/01exam/20171116/go3/2nd_ar_hsj_Yg0wBrY3.pdf
2017,3,11,csat,second_language,chinese-1,question,manual_review,verified_pending_import,confirmed,official_catalog_and_pdf,not_imported,,https://wdown.ebsi.co.kr/W61001/01exam/20171116/go3/2nd_ch_mun_QzFgDKNu_01.pdf
2017,3,11,csat,second_language,chinese-1,solution,manual_review,verified_pending_import,confirmed,official_catalog_and_pdf,not_imported,,https://wdown.ebsi.co.kr/W61001/01exam/20171116/go3/2nd_ch_hsj_j8Nmnf90.pdf
2017,3,11,csat,second_language,classical-chinese-1,question,manual_review,verified_pending_import,confirmed,official_catalog_and_pdf,not_imported,,https://wdown.ebsi.co.kr/W61001/01exam/20171116/go3/2nd_han_mun_XZkaIZrb_01.pdf
2017,3,11,csat,second_language,classical-chinese-1,solution,manual_review,verified_pending_import,confirmed,official_catalog_and_pdf,not_imported,,https://wdown.ebsi.co.kr/W61001/01exam/20171116/go3/2nd_han_hsj_KFnfM41N.pdf
2017,3,11,csat,second_language,french-1,question,manual_review,verified_pending_import,confirmed,official_catalog_and_pdf,not_imported,,https://wdown.ebsi.co.kr/W61001/01exam/20171116/go3/2nd_fr_mun_lb23ey8R_01.pdf
2017,3,11,csat,second_language,french-1,solution,manual_review,verified_pending_import,confirmed,official_catalog_and_pdf,not_imported,,https://wdown.ebsi.co.kr/W61001/01exam/20171116/go3/2nd_fr_hsj_EzOuMHw8.pdf
2017,3,11,csat,second_language,german-1,question,manual_review,verified_pending_import,confirmed,official_catalog_and_pdf,not_imported,,https://wdown.ebsi.co.kr/W61001/01exam/20171116/go3/2nd_gr_mun_0pshGfs6_01.pdf
2017,3,11,csat,second_language,german-1,solution,manual_review,verified_pending_import,confirmed,official_catalog_and_pdf,not_imported,,https://wdown.ebsi.co.kr/W61001/01exam/20171116/go3/2nd_gr_hsj_0XxsXfxn.pdf
2017,3,11,csat,second_language,japanese-1,question,manual_review,verified_pending_import,confirmed,official_catalog_and_pdf,not_imported,,https://wdown.ebsi.co.kr/W61001/01exam/20171116/go3/2nd_ja_mun_z5EaPbp3_01.pdf
2017,3,11,csat,second_language,japanese-1,solution,manual_review,verified_pending_import,confirmed,official_catalog_and_pdf,not_imported,,https://wdown.ebsi.co.kr/W61001/01exam/20171116/go3/2nd_ja_hsj_cvpzTHkz.pdf
2017,3,11,csat,second_language,russian-1,question,manual_review,verified_pending_import,confirmed,official_catalog_and_pdf,not_imported,,https://wdown.ebsi.co.kr/W61001/01exam/20171116/go3/2nd_ru_mun_lOdyqWmX_01.pdf
2017,3,11,csat,second_language,russian-1,solution,manual_review,verified_pending_import,confirmed,official_catalog_and_pdf,not_imported,,https://wdown.ebsi.co.kr/W61001/01exam/20171116/go3/2nd_ru_hsj_E76INmn4.pdf
2017,3,11,csat,second_language,spanish-1,question,manual_review,verified_pending_import,confirmed,official_catalog_and_pdf,not_imported,,https://wdown.ebsi.co.kr/W61001/01exam/20171116/go3/2nd_sp_mun_K4dcXwWf_01.pdf
2017,3,11,csat,second_language,spanish-1,solution,manual_review,verified_pending_import,confirmed,official_catalog_and_pdf,not_imported,,https://wdown.ebsi.co.kr/W61001/01exam/20171116/go3/2nd_sp_hsj_j7jYTdOS.pdf
2017,3,11,csat,second_language,vietnamese-1,question,manual_review,verified_pending_import,confirmed,official_catalog_and_pdf,not_imported,,https://wdown.ebsi.co.kr/W61001/01exam/20171116/go3/2nd_vit_mun_VaI0oZIi_01.pdf
2017,3,11,csat,second_language,vietnamese-1,solution,manual_review,verified_pending_import,confirmed,official_catalog_and_pdf,not_imported,,https://wdown.ebsi.co.kr/W61001/01exam/20171116/go3/2nd_vit_hsj_7T5n9dtH.pdf
