year,grade,month,exam_type,subject,course_code,file_type,status,reason,count_as_expected,expected_basis,db_status,public_file_id,official_url
2018,1,3,school_mock,korean,,question,manual_review,identity_unverifiable,confirmed,official_catalog_and_pdf,not_imported,,https://wdown.ebsi.co.kr/W61001/01exam/20180308/go1/kor_mun_VWDKpzxD_02_10.pdf
2018,1,3,school_mock,korean,,solution,manual_review,identity_unverifiable,confirmed,official_catalog_and_pdf,not_imported,,https://wdown.ebsi.co.kr/W61001/01exam/20180308/go1/kor_hsj_PHprp5yL_03.pdf
2018,1,3,school_mock,math,,question,manual_review,identity_unverifiable,confirmed,official_catalog_and_pdf,not_imported,,https://wdown.ebsi.co.kr/W61001/01exam/20180308/go1/matha_mun_Z86BSqEM_01_10.pdf
2018,1,3,school_mock,math,,solution,manual_review,identity_unverifiable,confirmed,official_catalog_and_pdf,not_imported,,https://wdown.ebsi.co.kr/W61001/01exam/20180308/go1/matha_hsj_DpCnJ711_12.pdf
2018,1,3,school_mock,english,,question,manual_review,identity_unverifiable,confirmed,official_catalog_and_pdf,not_imported,,https://wdown.ebsi.co.kr/W61001/01exam/20180308/go1/eng_mun_HZv7FDwf_01_10.pdf
2018,1,3,school_mock,english,,solution,manual_review,identity_unverifiable,confirmed,official_catalog_and_pdf,not_imported,,https://wdown.ebsi.co.kr/W61001/01exam/20180308/go1/eng_hsj_CrbreLDw_12_1.pdf
2018,1,3,school_mock,history,,question,manual_review,identity_unverifiable,confirmed,official_catalog_and_pdf,not_imported,,https://wdown.ebsi.co.kr/W61001/01exam/20180308/go1/s_his_mun_wk2UfxhU_01_10.pdf
2018,1,3,school_mock,history,,solution,manual_review,identity_unverifiable,confirmed,official_catalog_and_pdf,not_imported,,https://wdown.ebsi.co.kr/W61001/01exam/20180308/go1/s_his_hsj_IBSIeSOm_12.pdf
2018,1,3,school_mock,social,integrated-social,question,manual_review,identity_unverifiable,confirmed,official_catalog_and_pdf,not_imported,,https://wdown.ebsi.co.kr/W61001/01exam/20180308/go1/s_soc_mun_5i5Qy2Lf_01_10.pdf
2018,1,3,school_mock,social,integrated-social,solution,manual_review,identity_unverifiable,confirmed,official_catalog_and_pdf,not_imported,,https://wdown.ebsi.co.kr/W61001/01exam/20180308/go1/s_soc_hsj_HxwgxSc6_12.pdf
2018,1,3,school_mock,science,integrated-science,question,manual_review,identity_unverifiable,confirmed,official_catalog_and_pdf,not_imported,,https://wdown.ebsi.co.kr/W61001/01exam/20180308/go1/g_sci_mun_GwM0OOJr_01_10.pdf
2018,1,3,school_mock,science,integrated-science,solution,manual_review,identity_unverifiable,confirmed,official_catalog_and_pdf,not_imported,,https://wdown.ebsi.co.kr/W61001/01exam/20180308/go1/g_sci_hsj_zF5ldfZW_12.pdf
2018,1,6,school_mock,korean,,question,manual_review,identity_unverifiable,confirmed,official_catalog_and_pdf,not_imported,,https://wdown.ebsi.co.kr/W61001/01exam/20180607/go1/kor_mun_3Ih7jtrS_02_10.pdf
2018,1,6,school_mock,korean,,solution,manual_review,identity_unverifiable,confirmed,official_catalog_and_pdf,not_imported,,https://wdown.ebsi.co.kr/W61001/01exam/20180607/go1/kor_hsj_Byh133tY_02_10.pdf
2018,1,6,school_mock,math,,question,manual_review,identity_unverifiable,confirmed,official_catalog_and_pdf,not_imported,,https://wdown.ebsi.co.kr/W61001/01exam/20180607/go1/matha_mun_wlib4g3S_02_10.pdf
2018,1,6,school_mock,math,,solution,manual_review,identity_unverifiable,confirmed,official_catalog_and_pdf,not_imported,,https://wdown.ebsi.co.kr/W61001/01exam/20180607/go1/matha_hsj_v0YKpDS7_02_10.pdf
2018,1,6,school_mock,english,,question,manual_review,identity_unverifiable,confirmed,official_catalog_and_pdf,not_imported,,https://wdown.ebsi.co.kr/W61001/01exam/20180607/go1/eng_mun_hx27kBnc_02_10.pdf
2018,1,6,school_mock,english,,solution,manual_review,identity_unverifiable,confirmed,official_catalog_and_pdf,not_imported,,https://wdown.ebsi.co.kr/W61001/01exam/20180607/go1/eng_hsj_cYTjr8cU_02_10.pdf
2018,1,6,school_mock,history,,question,manual_review,identity_unverifiable,confirmed,official_catalog_and_pdf,not_imported,,https://wdown.ebsi.co.kr/W61001/01exam/20180607/go1/s_his_mun_0gxapzha_02_10.pdf
2018,1,6,school_mock,history,,solution,manual_review,identity_unverifiable,confirmed,official_catalog_and_pdf,not_imported,,https://wdown.ebsi.co.kr/W61001/01exam/20180607/go1/s_his_hsj_d2VqKwRP_02_10.pdf
2018,1,6,school_mock,social,integrated-social,question,manual_review,identity_unverifiable,confirmed,official_catalog_and_pdf,not_imported,,https://wdown.ebsi.co.kr/W61001/01exam/20180607/go1/s_soc_mun_QIWDO3hR_02_10.pdf
2018,1,6,school_mock,social,integrated-social,solution,manual_review,identity_unverifiable,confirmed,official_catalog_and_pdf,not_imported,,https://wdown.ebsi.co.kr/W61001/01exam/20180607/go1/s_soc_hsj_DT6Z3Lst_02_10.pdf
2018,1,6,school_mock,science,integrated-science,question,manual_review,identity_unverifiable,confirmed,official_catalog_and_pdf,not_imported,,https://wdown.ebsi.co.kr/W61001/01exam/20180607/go1/g_sci_mun_a8d9Ee4z_02_10.pdf
2018,1,6,school_mock,science,integrated-science,solution,manual_review,identity_unverifiable,confirmed,official_catalog_and_pdf,not_imported,,https://wdown.ebsi.co.kr/W61001/01exam/20180607/go1/g_sci_hsj_adTMVwVn_02_10.pdf
2018,1,9,school_mock,korean,,question,manual_review,identity_unverifiable,confirmed,official_catalog_and_pdf,not_imported,,https://wdown.ebsi.co.kr/W61001/01exam/20180905/go1/kor_mun_25s5rQdH_01_2.pdf
2018,1,9,school_mock,korean,,solution,manual_review,identity_unverifiable,confirmed,official_catalog_and_pdf,not_imported,,https://wdown.ebsi.co.kr/W61001/01exam/20180905/go1/kor_hsj_vl5D4ZI0_12_1.pdf
2018,1,9,school_mock,math,,question,manual_review,identity_unverifiable,confirmed,official_catalog_and_pdf,not_imported,,https://wdown.ebsi.co.kr/W61001/01exam/20180905/go1/matha_mun_6wfpElnP_01_10.pdf
2018,1,9,school_mock,math,,solution,manual_review,identity_unverifiable,confirmed,official_catalog_and_pdf,not_imported,,https://wdown.ebsi.co.kr/W61001/01exam/20180905/go1/matha_hsj_UbRwaD0U_12.pdf
2018,1,9,school_mock,english,,question,manual_review,identity_unverifiable,confirmed,official_catalog_and_pdf,not_imported,,https://wdown.ebsi.co.kr/W61001/01exam/20180905/go1/eng_mun_UuNYoO1V_01_10.pdf
2018,1,9,school_mock,english,,solution,manual_review,identity_unverifiable,confirmed,official_catalog_and_pdf,not_imported,,https://wdown.ebsi.co.kr/W61001/01exam/20180905/go1/eng_hsj_Q1DuTrNk_12_1.pdf
2018,1,9,school_mock,history,,question,manual_review,identity_unverifiable,confirmed,official_catalog_and_pdf,not_imported,,https://wdown.ebsi.co.kr/W61001/01exam/20180905/go1/s_his_mun_RZ5SaauB_01_2.pdf
2018,1,9,school_mock,history,,solution,manual_review,identity_unverifiable,confirmed,official_catalog_and_pdf,not_imported,,https://wdown.ebsi.co.kr/W61001/01exam/20180905/go1/s_his_hsj_vSYPyXAp_12.pdf
2018,1,9,school_mock,social,integrated-social,question,manual_review,identity_unverifiable,confirmed,official_catalog_and_pdf,not_imported,,https://wdown.ebsi.co.kr/W61001/01exam/20180905/go1/s_soc_mun_29ToukzU_01_10.pdf
2018,1,9,school_mock,social,integrated-social,solution,manual_review,identity_unverifiable,confirmed,official_catalog_and_pdf,not_imported,,https://wdown.ebsi.co.kr/W61001/01exam/20180905/go1/s_soc_hsj_MObBWu5t_12.pdf
2018,1,9,school_mock,science,integrated-science,question,manual_review,identity_unverifiable,confirmed,official_catalog_and_pdf,not_imported,,https://wdown.ebsi.co.kr/W61001/01exam/20180905/go1/g_sci_mun_5X2QgGwy_01_2.pdf
2018,1,9,school_mock,science,integrated-science,solution,manual_review,identity_unverifiable,confirmed,official_catalog_and_pdf,not_imported,,https://wdown.ebsi.co.kr/W61001/01exam/20180905/go1/g_sci_hsj_53pVrt1t_12.pdf
2018,1,11,school_mock,korean,,question,manual_review,identity_unverifiable,confirmed,official_catalog_and_pdf,not_imported,,https://wdown.ebsi.co.kr/W61001/01exam/20181121/go1/kor_mun_TyE9hOr2_01_10.pdf
2018,1,11,school_mock,korean,,solution,manual_review,identity_unverifiable,confirmed,official_catalog_and_pdf,not_imported,,https://wdown.ebsi.co.kr/W61001/01exam/20181121/go1/kor_hsj_7Uc0zSwH_01_10.pdf
2018,1,11,school_mock,math,,question,manual_review,identity_unverifiable,confirmed,official_catalog_and_pdf,not_imported,,https://wdown.ebsi.co.kr/W61001/01exam/20181121/go1/math_mun_UAwqJbLM_01_10.pdf
2018,1,11,school_mock,math,,solution,manual_review,identity_unverifiable,confirmed,official_catalog_and_pdf,not_imported,,https://wdown.ebsi.co.kr/W61001/01exam/20181121/go1/math_hsj_HOp6FB3V_01_10.pdf
2018,1,11,school_mock,english,,question,manual_review,identity_unverifiable,confirmed,official_catalog_and_pdf,not_imported,,https://wdown.ebsi.co.kr/W61001/01exam/20181121/go1/eng_mun_9qpcQION_01_10.pdf
2018,1,11,school_mock,english,,solution,manual_review,identity_unverifiable,confirmed,official_catalog_and_pdf,not_imported,,https://wdown.ebsi.co.kr/W61001/01exam/20181121/go1/eng_hsj_zADZBjgE_01_10.pdf
2018,1,11,school_mock,history,,question,manual_review,identity_unverifiable,confirmed,official_catalog_and_pdf,not_imported,,https://wdown.ebsi.co.kr/W61001/01exam/20181121/go1/s_his_mun_oZolmRBa_01_10.pdf
2018,1,11,school_mock,history,,solution,manual_review,identity_unverifiable,confirmed,official_catalog_and_pdf,not_imported,,https://wdown.ebsi.co.kr/W61001/01exam/20181121/go1/s_his_hsj_YFkuutSg_01_10.pdf
2018,1,11,school_mock,social,integrated-social,question,manual_review,identity_unverifiable,confirmed,official_catalog_and_pdf,not_imported,,https://wdown.ebsi.co.kr/W61001/01exam/20181121/go1/s_soc_mun_cOrBLSAQ_01_10.pdf
2018,1,11,school_mock,social,integrated-social,solution,manual_review,identity_unverifiable,confirmed,official_catalog_and_pdf,not_imported,,https://wdown.ebsi.co.kr/W61001/01exam/20181121/go1/s_soc_hsj_V6uPDVni_01_10.pdf
2018,1,11,school_mock,science,integrated-science,question,manual_review,identity_unverifiable,confirmed,official_catalog_and_pdf,not_imported,,https://wdown.ebsi.co.kr/W61001/01exam/20181121/go1/g_sci_mun_SnRMWuLn_01_10.pdf
2018,1,11,school_mock,science,integrated-science,solution,manual_review,identity_unverifiable,confirmed,official_catalog_and_pdf,not_imported,,https://wdown.ebsi.co.kr/W61001/01exam/20181121/go1/g_sci_hsj_5U9T3TGJ_01_10.pdf
2018,2,3,school_mock,korean,,question,manual_review,identity_unverifiable,confirmed,official_catalog_and_pdf,not_imported,,https://wdown.ebsi.co.kr/W61001/01exam/20180308/go2/kor_mun_qVvPdLFY_03_10.pdf
2018,2,3,school_mock,korean,,solution,manual_review,identity_unverifiable,confirmed,official_catalog_and_pdf,not_imported,,https://wdown.ebsi.co.kr/W61001/01exam/20180308/go2/kor_hsj_xc9NUpua_01_11_1.pdf
2018,2,3,school_mock,math,math-a,question,manual_review,identity_unverifiable,confirmed,official_catalog_and_pdf,not_imported,,https://wdown.ebsi.co.kr/W61001/01exam/20180308/go2/matha_mun_bjKoMFYs_10.pdf
2018,2,3,school_mock,math,math-a,solution,manual_review,identity_unverifiable,confirmed,official_catalog_and_pdf,not_imported,,https://wdown.ebsi.co.kr/W61001/01exam/20180308/go2/matha_hsj_DSzhxRz3_11.pdf
2018,2,3,school_mock,math,math-b,question,manual_review,identity_unverifiable,confirmed,official_catalog_and_pdf,not_imported,,https://wdown.ebsi.co.kr/W61001/01exam/20180308/go2/mathb_mun_s2gu59Vv_10.pdf
2018,2,3,school_mock,math,math-b,solution,manual_review,identity_unverifiable,confirmed,official_catalog_and_pdf,not_imported,,https://wdown.ebsi.co.kr/W61001/01exam/20180308/go2/mathb_hsj_jvxo6AmX_11.pdf
2018,2,3,school_mock,english,,question,manual_review,identity_unverifiable,confirmed,official_catalog_and_pdf,not_imported,,https://wdown.ebsi.co.kr/W61001/01exam/20180308/go2/eng_mun_3qrB0Xn2_10.pdf
2018,2,3,school_mock,english,,solution,manual_review,identity_unverifiable,confirmed,official_catalog_and_pdf,not_imported,,https://wdown.ebsi.co.kr/W61001/01exam/20180308/go2/eng_hsj_Pi1Y7PeG_11.pdf
2018,2,3,school_mock,history,,question,manual_review,identity_unverifiable,confirmed,official_catalog_and_pdf,not_imported,,https://wdown.ebsi.co.kr/W61001/01exam/20180308/go2/s_his_mun_RNhFCfyw_10.pdf
2018,2,3,school_mock,history,,solution,manual_review,identity_unverifiable,confirmed,official_catalog_and_pdf,not_imported,,https://wdown.ebsi.co.kr/W61001/01exam/20180308/go2/s_his_hsj_EsGmjm08_11.pdf
2018,2,3,school_mock,social,east-asian-history,question,manual_review,identity_unverifiable,confirmed,official_catalog_and_pdf,not_imported,,https://wdown.ebsi.co.kr/W61001/01exam/20180308/go2/s_easta_mun_eE2FGwQ2_10.pdf
2018,2,3,school_mock,social,east-asian-history,solution,manual_review,identity_unverifiable,confirmed,official_catalog_and_pdf,not_imported,,https://wdown.ebsi.co.kr/W61001/01exam/20180308/go2/s_easta_hsj_1ju2iDL6_11.pdf
2018,2,3,school_mock,social,economics,question,manual_review,identity_unverifiable,confirmed,official_catalog_and_pdf,not_imported,,https://wdown.ebsi.co.kr/W61001/01exam/20180308/go2/s_eco_mun_GXP9ww1W_10.pdf
2018,2,3,school_mock,social,economics,solution,manual_review,identity_unverifiable,confirmed,official_catalog_and_pdf,not_imported,,https://wdown.ebsi.co.kr/W61001/01exam/20180308/go2/s_eco_hsj_ySvX5w0Y_11.pdf
2018,2,3,school_mock,social,ethics-and-thought,question,manual_review,identity_unverifiable,confirmed,official_catalog_and_pdf,not_imported,,https://wdown.ebsi.co.kr/W61001/01exam/20180308/go2/s_yrnss_mun_e9F6EBSo_10.pdf
2018,2,3,school_mock,social,ethics-and-thought,solution,manual_review,identity_unverifiable,confirmed,official_catalog_and_pdf,not_imported,,https://wdown.ebsi.co.kr/W61001/01exam/20180308/go2/s_yrnss_hsj_twBP8xid_11.pdf
2018,2,3,school_mock,social,korean-geography,question,manual_review,identity_unverifiable,confirmed,official_catalog_and_pdf,not_imported,,https://wdown.ebsi.co.kr/W61001/01exam/20180308/go2/s_hanji_mun_GVwPGxge_10.pdf
2018,2,3,school_mock,social,korean-geography,solution,manual_review,identity_unverifiable,confirmed,official_catalog_and_pdf,not_imported,,https://wdown.ebsi.co.kr/W61001/01exam/20180308/go2/s_hanji_hsj_lXDeqoMI_11.pdf
2018,2,3,school_mock,social,life-and-ethics,question,manual_review,identity_unverifiable,confirmed,official_catalog_and_pdf,not_imported,,https://wdown.ebsi.co.kr/W61001/01exam/20180308/go2/s_ssnyr_mun_IyFrydlb_10.pdf
2018,2,3,school_mock,social,life-and-ethics,solution,manual_review,identity_unverifiable,confirmed,official_catalog_and_pdf,not_imported,,https://wdown.ebsi.co.kr/W61001/01exam/20180308/go2/s_ssnyr_hsj_9rXg5wlS_11.pdf
2018,2,3,school_mock,social,politics-and-law,question,manual_review,identity_unverifiable,confirmed,official_catalog_and_pdf,not_imported,,https://wdown.ebsi.co.kr/W61001/01exam/20180308/go2/s_bnj_mun_xRVVfdY6_10.pdf
2018,2,3,school_mock,social,politics-and-law,solution,manual_review,identity_unverifiable,confirmed,official_catalog_and_pdf,not_imported,,https://wdown.ebsi.co.kr/W61001/01exam/20180308/go2/s_bnj_hsj_hlHK91rG_11.pdf
2018,2,3,school_mock,social,social-culture,question,manual_review,identity_unverifiable,confirmed,official_catalog_and_pdf,not_imported,,https://wdown.ebsi.co.kr/W61001/01exam/20180308/go2/s_samun_mun_g83alUoh_10.pdf
2018,2,3,school_mock,social,social-culture,solution,manual_review,identity_unverifiable,confirmed,official_catalog_and_pdf,not_imported,,https://wdown.ebsi.co.kr/W61001/01exam/20180308/go2/s_samun_hsj_Ii6YEFms_11.pdf
2018,2,3,school_mock,social,world-geography,question,manual_review,identity_unverifiable,confirmed,official_catalog_and_pdf,not_imported,,https://wdown.ebsi.co.kr/W61001/01exam/20180308/go2/s_saeji_mun_OGCvqQ7S_01_10.pdf
2018,2,3,school_mock,social,world-geography,solution,manual_review,identity_unverifiable,confirmed,official_catalog_and_pdf,not_imported,,https://wdown.ebsi.co.kr/W61001/01exam/20180308/go2/s_saeji_hsj_zE2NSAW4_11.pdf
2018,2,3,school_mock,social,world-history,question,manual_review,identity_unverifiable,confirmed,official_catalog_and_pdf,not_imported,,https://wdown.ebsi.co.kr/W61001/01exam/20180308/go2/s_sks_mun_e5f6WVY5_10.pdf
2018,2,3,school_mock,social,world-history,solution,manual_review,identity_unverifiable,confirmed,official_catalog_and_pdf,not_imported,,https://wdown.ebsi.co.kr/W61001/01exam/20180308/go2/s_sks_hsj_jVkjA2DJ_11.pdf
2018,2,3,school_mock,science,chemistry-1,question,manual_review,identity_unverifiable,confirmed,official_catalog_and_pdf,not_imported,,https://wdown.ebsi.co.kr/W61001/01exam/20180308/go2/g_che1_mun_D1Ty9CMd_10.pdf
2018,2,3,school_mock,science,chemistry-1,solution,manual_review,identity_unverifiable,confirmed,official_catalog_and_pdf,not_imported,,https://wdown.ebsi.co.kr/W61001/01exam/20180308/go2/g_che1_hsj_ZpDsiIWe_11.pdf
2018,2,3,school_mock,science,earth-science-1,question,manual_review,identity_unverifiable,confirmed,official_catalog_and_pdf,not_imported,,https://wdown.ebsi.co.kr/W61001/01exam/20180308/go2/g_ear1_mun_j2AhGwEU_10.pdf
2018,2,3,school_mock,science,earth-science-1,solution,manual_review,identity_unverifiable,confirmed,official_catalog_and_pdf,not_imported,,https://wdown.ebsi.co.kr/W61001/01exam/20180308/go2/g_ear1_hsj_JlWZO8x9_11.pdf
2018,2,3,school_mock,science,life-science-1,question,manual_review,identity_unverifiable,confirmed,official_catalog_and_pdf,not_imported,,https://wdown.ebsi.co.kr/W61001/01exam/20180308/go2/g_bio1_mun_TlhxvzSo_10.pdf
2018,2,3,school_mock,science,life-science-1,solution,manual_review,identity_unverifiable,confirmed,official_catalog_and_pdf,not_imported,,https://wdown.ebsi.co.kr/W61001/01exam/20180308/go2/g_bio1_hsj_BJHsxPCF_11.pdf
2018,2,3,school_mock,science,physics-1,question,manual_review,identity_unverifiable,confirmed,official_catalog_and_pdf,not_imported,,https://wdown.ebsi.co.kr/W61001/01exam/20180308/go2/g_phy1_mun_QSktLxHb_10.pdf
2018,2,3,school_mock,science,physics-1,solution,manual_review,identity_unverifiable,confirmed,official_catalog_and_pdf,not_imported,,https://wdown.ebsi.co.kr/W61001/01exam/20180308/go2/g_phy1_hsj_HucVXqxs_11.pdf
2018,2,6,school_mock,korean,,question,manual_review,identity_unverifiable,confirmed,official_catalog_and_pdf,not_imported,,https://wdown.ebsi.co.kr/W61001/01exam/20180607/go2/kor_mun_PpPku04k_01_10.pdf
2018,2,6,school_mock,korean,,solution,manual_review,identity_unverifiable,confirmed,official_catalog_and_pdf,not_imported,,https://wdown.ebsi.co.kr/W61001/01exam/20180607/go2/kor_hsj_oK5uA7li_01_10.pdf
2018,2,6,school_mock,math,math-a,question,manual_review,identity_unverifiable,confirmed,official_catalog_and_pdf,not_imported,,https://wdown.ebsi.co.kr/W61001/01exam/20180607/go2/matha_mun_RtUvh18c_01_10.pdf
2018,2,6,school_mock,math,math-a,solution,manual_review,identity_unverifiable,confirmed,official_catalog_and_pdf,not_imported,,https://wdown.ebsi.co.kr/W61001/01exam/20180607/go2/matha_hsj_bKTrRVXR_01_10.pdf
2018,2,6,school_mock,math,math-b,question,manual_review,identity_unverifiable,confirmed,official_catalog_and_pdf,not_imported,,https://wdown.ebsi.co.kr/W61001/01exam/20180607/go2/mathb_mun_08ies8J_02_10.pdf
2018,2,6,school_mock,math,math-b,solution,manual_review,identity_unverifiable,confirmed,official_catalog_and_pdf,not_imported,,https://wdown.ebsi.co.kr/W61001/01exam/20180607/go2/mathb_hsj_nCR34XtF_01_10.pdf
2018,2,6,school_mock,english,,question,manual_review,identity_unverifiable,confirmed,official_catalog_and_pdf,not_imported,,https://wdown.ebsi.co.kr/W61001/01exam/20180607/go2/eng_mun_T0D7GHzb_02_10.pdf
2018,2,6,school_mock,english,,solution,manual_review,identity_unverifiable,confirmed,official_catalog_and_pdf,not_imported,,https://wdown.ebsi.co.kr/W61001/01exam/20180607/go2/eng_hsj_waV7VoAx_01_10.pdf
2018,2,6,school_mock,history,,question,manual_review,identity_unverifiable,confirmed,official_catalog_and_pdf,not_imported,,https://wdown.ebsi.co.kr/W61001/01exam/20180607/go2/s_his_mun_63RA5C2d_01_10.pdf
2018,2,6,school_mock,history,,solution,manual_review,identity_unverifiable,confirmed,official_catalog_and_pdf,not_imported,,https://wdown.ebsi.co.kr/W61001/01exam/20180607/go2/s_his_hsj_uiiQ03Fc_01_10.pdf
2018,2,6,school_mock,social,east-asian-history,question,manual_review,identity_unverifiable,confirmed,official_catalog_and_pdf,not_imported,,https://wdown.ebsi.co.kr/W61001/01exam/20180607/go2/s_easta_mun_6byoxxSQ_01_10.pdf
2018,2,6,school_mock,social,east-asian-history,solution,manual_review,identity_unverifiable,confirmed,official_catalog_and_pdf,not_imported,,https://wdown.ebsi.co.kr/W61001/01exam/20180607/go2/s_easta_hsj_WBLYu7AH_01_10.pdf
2018,2,6,school_mock,social,economics,question,manual_review,identity_unverifiable,confirmed,official_catalog_and_pdf,not_imported,,https://wdown.ebsi.co.kr/W61001/01exam/20180607/go2/s_eco_mun_4wG8nlsj_01_10.pdf
2018,2,6,school_mock,social,economics,solution,manual_review,identity_unverifiable,confirmed,official_catalog_and_pdf,not_imported,,https://wdown.ebsi.co.kr/W61001/01exam/20180607/go2/s_eco_hsj_H1dsDb7x_01_10.pdf
2018,2,6,school_mock,social,ethics-and-thought,question,manual_review,identity_unverifiable,confirmed,official_catalog_and_pdf,not_imported,,https://wdown.ebsi.co.kr/W61001/01exam/20180607/go2/s_yrnss_mun_UE9chbN2_01_10.pdf
2018,2,6,school_mock,social,ethics-and-thought,solution,manual_review,identity_unverifiable,confirmed,official_catalog_and_pdf,not_imported,,https://wdown.ebsi.co.kr/W61001/01exam/20180607/go2/s_yrnss_hsj_tEwLqJrf_01_10.pdf
2018,2,6,school_mock,social,korean-geography,question,manual_review,identity_unverifiable,confirmed,official_catalog_and_pdf,not_imported,,https://wdown.ebsi.co.kr/W61001/01exam/20180607/go2/s_hanji_mun_P6nmGq3M_01_10.pdf
2018,2,6,school_mock,social,korean-geography,solution,manual_review,identity_unverifiable,confirmed,official_catalog_and_pdf,not_imported,,https://wdown.ebsi.co.kr/W61001/01exam/20180607/go2/s_hanji_hsj_SL2pBIXn_01_10.pdf
2018,2,6,school_mock,social,life-and-ethics,question,manual_review,identity_unverifiable,confirmed,official_catalog_and_pdf,not_imported,,https://wdown.ebsi.co.kr/W61001/01exam/20180607/go2/s_ssnyr_mun_DddXAarw_01_10.pdf
2018,2,6,school_mock,social,life-and-ethics,solution,manual_review,identity_unverifiable,confirmed,official_catalog_and_pdf,not_imported,,https://wdown.ebsi.co.kr/W61001/01exam/20180607/go2/s_ssnyr_hsj_gAP93s25_01_10.pdf
2018,2,6,school_mock,social,politics-and-law,question,manual_review,identity_unverifiable,confirmed,official_catalog_and_pdf,not_imported,,https://wdown.ebsi.co.kr/W61001/01exam/20180607/go2/s_bnj_mun_krpEwwSm_01_10.pdf
2018,2,6,school_mock,social,politics-and-law,solution,manual_review,identity_unverifiable,confirmed,official_catalog_and_pdf,not_imported,,https://wdown.ebsi.co.kr/W61001/01exam/20180607/go2/s_bnj_hsj_3olwRhD5_01_10.pdf
2018,2,6,school_mock,social,social-culture,question,manual_review,identity_unverifiable,confirmed,official_catalog_and_pdf,not_imported,,https://wdown.ebsi.co.kr/W61001/01exam/20180607/go2/s_samun_mun_BNWep4CM_01_10.pdf
2018,2,6,school_mock,social,social-culture,solution,manual_review,identity_unverifiable,confirmed,official_catalog_and_pdf,not_imported,,https://wdown.ebsi.co.kr/W61001/01exam/20180607/go2/s_samun_hsj_xfqclwml_01_10.pdf
2018,2,6,school_mock,social,world-geography,question,manual_review,identity_unverifiable,confirmed,official_catalog_and_pdf,not_imported,,https://wdown.ebsi.co.kr/W61001/01exam/20180607/go2/s_saeji_mun_nGvgntdb_01_10.pdf
2018,2,6,school_mock,social,world-geography,solution,manual_review,identity_unverifiable,confirmed,official_catalog_and_pdf,not_imported,,https://wdown.ebsi.co.kr/W61001/01exam/20180607/go2/s_saeji_hsj_2HVZSOJl_01_10.pdf
2018,2,6,school_mock,social,world-history,question,manual_review,identity_unverifiable,confirmed,official_catalog_and_pdf,not_imported,,https://wdown.ebsi.co.kr/W61001/01exam/20180607/go2/s_sks_mun_fo98xKLV_01_10.pdf
2018,2,6,school_mock,social,world-history,solution,manual_review,identity_unverifiable,confirmed,official_catalog_and_pdf,not_imported,,https://wdown.ebsi.co.kr/W61001/01exam/20180607/go2/s_sks_hsj_XfEFzotS_01_10.pdf
2018,2,6,school_mock,science,chemistry-1,question,manual_review,identity_unverifiable,confirmed,official_catalog_and_pdf,not_imported,,https://wdown.ebsi.co.kr/W61001/01exam/20180607/go2/g_che1_mun_TBU25JJz_01_10.pdf
2018,2,6,school_mock,science,chemistry-1,solution,manual_review,identity_unverifiable,confirmed,official_catalog_and_pdf,not_imported,,https://wdown.ebsi.co.kr/W61001/01exam/20180607/go2/g_che1_hsj_xvoEaZWN_02_10.pdf
2018,2,6,school_mock,science,earth-science-1,question,manual_review,identity_unverifiable,confirmed,official_catalog_and_pdf,not_imported,,https://wdown.ebsi.co.kr/W61001/01exam/20180607/go2/g_ear1_mun_TSrdUWhn_02_10.pdf
2018,2,6,school_mock,science,earth-science-1,solution,manual_review,identity_unverifiable,confirmed,official_catalog_and_pdf,not_imported,,https://wdown.ebsi.co.kr/W61001/01exam/20180607/go2/g_ear1_hsj_65DWG6tA_02_10.pdf
2018,2,6,school_mock,science,life-science-1,question,manual_review,identity_unverifiable,confirmed,official_catalog_and_pdf,not_imported,,https://wdown.ebsi.co.kr/W61001/01exam/20180607/go2/g_bio1_mun_aBJjvmZp_02_10.pdf
2018,2,6,school_mock,science,life-science-1,solution,manual_review,identity_unverifiable,confirmed,official_catalog_and_pdf,not_imported,,https://wdown.ebsi.co.kr/W61001/01exam/20180607/go2/g_bio1_hsj_0mmhQZiC_02_10.pdf
2018,2,6,school_mock,science,physics-1,question,manual_review,identity_unverifiable,confirmed,official_catalog_and_pdf,not_imported,,https://wdown.ebsi.co.kr/W61001/01exam/20180607/go2/g_phy1_mun_JrvJ1xKj_02_10.pdf
2018,2,6,school_mock,science,physics-1,solution,manual_review,identity_unverifiable,confirmed,official_catalog_and_pdf,not_imported,,https://wdown.ebsi.co.kr/W61001/01exam/20180607/go2/g_phy1_hsj_tgZe0J64_02_10.pdf
2018,2,9,school_mock,korean,,question,manual_review,identity_unverifiable,confirmed,official_catalog_and_pdf,not_imported,,https://wdown.ebsi.co.kr/W61001/01exam/20180905/go2/kor_mun_0Q2KxYx9_2.pdf
2018,2,9,school_mock,korean,,solution,manual_review,identity_unverifiable,confirmed,official_catalog_and_pdf,not_imported,,https://wdown.ebsi.co.kr/W61001/01exam/20180905/go2/kor_hsj_KJlzK0Y6_11_1.pdf
2018,2,9,school_mock,math,math-a,question,manual_review,identity_unverifiable,confirmed,official_catalog_and_pdf,not_imported,,https://wdown.ebsi.co.kr/W61001/01exam/20180905/go2/matha_mun_2DszTvHP_10.pdf
2018,2,9,school_mock,math,math-a,solution,manual_review,identity_unverifiable,confirmed,official_catalog_and_pdf,not_imported,,https://wdown.ebsi.co.kr/W61001/01exam/20180905/go2/matha_hsj_0J3lTTJN_11.pdf
2018,2,9,school_mock,math,math-b,question,manual_review,identity_unverifiable,confirmed,official_catalog_and_pdf,not_imported,,https://wdown.ebsi.co.kr/W61001/01exam/20180905/go2/mathb_mun_JEKrX0tZ_10.pdf
2018,2,9,school_mock,math,math-b,solution,manual_review,identity_unverifiable,confirmed,official_catalog_and_pdf,not_imported,,https://wdown.ebsi.co.kr/W61001/01exam/20180905/go2/mathb_hsj_iluFzROo_11.pdf
2018,2,9,school_mock,english,,question,manual_review,identity_unverifiable,confirmed,official_catalog_and_pdf,not_imported,,https://wdown.ebsi.co.kr/W61001/01exam/20180905/go2/eng_mun_wjh3x4ul_10.pdf
2018,2,9,school_mock,english,,solution,manual_review,identity_unverifiable,confirmed,official_catalog_and_pdf,not_imported,,https://wdown.ebsi.co.kr/W61001/01exam/20180905/go2/eng_hsj_ELERFNAA_11.pdf
2018,2,9,school_mock,history,,question,manual_review,identity_unverifiable,confirmed,official_catalog_and_pdf,not_imported,,https://wdown.ebsi.co.kr/W61001/01exam/20180905/go2/s_his_mun_I2lreZkH_2.pdf
2018,2,9,school_mock,history,,solution,manual_review,identity_unverifiable,confirmed,official_catalog_and_pdf,not_imported,,https://wdown.ebsi.co.kr/W61001/01exam/20180905/go2/s_his_hsj_YrzQSWds_11.pdf
2018,2,9,school_mock,social,east-asian-history,question,manual_review,identity_unverifiable,confirmed,official_catalog_and_pdf,not_imported,,https://wdown.ebsi.co.kr/W61001/01exam/20180905/go2/s_easta_mun_Qn6OXC80_10.pdf
2018,2,9,school_mock,social,east-asian-history,solution,manual_review,identity_unverifiable,confirmed,official_catalog_and_pdf,not_imported,,https://wdown.ebsi.co.kr/W61001/01exam/20180905/go2/s_easta_hsj_dFvgSFVA_11.pdf
2018,2,9,school_mock,social,economics,question,manual_review,identity_unverifiable,confirmed,official_catalog_and_pdf,not_imported,,https://wdown.ebsi.co.kr/W61001/01exam/20180905/go2/s_eco_mun_tqZNhPwz_10.pdf
2018,2,9,school_mock,social,economics,solution,manual_review,identity_unverifiable,confirmed,official_catalog_and_pdf,not_imported,,https://wdown.ebsi.co.kr/W61001/01exam/20180905/go2/s_eco_hsj_ZelEXz3x_11.pdf
2018,2,9,school_mock,social,ethics-and-thought,question,manual_review,identity_unverifiable,confirmed,official_catalog_and_pdf,not_imported,,https://wdown.ebsi.co.kr/W61001/01exam/20180905/go2/s_yrnss_mun_jFBrp22g_10.pdf
2018,2,9,school_mock,social,ethics-and-thought,solution,manual_review,identity_unverifiable,confirmed,official_catalog_and_pdf,not_imported,,https://wdown.ebsi.co.kr/W61001/01exam/20180905/go2/s_yrnss_hsj_QBjNEq0U_11.pdf
2018,2,9,school_mock,social,korean-geography,question,manual_review,identity_unverifiable,confirmed,official_catalog_and_pdf,not_imported,,https://wdown.ebsi.co.kr/W61001/01exam/20180905/go2/s_hanji_mun_MlnhPOwH_10.pdf
2018,2,9,school_mock,social,korean-geography,solution,manual_review,identity_unverifiable,confirmed,official_catalog_and_pdf,not_imported,,https://wdown.ebsi.co.kr/W61001/01exam/20180905/go2/s_hanji_hsj_ZfvaGwoK_11.pdf
2018,2,9,school_mock,social,life-and-ethics,question,manual_review,identity_unverifiable,confirmed,official_catalog_and_pdf,not_imported,,https://wdown.ebsi.co.kr/W61001/01exam/20180905/go2/s_ssnyr_mun_7vWeUDJS_10.pdf
2018,2,9,school_mock,social,life-and-ethics,solution,manual_review,identity_unverifiable,confirmed,official_catalog_and_pdf,not_imported,,https://wdown.ebsi.co.kr/W61001/01exam/20180905/go2/s_ssnyr_hsj_ZZhu6hDL_11.pdf
2018,2,9,school_mock,social,politics-and-law,question,manual_review,identity_unverifiable,confirmed,official_catalog_and_pdf,not_imported,,https://wdown.ebsi.co.kr/W61001/01exam/20180905/go2/s_bnj_mun_WP3hfjTY_10.pdf
2018,2,9,school_mock,social,politics-and-law,solution,manual_review,identity_unverifiable,confirmed,official_catalog_and_pdf,not_imported,,https://wdown.ebsi.co.kr/W61001/01exam/20180905/go2/s_bnj_hsj_fdvaDArO_11.pdf
2018,2,9,school_mock,social,social-culture,question,manual_review,identity_unverifiable,confirmed,official_catalog_and_pdf,not_imported,,https://wdown.ebsi.co.kr/W61001/01exam/20180905/go2/s_samun_mun_DzILRApQ_10.pdf
2018,2,9,school_mock,social,social-culture,solution,manual_review,identity_unverifiable,confirmed,official_catalog_and_pdf,not_imported,,https://wdown.ebsi.co.kr/W61001/01exam/20180905/go2/s_samun_hsj_7vP46WvT_11.pdf
2018,2,9,school_mock,social,world-geography,question,manual_review,identity_unverifiable,confirmed,official_catalog_and_pdf,not_imported,,https://wdown.ebsi.co.kr/W61001/01exam/20180905/go2/s_saeji_mun_yI71cV9t_10.pdf
2018,2,9,school_mock,social,world-geography,solution,manual_review,identity_unverifiable,confirmed,official_catalog_and_pdf,not_imported,,https://wdown.ebsi.co.kr/W61001/01exam/20180905/go2/s_saeji_hsj_Gfyrqd9T_11.pdf
2018,2,9,school_mock,social,world-history,question,manual_review,identity_unverifiable,confirmed,official_catalog_and_pdf,not_imported,,https://wdown.ebsi.co.kr/W61001/01exam/20180905/go2/s_sks_mun_4R1YuH4L_10.pdf
2018,2,9,school_mock,social,world-history,solution,manual_review,identity_unverifiable,confirmed,official_catalog_and_pdf,not_imported,,https://wdown.ebsi.co.kr/W61001/01exam/20180905/go2/s_sks_hsj_O1YNLbcW_11.pdf
2018,2,9,school_mock,science,chemistry-1,question,manual_review,identity_unverifiable,confirmed,official_catalog_and_pdf,not_imported,,https://wdown.ebsi.co.kr/W61001/01exam/20180905/go2/g_che1_mun_7cQ2ewzD_2.pdf
2018,2,9,school_mock,science,chemistry-1,solution,manual_review,identity_unverifiable,confirmed,official_catalog_and_pdf,not_imported,,https://wdown.ebsi.co.kr/W61001/01exam/20180905/go2/g_che1_hsj_qGxi5wHz_11.pdf
2018,2,9,school_mock,science,earth-science-1,question,manual_review,identity_unverifiable,confirmed,official_catalog_and_pdf,not_imported,,https://wdown.ebsi.co.kr/W61001/01exam/20180905/go2/g_ear1_mun_QJ1jtYgm_2.pdf
2018,2,9,school_mock,science,earth-science-1,solution,manual_review,identity_unverifiable,confirmed,official_catalog_and_pdf,not_imported,,https://wdown.ebsi.co.kr/W61001/01exam/20180905/go2/g_ear1_hsj_1JMW8zoA_11.pdf
2018,2,9,school_mock,science,life-science-1,question,manual_review,identity_unverifiable,confirmed,official_catalog_and_pdf,not_imported,,https://wdown.ebsi.co.kr/W61001/01exam/20180905/go2/g_bio1_mun_WHYpaRWA_2.pdf
2018,2,9,school_mock,science,life-science-1,solution,manual_review,identity_unverifiable,confirmed,official_catalog_and_pdf,not_imported,,https://wdown.ebsi.co.kr/W61001/01exam/20180905/go2/g_bio1_hsj_2SCiIHXo_11.pdf
2018,2,9,school_mock,science,physics-1,question,manual_review,identity_unverifiable,confirmed,official_catalog_and_pdf,not_imported,,https://wdown.ebsi.co.kr/W61001/01exam/20180905/go2/g_phy1_mun_t98LDXFN_2.pdf
2018,2,9,school_mock,science,physics-1,solution,manual_review,identity_unverifiable,confirmed,official_catalog_and_pdf,not_imported,,https://wdown.ebsi.co.kr/W61001/01exam/20180905/go2/g_phy1_hsj_eMnn7jWU_11.pdf
2018,2,11,school_mock,korean,,question,manual_review,identity_unverifiable,confirmed,official_catalog_and_pdf,not_imported,,https://wdown.ebsi.co.kr/W61001/01exam/20181121/go2/kor_mun_bhfBWF84_10.pdf
2018,2,11,school_mock,korean,,solution,manual_review,identity_unverifiable,confirmed,official_catalog_and_pdf,not_imported,,https://wdown.ebsi.co.kr/W61001/01exam/20181121/go2/kor_hsj_KtG47kcO_12_1.pdf
2018,2,11,school_mock,math,math-a,question,manual_review,identity_unverifiable,confirmed,official_catalog_and_pdf,not_imported,,https://wdown.ebsi.co.kr/W61001/01exam/20181121/go2/matha_mun_8O7TRURq_10.pdf
2018,2,11,school_mock,math,math-a,solution,manual_review,identity_unverifiable,confirmed,official_catalog_and_pdf,not_imported,,https://wdown.ebsi.co.kr/W61001/01exam/20181121/go2/matha_hsj_YYrX0cIU_12.pdf
2018,2,11,school_mock,math,math-b,question,manual_review,identity_unverifiable,confirmed,official_catalog_and_pdf,not_imported,,https://wdown.ebsi.co.kr/W61001/01exam/20181121/go2/mathb_mun_P3Vkifff_10.pdf
2018,2,11,school_mock,math,math-b,solution,manual_review,identity_unverifiable,confirmed,official_catalog_and_pdf,not_imported,,https://wdown.ebsi.co.kr/W61001/01exam/20181121/go2/mathb_hsj_EkZNrSCl_12.pdf
2018,2,11,school_mock,english,,question,manual_review,identity_unverifiable,confirmed,official_catalog_and_pdf,not_imported,,https://wdown.ebsi.co.kr/W61001/01exam/20181121/go2/eng_mun_xnp3yd6e_10.pdf
2018,2,11,school_mock,english,,solution,manual_review,identity_unverifiable,confirmed,official_catalog_and_pdf,not_imported,,https://wdown.ebsi.co.kr/W61001/01exam/20181121/go2/eng_hsj_iCdLgT9j_12.pdf
2018,2,11,school_mock,history,,question,manual_review,identity_unverifiable,confirmed,official_catalog_and_pdf,not_imported,,https://wdown.ebsi.co.kr/W61001/01exam/20181121/go2/s_his_mun_1PumSeAk_10.pdf
2018,2,11,school_mock,history,,solution,manual_review,identity_unverifiable,confirmed,official_catalog_and_pdf,not_imported,,https://wdown.ebsi.co.kr/W61001/01exam/20181121/go2/s_his_hsj_RH3ALZ9f_12.pdf
2018,2,11,school_mock,social,east-asian-history,question,manual_review,identity_unverifiable,confirmed,official_catalog_and_pdf,not_imported,,https://wdown.ebsi.co.kr/W61001/01exam/20181121/go2/s_easta_mun_WjKZvVcz_10.pdf
2018,2,11,school_mock,social,east-asian-history,solution,manual_review,identity_unverifiable,confirmed,official_catalog_and_pdf,not_imported,,https://wdown.ebsi.co.kr/W61001/01exam/20181121/go2/s_easta_hsj_BEEs5VFF_12.pdf
2018,2,11,school_mock,social,economics,question,manual_review,identity_unverifiable,confirmed,official_catalog_and_pdf,not_imported,,https://wdown.ebsi.co.kr/W61001/01exam/20181121/go2/s_eco_mun_gRXrJroz_10.pdf
2018,2,11,school_mock,social,economics,solution,manual_review,identity_unverifiable,confirmed,official_catalog_and_pdf,not_imported,,https://wdown.ebsi.co.kr/W61001/01exam/20181121/go2/s_eco_hsj_CsVINDnK_12.pdf
2018,2,11,school_mock,social,ethics-and-thought,question,manual_review,identity_unverifiable,confirmed,official_catalog_and_pdf,not_imported,,https://wdown.ebsi.co.kr/W61001/01exam/20181121/go2/s_yrnss_mun_aAkVMFgn_10.pdf
2018,2,11,school_mock,social,ethics-and-thought,solution,manual_review,identity_unverifiable,confirmed,official_catalog_and_pdf,not_imported,,https://wdown.ebsi.co.kr/W61001/01exam/20181121/go2/s_yrnss_hsj_jXXBARdk_12.pdf
2018,2,11,school_mock,social,korean-geography,question,manual_review,identity_unverifiable,confirmed,official_catalog_and_pdf,not_imported,,https://wdown.ebsi.co.kr/W61001/01exam/20181121/go2/s_hanji_mun_fwuciGbN_10.pdf
2018,2,11,school_mock,social,korean-geography,solution,manual_review,identity_unverifiable,confirmed,official_catalog_and_pdf,not_imported,,https://wdown.ebsi.co.kr/W61001/01exam/20181121/go2/s_hanji_hsj_23Wvg58w_12.pdf
2018,2,11,school_mock,social,life-and-ethics,question,manual_review,identity_unverifiable,confirmed,official_catalog_and_pdf,not_imported,,https://wdown.ebsi.co.kr/W61001/01exam/20181121/go2/s_ssnyr_mun_hzgAfiwH_10.pdf
2018,2,11,school_mock,social,life-and-ethics,solution,manual_review,identity_unverifiable,confirmed,official_catalog_and_pdf,not_imported,,https://wdown.ebsi.co.kr/W61001/01exam/20181121/go2/s_ssnyr_hsj_ETT4bTz5_12.pdf
2018,2,11,school_mock,social,politics-and-law,question,manual_review,identity_unverifiable,confirmed,official_catalog_and_pdf,not_imported,,https://wdown.ebsi.co.kr/W61001/01exam/20181121/go2/s_bnj_mun_zqJX7rVG_10.pdf
2018,2,11,school_mock,social,politics-and-law,solution,manual_review,identity_unverifiable,confirmed,official_catalog_and_pdf,not_imported,,https://wdown.ebsi.co.kr/W61001/01exam/20181121/go2/s_bnj_hsj_SLsNhIIq_12.pdf
2018,2,11,school_mock,social,social-culture,question,manual_review,identity_unverifiable,confirmed,official_catalog_and_pdf,not_imported,,https://wdown.ebsi.co.kr/W61001/01exam/20181121/go2/s_samun_mun_gXhLy4Wn_10.pdf
2018,2,11,school_mock,social,social-culture,solution,manual_review,identity_unverifiable,confirmed,official_catalog_and_pdf,not_imported,,https://wdown.ebsi.co.kr/W61001/01exam/20181121/go2/s_samun_hsj_QAn77fcG_12.pdf
2018,2,11,school_mock,social,world-geography,question,manual_review,identity_unverifiable,confirmed,official_catalog_and_pdf,not_imported,,https://wdown.ebsi.co.kr/W61001/01exam/20181121/go2/s_saeji_mun_1Dxvq7t2_10.pdf
2018,2,11,school_mock,social,world-geography,solution,manual_review,identity_unverifiable,confirmed,official_catalog_and_pdf,not_imported,,https://wdown.ebsi.co.kr/W61001/01exam/20181121/go2/s_saeji_hsj_JIsNZfcc_12.pdf
2018,2,11,school_mock,social,world-history,question,manual_review,identity_unverifiable,confirmed,official_catalog_and_pdf,not_imported,,https://wdown.ebsi.co.kr/W61001/01exam/20181121/go2/s_sks_mun_y8PJI5Rx_10.pdf
2018,2,11,school_mock,social,world-history,solution,manual_review,identity_unverifiable,confirmed,official_catalog_and_pdf,not_imported,,https://wdown.ebsi.co.kr/W61001/01exam/20181121/go2/s_sks_hsj_GwIPvlKW_12.pdf
2018,2,11,school_mock,science,chemistry-1,question,manual_review,identity_unverifiable,confirmed,official_catalog_and_pdf,not_imported,,https://wdown.ebsi.co.kr/W61001/01exam/20181121/go2/g_che1_mun_IaeYt2Ko_10.pdf
2018,2,11,school_mock,science,chemistry-1,solution,manual_review,identity_unverifiable,confirmed,official_catalog_and_pdf,not_imported,,https://wdown.ebsi.co.kr/W61001/01exam/20181121/go2/g_che1_hsj_TstO66lR_12.pdf
2018,2,11,school_mock,science,earth-science-1,question,manual_review,identity_unverifiable,confirmed,official_catalog_and_pdf,not_imported,,https://wdown.ebsi.co.kr/W61001/01exam/20181121/go2/g_ear1_mun_WXzNbrDY_10.pdf
2018,2,11,school_mock,science,earth-science-1,solution,manual_review,identity_unverifiable,confirmed,official_catalog_and_pdf,not_imported,,https://wdown.ebsi.co.kr/W61001/01exam/20181121/go2/g_ear1_hsj_snU1UOJq_12.pdf
2018,2,11,school_mock,science,life-science-1,question,manual_review,identity_unverifiable,confirmed,official_catalog_and_pdf,not_imported,,https://wdown.ebsi.co.kr/W61001/01exam/20181121/go2/g_bio1_mun_CR5YJoqC_10.pdf
2018,2,11,school_mock,science,life-science-1,solution,manual_review,identity_unverifiable,confirmed,official_catalog_and_pdf,not_imported,,https://wdown.ebsi.co.kr/W61001/01exam/20181121/go2/g_bio1_hsj_O3vJ0ApI_12.pdf
2018,2,11,school_mock,science,physics-1,question,manual_review,identity_unverifiable,confirmed,official_catalog_and_pdf,not_imported,,https://wdown.ebsi.co.kr/W61001/01exam/20181121/go2/g_phy1_mun_uKeddZRk_10.pdf
2018,2,11,school_mock,science,physics-1,solution,manual_review,identity_unverifiable,confirmed,official_catalog_and_pdf,not_imported,,https://wdown.ebsi.co.kr/W61001/01exam/20181121/go2/g_phy1_hsj_xQoFf7SM_12.pdf
2018,2,11,school_mock,vocational,accounting-principles,question,manual_review,identity_unverifiable,confirmed,official_catalog_and_pdf,not_imported,,https://wdown.ebsi.co.kr/W61001/01exam/20181121/go2/J_one_mun_3J3JCj2f_12.pdf
2018,2,11,school_mock,vocational,accounting-principles,solution,manual_review,identity_unverifiable,confirmed,official_catalog_and_pdf,not_imported,,https://wdown.ebsi.co.kr/W61001/01exam/20181121/go2/J_one_hsj_BUA51HLv_12.pdf
2018,2,11,school_mock,vocational,agriculture-basics,question,manual_review,identity_unverifiable,confirmed,official_catalog_and_pdf,not_imported,,https://wdown.ebsi.co.kr/W61001/01exam/20181121/go2/J_nupgi_mun_wkONgOcl_12.pdf
2018,2,11,school_mock,vocational,agriculture-basics,solution,manual_review,identity_unverifiable,confirmed,official_catalog_and_pdf,not_imported,,https://wdown.ebsi.co.kr/W61001/01exam/20181121/go2/J_nupgi_hsj_jYWDuNeP_12.pdf
2018,2,11,school_mock,vocational,agriculture-understanding,question,manual_review,identity_unverifiable,confirmed,official_catalog_and_pdf,not_imported,,https://wdown.ebsi.co.kr/W61001/01exam/20181121/go2/J_nup_mun_XU0moav8_12.pdf
2018,2,11,school_mock,vocational,agriculture-understanding,solution,manual_review,identity_unverifiable,confirmed,official_catalog_and_pdf,not_imported,,https://wdown.ebsi.co.kr/W61001/01exam/20181121/go2/J_nup_hsj_ObGElKse_12.pdf
2018,2,11,school_mock,vocational,basic-drafting,question,manual_review,identity_unverifiable,confirmed,official_catalog_and_pdf,not_imported,,https://wdown.ebsi.co.kr/W61001/01exam/20181121/go2/J_kicho_mun_pt4gVvpQ_12.pdf
2018,2,11,school_mock,vocational,basic-drafting,solution,manual_review,identity_unverifiable,confirmed,official_catalog_and_pdf,not_imported,,https://wdown.ebsi.co.kr/W61001/01exam/20181121/go2/J_kicho_hsj_N1RmpS31_12.pdf
2018,2,11,school_mock,vocational,commercial-economics,question,manual_review,identity_unverifiable,confirmed,official_catalog_and_pdf,not_imported,,https://wdown.ebsi.co.kr/W61001/01exam/20181121/go2/J_sangup_mun_bTVn2AI3_12.pdf
2018,2,11,school_mock,vocational,commercial-economics,solution,manual_review,identity_unverifiable,confirmed,official_catalog_and_pdf,not_imported,,https://wdown.ebsi.co.kr/W61001/01exam/20181121/go2/J_sangup_hsj_F5Y0ZwBt_12.pdf
2018,2,11,school_mock,vocational,fisheries-and-shipping,question,manual_review,identity_unverifiable,confirmed,official_catalog_and_pdf,not_imported,,https://wdown.ebsi.co.kr/W61001/01exam/20181121/go2/J_susan_mun_luZw0Vcl_12.pdf
2018,2,11,school_mock,vocational,fisheries-and-shipping,solution,manual_review,identity_unverifiable,confirmed,official_catalog_and_pdf,not_imported,,https://wdown.ebsi.co.kr/W61001/01exam/20181121/go2/J_susan_hsj_Xez2NoKM_12.pdf
2018,2,11,school_mock,vocational,human-development,question,manual_review,identity_unverifiable,confirmed,official_catalog_and_pdf,not_imported,,https://wdown.ebsi.co.kr/W61001/01exam/20181121/go2/J_inkan_mun_HG0eg3er_12.pdf
2018,2,11,school_mock,vocational,human-development,solution,manual_review,identity_unverifiable,confirmed,official_catalog_and_pdf,not_imported,,https://wdown.ebsi.co.kr/W61001/01exam/20181121/go2/J_inkan_hsj_uQsLbtbS_12.pdf
2018,2,11,school_mock,vocational,industry-general,question,manual_review,identity_unverifiable,confirmed,official_catalog_and_pdf,not_imported,,https://wdown.ebsi.co.kr/W61001/01exam/20181121/go2/J_gup_mun_Jgzg8MTb_12.pdf
2018,2,11,school_mock,vocational,industry-general,solution,manual_review,identity_unverifiable,confirmed,official_catalog_and_pdf,not_imported,,https://wdown.ebsi.co.kr/W61001/01exam/20181121/go2/J_gup_hsj_QpYtMIO5_12.pdf
2018,2,11,school_mock,vocational,ocean-understanding,question,manual_review,identity_unverifiable,confirmed,official_catalog_and_pdf,not_imported,,https://wdown.ebsi.co.kr/W61001/01exam/20181121/go2/J_hae_mun_sqi8VjUw_12.pdf
2018,2,11,school_mock,vocational,ocean-understanding,solution,manual_review,identity_unverifiable,confirmed,official_catalog_and_pdf,not_imported,,https://wdown.ebsi.co.kr/W61001/01exam/20181121/go2/J_hae_hsj_ZcSlVviF_12.pdf
2018,2,11,school_mock,vocational,service-industry-understanding,question,manual_review,identity_unverifiable,confirmed,official_catalog_and_pdf,not_imported,,https://wdown.ebsi.co.kr/W61001/01exam/20181121/go2/J_ser_mun_8oLhWTjv_12.pdf
2018,2,11,school_mock,vocational,service-industry-understanding,solution,manual_review,identity_unverifiable,confirmed,official_catalog_and_pdf,not_imported,,https://wdown.ebsi.co.kr/W61001/01exam/20181121/go2/J_ser_hsj_uDocXpGR_12.pdf
2018,2,11,school_mock,second_language,chinese-1,question,manual_review,identity_unverifiable,confirmed,official_catalog_and_pdf,not_imported,,https://wdown.ebsi.co.kr/W61001/01exam/20181121/go2/2nd_ch_mun_4QMJ80DI_10.pdf
2018,2,11,school_mock,second_language,chinese-1,solution,manual_review,identity_unverifiable,confirmed,official_catalog_and_pdf,not_imported,,https://wdown.ebsi.co.kr/W61001/01exam/20181121/go2/2nd_ch_hsj_0RrDEUjb_12.pdf
2018,2,11,school_mock,second_language,classical-chinese-1,question,manual_review,identity_unverifiable,confirmed,official_catalog_and_pdf,not_imported,,https://wdown.ebsi.co.kr/W61001/01exam/20181121/go2/2nd_han_mun_jonDUmeR_10.pdf
2018,2,11,school_mock,second_language,classical-chinese-1,solution,manual_review,identity_unverifiable,confirmed,official_catalog_and_pdf,not_imported,,https://wdown.ebsi.co.kr/W61001/01exam/20181121/go2/2nd_han_hsj_XHQIVop0_12.pdf
2018,2,11,school_mock,second_language,french-1,question,manual_review,identity_unverifiable,confirmed,official_catalog_and_pdf,not_imported,,https://wdown.ebsi.co.kr/W61001/01exam/20181121/go2/2nd_fr_mun_c9LNYbDw_10.pdf
2018,2,11,school_mock,second_language,french-1,solution,manual_review,identity_unverifiable,confirmed,official_catalog_and_pdf,not_imported,,https://wdown.ebsi.co.kr/W61001/01exam/20181121/go2/2nd_fr_hsj_MWbNsCBi_12.pdf
2018,2,11,school_mock,second_language,german-1,question,manual_review,identity_unverifiable,confirmed,official_catalog_and_pdf,not_imported,,https://wdown.ebsi.co.kr/W61001/01exam/20181121/go2/2nd_gr_mun_WvUbLkiC_10.pdf
2018,2,11,school_mock,second_language,german-1,solution,manual_review,identity_unverifiable,confirmed,official_catalog_and_pdf,not_imported,,https://wdown.ebsi.co.kr/W61001/01exam/20181121/go2/2nd_gr_hsj_hiwV6ASU_12.pdf
2018,2,11,school_mock,second_language,japanese-1,question,manual_review,identity_unverifiable,confirmed,official_catalog_and_pdf,not_imported,,https://wdown.ebsi.co.kr/W61001/01exam/20181121/go2/2nd_ja_mun_9oBsAXDa_10.pdf
2018,2,11,school_mock,second_language,japanese-1,solution,manual_review,identity_unverifiable,confirmed,official_catalog_and_pdf,not_imported,,https://wdown.ebsi.co.kr/W61001/01exam/20181121/go2/2nd_ja_hsj_np0yA0Fo_12.pdf
2018,2,11,school_mock,second_language,russian-1,question,manual_review,identity_unverifiable,confirmed,official_catalog_and_pdf,not_imported,,https://wdown.ebsi.co.kr/W61001/01exam/20181121/go2/2nd_ru_mun_fvuaQ20q_10.pdf
2018,2,11,school_mock,second_language,russian-1,solution,manual_review,identity_unverifiable,confirmed,official_catalog_and_pdf,not_imported,,https://wdown.ebsi.co.kr/W61001/01exam/20181121/go2/2nd_ru_hsj_XW2bbUk5_12.pdf
2018,2,11,school_mock,second_language,spanish-1,question,missing,official_catalog_url_returns_404,confirmed,official_catalog_and_pdf,not_imported,,https://wdown.ebsi.co.kr/W61001/01exam/20181121/go2/2nd_sp_mun_O91fR8Lh_10.pdf
2018,2,11,school_mock,second_language,spanish-1,solution,manual_review,identity_unverifiable,confirmed,official_catalog_and_pdf,not_imported,,https://wdown.ebsi.co.kr/W61001/01exam/20181121/go2/2nd_sp_hsj_UGBOSfmC_12.pdf
2018,3,3,school_mock,korean,,question,manual_review,identity_unverifiable,confirmed,official_catalog_and_pdf,not_imported,,https://wdown.ebsi.co.kr/W61001/01exam/20180308/go3/kor_mun_ZwwPcMFl_01_10.pdf
2018,3,3,school_mock,korean,,solution,manual_review,identity_unverifiable,confirmed,official_catalog_and_pdf,not_imported,,https://wdown.ebsi.co.kr/W61001/01exam/20180308/go3/kor_hsj_F8HGmCvo_01_11_1.pdf
2018,3,3,school_mock,math,math-a,question,manual_review,identity_unverifiable,confirmed,official_catalog_and_pdf,not_imported,,https://wdown.ebsi.co.kr/W61001/01exam/20180308/go3/matha_mun_XM7e0C9g_10.pdf
2018,3,3,school_mock,math,math-a,solution,manual_review,identity_unverifiable,confirmed,official_catalog_and_pdf,not_imported,,https://wdown.ebsi.co.kr/W61001/01exam/20180308/go3/matha_hsj_uA8M6XQQ_01_11_1.pdf
2018,3,3,school_mock,math,math-b,question,manual_review,identity_unverifiable,confirmed,official_catalog_and_pdf,not_imported,,https://wdown.ebsi.co.kr/W61001/01exam/20180308/go3/mathb_mun_ez1enAqp_10.pdf
2018,3,3,school_mock,math,math-b,solution,manual_review,identity_unverifiable,confirmed,official_catalog_and_pdf,not_imported,,https://wdown.ebsi.co.kr/W61001/01exam/20180308/go3/mathb_hsj_fkNsjUHQ_01_11_1.pdf
2018,3,3,school_mock,english,,question,manual_review,identity_unverifiable,confirmed,official_catalog_and_pdf,not_imported,,https://wdown.ebsi.co.kr/W61001/01exam/20180308/go3/eng_mun_FRaqbC8w_10.pdf
2018,3,3,school_mock,english,,solution,manual_review,identity_unverifiable,confirmed,official_catalog_and_pdf,not_imported,,https://wdown.ebsi.co.kr/W61001/01exam/20180308/go3/eng_hsj_l4maEqxG_11_1.pdf
2018,3,3,school_mock,history,,question,manual_review,identity_unverifiable,confirmed,official_catalog_and_pdf,not_imported,,https://wdown.ebsi.co.kr/W61001/01exam/20180308/go3/s_his_mun_DBRArVc4_10.pdf
2018,3,3,school_mock,history,,solution,manual_review,identity_unverifiable,confirmed,official_catalog_and_pdf,not_imported,,https://wdown.ebsi.co.kr/W61001/01exam/20180308/go3/s_his_hsj_Iu1B6gVs_11.pdf
2018,3,3,school_mock,social,east-asian-history,question,manual_review,identity_unverifiable,confirmed,official_catalog_and_pdf,not_imported,,https://wdown.ebsi.co.kr/W61001/01exam/20180308/go3/s_easta_mun_xvZ9aZ1i_10.pdf
2018,3,3,school_mock,social,east-asian-history,solution,manual_review,identity_unverifiable,confirmed,official_catalog_and_pdf,not_imported,,https://wdown.ebsi.co.kr/W61001/01exam/20180308/go3/s_easta_hsj_6bdVJWrG_11.pdf
2018,3,3,school_mock,social,economics,question,manual_review,identity_unverifiable,confirmed,official_catalog_and_pdf,not_imported,,https://wdown.ebsi.co.kr/W61001/01exam/20180308/go3/s_eco_mun_vSAMfKQu_10.pdf
2018,3,3,school_mock,social,economics,solution,manual_review,identity_unverifiable,confirmed,official_catalog_and_pdf,not_imported,,https://wdown.ebsi.co.kr/W61001/01exam/20180308/go3/s_eco_hsj_1bCdUg07_11.pdf
2018,3,3,school_mock,social,ethics-and-thought,question,manual_review,identity_unverifiable,confirmed,official_catalog_and_pdf,not_imported,,https://wdown.ebsi.co.kr/W61001/01exam/20180308/go3/s_yrnss_mun_xtniFKUL_10.pdf
2018,3,3,school_mock,social,ethics-and-thought,solution,manual_review,identity_unverifiable,confirmed,official_catalog_and_pdf,not_imported,,https://wdown.ebsi.co.kr/W61001/01exam/20180308/go3/s_yrnss_hsj_PEhGD1Xy_11.pdf
2018,3,3,school_mock,social,korean-geography,question,manual_review,identity_unverifiable,confirmed,official_catalog_and_pdf,not_imported,,https://wdown.ebsi.co.kr/W61001/01exam/20180308/go3/s_hanji_mun_CTr9rf3y_10.pdf
2018,3,3,school_mock,social,korean-geography,solution,manual_review,identity_unverifiable,confirmed,official_catalog_and_pdf,not_imported,,https://wdown.ebsi.co.kr/W61001/01exam/20180308/go3/s_hanji_hsj_XvEbjkyq_11.pdf
2018,3,3,school_mock,social,life-and-ethics,question,manual_review,identity_unverifiable,confirmed,official_catalog_and_pdf,not_imported,,https://wdown.ebsi.co.kr/W61001/01exam/20180308/go3/s_ssnyr_mun_1tIzmQVu_10.pdf
2018,3,3,school_mock,social,life-and-ethics,solution,manual_review,identity_unverifiable,confirmed,official_catalog_and_pdf,not_imported,,https://wdown.ebsi.co.kr/W61001/01exam/20180308/go3/s_ssnyr_hsj_RWCy7rjc_11.pdf
2018,3,3,school_mock,social,politics-and-law,question,manual_review,identity_unverifiable,confirmed,official_catalog_and_pdf,not_imported,,https://wdown.ebsi.co.kr/W61001/01exam/20180308/go3/s_bnj_mun_AzdaQYrV_10.pdf
2018,3,3,school_mock,social,politics-and-law,solution,manual_review,identity_unverifiable,confirmed,official_catalog_and_pdf,not_imported,,https://wdown.ebsi.co.kr/W61001/01exam/20180308/go3/s_bnj_hsj_jYKtWfN3_11.pdf
2018,3,3,school_mock,social,social-culture,question,manual_review,identity_unverifiable,confirmed,official_catalog_and_pdf,not_imported,,https://wdown.ebsi.co.kr/W61001/01exam/20180308/go3/s_samun_mun_MJJQ873T_10.pdf
2018,3,3,school_mock,social,social-culture,solution,manual_review,identity_unverifiable,confirmed,official_catalog_and_pdf,not_imported,,https://wdown.ebsi.co.kr/W61001/01exam/20180308/go3/s_samun_hsj_lm70rM3T_11.pdf
2018,3,3,school_mock,social,world-geography,question,manual_review,identity_unverifiable,confirmed,official_catalog_and_pdf,not_imported,,https://wdown.ebsi.co.kr/W61001/01exam/20180308/go3/s_saeji_mun_U7a0xtAE_10.pdf
2018,3,3,school_mock,social,world-geography,solution,manual_review,identity_unverifiable,confirmed,official_catalog_and_pdf,not_imported,,https://wdown.ebsi.co.kr/W61001/01exam/20180308/go3/s_saeji_hsj_HLB8TrBH_11.pdf
2018,3,3,school_mock,social,world-history,question,manual_review,identity_unverifiable,confirmed,official_catalog_and_pdf,not_imported,,https://wdown.ebsi.co.kr/W61001/01exam/20180308/go3/s_sks_mun_W6Ex3Akw_10.pdf
2018,3,3,school_mock,social,world-history,solution,manual_review,identity_unverifiable,confirmed,official_catalog_and_pdf,not_imported,,https://wdown.ebsi.co.kr/W61001/01exam/20180308/go3/s_sks_hsj_tsQztQoP_11.pdf
2018,3,3,school_mock,science,chemistry-1,question,manual_review,identity_unverifiable,confirmed,official_catalog_and_pdf,not_imported,,https://wdown.ebsi.co.kr/W61001/01exam/20180308/go3/g_che1_mun_gx3lKy8V_01_10.pdf
2018,3,3,school_mock,science,chemistry-1,solution,manual_review,identity_unverifiable,confirmed,official_catalog_and_pdf,not_imported,,https://wdown.ebsi.co.kr/W61001/01exam/20180308/go3/g_che1_hsj_BDUfdfdh_11.pdf
2018,3,3,school_mock,science,earth-science-1,question,manual_review,identity_unverifiable,confirmed,official_catalog_and_pdf,not_imported,,https://wdown.ebsi.co.kr/W61001/01exam/20180308/go3/g_ear1_mun_jCRGryWt_10.pdf
2018,3,3,school_mock,science,earth-science-1,solution,manual_review,identity_unverifiable,confirmed,official_catalog_and_pdf,not_imported,,https://wdown.ebsi.co.kr/W61001/01exam/20180308/go3/g_ear1_hsj_JxArGvnC_11.pdf
2018,3,3,school_mock,science,life-science-1,question,manual_review,identity_unverifiable,confirmed,official_catalog_and_pdf,not_imported,,https://wdown.ebsi.co.kr/W61001/01exam/20180308/go3/g_bio1_mun_NzW3l1GM_10.pdf
2018,3,3,school_mock,science,life-science-1,solution,manual_review,identity_unverifiable,confirmed,official_catalog_and_pdf,not_imported,,https://wdown.ebsi.co.kr/W61001/01exam/20180308/go3/g_bio1_hsj_3h3vLgAu_11.pdf
2018,3,3,school_mock,science,physics-1,question,manual_review,identity_unverifiable,confirmed,official_catalog_and_pdf,not_imported,,https://wdown.ebsi.co.kr/W61001/01exam/20180308/go3/g_phy1_mun_bhyF2fPm_10.pdf
2018,3,3,school_mock,science,physics-1,solution,manual_review,identity_unverifiable,confirmed,official_catalog_and_pdf,not_imported,,https://wdown.ebsi.co.kr/W61001/01exam/20180308/go3/g_phy1_hsj_sSVhGOD6_11.pdf
2018,3,4,school_mock,korean,,question,manual_review,identity_unverifiable,confirmed,official_catalog_and_pdf,not_imported,,https://wdown.ebsi.co.kr/W61001/01exam/20180411/go3/kor_mun_eSJIEoPX_10.pdf
2018,3,4,school_mock,korean,,solution,manual_review,identity_unverifiable,confirmed,official_catalog_and_pdf,not_imported,,https://wdown.ebsi.co.kr/W61001/01exam/20180411/go3/kor_hsj_CFbN4TZy_10.pdf
2018,3,4,school_mock,math,math-a,question,manual_review,identity_unverifiable,confirmed,official_catalog_and_pdf,not_imported,,https://wdown.ebsi.co.kr/W61001/01exam/20180411/go3/matha_mun_abYTHrdu_10.pdf
2018,3,4,school_mock,math,math-a,solution,manual_review,identity_unverifiable,confirmed,official_catalog_and_pdf,not_imported,,https://wdown.ebsi.co.kr/W61001/01exam/20180411/go3/matha_hsj_sluCBcKf_10.pdf
2018,3,4,school_mock,math,math-b,question,manual_review,identity_unverifiable,confirmed,official_catalog_and_pdf,not_imported,,https://wdown.ebsi.co.kr/W61001/01exam/20180411/go3/mathb_mun_ExvWvqzA_10.pdf
2018,3,4,school_mock,math,math-b,solution,manual_review,identity_unverifiable,confirmed,official_catalog_and_pdf,not_imported,,https://wdown.ebsi.co.kr/W61001/01exam/20180411/go3/mathb_hsj_oa2JB1nd_10.pdf
2018,3,4,school_mock,english,,question,manual_review,identity_unverifiable,confirmed,official_catalog_and_pdf,not_imported,,https://wdown.ebsi.co.kr/W61001/01exam/20180411/go3/eng_mun_cx3Vp20N_10.pdf
2018,3,4,school_mock,english,,solution,manual_review,identity_unverifiable,confirmed,official_catalog_and_pdf,not_imported,,https://wdown.ebsi.co.kr/W61001/01exam/20180411/go3/eng_hsj_39x6HHGN_10.pdf
2018,3,4,school_mock,history,,question,manual_review,identity_unverifiable,confirmed,official_catalog_and_pdf,not_imported,,https://wdown.ebsi.co.kr/W61001/01exam/20180411/go3/s_his_mun_wGmAf0Mj_10.pdf
2018,3,4,school_mock,history,,solution,manual_review,identity_unverifiable,confirmed,official_catalog_and_pdf,not_imported,,https://wdown.ebsi.co.kr/W61001/01exam/20180411/go3/s_his_hsj_katwD43o_10.pdf
2018,3,4,school_mock,social,east-asian-history,question,manual_review,identity_unverifiable,confirmed,official_catalog_and_pdf,not_imported,,https://wdown.ebsi.co.kr/W61001/01exam/20180411/go3/s_easta_mun_rwiZ9rWj_10.pdf
2018,3,4,school_mock,social,east-asian-history,solution,manual_review,identity_unverifiable,confirmed,official_catalog_and_pdf,not_imported,,https://wdown.ebsi.co.kr/W61001/01exam/20180411/go3/s_easta_hsj_AKYVpMmO_10.pdf
2018,3,4,school_mock,social,economics,question,manual_review,identity_unverifiable,confirmed,official_catalog_and_pdf,not_imported,,https://wdown.ebsi.co.kr/W61001/01exam/20180411/go3/s_eco_mun_XM7e0C9g_10.pdf
2018,3,4,school_mock,social,economics,solution,manual_review,identity_unverifiable,confirmed,official_catalog_and_pdf,not_imported,,https://wdown.ebsi.co.kr/W61001/01exam/20180411/go3/s_eco_hsj_uA8M6XQQ_10.pdf
2018,3,4,school_mock,social,ethics-and-thought,question,manual_review,identity_unverifiable,confirmed,official_catalog_and_pdf,not_imported,,https://wdown.ebsi.co.kr/W61001/01exam/20180411/go3/s_yrnss_mun_H3b98Ktd_10.pdf
2018,3,4,school_mock,social,ethics-and-thought,solution,manual_review,identity_unverifiable,confirmed,official_catalog_and_pdf,not_imported,,https://wdown.ebsi.co.kr/W61001/01exam/20180411/go3/s_yrnss_hsj_hQYZkxOj_10.pdf
2018,3,4,school_mock,social,korean-geography,question,manual_review,identity_unverifiable,confirmed,official_catalog_and_pdf,not_imported,,https://wdown.ebsi.co.kr/W61001/01exam/20180411/go3/s_hanji_mun_mfCHJr1W_10.pdf
2018,3,4,school_mock,social,korean-geography,solution,manual_review,identity_unverifiable,confirmed,official_catalog_and_pdf,not_imported,,https://wdown.ebsi.co.kr/W61001/01exam/20180411/go3/s_hanji_hsj_tyi67EKR_10.pdf
2018,3,4,school_mock,social,life-and-ethics,question,manual_review,identity_unverifiable,confirmed,official_catalog_and_pdf,not_imported,,https://wdown.ebsi.co.kr/W61001/01exam/20180411/go3/s_ssnyr_mun_FLaqSOc7_10.pdf
2018,3,4,school_mock,social,life-and-ethics,solution,manual_review,identity_unverifiable,confirmed,official_catalog_and_pdf,not_imported,,https://wdown.ebsi.co.kr/W61001/01exam/20180411/go3/s_ssnyr_hsj_wo95EFk2_10.pdf
2018,3,4,school_mock,social,politics-and-law,question,manual_review,identity_unverifiable,confirmed,official_catalog_and_pdf,not_imported,,https://wdown.ebsi.co.kr/W61001/01exam/20180411/go3/s_bnj_mun_ZwwPcMFl_10.pdf
2018,3,4,school_mock,social,politics-and-law,solution,manual_review,identity_unverifiable,confirmed,official_catalog_and_pdf,not_imported,,https://wdown.ebsi.co.kr/W61001/01exam/20180411/go3/s_bnj_hsj_F8HGmCvo_10.pdf
2018,3,4,school_mock,social,social-culture,question,manual_review,identity_unverifiable,confirmed,official_catalog_and_pdf,not_imported,,https://wdown.ebsi.co.kr/W61001/01exam/20180411/go3/s_samun_mun_ez1enAqp_10.pdf
2018,3,4,school_mock,social,social-culture,solution,manual_review,identity_unverifiable,confirmed,official_catalog_and_pdf,not_imported,,https://wdown.ebsi.co.kr/W61001/01exam/20180411/go3/s_samun_hsj_fkNsjUHQ_10.pdf
2018,3,4,school_mock,social,world-geography,question,manual_review,identity_unverifiable,confirmed,official_catalog_and_pdf,not_imported,,https://wdown.ebsi.co.kr/W61001/01exam/20180411/go3/s_saeji_mun_uYDlrjbu_10.pdf
2018,3,4,school_mock,social,world-geography,solution,manual_review,identity_unverifiable,confirmed,official_catalog_and_pdf,not_imported,,https://wdown.ebsi.co.kr/W61001/01exam/20180411/go3/s_saeji_hsj_dzxxfYXF_02_10.pdf
2018,3,4,school_mock,social,world-history,question,manual_review,identity_unverifiable,confirmed,official_catalog_and_pdf,not_imported,,https://wdown.ebsi.co.kr/W61001/01exam/20180411/go3/s_sks_mun_lbcrYP0Q_10.pdf
2018,3,4,school_mock,social,world-history,solution,manual_review,identity_unverifiable,confirmed,official_catalog_and_pdf,not_imported,,https://wdown.ebsi.co.kr/W61001/01exam/20180411/go3/s_sks_hsj_zBxhJTAN_03_10.pdf
2018,3,4,school_mock,science,chemistry-1,question,manual_review,identity_unverifiable,confirmed,official_catalog_and_pdf,not_imported,,https://wdown.ebsi.co.kr/W61001/01exam/20180411/go3/g_che1_mun_DBRArVc4_10.pdf
2018,3,4,school_mock,science,chemistry-1,solution,manual_review,identity_unverifiable,confirmed,official_catalog_and_pdf,not_imported,,https://wdown.ebsi.co.kr/W61001/01exam/20180411/go3/g_che1_hsj_Iu1B6gVs_10.pdf
2018,3,4,school_mock,science,chemistry-2,question,manual_review,identity_unverifiable,confirmed,official_catalog_and_pdf,not_imported,,https://wdown.ebsi.co.kr/W61001/01exam/20180411/go3/g_che2_mun_U7a0xtAE_10.pdf
2018,3,4,school_mock,science,chemistry-2,solution,manual_review,identity_unverifiable,confirmed,official_catalog_and_pdf,not_imported,,https://wdown.ebsi.co.kr/W61001/01exam/20180411/go3/g_che2_hsj_HLB8TrBH_10.pdf
2018,3,4,school_mock,science,earth-science-1,question,manual_review,identity_unverifiable,confirmed,official_catalog_and_pdf,not_imported,,https://wdown.ebsi.co.kr/W61001/01exam/20180411/go3/g_ear1_mun_xtniFKUL_10.pdf
2018,3,4,school_mock,science,earth-science-1,solution,manual_review,identity_unverifiable,confirmed,official_catalog_and_pdf,not_imported,,https://wdown.ebsi.co.kr/W61001/01exam/20180411/go3/g_ear1_hsj_PEhGD1Xy_10.pdf
2018,3,4,school_mock,science,earth-science-2,question,manual_review,identity_unverifiable,confirmed,official_catalog_and_pdf,not_imported,,https://wdown.ebsi.co.kr/W61001/01exam/20180411/go3/g_ear2_mun_W6Ex3Akw_10.pdf
2018,3,4,school_mock,science,earth-science-2,solution,manual_review,identity_unverifiable,confirmed,official_catalog_and_pdf,not_imported,,https://wdown.ebsi.co.kr/W61001/01exam/20180411/go3/g_ear2_hsj_tsQztQoP_10.pdf
2018,3,4,school_mock,science,life-science-1,question,manual_review,identity_unverifiable,confirmed,official_catalog_and_pdf,not_imported,,https://wdown.ebsi.co.kr/W61001/01exam/20180411/go3/g_bio1_mun_1tIzmQVu_10.pdf
2018,3,4,school_mock,science,life-science-1,solution,manual_review,identity_unverifiable,confirmed,official_catalog_and_pdf,not_imported,,https://wdown.ebsi.co.kr/W61001/01exam/20180411/go3/g_bio1_hsj_RWCy7rjc_10.pdf
2018,3,4,school_mock,science,life-science-2,question,manual_review,identity_unverifiable,confirmed,official_catalog_and_pdf,not_imported,,https://wdown.ebsi.co.kr/W61001/01exam/20180411/go3/g_bio2_mun_xvZ9aZ1i_10.pdf
2018,3,4,school_mock,science,life-science-2,solution,manual_review,identity_unverifiable,confirmed,official_catalog_and_pdf,not_imported,,https://wdown.ebsi.co.kr/W61001/01exam/20180411/go3/g_bio2_hsj_6bdVJWrG_02_10.pdf
2018,3,4,school_mock,science,physics-1,question,manual_review,identity_unverifiable,confirmed,official_catalog_and_pdf,not_imported,,https://wdown.ebsi.co.kr/W61001/01exam/20180411/go3/g_phy1_mun_GmNN79xa_10.pdf
2018,3,4,school_mock,science,physics-1,solution,manual_review,identity_unverifiable,confirmed,official_catalog_and_pdf,not_imported,,https://wdown.ebsi.co.kr/W61001/01exam/20180411/go3/g_phy1_hsj_vjrRZ1Ub_10.pdf
2018,3,4,school_mock,science,physics-2,question,manual_review,identity_unverifiable,confirmed,official_catalog_and_pdf,not_imported,,https://wdown.ebsi.co.kr/W61001/01exam/20180411/go3/g_phy2_mun_CTr9rf3y_10.pdf
2018,3,4,school_mock,science,physics-2,solution,manual_review,identity_unverifiable,confirmed,official_catalog_and_pdf,not_imported,,https://wdown.ebsi.co.kr/W61001/01exam/20180411/go3/g_phy2_hsj_XvEbjkyq_10.pdf
2018,3,6,kice_mock,korean,,question,manual_review,identity_unverifiable,confirmed,official_catalog_and_pdf,not_imported,,https://wdown.ebsi.co.kr/W61001/01exam/20180607/go3/kor_mun_1lBLMasi_02_10.pdf
2018,3,6,kice_mock,korean,,solution,manual_review,identity_unverifiable,confirmed,official_catalog_and_pdf,not_imported,,https://wdown.ebsi.co.kr/W61001/01exam/20180607/go3/kor_hsj_ZAPG4vEj_11.pdf
2018,3,6,kice_mock,math,math-a,question,manual_review,identity_unverifiable,confirmed,official_catalog_and_pdf,not_imported,,https://wdown.ebsi.co.kr/W61001/01exam/20180607/go3/matha_mun_aGjrd5m2_02_10.pdf
2018,3,6,kice_mock,math,math-a,solution,manual_review,identity_unverifiable,confirmed,official_catalog_and_pdf,not_imported,,https://wdown.ebsi.co.kr/W61001/01exam/20180607/go3/matha_hsj_AXO0hm3K_11.pdf
2018,3,6,kice_mock,math,math-b,question,manual_review,identity_unverifiable,confirmed,official_catalog_and_pdf,not_imported,,https://wdown.ebsi.co.kr/W61001/01exam/20180607/go3/mathb_mun_Hmo2WBi5_02_10.pdf
2018,3,6,kice_mock,math,math-b,solution,manual_review,identity_unverifiable,confirmed,official_catalog_and_pdf,not_imported,,https://wdown.ebsi.co.kr/W61001/01exam/20180607/go3/mathb_hsj_p3R35ocS_11.pdf
2018,3,6,kice_mock,english,,question,manual_review,identity_unverifiable,confirmed,official_catalog_and_pdf,not_imported,,https://wdown.ebsi.co.kr/W61001/01exam/20180607/go3/eng_mun_yXz41jDE_02_10.pdf
2018,3,6,kice_mock,english,,solution,manual_review,identity_unverifiable,confirmed,official_catalog_and_pdf,not_imported,,https://wdown.ebsi.co.kr/W61001/01exam/20180607/go3/eng_hsj_4oTk9v7A_11.pdf
2018,3,6,kice_mock,history,,question,manual_review,identity_unverifiable,confirmed,official_catalog_and_pdf,not_imported,,https://wdown.ebsi.co.kr/W61001/01exam/20180607/go3/s_his_mun_7BolVREx_02_10.pdf
2018,3,6,kice_mock,history,,solution,manual_review,identity_unverifiable,confirmed,official_catalog_and_pdf,not_imported,,https://wdown.ebsi.co.kr/W61001/01exam/20180607/go3/s_his_hsj_Yw0fMqtQ_11.pdf
2018,3,6,kice_mock,social,east-asian-history,question,manual_review,identity_unverifiable,confirmed,official_catalog_and_pdf,not_imported,,https://wdown.ebsi.co.kr/W61001/01exam/20180607/go3/s_easta_mun_XsAyFWUT_01_10.pdf
2018,3,6,kice_mock,social,east-asian-history,solution,manual_review,identity_unverifiable,confirmed,official_catalog_and_pdf,not_imported,,https://wdown.ebsi.co.kr/W61001/01exam/20180607/go3/s_easta_hsj_WXM2WSkn_11.pdf
2018,3,6,kice_mock,social,economics,question,manual_review,identity_unverifiable,confirmed,official_catalog_and_pdf,not_imported,,https://wdown.ebsi.co.kr/W61001/01exam/20180607/go3/s_eco_mun_mzIbtk88_02_10.pdf
2018,3,6,kice_mock,social,economics,solution,manual_review,identity_unverifiable,confirmed,official_catalog_and_pdf,not_imported,,https://wdown.ebsi.co.kr/W61001/01exam/20180607/go3/s_eco_hsj_GVaVJVKq_11.pdf
2018,3,6,kice_mock,social,ethics-and-thought,question,manual_review,identity_unverifiable,confirmed,official_catalog_and_pdf,not_imported,,https://wdown.ebsi.co.kr/W61001/01exam/20180607/go3/s_yrnss_mun_4EnAv1Og_03_10.pdf
2018,3,6,kice_mock,social,ethics-and-thought,solution,manual_review,identity_unverifiable,confirmed,official_catalog_and_pdf,not_imported,,https://wdown.ebsi.co.kr/W61001/01exam/20180607/go3/s_yrnss_hsj_7xJ4Yo5o_11.pdf
2018,3,6,kice_mock,social,korean-geography,question,manual_review,identity_unverifiable,confirmed,official_catalog_and_pdf,not_imported,,https://wdown.ebsi.co.kr/W61001/01exam/20180607/go3/s_hanji_mun_fpz76uUL_02_10.pdf
2018,3,6,kice_mock,social,korean-geography,solution,manual_review,identity_unverifiable,confirmed,official_catalog_and_pdf,not_imported,,https://wdown.ebsi.co.kr/W61001/01exam/20180607/go3/s_hanji_hsj_Qgt0M0TW_11.pdf
2018,3,6,kice_mock,social,life-and-ethics,question,manual_review,identity_unverifiable,confirmed,official_catalog_and_pdf,not_imported,,https://wdown.ebsi.co.kr/W61001/01exam/20180607/go3/s_ssnyr_mun_QC1Stvpt_01_10.pdf
2018,3,6,kice_mock,social,life-and-ethics,solution,manual_review,identity_unverifiable,confirmed,official_catalog_and_pdf,not_imported,,https://wdown.ebsi.co.kr/W61001/01exam/20180607/go3/s_ssnyr_hsj_vt4I9pTl_11.pdf
2018,3,6,kice_mock,social,politics-and-law,question,manual_review,identity_unverifiable,confirmed,official_catalog_and_pdf,not_imported,,https://wdown.ebsi.co.kr/W61001/01exam/20180607/go3/s_bnj_mun_Yw13KVLA_02_10.pdf
2018,3,6,kice_mock,social,politics-and-law,solution,manual_review,identity_unverifiable,confirmed,official_catalog_and_pdf,not_imported,,https://wdown.ebsi.co.kr/W61001/01exam/20180607/go3/s_bnj_hsj_aKHQ6mmq_11.pdf
2018,3,6,kice_mock,social,social-culture,question,manual_review,identity_unverifiable,confirmed,official_catalog_and_pdf,not_imported,,https://wdown.ebsi.co.kr/W61001/01exam/20180607/go3/s_samun_mun_VHBZLJhV_02_10.pdf
2018,3,6,kice_mock,social,social-culture,solution,manual_review,identity_unverifiable,confirmed,official_catalog_and_pdf,not_imported,,https://wdown.ebsi.co.kr/W61001/01exam/20180607/go3/s_samun_hsj_18Iv7U94_11.pdf
2018,3,6,kice_mock,social,world-geography,question,manual_review,identity_unverifiable,confirmed,official_catalog_and_pdf,not_imported,,https://wdown.ebsi.co.kr/W61001/01exam/20180607/go3/s_saeji_mun_kYr8ncwe_01_10.pdf
2018,3,6,kice_mock,social,world-geography,solution,manual_review,identity_unverifiable,confirmed,official_catalog_and_pdf,not_imported,,https://wdown.ebsi.co.kr/W61001/01exam/20180607/go3/s_saeji_hsj_wZvAuMro02_11.pdf
2018,3,6,kice_mock,social,world-history,question,manual_review,identity_unverifiable,confirmed,official_catalog_and_pdf,not_imported,,https://wdown.ebsi.co.kr/W61001/01exam/20180607/go3/s_sks_mun_uTmnxoL3_02_10.pdf
2018,3,6,kice_mock,social,world-history,solution,manual_review,identity_unverifiable,confirmed,official_catalog_and_pdf,not_imported,,https://wdown.ebsi.co.kr/W61001/01exam/20180607/go3/s_sks_hsj_TlC6136G_11.pdf
2018,3,6,kice_mock,science,chemistry-1,question,manual_review,identity_unverifiable,confirmed,official_catalog_and_pdf,not_imported,,https://wdown.ebsi.co.kr/W61001/01exam/20180607/go3/g_che1_mun_xVE6Tkou_02_10.pdf
2018,3,6,kice_mock,science,chemistry-1,solution,manual_review,identity_unverifiable,confirmed,official_catalog_and_pdf,not_imported,,https://wdown.ebsi.co.kr/W61001/01exam/20180607/go3/g_che1_hsj_I5BrxJuL_11.pdf
2018,3,6,kice_mock,science,chemistry-2,question,manual_review,identity_unverifiable,confirmed,official_catalog_and_pdf,not_imported,,https://wdown.ebsi.co.kr/W61001/01exam/20180607/go3/g_che2_mun_XLrfvVZi_01_10.pdf
2018,3,6,kice_mock,science,chemistry-2,solution,manual_review,identity_unverifiable,confirmed,official_catalog_and_pdf,not_imported,,https://wdown.ebsi.co.kr/W61001/01exam/20180607/go3/g_che2_hsj_5xGZLcXT_11.pdf
2018,3,6,kice_mock,science,earth-science-1,question,manual_review,identity_unverifiable,confirmed,official_catalog_and_pdf,not_imported,,https://wdown.ebsi.co.kr/W61001/01exam/20180607/go3/g_ear1_mun_uowy5WRS_02_10.pdf
2018,3,6,kice_mock,science,earth-science-1,solution,manual_review,identity_unverifiable,confirmed,official_catalog_and_pdf,not_imported,,https://wdown.ebsi.co.kr/W61001/01exam/20180607/go3/g_ear1_hsj_OiPPKEgt_11.pdf
2018,3,6,kice_mock,science,earth-science-2,question,manual_review,identity_unverifiable,confirmed,official_catalog_and_pdf,not_imported,,https://wdown.ebsi.co.kr/W61001/01exam/20180607/go3/g_ear2_mun_Lb7FqGNV_02_10.pdf
2018,3,6,kice_mock,science,earth-science-2,solution,manual_review,identity_unverifiable,confirmed,official_catalog_and_pdf,not_imported,,https://wdown.ebsi.co.kr/W61001/01exam/20180607/go3/g_ear2_hsj_W2Uiyc43_11.pdf
2018,3,6,kice_mock,science,life-science-1,question,manual_review,identity_unverifiable,confirmed,official_catalog_and_pdf,not_imported,,https://wdown.ebsi.co.kr/W61001/01exam/20180607/go3/g_bio1_mun_pTkmHYIT_01_10.pdf
2018,3,6,kice_mock,science,life-science-1,solution,manual_review,identity_unverifiable,confirmed,official_catalog_and_pdf,not_imported,,https://wdown.ebsi.co.kr/W61001/01exam/20180607/go3/g_bio1_hsj_hRKkvRdN_11.pdf
2018,3,6,kice_mock,science,life-science-2,question,manual_review,identity_unverifiable,confirmed,official_catalog_and_pdf,not_imported,,https://wdown.ebsi.co.kr/W61001/01exam/20180607/go3/g_bio2_mun_fSk5dvdl_02_10.pdf
2018,3,6,kice_mock,science,life-science-2,solution,manual_review,identity_unverifiable,confirmed,official_catalog_and_pdf,not_imported,,https://wdown.ebsi.co.kr/W61001/01exam/20180607/go3/g_bio2_hsj_1eCsgTG9_11.pdf
2018,3,6,kice_mock,science,physics-1,question,manual_review,identity_unverifiable,confirmed,official_catalog_and_pdf,not_imported,,https://wdown.ebsi.co.kr/W61001/01exam/20180607/go3/g_phy1_mun_d0oMCeV9_02_10.pdf
2018,3,6,kice_mock,science,physics-1,solution,manual_review,identity_unverifiable,confirmed,official_catalog_and_pdf,not_imported,,https://wdown.ebsi.co.kr/W61001/01exam/20180607/go3/g_phy1_hsj_fzG8j9Yb_11.pdf
2018,3,6,kice_mock,science,physics-2,question,manual_review,identity_unverifiable,confirmed,official_catalog_and_pdf,not_imported,,https://wdown.ebsi.co.kr/W61001/01exam/20180607/go3/g_phy2_mun_f7C8k8gV_02_10.pdf
2018,3,6,kice_mock,science,physics-2,solution,manual_review,identity_unverifiable,confirmed,official_catalog_and_pdf,not_imported,,https://wdown.ebsi.co.kr/W61001/01exam/20180607/go3/g_phy2_hsj_KIYIpVMg_11.pdf
2018,3,6,kice_mock,vocational,accounting-principles,question,manual_review,identity_unverifiable,confirmed,official_catalog_and_pdf,not_imported,,https://wdown.ebsi.co.kr/W61001/01exam/20180607/go3/J_one_mun_XNoz7B2N_01_10.pdf
2018,3,6,kice_mock,vocational,accounting-principles,solution,manual_review,identity_unverifiable,confirmed,official_catalog_and_pdf,not_imported,,https://wdown.ebsi.co.kr/W61001/01exam/20180607/go3/J_one_hsj_lzKdBQAk_11.pdf
2018,3,6,kice_mock,vocational,agriculture-basics,question,manual_review,identity_unverifiable,confirmed,official_catalog_and_pdf,not_imported,,https://wdown.ebsi.co.kr/W61001/01exam/20180607/go3/J_nupgi_mun_DKPQMrv8_01_10.pdf
2018,3,6,kice_mock,vocational,agriculture-basics,solution,manual_review,identity_unverifiable,confirmed,official_catalog_and_pdf,not_imported,,https://wdown.ebsi.co.kr/W61001/01exam/20180607/go3/J_nupgi_hsj_L5dBKlrW_11.pdf
2018,3,6,kice_mock,vocational,agriculture-understanding,question,manual_review,identity_unverifiable,confirmed,official_catalog_and_pdf,not_imported,,https://wdown.ebsi.co.kr/W61001/01exam/20180607/go3/J_nup_mun_r75J1GjO_01_10.pdf
2018,3,6,kice_mock,vocational,agriculture-understanding,solution,manual_review,identity_unverifiable,confirmed,official_catalog_and_pdf,not_imported,,https://wdown.ebsi.co.kr/W61001/01exam/20180607/go3/J_nup_hsj_x33dsaKE_11.pdf
2018,3,6,kice_mock,vocational,basic-drafting,question,manual_review,identity_unverifiable,confirmed,official_catalog_and_pdf,not_imported,,https://wdown.ebsi.co.kr/W61001/01exam/20180607/go3/J_kicho_mun_ZGT9KP4v_01_10.pdf
2018,3,6,kice_mock,vocational,basic-drafting,solution,manual_review,identity_unverifiable,confirmed,official_catalog_and_pdf,not_imported,,https://wdown.ebsi.co.kr/W61001/01exam/20180607/go3/J_kicho_hsj_tAsnyBaT_11.pdf
2018,3,6,kice_mock,vocational,commercial-economics,question,manual_review,identity_unverifiable,confirmed,official_catalog_and_pdf,not_imported,,https://wdown.ebsi.co.kr/W61001/01exam/20180607/go3/J_sangup_mun_4ghriS32_01_10.pdf
2018,3,6,kice_mock,vocational,commercial-economics,solution,manual_review,identity_unverifiable,confirmed,official_catalog_and_pdf,not_imported,,https://wdown.ebsi.co.kr/W61001/01exam/20180607/go3/J_sangup_hsj_5H21qJGy_11.pdf
2018,3,6,kice_mock,vocational,fisheries-and-shipping,question,manual_review,identity_unverifiable,confirmed,official_catalog_and_pdf,not_imported,,https://wdown.ebsi.co.kr/W61001/01exam/20180607/go3/J_susan_mun_ZLvGVNvt_01_10.pdf
2018,3,6,kice_mock,vocational,fisheries-and-shipping,solution,manual_review,identity_unverifiable,confirmed,official_catalog_and_pdf,not_imported,,https://wdown.ebsi.co.kr/W61001/01exam/20180607/go3/J_susan_hsj_L4wQQg2a_11.pdf
2018,3,6,kice_mock,vocational,human-development,question,manual_review,identity_unverifiable,confirmed,official_catalog_and_pdf,not_imported,,https://wdown.ebsi.co.kr/W61001/01exam/20180607/go3/J_inkan_mun_aGut0w5f_01_10.pdf
2018,3,6,kice_mock,vocational,human-development,solution,manual_review,identity_unverifiable,confirmed,official_catalog_and_pdf,not_imported,,https://wdown.ebsi.co.kr/W61001/01exam/20180607/go3/J_inkan_hsj_qghzKDjn_11.pdf
2018,3,6,kice_mock,vocational,industry-general,question,manual_review,identity_unverifiable,confirmed,official_catalog_and_pdf,not_imported,,https://wdown.ebsi.co.kr/W61001/01exam/20180607/go3/J_gup_mun_J3fvr9FF_01_10.pdf
2018,3,6,kice_mock,vocational,industry-general,solution,manual_review,identity_unverifiable,confirmed,official_catalog_and_pdf,not_imported,,https://wdown.ebsi.co.kr/W61001/01exam/20180607/go3/J_gup_hsj_f70DQLGJ_11.pdf
2018,3,6,kice_mock,vocational,ocean-understanding,question,manual_review,identity_unverifiable,confirmed,official_catalog_and_pdf,not_imported,,https://wdown.ebsi.co.kr/W61001/01exam/20180607/go3/J_hae_mun_BrKA9jeI_01_10.pdf
2018,3,6,kice_mock,vocational,ocean-understanding,solution,manual_review,identity_unverifiable,confirmed,official_catalog_and_pdf,not_imported,,https://wdown.ebsi.co.kr/W61001/01exam/20180607/go3/J_hae_hsj_jF9Q0Z3F_11.pdf
2018,3,6,kice_mock,vocational,service-industry-understanding,question,manual_review,identity_unverifiable,confirmed,official_catalog_and_pdf,not_imported,,https://wdown.ebsi.co.kr/W61001/01exam/20180607/go3/J_ser_mun_j7LXaz5F_01_10.pdf
2018,3,6,kice_mock,vocational,service-industry-understanding,solution,manual_review,identity_unverifiable,confirmed,official_catalog_and_pdf,not_imported,,https://wdown.ebsi.co.kr/W61001/01exam/20180607/go3/J_ser_hsj_i071cgx6_01_11.pdf
2018,3,6,kice_mock,second_language,arabic-1,question,manual_review,identity_unverifiable,confirmed,official_catalog_and_pdf,not_imported,,https://wdown.ebsi.co.kr/W61001/01exam/20180607/go3/2nd_ar_mun_47R674Ow_01_10.pdf
2018,3,6,kice_mock,second_language,arabic-1,solution,manual_review,identity_unverifiable,confirmed,official_catalog_and_pdf,not_imported,,https://wdown.ebsi.co.kr/W61001/01exam/20180607/go3/2nd_ar_hsj_gZoKnD7z_11.pdf
2018,3,6,kice_mock,second_language,chinese-1,question,manual_review,identity_unverifiable,confirmed,official_catalog_and_pdf,not_imported,,https://wdown.ebsi.co.kr/W61001/01exam/20180607/go3/2nd_ch_mun_28FeH4cW_01_10.pdf
2018,3,6,kice_mock,second_language,chinese-1,solution,manual_review,identity_unverifiable,confirmed,official_catalog_and_pdf,not_imported,,https://wdown.ebsi.co.kr/W61001/01exam/20180607/go3/2nd_ch_hsj_EW4hSGEZ_11.pdf
2018,3,6,kice_mock,second_language,classical-chinese-1,question,manual_review,identity_unverifiable,confirmed,official_catalog_and_pdf,not_imported,,https://wdown.ebsi.co.kr/W61001/01exam/20180607/go3/2nd_han_mun_TwL7d2V5_03_10.pdf
2018,3,6,kice_mock,second_language,classical-chinese-1,solution,manual_review,identity_unverifiable,confirmed,official_catalog_and_pdf,not_imported,,https://wdown.ebsi.co.kr/W61001/01exam/20180607/go3/2nd_han_hsj_k4q9mb9c_11.pdf
2018,3,6,kice_mock,second_language,french-1,question,manual_review,identity_unverifiable,confirmed,official_catalog_and_pdf,not_imported,,https://wdown.ebsi.co.kr/W61001/01exam/20180607/go3/2nd_fr_mun_j9qc4V7W_01_10.pdf
2018,3,6,kice_mock,second_language,french-1,solution,manual_review,identity_unverifiable,confirmed,official_catalog_and_pdf,not_imported,,https://wdown.ebsi.co.kr/W61001/01exam/20180607/go3/2nd_fr_hsj_2NDKcYXF_11.pdf
2018,3,6,kice_mock,second_language,german-1,question,manual_review,identity_unverifiable,confirmed,official_catalog_and_pdf,not_imported,,https://wdown.ebsi.co.kr/W61001/01exam/20180607/go3/2nd_gr_mun_QL20Nd1n_01_10.pdf
2018,3,6,kice_mock,second_language,german-1,solution,manual_review,identity_unverifiable,confirmed,official_catalog_and_pdf,not_imported,,https://wdown.ebsi.co.kr/W61001/01exam/20180607/go3/2nd_gr_hsj_Hg7Xyn67_11.pdf
2018,3,6,kice_mock,second_language,japanese-1,question,manual_review,identity_unverifiable,confirmed,official_catalog_and_pdf,not_imported,,https://wdown.ebsi.co.kr/W61001/01exam/20180607/go3/2nd_ja_mun_mGxdD33l_01_10.pdf
2018,3,6,kice_mock,second_language,japanese-1,solution,manual_review,identity_unverifiable,confirmed,official_catalog_and_pdf,not_imported,,https://wdown.ebsi.co.kr/W61001/01exam/20180607/go3/2nd_ja_hsj_b4fbS3JH_11.pdf
2018,3,6,kice_mock,second_language,russian-1,question,manual_review,identity_unverifiable,confirmed,official_catalog_and_pdf,not_imported,,https://wdown.ebsi.co.kr/W61001/01exam/20180607/go3/2nd_ru_mun_9x0TbbBi_01_10.pdf
2018,3,6,kice_mock,second_language,russian-1,solution,manual_review,identity_unverifiable,confirmed,official_catalog_and_pdf,not_imported,,https://wdown.ebsi.co.kr/W61001/01exam/20180607/go3/2nd_ru_hsj_q2wXaJpp_11.pdf
2018,3,6,kice_mock,second_language,spanish-1,question,manual_review,identity_unverifiable,confirmed,official_catalog_and_pdf,not_imported,,https://wdown.ebsi.co.kr/W61001/01exam/20180607/go3/2nd_sp_mun_BvYF4sow_01_10.pdf
2018,3,6,kice_mock,second_language,spanish-1,solution,manual_review,identity_unverifiable,confirmed,official_catalog_and_pdf,not_imported,,https://wdown.ebsi.co.kr/W61001/01exam/20180607/go3/2nd_sp_hsj_ZFieAvEH_11.pdf
2018,3,6,kice_mock,second_language,vietnamese-1,question,manual_review,identity_unverifiable,confirmed,official_catalog_and_pdf,not_imported,,https://wdown.ebsi.co.kr/W61001/01exam/20180607/go3/2nd_vit_mun_oJDpz1Pj_01_10.pdf
2018,3,6,kice_mock,second_language,vietnamese-1,solution,manual_review,identity_unverifiable,confirmed,official_catalog_and_pdf,not_imported,,https://wdown.ebsi.co.kr/W61001/01exam/20180607/go3/2nd_vit_hsj_zc0cAovQ_11.pdf
2018,3,7,school_mock,korean,,question,manual_review,identity_unverifiable,confirmed,official_catalog_and_pdf,not_imported,,https://wdown.ebsi.co.kr/W61001/01exam/20180711/go3/kor_mun_j6iZkxUW_10.pdf
2018,3,7,school_mock,korean,,solution,manual_review,identity_unverifiable,confirmed,official_catalog_and_pdf,not_imported,,https://wdown.ebsi.co.kr/W61001/01exam/20180711/go3/kor_hsj_ZoIpkJxL_10.pdf
2018,3,7,school_mock,math,math-a,question,manual_review,identity_unverifiable,confirmed,official_catalog_and_pdf,not_imported,,https://wdown.ebsi.co.kr/W61001/01exam/20180711/go3/matha_mun_kxxUOka0_10.pdf
2018,3,7,school_mock,math,math-a,solution,manual_review,identity_unverifiable,confirmed,official_catalog_and_pdf,not_imported,,https://wdown.ebsi.co.kr/W61001/01exam/20180711/go3/matha_hsj_9NmXyYmb_01_10.pdf
2018,3,7,school_mock,math,math-b,question,manual_review,identity_unverifiable,confirmed,official_catalog_and_pdf,not_imported,,https://wdown.ebsi.co.kr/W61001/01exam/20180711/go3/mathb_mun_sskpHEbg_10.pdf
2018,3,7,school_mock,math,math-b,solution,manual_review,identity_unverifiable,confirmed,official_catalog_and_pdf,not_imported,,https://wdown.ebsi.co.kr/W61001/01exam/20180711/go3/mathb_hsj_kJqzBScK_10.pdf
2018,3,7,school_mock,english,,question,manual_review,identity_unverifiable,confirmed,official_catalog_and_pdf,not_imported,,https://wdown.ebsi.co.kr/W61001/01exam/20180711/go3/eng_mun_NhUOCv1O_10.pdf
2018,3,7,school_mock,english,,solution,manual_review,identity_unverifiable,confirmed,official_catalog_and_pdf,not_imported,,https://wdown.ebsi.co.kr/W61001/01exam/20180711/go3/eng_hsj_wGzADBJW_10.pdf
2018,3,7,school_mock,history,,question,manual_review,identity_unverifiable,confirmed,official_catalog_and_pdf,not_imported,,https://wdown.ebsi.co.kr/W61001/01exam/20180711/go3/s_his_mun_Z5flHgSg_10.pdf
2018,3,7,school_mock,history,,solution,manual_review,identity_unverifiable,confirmed,official_catalog_and_pdf,not_imported,,https://wdown.ebsi.co.kr/W61001/01exam/20180711/go3/s_his_hsj_N8J9kVfb_10.pdf
2018,3,7,school_mock,social,east-asian-history,question,manual_review,identity_unverifiable,confirmed,official_catalog_and_pdf,not_imported,,https://wdown.ebsi.co.kr/W61001/01exam/20180711/go3/s_easta_mun_DzpDERHZ_10.pdf
2018,3,7,school_mock,social,east-asian-history,solution,manual_review,identity_unverifiable,confirmed,official_catalog_and_pdf,not_imported,,https://wdown.ebsi.co.kr/W61001/01exam/20180711/go3/s_easta_hsj_WYbyu7r4_10.pdf
2018,3,7,school_mock,social,economics,question,manual_review,identity_unverifiable,confirmed,official_catalog_and_pdf,not_imported,,https://wdown.ebsi.co.kr/W61001/01exam/20180711/go3/s_eco_mun_avtVHXZ6_10.pdf
2018,3,7,school_mock,social,economics,solution,manual_review,identity_unverifiable,confirmed,official_catalog_and_pdf,not_imported,,https://wdown.ebsi.co.kr/W61001/01exam/20180711/go3/s_eco_hsj_nuHWkDCF_10.pdf
2018,3,7,school_mock,social,ethics-and-thought,question,manual_review,identity_unverifiable,confirmed,official_catalog_and_pdf,not_imported,,https://wdown.ebsi.co.kr/W61001/01exam/20180711/go3/s_yrnss_mun_vTqPKGCq_10.pdf
2018,3,7,school_mock,social,ethics-and-thought,solution,manual_review,identity_unverifiable,confirmed,official_catalog_and_pdf,not_imported,,https://wdown.ebsi.co.kr/W61001/01exam/20180711/go3/s_yrnss_hsj_yzEfjkf5_10.pdf
2018,3,7,school_mock,social,korean-geography,question,manual_review,identity_unverifiable,confirmed,official_catalog_and_pdf,not_imported,,https://wdown.ebsi.co.kr/W61001/01exam/20180711/go3/s_hanji_mun_0yAlzIXh_10.pdf
2018,3,7,school_mock,social,korean-geography,solution,manual_review,identity_unverifiable,confirmed,official_catalog_and_pdf,not_imported,,https://wdown.ebsi.co.kr/W61001/01exam/20180711/go3/s_hanji_hsj_GJPohZC4_10.pdf
2018,3,7,school_mock,social,life-and-ethics,question,manual_review,identity_unverifiable,confirmed,official_catalog_and_pdf,not_imported,,https://wdown.ebsi.co.kr/W61001/01exam/20180711/go3/s_ssnyr_mun_uhhhETAp_10.pdf
2018,3,7,school_mock,social,life-and-ethics,solution,manual_review,identity_unverifiable,confirmed,official_catalog_and_pdf,not_imported,,https://wdown.ebsi.co.kr/W61001/01exam/20180711/go3/s_ssnyr_hsj_mdUrmibf_10.pdf
2018,3,7,school_mock,social,politics-and-law,question,manual_review,identity_unverifiable,confirmed,official_catalog_and_pdf,not_imported,,https://wdown.ebsi.co.kr/W61001/01exam/20180711/go3/s_bnj_mun_scJJGtpX_10.pdf
2018,3,7,school_mock,social,politics-and-law,solution,manual_review,identity_unverifiable,confirmed,official_catalog_and_pdf,not_imported,,https://wdown.ebsi.co.kr/W61001/01exam/20180711/go3/s_bnj_hsj_v8CD40Uz_10.pdf
2018,3,7,school_mock,social,social-culture,question,manual_review,identity_unverifiable,confirmed,official_catalog_and_pdf,not_imported,,https://wdown.ebsi.co.kr/W61001/01exam/20180711/go3/s_samun_mun_McrKpWdo_10.pdf
2018,3,7,school_mock,social,social-culture,solution,manual_review,identity_unverifiable,confirmed,official_catalog_and_pdf,not_imported,,https://wdown.ebsi.co.kr/W61001/01exam/20180711/go3/s_samun_hsj_mJ8K5zQE_10.pdf
2018,3,7,school_mock,social,world-geography,question,manual_review,identity_unverifiable,confirmed,official_catalog_and_pdf,not_imported,,https://wdown.ebsi.co.kr/W61001/01exam/20180711/go3/s_saeji_mun_6seCovH1_10.pdf
2018,3,7,school_mock,social,world-geography,solution,manual_review,identity_unverifiable,confirmed,official_catalog_and_pdf,not_imported,,https://wdown.ebsi.co.kr/W61001/01exam/20180711/go3/s_saeji_hsj_xkt3Oq9y_10.pdf
2018,3,7,school_mock,social,world-history,question,manual_review,identity_unverifiable,confirmed,official_catalog_and_pdf,not_imported,,https://wdown.ebsi.co.kr/W61001/01exam/20180711/go3/s_sks_mun_LYhvH67D_10.pdf
2018,3,7,school_mock,social,world-history,solution,manual_review,identity_unverifiable,confirmed,official_catalog_and_pdf,not_imported,,https://wdown.ebsi.co.kr/W61001/01exam/20180711/go3/s_sks_hsj_L5dJXTVL_10.pdf
2018,3,7,school_mock,science,chemistry-1,question,manual_review,identity_unverifiable,confirmed,official_catalog_and_pdf,not_imported,,https://wdown.ebsi.co.kr/W61001/01exam/20180711/go3/g_che1_mun_vk7eOdU8_10.pdf
2018,3,7,school_mock,science,chemistry-1,solution,manual_review,identity_unverifiable,confirmed,official_catalog_and_pdf,not_imported,,https://wdown.ebsi.co.kr/W61001/01exam/20180711/go3/g_che1_hsj_uudgUWr8_10.pdf
2018,3,7,school_mock,science,chemistry-2,question,manual_review,identity_unverifiable,confirmed,official_catalog_and_pdf,not_imported,,https://wdown.ebsi.co.kr/W61001/01exam/20180711/go3/g_che2_mun_ah6gz9Or_10.pdf
2018,3,7,school_mock,science,chemistry-2,solution,manual_review,identity_unverifiable,confirmed,official_catalog_and_pdf,not_imported,,https://wdown.ebsi.co.kr/W61001/01exam/20180711/go3/g_che2_hsj_QuDhO29n_10.pdf
2018,3,7,school_mock,science,earth-science-1,question,manual_review,identity_unverifiable,confirmed,official_catalog_and_pdf,not_imported,,https://wdown.ebsi.co.kr/W61001/01exam/20180711/go3/g_ear1_mun_kI3WfkxE_10.pdf
2018,3,7,school_mock,science,earth-science-1,solution,manual_review,identity_unverifiable,confirmed,official_catalog_and_pdf,not_imported,,https://wdown.ebsi.co.kr/W61001/01exam/20180711/go3/g_ear1_hsj_RL3kxs4r_10.pdf
2018,3,7,school_mock,science,earth-science-2,question,manual_review,identity_unverifiable,confirmed,official_catalog_and_pdf,not_imported,,https://wdown.ebsi.co.kr/W61001/01exam/20180711/go3/g_ear2_mun_fzk76oJD_10.pdf
2018,3,7,school_mock,science,earth-science-2,solution,manual_review,identity_unverifiable,confirmed,official_catalog_and_pdf,not_imported,,https://wdown.ebsi.co.kr/W61001/01exam/20180711/go3/g_ear2_hsj_EIXq2gEI_10.pdf
2018,3,7,school_mock,science,life-science-1,question,manual_review,identity_unverifiable,confirmed,official_catalog_and_pdf,not_imported,,https://wdown.ebsi.co.kr/W61001/01exam/20180711/go3/g_bio1_mun_1nn9RQAO_10.pdf
2018,3,7,school_mock,science,life-science-1,solution,manual_review,identity_unverifiable,confirmed,official_catalog_and_pdf,not_imported,,https://wdown.ebsi.co.kr/W61001/01exam/20180711/go3/g_bio1_hsj_Cop3wyv9_10.pdf
2018,3,7,school_mock,science,life-science-2,question,manual_review,identity_unverifiable,confirmed,official_catalog_and_pdf,not_imported,,https://wdown.ebsi.co.kr/W61001/01exam/20180711/go3/g_bio2_mun_IvX6bxu8_10.pdf
2018,3,7,school_mock,science,life-science-2,solution,manual_review,identity_unverifiable,confirmed,official_catalog_and_pdf,not_imported,,https://wdown.ebsi.co.kr/W61001/01exam/20180711/go3/g_bio2_hsj_YHqLPke3_10.pdf
2018,3,7,school_mock,science,physics-1,question,manual_review,identity_unverifiable,confirmed,official_catalog_and_pdf,not_imported,,https://wdown.ebsi.co.kr/W61001/01exam/20180711/go3/g_phy1_mun_zKElzHkg_10.pdf
2018,3,7,school_mock,science,physics-1,solution,manual_review,identity_unverifiable,confirmed,official_catalog_and_pdf,not_imported,,https://wdown.ebsi.co.kr/W61001/01exam/20180711/go3/g_phy1_hsj_gHwEAPcD_10.pdf
2018,3,7,school_mock,science,physics-2,question,manual_review,identity_unverifiable,confirmed,official_catalog_and_pdf,not_imported,,https://wdown.ebsi.co.kr/W61001/01exam/20180711/go3/g_phy2_mun_xwVlmFjv_10.pdf
2018,3,7,school_mock,science,physics-2,solution,manual_review,identity_unverifiable,confirmed,official_catalog_and_pdf,not_imported,,https://wdown.ebsi.co.kr/W61001/01exam/20180711/go3/g_phy2_hsj_AwhFj3NA_10.pdf
2018,3,9,kice_mock,korean,,question,manual_review,identity_unverifiable,confirmed,official_catalog_and_pdf,not_imported,,https://wdown.ebsi.co.kr/W61001/01exam/20180905/go3/kor_mun_E8GpHSBQ_03_10.pdf
2018,3,9,kice_mock,korean,,solution,manual_review,identity_unverifiable,confirmed,official_catalog_and_pdf,not_imported,,https://wdown.ebsi.co.kr/W61001/01exam/20180905/go3/kor_hsj_AJNACcKl_11.pdf
2018,3,9,kice_mock,math,math-a,question,manual_review,identity_unverifiable,confirmed,official_catalog_and_pdf,not_imported,,https://wdown.ebsi.co.kr/W61001/01exam/20180905/go3/matha_mun_UNRgoALq_01_10.pdf
2018,3,9,kice_mock,math,math-a,solution,manual_review,identity_unverifiable,confirmed,official_catalog_and_pdf,not_imported,,https://wdown.ebsi.co.kr/W61001/01exam/20180905/go3/matha_hsj_s0s78vFc_11.pdf
2018,3,9,kice_mock,math,math-b,question,manual_review,identity_unverifiable,confirmed,official_catalog_and_pdf,not_imported,,https://wdown.ebsi.co.kr/W61001/01exam/20180905/go3/mathb_mun_N6TQ4WJb_01_10.pdf
2018,3,9,kice_mock,math,math-b,solution,manual_review,identity_unverifiable,confirmed,official_catalog_and_pdf,not_imported,,https://wdown.ebsi.co.kr/W61001/01exam/20180905/go3/mathb_hsj_3sjefAWf_11.pdf
2018,3,9,kice_mock,english,,question,manual_review,identity_unverifiable,confirmed,official_catalog_and_pdf,not_imported,,https://wdown.ebsi.co.kr/W61001/01exam/20180905/go3/eng_mun_CyPgEjw1_10.pdf
2018,3,9,kice_mock,english,,solution,manual_review,identity_unverifiable,confirmed,official_catalog_and_pdf,not_imported,,https://wdown.ebsi.co.kr/W61001/01exam/20180905/go3/eng_hsj_ZLFjwscT_11.pdf
2018,3,9,kice_mock,history,,question,manual_review,identity_unverifiable,confirmed,official_catalog_and_pdf,not_imported,,https://wdown.ebsi.co.kr/W61001/01exam/20180905/go3/s_his_mun_2GtBYxIw_01_10.pdf
2018,3,9,kice_mock,history,,solution,manual_review,identity_unverifiable,confirmed,official_catalog_and_pdf,not_imported,,https://wdown.ebsi.co.kr/W61001/01exam/20180905/go3/s_his_hsj_FbB7T8lJ_11.pdf
2018,3,9,kice_mock,social,east-asian-history,question,manual_review,identity_unverifiable,confirmed,official_catalog_and_pdf,not_imported,,https://wdown.ebsi.co.kr/W61001/01exam/20180905/go3/s_easta_mun_6jw14Nj6_10.pdf
2018,3,9,kice_mock,social,east-asian-history,solution,manual_review,identity_unverifiable,confirmed,official_catalog_and_pdf,not_imported,,https://wdown.ebsi.co.kr/W61001/01exam/20180905/go3/s_easta_hsj_KNJfkThJ_11_1.pdf
2018,3,9,kice_mock,social,economics,question,manual_review,identity_unverifiable,confirmed,official_catalog_and_pdf,not_imported,,https://wdown.ebsi.co.kr/W61001/01exam/20180905/go3/s_eco_mun_In6dKs3L_10.pdf
2018,3,9,kice_mock,social,economics,solution,manual_review,identity_unverifiable,confirmed,official_catalog_and_pdf,not_imported,,https://wdown.ebsi.co.kr/W61001/01exam/20180905/go3/s_eco_hsj_cIodGRlu_11.pdf
2018,3,9,kice_mock,social,ethics-and-thought,question,manual_review,identity_unverifiable,confirmed,official_catalog_and_pdf,not_imported,,https://wdown.ebsi.co.kr/W61001/01exam/20180905/go3/s_yrnss_mun_RmwUHoxx_02_10.pdf
2018,3,9,kice_mock,social,ethics-and-thought,solution,manual_review,identity_unverifiable,confirmed,official_catalog_and_pdf,not_imported,,https://wdown.ebsi.co.kr/W61001/01exam/20180905/go3/s_yrnss_hsj_f6YwMHm5_11.pdf
2018,3,9,kice_mock,social,korean-geography,question,manual_review,identity_unverifiable,confirmed,official_catalog_and_pdf,not_imported,,https://wdown.ebsi.co.kr/W61001/01exam/20180905/go3/s_hanji_mun_WeHv032j_10.pdf
2018,3,9,kice_mock,social,korean-geography,solution,manual_review,identity_unverifiable,confirmed,official_catalog_and_pdf,not_imported,,https://wdown.ebsi.co.kr/W61001/01exam/20180905/go3/s_hanji_hsj_UTK3PcEz_11.pdf
2018,3,9,kice_mock,social,life-and-ethics,question,manual_review,identity_unverifiable,confirmed,official_catalog_and_pdf,not_imported,,https://wdown.ebsi.co.kr/W61001/01exam/20180905/go3/s_ssnyr_mun_1hu3TS1N_10.pdf
2018,3,9,kice_mock,social,life-and-ethics,solution,manual_review,identity_unverifiable,confirmed,official_catalog_and_pdf,not_imported,,https://wdown.ebsi.co.kr/W61001/01exam/20180905/go3/s_ssnyr_hsj_cY6WmX7v_11.pdf
2018,3,9,kice_mock,social,politics-and-law,question,manual_review,identity_unverifiable,confirmed,official_catalog_and_pdf,not_imported,,https://wdown.ebsi.co.kr/W61001/01exam/20180905/go3/s_bnj_mun_XTnKPBYT_10.pdf
2018,3,9,kice_mock,social,politics-and-law,solution,manual_review,identity_unverifiable,confirmed,official_catalog_and_pdf,not_imported,,https://wdown.ebsi.co.kr/W61001/01exam/20180905/go3/s_bnj_hsj_1tOUZeVe_11.pdf
2018,3,9,kice_mock,social,social-culture,question,manual_review,identity_unverifiable,confirmed,official_catalog_and_pdf,not_imported,,https://wdown.ebsi.co.kr/W61001/01exam/20180905/go3/s_samun_mun_zIDPWEHh_10.pdf
2018,3,9,kice_mock,social,social-culture,solution,manual_review,identity_unverifiable,confirmed,official_catalog_and_pdf,not_imported,,https://wdown.ebsi.co.kr/W61001/01exam/20180905/go3/s_samun_hsj_GDyjVA79_11.pdf
2018,3,9,kice_mock,social,world-geography,question,manual_review,identity_unverifiable,confirmed,official_catalog_and_pdf,not_imported,,https://wdown.ebsi.co.kr/W61001/01exam/20180905/go3/s_saeji_mun_p6WL6bdq_10.pdf
2018,3,9,kice_mock,social,world-geography,solution,manual_review,identity_unverifiable,confirmed,official_catalog_and_pdf,not_imported,,https://wdown.ebsi.co.kr/W61001/01exam/20180905/go3/s_saeji_hsj_ddgD6S56_11.pdf
2018,3,9,kice_mock,social,world-history,question,manual_review,identity_unverifiable,confirmed,official_catalog_and_pdf,not_imported,,https://wdown.ebsi.co.kr/W61001/01exam/20180905/go3/s_sks_mun_hP5jnR5S_10.pdf
2018,3,9,kice_mock,social,world-history,solution,manual_review,identity_unverifiable,confirmed,official_catalog_and_pdf,not_imported,,https://wdown.ebsi.co.kr/W61001/01exam/20180905/go3/s_sks_hsj_JAlvh4VG_11.pdf
2018,3,9,kice_mock,science,chemistry-1,question,manual_review,identity_unverifiable,confirmed,official_catalog_and_pdf,not_imported,,https://wdown.ebsi.co.kr/W61001/01exam/20180905/go3/g_che1_mun_UdyGevLU_10.pdf
2018,3,9,kice_mock,science,chemistry-1,solution,manual_review,identity_unverifiable,confirmed,official_catalog_and_pdf,not_imported,,https://wdown.ebsi.co.kr/W61001/01exam/20180905/go3/g_che1_hsj_YaK8P3Pf_11.pdf
2018,3,9,kice_mock,science,chemistry-2,question,manual_review,identity_unverifiable,confirmed,official_catalog_and_pdf,not_imported,,https://wdown.ebsi.co.kr/W61001/01exam/20180905/go3/g_che2_mun_HtBa5JDZ_10.pdf
2018,3,9,kice_mock,science,chemistry-2,solution,manual_review,identity_unverifiable,confirmed,official_catalog_and_pdf,not_imported,,https://wdown.ebsi.co.kr/W61001/01exam/20180905/go3/g_che2_hsj_GIPnt7Yz_11.pdf
2018,3,9,kice_mock,science,earth-science-1,question,manual_review,identity_unverifiable,confirmed,official_catalog_and_pdf,not_imported,,https://wdown.ebsi.co.kr/W61001/01exam/20180905/go3/g_ear1_mun_c5q8ZNcO_10.pdf
2018,3,9,kice_mock,science,earth-science-1,solution,manual_review,identity_unverifiable,confirmed,official_catalog_and_pdf,not_imported,,https://wdown.ebsi.co.kr/W61001/01exam/20180905/go3/g_ear1_hsj_AUy53KfT_11.pdf
2018,3,9,kice_mock,science,earth-science-2,question,manual_review,identity_unverifiable,confirmed,official_catalog_and_pdf,not_imported,,https://wdown.ebsi.co.kr/W61001/01exam/20180905/go3/g_ear2_mun_89m0Z5Qa_10.pdf
2018,3,9,kice_mock,science,earth-science-2,solution,manual_review,identity_unverifiable,confirmed,official_catalog_and_pdf,not_imported,,https://wdown.ebsi.co.kr/W61001/01exam/20180905/go3/g_ear2_hsj_a4mdcUTk_11.pdf
2018,3,9,kice_mock,science,life-science-1,question,manual_review,identity_unverifiable,confirmed,official_catalog_and_pdf,not_imported,,https://wdown.ebsi.co.kr/W61001/01exam/20180905/go3/g_bio1_mun_b8Le5b2h_10.pdf
2018,3,9,kice_mock,science,life-science-1,solution,manual_review,identity_unverifiable,confirmed,official_catalog_and_pdf,not_imported,,https://wdown.ebsi.co.kr/W61001/01exam/20180905/go3/g_bio1_hsj_6uBq7AbJ_11.pdf
2018,3,9,kice_mock,science,life-science-2,question,manual_review,identity_unverifiable,confirmed,official_catalog_and_pdf,not_imported,,https://wdown.ebsi.co.kr/W61001/01exam/20180905/go3/g_bio2_mun_rAxPRlXg_10.pdf
2018,3,9,kice_mock,science,life-science-2,solution,manual_review,identity_unverifiable,confirmed,official_catalog_and_pdf,not_imported,,https://wdown.ebsi.co.kr/W61001/01exam/20180905/go3/g_bio2_hsj_u5Gad6bd_11.pdf
2018,3,9,kice_mock,science,physics-1,question,manual_review,identity_unverifiable,confirmed,official_catalog_and_pdf,not_imported,,https://wdown.ebsi.co.kr/W61001/01exam/20180905/go3/g_phy1_mun_OsVV0dMy_10.pdf
2018,3,9,kice_mock,science,physics-1,solution,manual_review,identity_unverifiable,confirmed,official_catalog_and_pdf,not_imported,,https://wdown.ebsi.co.kr/W61001/01exam/20180905/go3/g_phy1_hsj_pOUR7Zth_11.pdf
2018,3,9,kice_mock,science,physics-2,question,manual_review,identity_unverifiable,confirmed,official_catalog_and_pdf,not_imported,,https://wdown.ebsi.co.kr/W61001/01exam/20180905/go3/g_phy2_mun_pfpYearO_10.pdf
2018,3,9,kice_mock,science,physics-2,solution,manual_review,identity_unverifiable,confirmed,official_catalog_and_pdf,not_imported,,https://wdown.ebsi.co.kr/W61001/01exam/20180905/go3/g_phy2_hsj_SveSQDsl_11.pdf
2018,3,9,kice_mock,vocational,accounting-principles,question,manual_review,identity_unverifiable,confirmed,official_catalog_and_pdf,not_imported,,https://wdown.ebsi.co.kr/W61001/01exam/20180905/go3/J_one_mun_Jtm0sFAP_10.pdf
2018,3,9,kice_mock,vocational,accounting-principles,solution,manual_review,identity_unverifiable,confirmed,official_catalog_and_pdf,not_imported,,https://wdown.ebsi.co.kr/W61001/01exam/20180905/go3/J_one_hsj_yapEeZVv_11.pdf
2018,3,9,kice_mock,vocational,agriculture-basics,question,manual_review,identity_unverifiable,confirmed,official_catalog_and_pdf,not_imported,,https://wdown.ebsi.co.kr/W61001/01exam/20180905/go3/J_nupgi_mun_BHQTnRLe_10.pdf
2018,3,9,kice_mock,vocational,agriculture-basics,solution,manual_review,identity_unverifiable,confirmed,official_catalog_and_pdf,not_imported,,https://wdown.ebsi.co.kr/W61001/01exam/20180905/go3/J_nupgi_hsj_wpRnaFb4_11.pdf
2018,3,9,kice_mock,vocational,agriculture-understanding,question,manual_review,identity_unverifiable,confirmed,official_catalog_and_pdf,not_imported,,https://wdown.ebsi.co.kr/W61001/01exam/20180905/go3/J_nup_mun_1MRpANHS_10.pdf
2018,3,9,kice_mock,vocational,agriculture-understanding,solution,manual_review,identity_unverifiable,confirmed,official_catalog_and_pdf,not_imported,,https://wdown.ebsi.co.kr/W61001/01exam/20180905/go3/J_nup_hsj_FMRKjvsn_11.pdf
2018,3,9,kice_mock,vocational,basic-drafting,question,manual_review,identity_unverifiable,confirmed,official_catalog_and_pdf,not_imported,,https://wdown.ebsi.co.kr/W61001/01exam/20180905/go3/J_kicho_mun_8BrDrisg_10.pdf
2018,3,9,kice_mock,vocational,basic-drafting,solution,manual_review,identity_unverifiable,confirmed,official_catalog_and_pdf,not_imported,,https://wdown.ebsi.co.kr/W61001/01exam/20180905/go3/J_kicho_hsj_v4wHOOwA_11.pdf
2018,3,9,kice_mock,vocational,commercial-economics,question,manual_review,identity_unverifiable,confirmed,official_catalog_and_pdf,not_imported,,https://wdown.ebsi.co.kr/W61001/01exam/20180905/go3/J_sangup_mun_62aof5Me_10.pdf
2018,3,9,kice_mock,vocational,commercial-economics,solution,manual_review,identity_unverifiable,confirmed,official_catalog_and_pdf,not_imported,,https://wdown.ebsi.co.kr/W61001/01exam/20180905/go3/J_sangup_hsj_v1kJMUMQ_11.pdf
2018,3,9,kice_mock,vocational,fisheries-and-shipping,question,manual_review,identity_unverifiable,confirmed,official_catalog_and_pdf,not_imported,,https://wdown.ebsi.co.kr/W61001/01exam/20180905/go3/J_susan_mun_izjk9o1P_10.pdf
2018,3,9,kice_mock,vocational,fisheries-and-shipping,solution,manual_review,identity_unverifiable,confirmed,official_catalog_and_pdf,not_imported,,https://wdown.ebsi.co.kr/W61001/01exam/20180905/go3/J_susan_hsj_0q5GzO7e_11.pdf
2018,3,9,kice_mock,vocational,human-development,question,manual_review,identity_unverifiable,confirmed,official_catalog_and_pdf,not_imported,,https://wdown.ebsi.co.kr/W61001/01exam/20180905/go3/J_inkan_mun_pn5mofno_10.pdf
2018,3,9,kice_mock,vocational,human-development,solution,manual_review,identity_unverifiable,confirmed,official_catalog_and_pdf,not_imported,,https://wdown.ebsi.co.kr/W61001/01exam/20180905/go3/J_inkan_hsj_6Su94e5O_11.pdf
2018,3,9,kice_mock,vocational,industry-general,question,manual_review,identity_unverifiable,confirmed,official_catalog_and_pdf,not_imported,,https://wdown.ebsi.co.kr/W61001/01exam/20180905/go3/J_gup_mun_2Vw6KTGT_10.pdf
2018,3,9,kice_mock,vocational,industry-general,solution,manual_review,identity_unverifiable,confirmed,official_catalog_and_pdf,not_imported,,https://wdown.ebsi.co.kr/W61001/01exam/20180905/go3/J_gup_hsj_WyebkWdh_11.pdf
2018,3,9,kice_mock,vocational,ocean-understanding,question,manual_review,identity_unverifiable,confirmed,official_catalog_and_pdf,not_imported,,https://wdown.ebsi.co.kr/W61001/01exam/20180905/go3/J_hae_mun_jWR2UH7H_10.pdf
2018,3,9,kice_mock,vocational,ocean-understanding,solution,manual_review,identity_unverifiable,confirmed,official_catalog_and_pdf,not_imported,,https://wdown.ebsi.co.kr/W61001/01exam/20180905/go3/J_hae_hsj_BFL9ybiz_11.pdf
2018,3,9,kice_mock,vocational,service-industry-understanding,question,manual_review,identity_unverifiable,confirmed,official_catalog_and_pdf,not_imported,,https://wdown.ebsi.co.kr/W61001/01exam/20180905/go3/J_ser_mun_25rrcvgv_10.pdf
2018,3,9,kice_mock,vocational,service-industry-understanding,solution,manual_review,identity_unverifiable,confirmed,official_catalog_and_pdf,not_imported,,https://wdown.ebsi.co.kr/W61001/01exam/20180905/go3/J_ser_hsj_kSqNVAp0_11.pdf
2018,3,9,kice_mock,second_language,arabic-1,question,manual_review,identity_unverifiable,confirmed,official_catalog_and_pdf,not_imported,,https://wdown.ebsi.co.kr/W61001/01exam/20180905/go3/2nd_ar_mun_6ThLjmSF_10.pdf
2018,3,9,kice_mock,second_language,arabic-1,solution,manual_review,identity_unverifiable,confirmed,official_catalog_and_pdf,not_imported,,https://wdown.ebsi.co.kr/W61001/01exam/20180905/go3/2nd_ar_hsj_XLNmsmoR_11.pdf
2018,3,9,kice_mock,second_language,chinese-1,question,manual_review,identity_unverifiable,confirmed,official_catalog_and_pdf,not_imported,,https://wdown.ebsi.co.kr/W61001/01exam/20180905/go3/2nd_ch_mun_HbQbilav_10.pdf
2018,3,9,kice_mock,second_language,chinese-1,solution,manual_review,identity_unverifiable,confirmed,official_catalog_and_pdf,not_imported,,https://wdown.ebsi.co.kr/W61001/01exam/20180905/go3/2nd_ch_hsj_mMw0IP5z_11.pdf
2018,3,9,kice_mock,second_language,classical-chinese-1,question,manual_review,identity_unverifiable,confirmed,official_catalog_and_pdf,not_imported,,https://wdown.ebsi.co.kr/W61001/01exam/20180905/go3/2nd_han_mun_XKkTrEWt_10.pdf
2018,3,9,kice_mock,second_language,classical-chinese-1,solution,manual_review,identity_unverifiable,confirmed,official_catalog_and_pdf,not_imported,,https://wdown.ebsi.co.kr/W61001/01exam/20180905/go3/2nd_han_hsj_yLux7i0c_11.pdf
2018,3,9,kice_mock,second_language,french-1,question,manual_review,identity_unverifiable,confirmed,official_catalog_and_pdf,not_imported,,https://wdown.ebsi.co.kr/W61001/01exam/20180905/go3/2nd_fr_mun_7GYNxHiw_10.pdf
2018,3,9,kice_mock,second_language,french-1,solution,manual_review,identity_unverifiable,confirmed,official_catalog_and_pdf,not_imported,,https://wdown.ebsi.co.kr/W61001/01exam/20180905/go3/2nd_fr_hsj_3vmtBHP1_11.pdf
2018,3,9,kice_mock,second_language,german-1,question,manual_review,identity_unverifiable,confirmed,official_catalog_and_pdf,not_imported,,https://wdown.ebsi.co.kr/W61001/01exam/20180905/go3/2nd_gr_mun_MzGCMcRj_10.pdf
2018,3,9,kice_mock,second_language,german-1,solution,manual_review,identity_unverifiable,confirmed,official_catalog_and_pdf,not_imported,,https://wdown.ebsi.co.kr/W61001/01exam/20180905/go3/2nd_gr_hsj_g2C2pHFN_11.pdf
2018,3,9,kice_mock,second_language,japanese-1,question,manual_review,identity_unverifiable,confirmed,official_catalog_and_pdf,not_imported,,https://wdown.ebsi.co.kr/W61001/01exam/20180905/go3/2nd_ja_mun_GBprWC5Y_10.pdf
2018,3,9,kice_mock,second_language,japanese-1,solution,manual_review,identity_unverifiable,confirmed,official_catalog_and_pdf,not_imported,,https://wdown.ebsi.co.kr/W61001/01exam/20180905/go3/2nd_ja_hsj_JO9v6deQ_11.pdf
2018,3,9,kice_mock,second_language,russian-1,question,manual_review,identity_unverifiable,confirmed,official_catalog_and_pdf,not_imported,,https://wdown.ebsi.co.kr/W61001/01exam/20180905/go3/2nd_ru_mun_4vigsPpY_10.pdf
2018,3,9,kice_mock,second_language,russian-1,solution,manual_review,identity_unverifiable,confirmed,official_catalog_and_pdf,not_imported,,https://wdown.ebsi.co.kr/W61001/01exam/20180905/go3/2nd_ru_hsj_fKHq0dTO_11.pdf
2018,3,9,kice_mock,second_language,spanish-1,question,manual_review,identity_unverifiable,confirmed,official_catalog_and_pdf,not_imported,,https://wdown.ebsi.co.kr/W61001/01exam/20180905/go3/2nd_sp_mun_kYF5nieq_10.pdf
2018,3,9,kice_mock,second_language,spanish-1,solution,manual_review,identity_unverifiable,confirmed,official_catalog_and_pdf,not_imported,,https://wdown.ebsi.co.kr/W61001/01exam/20180905/go3/2nd_sp_hsj_QD2nHdIX_11.pdf
2018,3,9,kice_mock,second_language,vietnamese-1,question,manual_review,identity_unverifiable,confirmed,official_catalog_and_pdf,not_imported,,https://wdown.ebsi.co.kr/W61001/01exam/20180905/go3/2nd_vit_mun_wMNcJmY5_10.pdf
2018,3,9,kice_mock,second_language,vietnamese-1,solution,manual_review,identity_unverifiable,confirmed,official_catalog_and_pdf,not_imported,,https://wdown.ebsi.co.kr/W61001/01exam/20180905/go3/2nd_vit_hsj_8RhGumtn_11.pdf
2018,3,10,school_mock,korean,,question,manual_review,identity_unverifiable,confirmed,official_catalog_and_pdf,not_imported,,https://wdown.ebsi.co.kr/W61001/01exam/20181016/go3/kor_mun_MTbQpYtM_10.pdf
2018,3,10,school_mock,korean,,solution,manual_review,identity_unverifiable,confirmed,official_catalog_and_pdf,not_imported,,https://wdown.ebsi.co.kr/W61001/01exam/20181016/go3/kor_hsj_IO5pt4gV_10.pdf
2018,3,10,school_mock,math,math-a,question,manual_review,identity_unverifiable,confirmed,official_catalog_and_pdf,not_imported,,https://wdown.ebsi.co.kr/W61001/01exam/20181016/go3/matha_mun_vpQN1Rmp_10.pdf
2018,3,10,school_mock,math,math-a,solution,manual_review,identity_unverifiable,confirmed,official_catalog_and_pdf,not_imported,,https://wdown.ebsi.co.kr/W61001/01exam/20181016/go3/matha_hsj_S31bTVn2_10.pdf
2018,3,10,school_mock,math,math-b,question,manual_review,identity_unverifiable,confirmed,official_catalog_and_pdf,not_imported,,https://wdown.ebsi.co.kr/W61001/01exam/20181016/go3/mathb_mun_AI3F5Y0Z_10.pdf
2018,3,10,school_mock,math,math-b,solution,manual_review,identity_unverifiable,confirmed,official_catalog_and_pdf,not_imported,,https://wdown.ebsi.co.kr/W61001/01exam/20181016/go3/mathb_hsj_wBt3J3JC_10.pdf
2018,3,10,school_mock,english,,question,manual_review,identity_unverifiable,confirmed,official_catalog_and_pdf,not_imported,,https://wdown.ebsi.co.kr/W61001/01exam/20181016/go3/eng_mun_j2fBUA51_10.pdf
2018,3,10,school_mock,english,,solution,manual_review,identity_unverifiable,confirmed,official_catalog_and_pdf,not_imported,,https://wdown.ebsi.co.kr/W61001/01exam/20181016/go3/eng_hsj_HLvsqi8V_10.pdf
2018,3,10,school_mock,history,,question,manual_review,identity_unverifiable,confirmed,official_catalog_and_pdf,not_imported,,https://wdown.ebsi.co.kr/W61001/01exam/20181016/go3/s_his_mun_VclXez2N_10.pdf
2018,3,10,school_mock,history,,solution,manual_review,identity_unverifiable,confirmed,official_catalog_and_pdf,not_imported,,https://wdown.ebsi.co.kr/W61001/01exam/20181016/go3/s_his_hsj_oKMHG0eg_10.pdf
2018,3,10,school_mock,social,east-asian-history,question,manual_review,identity_unverifiable,confirmed,official_catalog_and_pdf,not_imported,,https://wdown.ebsi.co.kr/W61001/01exam/20181016/go3/s_easta_mun_20qXW2bb_10.pdf
2018,3,10,school_mock,social,east-asian-history,solution,manual_review,identity_unverifiable,confirmed,official_catalog_and_pdf,not_imported,,https://wdown.ebsi.co.kr/W61001/01exam/20181016/go3/s_easta_hsj_Uk5O91fR_10.pdf
2018,3,10,school_mock,social,economics,question,manual_review,identity_unverifiable,confirmed,official_catalog_and_pdf,not_imported,,https://wdown.ebsi.co.kr/W61001/01exam/20181016/go3/s_eco_mun_XDanp0yA_10.pdf
2018,3,10,school_mock,social,economics,solution,manual_review,identity_unverifiable,confirmed,official_catalog_and_pdf,not_imported,,https://wdown.ebsi.co.kr/W61001/01exam/20181016/go3/s_eco_hsj_0FojonDU_10.pdf
2018,3,10,school_mock,social,ethics-and-thought,question,manual_review,identity_unverifiable,confirmed,official_catalog_and_pdf,not_imported,,https://wdown.ebsi.co.kr/W61001/01exam/20181016/go3/s_yrnss_mun_TjvuDocX_10.pdf
2018,3,10,school_mock,social,ethics-and-thought,solution,manual_review,identity_unverifiable,confirmed,official_catalog_and_pdf,not_imported,,https://wdown.ebsi.co.kr/W61001/01exam/20181016/go3/s_yrnss_hsj_pGRWvUbL_10.pdf
2018,3,10,school_mock,social,korean-geography,question,manual_review,identity_unverifiable,confirmed,official_catalog_and_pdf,not_imported,,https://wdown.ebsi.co.kr/W61001/01exam/20181016/go3/s_hanji_mun_kiChiwV6_10.pdf
2018,3,10,school_mock,social,korean-geography,solution,manual_review,identity_unverifiable,confirmed,official_catalog_and_pdf,not_imported,,https://wdown.ebsi.co.kr/W61001/01exam/20181016/go3/s_hanji_hsj_ASUc9LNY_10.pdf
2018,3,10,school_mock,social,life-and-ethics,question,manual_review,identity_unverifiable,confirmed,official_catalog_and_pdf,not_imported,,https://wdown.ebsi.co.kr/W61001/01exam/20181016/go3/s_ssnyr_mun_3eruQsLb_10.pdf
2018,3,10,school_mock,social,life-and-ethics,solution,manual_review,identity_unverifiable,confirmed,official_catalog_and_pdf,not_imported,,https://wdown.ebsi.co.kr/W61001/01exam/20181016/go3/s_ssnyr_hsj_tbS8oLhW_10.pdf
2018,3,10,school_mock,social,politics-and-law,question,manual_review,identity_unverifiable,confirmed,official_catalog_and_pdf,not_imported,,https://wdown.ebsi.co.kr/W61001/01exam/20181016/go3/s_bnj_mun_0DI0RrDE_10.pdf
2018,3,10,school_mock,social,politics-and-law,solution,manual_review,identity_unverifiable,confirmed,official_catalog_and_pdf,not_imported,,https://wdown.ebsi.co.kr/W61001/01exam/20181016/go3/s_bnj_hsj_Ujb9oBsA_10.pdf
2018,3,10,school_mock,social,social-culture,question,manual_review,identity_unverifiable,confirmed,official_catalog_and_pdf,not_imported,,https://wdown.ebsi.co.kr/W61001/01exam/20181016/go3/s_samun_mun_meRXHQIV_10.pdf
2018,3,10,school_mock,social,social-culture,solution,manual_review,identity_unverifiable,confirmed,official_catalog_and_pdf,not_imported,,https://wdown.ebsi.co.kr/W61001/01exam/20181016/go3/s_samun_hsj_op0TyE9h_10.pdf
2018,3,10,school_mock,social,world-geography,question,manual_review,identity_unverifiable,confirmed,official_catalog_and_pdf,not_imported,,https://wdown.ebsi.co.kr/W61001/01exam/20181016/go3/s_saeji_mun_bDwMWbNs_10.pdf
2018,3,10,school_mock,social,world-geography,solution,manual_review,identity_unverifiable,confirmed,official_catalog_and_pdf,not_imported,,https://wdown.ebsi.co.kr/W61001/01exam/20181016/go3/s_saeji_hsj_CBifvuaQ_10.pdf
2018,3,10,school_mock,social,world-history,question,manual_review,identity_unverifiable,confirmed,official_catalog_and_pdf,not_imported,,https://wdown.ebsi.co.kr/W61001/01exam/20181016/go3/s_sks_mun_8LhUGBOS_10.pdf
2018,3,10,school_mock,social,world-history,solution,manual_review,identity_unverifiable,confirmed,official_catalog_and_pdf,not_imported,,https://wdown.ebsi.co.kr/W61001/01exam/20181016/go3/s_sks_hsj_fmC4QMJ8_10.pdf
2018,3,10,school_mock,science,chemistry-1,question,manual_review,identity_unverifiable,confirmed,official_catalog_and_pdf,not_imported,,https://wdown.ebsi.co.kr/W61001/01exam/20181016/go3/g_che1_mun_IONzADZB_10.pdf
2018,3,10,school_mock,science,chemistry-1,solution,manual_review,identity_unverifiable,confirmed,official_catalog_and_pdf,not_imported,,https://wdown.ebsi.co.kr/W61001/01exam/20181016/go3/g_che1_hsj_jgEG4Xnh_10.pdf
2018,3,10,school_mock,science,chemistry-2,question,manual_review,identity_unverifiable,confirmed,official_catalog_and_pdf,not_imported,,https://wdown.ebsi.co.kr/W61001/01exam/20181016/go3/g_che2_mun_9AhsFt4c_10.pdf
2018,3,10,school_mock,science,chemistry-2,solution,manual_review,identity_unverifiable,confirmed,official_catalog_and_pdf,not_imported,,https://wdown.ebsi.co.kr/W61001/01exam/20181016/go3/g_che2_hsj_wqqPxJSw_10.pdf
2018,3,10,school_mock,science,earth-science-1,question,manual_review,identity_unverifiable,confirmed,official_catalog_and_pdf,not_imported,,https://wdown.ebsi.co.kr/W61001/01exam/20181016/go3/g_ear1_mun_zCV4WR45_10.pdf
2018,3,10,school_mock,science,earth-science-1,solution,manual_review,identity_unverifiable,confirmed,official_catalog_and_pdf,not_imported,,https://wdown.ebsi.co.kr/W61001/01exam/20181016/go3/g_ear1_hsj_7yQU5y50_10.pdf
2018,3,10,school_mock,science,earth-science-2,question,manual_review,identity_unverifiable,confirmed,official_catalog_and_pdf,not_imported,,https://wdown.ebsi.co.kr/W61001/01exam/20181016/go3/g_ear2_mun_GiSu5C5J_10.pdf
2018,3,10,school_mock,science,earth-science-2,solution,manual_review,identity_unverifiable,confirmed,official_catalog_and_pdf,not_imported,,https://wdown.ebsi.co.kr/W61001/01exam/20181016/go3/g_ear2_hsj_AGZ9XZOF_10.pdf
2018,3,10,school_mock,science,life-science-1,question,manual_review,identity_unverifiable,confirmed,official_catalog_and_pdf,not_imported,,https://wdown.ebsi.co.kr/W61001/01exam/20181016/go3/g_bio1_mun_YUmE8mGb_10.pdf
2018,3,10,school_mock,science,life-science-1,solution,manual_review,identity_unverifiable,confirmed,official_catalog_and_pdf,not_imported,,https://wdown.ebsi.co.kr/W61001/01exam/20181016/go3/g_bio1_hsj_GxMYqcNk_10.pdf
2018,3,10,school_mock,science,life-science-2,question,manual_review,identity_unverifiable,confirmed,official_catalog_and_pdf,not_imported,,https://wdown.ebsi.co.kr/W61001/01exam/20181016/go3/g_bio2_mun_9dOXwHyq_10.pdf
2018,3,10,school_mock,science,life-science-2,solution,manual_review,identity_unverifiable,confirmed,official_catalog_and_pdf,not_imported,,https://wdown.ebsi.co.kr/W61001/01exam/20181016/go3/g_bio2_hsj_k4hPO1eV_10.pdf
2018,3,10,school_mock,science,physics-1,question,manual_review,identity_unverifiable,confirmed,official_catalog_and_pdf,not_imported,,https://wdown.ebsi.co.kr/W61001/01exam/20181016/go3/g_phy1_mun_bLMHOp6F_10.pdf
2018,3,10,school_mock,science,physics-1,solution,manual_review,identity_unverifiable,confirmed,official_catalog_and_pdf,not_imported,,https://wdown.ebsi.co.kr/W61001/01exam/20181016/go3/g_phy1_hsj_B3V9qpcQ_10.pdf
2018,3,10,school_mock,science,physics-2,question,manual_review,identity_unverifiable,confirmed,official_catalog_and_pdf,not_imported,,https://wdown.ebsi.co.kr/W61001/01exam/20181016/go3/g_phy2_mun_xgy9NYb1_10.pdf
2018,3,10,school_mock,science,physics-2,solution,manual_review,identity_unverifiable,confirmed,official_catalog_and_pdf,not_imported,,https://wdown.ebsi.co.kr/W61001/01exam/20181016/go3/g_phy2_hsj_7TWSEVU2_10.pdf
2018,3,10,school_mock,vocational,accounting-principles,question,manual_review,identity_unverifiable,confirmed,official_catalog_and_pdf,not_imported,,https://wdown.ebsi.co.kr/W61001/01exam/20181016/go3/J_one_mun_ASHMZNNA_10.pdf
2018,3,10,school_mock,vocational,accounting-principles,solution,manual_review,identity_unverifiable,confirmed,official_catalog_and_pdf,not_imported,,https://wdown.ebsi.co.kr/W61001/01exam/20181016/go3/J_one_hsj_85Ur8YMu_10.pdf
2018,3,10,school_mock,vocational,agriculture-basics,question,manual_review,identity_unverifiable,confirmed,official_catalog_and_pdf,not_imported,,https://wdown.ebsi.co.kr/W61001/01exam/20181016/go3/J_nupgi_mun_s8NxnhAo_10.pdf
2018,3,10,school_mock,vocational,agriculture-basics,solution,manual_review,identity_unverifiable,confirmed,official_catalog_and_pdf,not_imported,,https://wdown.ebsi.co.kr/W61001/01exam/20181016/go3/J_nupgi_hsj_88H22adb_10.pdf
2018,3,10,school_mock,vocational,agriculture-understanding,question,manual_review,identity_unverifiable,confirmed,official_catalog_and_pdf,not_imported,,https://wdown.ebsi.co.kr/W61001/01exam/20181016/go3/J_nup_mun_IC7p9zYg_10.pdf
2018,3,10,school_mock,vocational,agriculture-understanding,solution,manual_review,identity_unverifiable,confirmed,official_catalog_and_pdf,not_imported,,https://wdown.ebsi.co.kr/W61001/01exam/20181016/go3/J_nup_hsj_Pugu3WOX_10.pdf
2018,3,10,school_mock,vocational,basic-drafting,question,manual_review,identity_unverifiable,confirmed,official_catalog_and_pdf,not_imported,,https://wdown.ebsi.co.kr/W61001/01exam/20181016/go3/J_kicho_mun_31Z9cPvs_10.pdf
2018,3,10,school_mock,vocational,basic-drafting,solution,missing,official_catalog_url_returns_404,confirmed,official_catalog_and_pdf,not_imported,,https://wdown.ebsi.co.kr/W61001/01exam/20181016/go3/J_kicho_hsj_0Z60e28w._10pdf
2018,3,10,school_mock,vocational,commercial-economics,question,manual_review,identity_unverifiable,confirmed,official_catalog_and_pdf,not_imported,,https://wdown.ebsi.co.kr/W61001/01exam/20181016/go3/J_sangup_mun_BNEZJPaZ_10.pdf
2018,3,10,school_mock,vocational,commercial-economics,solution,manual_review,identity_unverifiable,confirmed,official_catalog_and_pdf,not_imported,,https://wdown.ebsi.co.kr/W61001/01exam/20181016/go3/J_sangup_hsj_KY1d66Hc_10.pdf
2018,3,10,school_mock,vocational,fisheries-and-shipping,question,manual_review,identity_unverifiable,confirmed,official_catalog_and_pdf,not_imported,,https://wdown.ebsi.co.kr/W61001/01exam/20181016/go3/J_susan_mun_KHT0cWL0_10.pdf
2018,3,10,school_mock,vocational,fisheries-and-shipping,solution,manual_review,identity_unverifiable,confirmed,official_catalog_and_pdf,not_imported,,https://wdown.ebsi.co.kr/W61001/01exam/20181016/go3/J_susan_hsj_Wu33GOe6_10.pdf
2018,3,10,school_mock,vocational,human-development,question,manual_review,identity_unverifiable,confirmed,official_catalog_and_pdf,not_imported,,https://wdown.ebsi.co.kr/W61001/01exam/20181016/go3/J_inkan_mun_hLT2ROON_10.pdf
2018,3,10,school_mock,vocational,human-development,solution,manual_review,identity_unverifiable,confirmed,official_catalog_and_pdf,not_imported,,https://wdown.ebsi.co.kr/W61001/01exam/20181016/go3/J_inkan_hsj_wIidWZe2_10.pdf
2018,3,10,school_mock,vocational,industry-general,question,manual_review,identity_unverifiable,confirmed,official_catalog_and_pdf,not_imported,,https://wdown.ebsi.co.kr/W61001/01exam/20181016/go3/J_gup_mun_Jh3lrGS1_11.pdf
2018,3,10,school_mock,vocational,industry-general,solution,manual_review,identity_unverifiable,confirmed,official_catalog_and_pdf,not_imported,,https://wdown.ebsi.co.kr/W61001/01exam/20181016/go3/J_gup_hsj_DknvCesa_10.pdf
2018,3,10,school_mock,vocational,ocean-understanding,question,manual_review,identity_unverifiable,confirmed,official_catalog_and_pdf,not_imported,,https://wdown.ebsi.co.kr/W61001/01exam/20181016/go3/J_hae_mun_z3URRvvN_10.pdf
2018,3,10,school_mock,vocational,ocean-understanding,solution,manual_review,identity_unverifiable,confirmed,official_catalog_and_pdf,not_imported,,https://wdown.ebsi.co.kr/W61001/01exam/20181016/go3/J_hae_hsj_n8VD8o8H.pdf
2018,3,10,school_mock,vocational,service-industry-understanding,question,manual_review,identity_unverifiable,confirmed,official_catalog_and_pdf,not_imported,,https://wdown.ebsi.co.kr/W61001/01exam/20181016/go3/J_ser_mun_BS7QTDVd_10.pdf
2018,3,10,school_mock,vocational,service-industry-understanding,solution,manual_review,identity_unverifiable,confirmed,official_catalog_and_pdf,not_imported,,https://wdown.ebsi.co.kr/W61001/01exam/20181016/go3/J_ser_hsj_94wyrvK0_10.pdf
2018,3,10,school_mock,second_language,chinese-1,question,manual_review,identity_unverifiable,confirmed,official_catalog_and_pdf,not_imported,,https://wdown.ebsi.co.kr/W61001/01exam/20181016/go3/2nd_ch_mun_EzcT1ePy_10.pdf
2018,3,10,school_mock,second_language,chinese-1,solution,manual_review,identity_unverifiable,confirmed,official_catalog_and_pdf,not_imported,,https://wdown.ebsi.co.kr/W61001/01exam/20181016/go3/2nd_ch_hsj_u91wCJWJ_10.pdf
2018,3,10,school_mock,second_language,classical-chinese-1,question,manual_review,identity_unverifiable,confirmed,official_catalog_and_pdf,not_imported,,https://wdown.ebsi.co.kr/W61001/01exam/20181016/go3/2nd_han_mun_TcPfTJ9w_10.pdf
2018,3,10,school_mock,second_language,classical-chinese-1,solution,manual_review,identity_unverifiable,confirmed,official_catalog_and_pdf,not_imported,,https://wdown.ebsi.co.kr/W61001/01exam/20181016/go3/2nd_han_hsj_9wPzJ075_10.pdf
2018,3,10,school_mock,second_language,french-1,question,manual_review,identity_unverifiable,confirmed,official_catalog_and_pdf,not_imported,,https://wdown.ebsi.co.kr/W61001/01exam/20181016/go3/2nd_fr_mun_Vq9GNSQn_10.pdf
2018,3,10,school_mock,second_language,french-1,solution,manual_review,identity_unverifiable,confirmed,official_catalog_and_pdf,not_imported,,https://wdown.ebsi.co.kr/W61001/01exam/20181016/go3/2nd_fr_hsj_6Mnv3Ap4_10.pdf
2018,3,10,school_mock,second_language,german-1,question,manual_review,identity_unverifiable,confirmed,official_catalog_and_pdf,not_imported,,https://wdown.ebsi.co.kr/W61001/01exam/20181016/go3/2nd_gr_mun_9Bsfki9P_10.pdf
2018,3,10,school_mock,second_language,german-1,solution,manual_review,identity_unverifiable,confirmed,official_catalog_and_pdf,not_imported,,https://wdown.ebsi.co.kr/W61001/01exam/20181016/go3/2nd_gr_hsj_T3lz5yrF_10.pdf
2018,3,10,school_mock,second_language,japanese-1,question,manual_review,identity_unverifiable,confirmed,official_catalog_and_pdf,not_imported,,https://wdown.ebsi.co.kr/W61001/01exam/20181016/go3/2nd_ja_mun_Zr1JXDvC_10.pdf
2018,3,10,school_mock,second_language,japanese-1,solution,manual_review,identity_unverifiable,confirmed,official_catalog_and_pdf,not_imported,,https://wdown.ebsi.co.kr/W61001/01exam/20181016/go3/2nd_ja_hsj_eqTPcaWC_10.pdf
2018,3,10,school_mock,second_language,russian-1,question,manual_review,identity_unverifiable,confirmed,official_catalog_and_pdf,not_imported,,https://wdown.ebsi.co.kr/W61001/01exam/20181016/go3/2nd_ru_mun_KTsERtuL_10.pdf
2018,3,10,school_mock,second_language,russian-1,solution,manual_review,identity_unverifiable,confirmed,official_catalog_and_pdf,not_imported,,https://wdown.ebsi.co.kr/W61001/01exam/20181016/go3/2nd_ru_hsj_cWZd0488_10.pdf
2018,3,10,school_mock,second_language,spanish-1,question,manual_review,identity_unverifiable,confirmed,official_catalog_and_pdf,not_imported,,https://wdown.ebsi.co.kr/W61001/01exam/20181016/go3/2nd_sp_mun_AqAYrGMa_10.pdf
2018,3,10,school_mock,second_language,spanish-1,solution,manual_review,identity_unverifiable,confirmed,official_catalog_and_pdf,not_imported,,https://wdown.ebsi.co.kr/W61001/01exam/20181016/go3/2nd_sp_hsj_AiDTyhau_10.pdf
2018,3,11,csat,korean,,question,manual_review,identity_unverifiable,confirmed,official_catalog_and_pdf,not_imported,,https://wdown.ebsi.co.kr/W61001/01exam/20181115/go3/kor1_mun_tQvAauNj_11.pdf
2018,3,11,csat,korean,,solution,manual_review,identity_unverifiable,confirmed,official_catalog_and_pdf,not_imported,,https://wdown.ebsi.co.kr/W61001/01exam/20181115/go3/kor1_hsj_T7eEmP9C_11.pdf
2018,3,11,csat,math,math-a,question,manual_review,identity_unverifiable,confirmed,official_catalog_and_pdf,not_imported,,https://wdown.ebsi.co.kr/W61001/01exam/20181115/go3/matha1_mun_VuMhvqgS_11.pdf
2018,3,11,csat,math,math-a,solution,manual_review,identity_unverifiable,confirmed,official_catalog_and_pdf,not_imported,,https://wdown.ebsi.co.kr/W61001/01exam/20181115/go3/matha1_hsj_SA1XvpFV_11.pdf
2018,3,11,csat,math,math-b,question,manual_review,identity_unverifiable,confirmed,official_catalog_and_pdf,not_imported,,https://wdown.ebsi.co.kr/W61001/01exam/20181115/go3/mathb1_mun_tMVhEUse_11.pdf
2018,3,11,csat,math,math-b,solution,manual_review,identity_unverifiable,confirmed,official_catalog_and_pdf,not_imported,,https://wdown.ebsi.co.kr/W61001/01exam/20181115/go3/mathb1_hsj_jCRGryWt_11.pdf
2018,3,11,csat,english,,question,manual_review,identity_unverifiable,confirmed,official_catalog_and_pdf,not_imported,,https://wdown.ebsi.co.kr/W61001/01exam/20181115/go3/eng1_mun_4xOjIL2j_11.pdf
2018,3,11,csat,english,,solution,manual_review,identity_unverifiable,confirmed,official_catalog_and_pdf,not_imported,,https://wdown.ebsi.co.kr/W61001/01exam/20181115/go3/eng1_hsj_pWkfb81I_11.pdf
2018,3,11,csat,history,,question,manual_review,identity_unverifiable,confirmed,official_catalog_and_pdf,not_imported,,https://wdown.ebsi.co.kr/W61001/01exam/20181115/go3/s_his_mun_js5FGJzi_11.pdf
2018,3,11,csat,history,,solution,manual_review,identity_unverifiable,confirmed,official_catalog_and_pdf,not_imported,,https://wdown.ebsi.co.kr/W61001/01exam/20181115/go3/s_his_hsj_WwSoRKbp_11.pdf
2018,3,11,csat,social,east-asian-history,question,manual_review,identity_unverifiable,confirmed,official_catalog_and_pdf,not_imported,,https://wdown.ebsi.co.kr/W61001/01exam/20181115/go3/s_easta_mun_kUqLpHka_11.pdf
2018,3,11,csat,social,east-asian-history,solution,manual_review,identity_unverifiable,confirmed,official_catalog_and_pdf,not_imported,,https://wdown.ebsi.co.kr/W61001/01exam/20181115/go3/s_easta_hsj_td4gmSkn_12.pdf
2018,3,11,csat,social,economics,question,manual_review,identity_unverifiable,confirmed,official_catalog_and_pdf,not_imported,,https://wdown.ebsi.co.kr/W61001/01exam/20181115/go3/s_eco_mun_PHDXE2sC_11.pdf
2018,3,11,csat,social,economics,solution,manual_review,identity_unverifiable,confirmed,official_catalog_and_pdf,not_imported,,https://wdown.ebsi.co.kr/W61001/01exam/20181115/go3/s_eco_hsj_RBHZXFZ0_11.pdf
2018,3,11,csat,social,ethics-and-thought,question,manual_review,identity_unverifiable,confirmed,official_catalog_and_pdf,not_imported,,https://wdown.ebsi.co.kr/W61001/01exam/20181115/go3/s_yrnss_mun_4MoSn03t_11.pdf
2018,3,11,csat,social,ethics-and-thought,solution,manual_review,identity_unverifiable,confirmed,official_catalog_and_pdf,not_imported,,https://wdown.ebsi.co.kr/W61001/01exam/20181115/go3/s_yrnss_hsj_3Z4d5htA_11.pdf
2018,3,11,csat,social,korean-geography,question,manual_review,identity_unverifiable,confirmed,official_catalog_and_pdf,not_imported,,https://wdown.ebsi.co.kr/W61001/01exam/20181115/go3/s_hanji_mun_yD7TfSr0_11.pdf
2018,3,11,csat,social,korean-geography,solution,manual_review,identity_unverifiable,confirmed,official_catalog_and_pdf,not_imported,,https://wdown.ebsi.co.kr/W61001/01exam/20181115/go3/s_hanji_hsj_fVwcdZ06_11.pdf
2018,3,11,csat,social,life-and-ethics,question,manual_review,identity_unverifiable,confirmed,official_catalog_and_pdf,not_imported,,https://wdown.ebsi.co.kr/W61001/01exam/20181115/go3/s_ssnyr_mun_U6q5ijb1_11.pdf
2018,3,11,csat,social,life-and-ethics,solution,manual_review,identity_unverifiable,confirmed,official_catalog_and_pdf,not_imported,,https://wdown.ebsi.co.kr/W61001/01exam/20181115/go3/s_ssnyr_hsj_u2ZN9KAy_11.pdf
2018,3,11,csat,social,politics-and-law,question,manual_review,identity_unverifiable,confirmed,official_catalog_and_pdf,not_imported,,https://wdown.ebsi.co.kr/W61001/01exam/20181115/go3/s_bnj_mun_RNZSPGNk_11.pdf
2018,3,11,csat,social,politics-and-law,solution,manual_review,identity_unverifiable,confirmed,official_catalog_and_pdf,not_imported,,https://wdown.ebsi.co.kr/W61001/01exam/20181115/go3/s_bnj_hsj_Y5TetpIu_11.pdf
2018,3,11,csat,social,social-culture,question,manual_review,identity_unverifiable,confirmed,official_catalog_and_pdf,not_imported,,https://wdown.ebsi.co.kr/W61001/01exam/20181115/go3/s_samun_mun_stgr3SU0_11.pdf
2018,3,11,csat,social,social-culture,solution,manual_review,identity_unverifiable,confirmed,official_catalog_and_pdf,not_imported,,https://wdown.ebsi.co.kr/W61001/01exam/20181115/go3/s_samun_hsj_hXCRQcqm_11.pdf
2018,3,11,csat,social,world-geography,question,manual_review,identity_unverifiable,confirmed,official_catalog_and_pdf,not_imported,,https://wdown.ebsi.co.kr/W61001/01exam/20181115/go3/s_saeji_mun_YO4OPXok_11.pdf
2018,3,11,csat,social,world-geography,solution,manual_review,identity_unverifiable,confirmed,official_catalog_and_pdf,not_imported,,https://wdown.ebsi.co.kr/W61001/01exam/20181115/go3/s_saeji_hsj_84FTA7OI_11.pdf
2018,3,11,csat,social,world-history,question,manual_review,identity_unverifiable,confirmed,official_catalog_and_pdf,not_imported,,https://wdown.ebsi.co.kr/W61001/01exam/20181115/go3/s_sks_mun_vh7wFI1Z_11.pdf
2018,3,11,csat,social,world-history,solution,manual_review,identity_unverifiable,confirmed,official_catalog_and_pdf,not_imported,,https://wdown.ebsi.co.kr/W61001/01exam/20181115/go3/s_sks_hsj_G5yoVTvK_11.pdf
2018,3,11,csat,science,chemistry-1,question,manual_review,identity_unverifiable,confirmed,official_catalog_and_pdf,not_imported,,https://wdown.ebsi.co.kr/W61001/01exam/20181115/go3/g_che1_mun_5y4FypKs_10.pdf
2018,3,11,csat,science,chemistry-1,solution,manual_review,identity_unverifiable,confirmed,official_catalog_and_pdf,not_imported,,https://wdown.ebsi.co.kr/W61001/01exam/20181115/go3/g_che1_hsj_EgJXOxJa_11.pdf
2018,3,11,csat,science,chemistry-2,question,manual_review,identity_unverifiable,confirmed,official_catalog_and_pdf,not_imported,,https://wdown.ebsi.co.kr/W61001/01exam/20181115/go3/g_che2_mun_Aj81EYtN_10.pdf
2018,3,11,csat,science,chemistry-2,solution,manual_review,identity_unverifiable,confirmed,official_catalog_and_pdf,not_imported,,https://wdown.ebsi.co.kr/W61001/01exam/20181115/go3/g_che2_hsj_3Isam5R4_11.pdf
2018,3,11,csat,science,earth-science-1,question,manual_review,identity_unverifiable,confirmed,official_catalog_and_pdf,not_imported,,https://wdown.ebsi.co.kr/W61001/01exam/20181115/go3/g_ear1_mun_u23LiC1h_10.pdf
2018,3,11,csat,science,earth-science-1,solution,manual_review,identity_unverifiable,confirmed,official_catalog_and_pdf,not_imported,,https://wdown.ebsi.co.kr/W61001/01exam/20181115/go3/g_ear1_hsj_1jYhAOyl_11.pdf
2018,3,11,csat,science,earth-science-2,question,manual_review,identity_unverifiable,confirmed,official_catalog_and_pdf,not_imported,,https://wdown.ebsi.co.kr/W61001/01exam/20181115/go3/g_ear2_mun_Y99EXxt5_10.pdf
2018,3,11,csat,science,earth-science-2,solution,manual_review,identity_unverifiable,confirmed,official_catalog_and_pdf,not_imported,,https://wdown.ebsi.co.kr/W61001/01exam/20181115/go3/g_ear2_hsj_BBBVhyem_11.pdf
2018,3,11,csat,science,life-science-1,question,manual_review,identity_unverifiable,confirmed,official_catalog_and_pdf,not_imported,,https://wdown.ebsi.co.kr/W61001/01exam/20181115/go3/g_bio1_mun_gXTi8M19_10.pdf
2018,3,11,csat,science,life-science-1,solution,manual_review,identity_unverifiable,confirmed,official_catalog_and_pdf,not_imported,,https://wdown.ebsi.co.kr/W61001/01exam/20181115/go3/g_bio1_hsj_VMczi9yz_11.pdf
2018,3,11,csat,science,life-science-2,question,manual_review,identity_unverifiable,confirmed,official_catalog_and_pdf,not_imported,,https://wdown.ebsi.co.kr/W61001/01exam/20181115/go3/g_bio2_mun_r3mbfJ8V_10.pdf
2018,3,11,csat,science,life-science-2,solution,manual_review,identity_unverifiable,confirmed,official_catalog_and_pdf,not_imported,,https://wdown.ebsi.co.kr/W61001/01exam/20181115/go3/g_bio2_hsj_rRQvXlao_11.pdf
2018,3,11,csat,science,physics-1,question,manual_review,identity_unverifiable,confirmed,official_catalog_and_pdf,not_imported,,https://wdown.ebsi.co.kr/W61001/01exam/20181115/go3/g_phy1_mun_Svux4Jf7_10.pdf
2018,3,11,csat,science,physics-1,solution,manual_review,identity_unverifiable,confirmed,official_catalog_and_pdf,not_imported,,https://wdown.ebsi.co.kr/W61001/01exam/20181115/go3/g_phy1_hsj_zynrvDOv_11.pdf
2018,3,11,csat,science,physics-2,question,manual_review,identity_unverifiable,confirmed,official_catalog_and_pdf,not_imported,,https://wdown.ebsi.co.kr/W61001/01exam/20181115/go3/g_phy2_mun_hgnFZS4H_10.pdf
2018,3,11,csat,science,physics-2,solution,manual_review,identity_unverifiable,confirmed,official_catalog_and_pdf,not_imported,,https://wdown.ebsi.co.kr/W61001/01exam/20181115/go3/g_phy2_hsj_Iv6Eybqf_11.pdf
2018,3,11,csat,vocational,accounting-principles,question,manual_review,identity_unverifiable,confirmed,official_catalog_and_pdf,not_imported,,https://wdown.ebsi.co.kr/W61001/01exam/20181115/go3/J_one_mun_7hpJm8Ot_10.pdf
2018,3,11,csat,vocational,accounting-principles,solution,manual_review,identity_unverifiable,confirmed,official_catalog_and_pdf,not_imported,,https://wdown.ebsi.co.kr/W61001/01exam/20181115/go3/J_one_hsj_prR0E6fa_11.pdf
2018,3,11,csat,vocational,agriculture-basics,question,manual_review,identity_unverifiable,confirmed,official_catalog_and_pdf,not_imported,,https://wdown.ebsi.co.kr/W61001/01exam/20181115/go3/J_nupgi_mun_tKarvzr0_10.pdf
2018,3,11,csat,vocational,agriculture-basics,solution,manual_review,identity_unverifiable,confirmed,official_catalog_and_pdf,not_imported,,https://wdown.ebsi.co.kr/W61001/01exam/20181115/go3/J_nupgi_hsj_dSHpVyLr_11.pdf
2018,3,11,csat,vocational,agriculture-understanding,question,manual_review,identity_unverifiable,confirmed,official_catalog_and_pdf,not_imported,,https://wdown.ebsi.co.kr/W61001/01exam/20181115/go3/J_nup_mun_YewQ1N8P_10.pdf
2018,3,11,csat,vocational,agriculture-understanding,solution,manual_review,identity_unverifiable,confirmed,official_catalog_and_pdf,not_imported,,https://wdown.ebsi.co.kr/W61001/01exam/20181115/go3/J_nup_hsj_ik3Y8pEB_11.pdf
2018,3,11,csat,vocational,basic-drafting,question,manual_review,identity_unverifiable,confirmed,official_catalog_and_pdf,not_imported,,https://wdown.ebsi.co.kr/W61001/01exam/20181115/go3/J_kicho_mun_C8aH5qRF_10.pdf
2018,3,11,csat,vocational,basic-drafting,solution,manual_review,identity_unverifiable,confirmed,official_catalog_and_pdf,not_imported,,https://wdown.ebsi.co.kr/W61001/01exam/20181115/go3/J_kicho_hsj_apNuT1FM_11.pdf
2018,3,11,csat,vocational,commercial-economics,question,manual_review,identity_unverifiable,confirmed,official_catalog_and_pdf,not_imported,,https://wdown.ebsi.co.kr/W61001/01exam/20181115/go3/J_sangup_mun_1JOMyQlm_10.pdf
2018,3,11,csat,vocational,commercial-economics,solution,manual_review,identity_unverifiable,confirmed,official_catalog_and_pdf,not_imported,,https://wdown.ebsi.co.kr/W61001/01exam/20181115/go3/J_sangup_hsj_LFQG101s_11.pdf
2018,3,11,csat,vocational,fisheries-and-shipping,question,manual_review,identity_unverifiable,confirmed,official_catalog_and_pdf,not_imported,,https://wdown.ebsi.co.kr/W61001/01exam/20181115/go3/J_susan_mun_ovvQ0Puz_10.pdf
2018,3,11,csat,vocational,fisheries-and-shipping,solution,manual_review,identity_unverifiable,confirmed,official_catalog_and_pdf,not_imported,,https://wdown.ebsi.co.kr/W61001/01exam/20181115/go3/J_susan_hsj_63Bma4RC_11.pdf
2018,3,11,csat,vocational,human-development,question,manual_review,identity_unverifiable,confirmed,official_catalog_and_pdf,not_imported,,https://wdown.ebsi.co.kr/W61001/01exam/20181115/go3/J_inkan_mun_IlWrdFOS_10.pdf
2018,3,11,csat,vocational,human-development,solution,manual_review,identity_unverifiable,confirmed,official_catalog_and_pdf,not_imported,,https://wdown.ebsi.co.kr/W61001/01exam/20181115/go3/J_inkan_hsj_PUPeKljq_11.pdf
2018,3,11,csat,vocational,industry-general,question,manual_review,identity_unverifiable,confirmed,official_catalog_and_pdf,not_imported,,https://wdown.ebsi.co.kr/W61001/01exam/20181115/go3/J_gup_mun_idnGiAw8_10.pdf
2018,3,11,csat,vocational,industry-general,solution,manual_review,identity_unverifiable,confirmed,official_catalog_and_pdf,not_imported,,https://wdown.ebsi.co.kr/W61001/01exam/20181115/go3/J_gup_hsj_HQEUEiff_11.pdf
2018,3,11,csat,vocational,ocean-understanding,question,manual_review,identity_unverifiable,confirmed,official_catalog_and_pdf,not_imported,,https://wdown.ebsi.co.kr/W61001/01exam/20181115/go3/J_hae_mun_ZWZaendg_10.pdf
2018,3,11,csat,vocational,ocean-understanding,solution,manual_review,identity_unverifiable,confirmed,official_catalog_and_pdf,not_imported,,https://wdown.ebsi.co.kr/W61001/01exam/20181115/go3/J_hae_hsj_jvM9KfYD_11.pdf
2018,3,11,csat,vocational,service-industry-understanding,question,manual_review,identity_unverifiable,confirmed,official_catalog_and_pdf,not_imported,,https://wdown.ebsi.co.kr/W61001/01exam/20181115/go3/J_ser_mun_65Rn8P5o_10.pdf
2018,3,11,csat,vocational,service-industry-understanding,solution,manual_review,identity_unverifiable,confirmed,official_catalog_and_pdf,not_imported,,https://wdown.ebsi.co.kr/W61001/01exam/20181115/go3/J_ser_hsj_7P6umLrX_11.pdf
2018,3,11,csat,second_language,arabic-1,question,manual_review,identity_unverifiable,confirmed,official_catalog_and_pdf,not_imported,,https://wdown.ebsi.co.kr/W61001/01exam/20181115/go3/2nd_ar_mun_0HG0anlz_11.pdf
2018,3,11,csat,second_language,arabic-1,solution,manual_review,identity_unverifiable,confirmed,official_catalog_and_pdf,not_imported,,https://wdown.ebsi.co.kr/W61001/01exam/20181115/go3/2nd_ar_hsj_mUR7BED0_11.pdf
2018,3,11,csat,second_language,chinese-1,question,manual_review,identity_unverifiable,confirmed,official_catalog_and_pdf,not_imported,,https://wdown.ebsi.co.kr/W61001/01exam/20181115/go3/2nd_ch_mun_lHs46tfU_11.pdf
2018,3,11,csat,second_language,chinese-1,solution,manual_review,identity_unverifiable,confirmed,official_catalog_and_pdf,not_imported,,https://wdown.ebsi.co.kr/W61001/01exam/20181115/go3/2nd_ch_hsj_DbbkA5JI_11.pdf
2018,3,11,csat,second_language,classical-chinese-1,question,manual_review,identity_unverifiable,confirmed,official_catalog_and_pdf,not_imported,,https://wdown.ebsi.co.kr/W61001/01exam/20181115/go3/2nd_han_mun_BsbrL1SC_11.pdf
2018,3,11,csat,second_language,classical-chinese-1,solution,manual_review,identity_unverifiable,confirmed,official_catalog_and_pdf,not_imported,,https://wdown.ebsi.co.kr/W61001/01exam/20181115/go3/2nd_han_hsj_eX8KShPd_11.pdf
2018,3,11,csat,second_language,french-1,question,manual_review,identity_unverifiable,confirmed,official_catalog_and_pdf,not_imported,,https://wdown.ebsi.co.kr/W61001/01exam/20181115/go3/2nd_fr_mun_y5KINzq6_11.pdf
2018,3,11,csat,second_language,french-1,solution,manual_review,identity_unverifiable,confirmed,official_catalog_and_pdf,not_imported,,https://wdown.ebsi.co.kr/W61001/01exam/20181115/go3/2nd_fr_hsj_xEfhzL1f_11.pdf
2018,3,11,csat,second_language,german-1,question,manual_review,identity_unverifiable,confirmed,official_catalog_and_pdf,not_imported,,https://wdown.ebsi.co.kr/W61001/01exam/20181115/go3/2nd_gr_mun_Wq0GPlrw_11.pdf
2018,3,11,csat,second_language,german-1,solution,manual_review,identity_unverifiable,confirmed,official_catalog_and_pdf,not_imported,,https://wdown.ebsi.co.kr/W61001/01exam/20181115/go3/2nd_gr_hsj_AnekVgKM_11.pdf
2018,3,11,csat,second_language,japanese-1,question,manual_review,identity_unverifiable,confirmed,official_catalog_and_pdf,not_imported,,https://wdown.ebsi.co.kr/W61001/01exam/20181115/go3/2nd_ja_mun_zpNcedZh_11.pdf
2018,3,11,csat,second_language,japanese-1,solution,manual_review,identity_unverifiable,confirmed,official_catalog_and_pdf,not_imported,,https://wdown.ebsi.co.kr/W61001/01exam/20181115/go3/2nd_ja_hsj_otjCjWEF_11.pdf
2018,3,11,csat,second_language,russian-1,question,manual_review,identity_unverifiable,confirmed,official_catalog_and_pdf,not_imported,,https://wdown.ebsi.co.kr/W61001/01exam/20181115/go3/2nd_ru_mun_6Ykwn9Wg_11.pdf
2018,3,11,csat,second_language,russian-1,solution,manual_review,identity_unverifiable,confirmed,official_catalog_and_pdf,not_imported,,https://wdown.ebsi.co.kr/W61001/01exam/20181115/go3/2nd_ru_hsj_tc2S6AAT_11.pdf
2018,3,11,csat,second_language,spanish-1,question,manual_review,identity_unverifiable,confirmed,official_catalog_and_pdf,not_imported,,https://wdown.ebsi.co.kr/W61001/01exam/20181115/go3/2nd_sp_mun_iyhGvDpE_11.pdf
2018,3,11,csat,second_language,spanish-1,solution,manual_review,identity_unverifiable,confirmed,official_catalog_and_pdf,not_imported,,https://wdown.ebsi.co.kr/W61001/01exam/20181115/go3/2nd_sp_hsj_DiOa7ddh_11.pdf
2018,3,11,csat,second_language,vietnamese-1,question,manual_review,identity_unverifiable,confirmed,official_catalog_and_pdf,not_imported,,https://wdown.ebsi.co.kr/W61001/01exam/20181115/go3/2nd_vit_mun_kpB9pbKW_11.pdf
2018,3,11,csat,second_language,vietnamese-1,solution,manual_review,identity_unverifiable,confirmed,official_catalog_and_pdf,not_imported,,https://wdown.ebsi.co.kr/W61001/01exam/20181115/go3/2nd_vit_hsj_ZfEAkqBi_11.pdf
