year,grade,month,exam_type,subject,course_code,file_type,status,reason,count_as_expected,expected_basis,db_status,public_file_id,official_url
2019,1,3,school_mock,korean,,question,manual_review,identity_unverifiable,confirmed,official_catalog_and_pdf,not_imported,,https://wdown.ebsi.co.kr/W61001/01exam/20190307/go1/kor_mun_4PPRE3Iv_2_10.pdf
2019,1,3,school_mock,korean,,solution,manual_review,identity_unverifiable,confirmed,official_catalog_and_pdf,not_imported,,https://wdown.ebsi.co.kr/W61001/01exam/20190307/go1/kor_hsj_hXJ4dErc_12_1.pdf
2019,1,3,school_mock,math,,question,manual_review,identity_unverifiable,confirmed,official_catalog_and_pdf,not_imported,,https://wdown.ebsi.co.kr/W61001/01exam/20190307/go1/matha_mun_D9YNrPXp_2_10.pdf
2019,1,3,school_mock,math,,solution,manual_review,identity_unverifiable,confirmed,official_catalog_and_pdf,not_imported,,https://wdown.ebsi.co.kr/W61001/01exam/20190307/go1/matha_hsj_dt7q0pQg_12.pdf
2019,1,3,school_mock,english,,question,manual_review,identity_unverifiable,confirmed,official_catalog_and_pdf,not_imported,,https://wdown.ebsi.co.kr/W61001/01exam/20190307/go1/eng_mun_kL7TCTRN_2_10.pdf
2019,1,3,school_mock,english,,solution,manual_review,identity_unverifiable,confirmed,official_catalog_and_pdf,not_imported,,https://wdown.ebsi.co.kr/W61001/01exam/20190307/go1/eng_hsj_9WBYShdm_12_2.pdf
2019,1,3,school_mock,history,,question,manual_review,identity_unverifiable,confirmed,official_catalog_and_pdf,not_imported,,https://wdown.ebsi.co.kr/W61001/01exam/20190307/go1/s_his_mun_Y7W0kyO5_2_10.pdf
2019,1,3,school_mock,history,,solution,manual_review,identity_unverifiable,confirmed,official_catalog_and_pdf,not_imported,,https://wdown.ebsi.co.kr/W61001/01exam/20190307/go1/s_his_hsj_3F8G3jbh_12.pdf
2019,1,3,school_mock,social,integrated-social,question,manual_review,identity_unverifiable,confirmed,official_catalog_and_pdf,not_imported,,https://wdown.ebsi.co.kr/W61001/01exam/20190307/go1/s_soc_mun_FU8wO9Wa_2_10.pdf
2019,1,3,school_mock,social,integrated-social,solution,manual_review,identity_unverifiable,confirmed,official_catalog_and_pdf,not_imported,,https://wdown.ebsi.co.kr/W61001/01exam/20190307/go1/s_soc_hsj_naHJveIn_12.pdf
2019,1,3,school_mock,science,integrated-science,question,manual_review,identity_unverifiable,confirmed,official_catalog_and_pdf,not_imported,,https://wdown.ebsi.co.kr/W61001/01exam/20190307/go1/g_sci_mun_rRfZKpn7_2_10.pdf
2019,1,3,school_mock,science,integrated-science,solution,manual_review,identity_unverifiable,confirmed,official_catalog_and_pdf,not_imported,,https://wdown.ebsi.co.kr/W61001/01exam/20190307/go1/g_sci_hsj_7J3vOLYe_12.pdf
2019,1,6,school_mock,korean,,question,manual_review,identity_unverifiable,confirmed,official_catalog_and_pdf,not_imported,,https://wdown.ebsi.co.kr/W61001/01exam/20190604/go1/kor_mun_SFsxf4yp_10.pdf
2019,1,6,school_mock,korean,,solution,manual_review,identity_unverifiable,confirmed,official_catalog_and_pdf,not_imported,,https://wdown.ebsi.co.kr/W61001/01exam/20190604/go1/kor_hsj_6UnHAaaz_10.pdf
2019,1,6,school_mock,math,,question,manual_review,identity_unverifiable,confirmed,official_catalog_and_pdf,not_imported,,https://wdown.ebsi.co.kr/W61001/01exam/20190604/go1/matha_mun_8ARf3sll_10.pdf
2019,1,6,school_mock,math,,solution,manual_review,identity_unverifiable,confirmed,official_catalog_and_pdf,not_imported,,https://wdown.ebsi.co.kr/W61001/01exam/20190604/go1/matha_hsj_7EjQxzmW_10.pdf
2019,1,6,school_mock,english,,question,manual_review,identity_unverifiable,confirmed,official_catalog_and_pdf,not_imported,,https://wdown.ebsi.co.kr/W61001/01exam/20190604/go1/eng_mun_NY30kkZI_1_10.pdf
2019,1,6,school_mock,english,,solution,manual_review,identity_unverifiable,confirmed,official_catalog_and_pdf,not_imported,,https://wdown.ebsi.co.kr/W61001/01exam/20190604/go1/eng_hsj_ecm9t0CI_10.pdf
2019,1,6,school_mock,history,,question,manual_review,identity_unverifiable,confirmed,official_catalog_and_pdf,not_imported,,https://wdown.ebsi.co.kr/W61001/01exam/20190604/go1/s_his_mun_hTrBoe2U_10.pdf
2019,1,6,school_mock,history,,solution,manual_review,identity_unverifiable,confirmed,official_catalog_and_pdf,not_imported,,https://wdown.ebsi.co.kr/W61001/01exam/20190604/go1/s_his_hsj_76rOJhKP_10.pdf
2019,1,6,school_mock,social,integrated-social,question,manual_review,identity_unverifiable,confirmed,official_catalog_and_pdf,not_imported,,https://wdown.ebsi.co.kr/W61001/01exam/20190604/go1/s_soc_mun_8QVjp3b6_10.pdf
2019,1,6,school_mock,social,integrated-social,solution,manual_review,identity_unverifiable,confirmed,official_catalog_and_pdf,not_imported,,https://wdown.ebsi.co.kr/W61001/01exam/20190604/go1/s_soc_hsj_c99ir3wS_10.pdf
2019,1,6,school_mock,science,integrated-science,question,manual_review,identity_unverifiable,confirmed,official_catalog_and_pdf,not_imported,,https://wdown.ebsi.co.kr/W61001/01exam/20190604/go1/g_sci_mun_uIU1Gj03_10.pdf
2019,1,6,school_mock,science,integrated-science,solution,manual_review,identity_unverifiable,confirmed,official_catalog_and_pdf,not_imported,,https://wdown.ebsi.co.kr/W61001/01exam/20190604/go1/g_sci_hsj_imD3JkUw_10.pdf
2019,1,9,school_mock,korean,,question,manual_review,identity_unverifiable,confirmed,official_catalog_and_pdf,not_imported,,https://wdown.ebsi.co.kr/W61001/01exam/20190904/go1/kor_mun_DU162D11_10.pdf
2019,1,9,school_mock,korean,,solution,manual_review,identity_unverifiable,confirmed,official_catalog_and_pdf,not_imported,,https://wdown.ebsi.co.kr/W61001/01exam/20190904/go1/kor_hsj_8YW3DW89_10.pdf
2019,1,9,school_mock,math,,question,manual_review,identity_unverifiable,confirmed,official_catalog_and_pdf,not_imported,,https://wdown.ebsi.co.kr/W61001/01exam/20190904/go1/matha_mun_6IV1U91L_10.pdf
2019,1,9,school_mock,math,,solution,manual_review,identity_unverifiable,confirmed,official_catalog_and_pdf,not_imported,,https://wdown.ebsi.co.kr/W61001/01exam/20190904/go1/matha_hsj_XP281JF9_10.pdf
2019,1,9,school_mock,english,,question,manual_review,identity_unverifiable,confirmed,official_catalog_and_pdf,not_imported,,https://wdown.ebsi.co.kr/W61001/01exam/20190904/go1/eng_mun_1F79K178_10.pdf
2019,1,9,school_mock,english,,solution,manual_review,identity_unverifiable,confirmed,official_catalog_and_pdf,not_imported,,https://wdown.ebsi.co.kr/W61001/01exam/20190904/go1/eng_hsj_2J3929K3_10.pdf
2019,1,9,school_mock,history,,question,manual_review,identity_unverifiable,confirmed,official_catalog_and_pdf,not_imported,,https://wdown.ebsi.co.kr/W61001/01exam/20190904/go1/s_his_mun_16V4WQN2_11.pdf
2019,1,9,school_mock,history,,solution,manual_review,identity_unverifiable,confirmed,official_catalog_and_pdf,not_imported,,https://wdown.ebsi.co.kr/W61001/01exam/20190904/go1/s_his_hsj_F8J8918L_10.pdf
2019,1,9,school_mock,social,integrated-social,question,manual_review,identity_unverifiable,confirmed,official_catalog_and_pdf,not_imported,,https://wdown.ebsi.co.kr/W61001/01exam/20190904/go1/s_soc_mun_188Q1C3K_11.pdf
2019,1,9,school_mock,social,integrated-social,solution,manual_review,identity_unverifiable,confirmed,official_catalog_and_pdf,not_imported,,https://wdown.ebsi.co.kr/W61001/01exam/20190904/go1/s_soc_hsj_P34N3LF8_10.pdf
2019,1,9,school_mock,science,integrated-science,question,manual_review,identity_unverifiable,confirmed,official_catalog_and_pdf,not_imported,,https://wdown.ebsi.co.kr/W61001/01exam/20190904/go1/g_sci_mun_33974OD8_11.pdf
2019,1,9,school_mock,science,integrated-science,solution,manual_review,identity_unverifiable,confirmed,official_catalog_and_pdf,not_imported,,https://wdown.ebsi.co.kr/W61001/01exam/20190904/go1/g_sci_hsj_UQQ91PL5_10.pdf
2019,1,11,school_mock,korean,,question,manual_review,identity_unverifiable,confirmed,official_catalog_and_pdf,not_imported,,https://wdown.ebsi.co.kr/W61001/01exam/20191120/go1/kor_mun_DU162D11_11.pdf
2019,1,11,school_mock,korean,,solution,manual_review,identity_unverifiable,confirmed,official_catalog_and_pdf,not_imported,,https://wdown.ebsi.co.kr/W61001/01exam/20191120/go1/kor_hsj_786CP15O_11.pdf
2019,1,11,school_mock,math,,question,manual_review,identity_unverifiable,confirmed,official_catalog_and_pdf,not_imported,,https://wdown.ebsi.co.kr/W61001/01exam/20191120/go1/matha_mun_6IV1U91L_11.pdf
2019,1,11,school_mock,math,,solution,manual_review,identity_unverifiable,confirmed,official_catalog_and_pdf,not_imported,,https://wdown.ebsi.co.kr/W61001/01exam/20191120/go1/matha_hsj_YGJ9W256_11.pdf
2019,1,11,school_mock,english,,question,manual_review,identity_unverifiable,confirmed,official_catalog_and_pdf,not_imported,,https://wdown.ebsi.co.kr/W61001/01exam/20191120/go1/eng_mun_1F79K178_11.pdf
2019,1,11,school_mock,english,,solution,manual_review,identity_unverifiable,confirmed,official_catalog_and_pdf,not_imported,,https://wdown.ebsi.co.kr/W61001/01exam/20191120/go1/eng_hsj_2J3929K3_11.pdf
2019,1,11,school_mock,history,,question,manual_review,identity_unverifiable,confirmed,official_catalog_and_pdf,not_imported,,https://wdown.ebsi.co.kr/W61001/01exam/20191120/go1/s_his_mun_16V4WQN2_11.pdf
2019,1,11,school_mock,history,,solution,manual_review,identity_unverifiable,confirmed,official_catalog_and_pdf,not_imported,,https://wdown.ebsi.co.kr/W61001/01exam/20191120/go1/s_his_hsj_94I2F24T_11.pdf
2019,1,11,school_mock,social,integrated-social,question,manual_review,identity_unverifiable,confirmed,official_catalog_and_pdf,not_imported,,https://wdown.ebsi.co.kr/W61001/01exam/20191120/go1/s_soc_mun_188Q1C3K_11.pdf
2019,1,11,school_mock,social,integrated-social,solution,manual_review,identity_unverifiable,confirmed,official_catalog_and_pdf,not_imported,,https://wdown.ebsi.co.kr/W61001/01exam/20191120/go1/s_soc_hsj_B3994L71_11.pdf
2019,1,11,school_mock,science,integrated-science,question,manual_review,identity_unverifiable,confirmed,official_catalog_and_pdf,not_imported,,https://wdown.ebsi.co.kr/W61001/01exam/20191120/go1/g_sci_mun_33974OD8_11.pdf
2019,1,11,school_mock,science,integrated-science,solution,manual_review,identity_unverifiable,confirmed,official_catalog_and_pdf,not_imported,,https://wdown.ebsi.co.kr/W61001/01exam/20191120/go1/g_sci_hsj_98BX553I_11.pdf
2019,2,3,school_mock,korean,,question,manual_review,identity_unverifiable,confirmed,official_catalog_and_pdf,not_imported,,https://wdown.ebsi.co.kr/W61001/01exam/20190307/go2/kor_mun_RXGsNLqY_10.pdf
2019,2,3,school_mock,korean,,solution,manual_review,identity_unverifiable,confirmed,official_catalog_and_pdf,not_imported,,https://wdown.ebsi.co.kr/W61001/01exam/20190307/go2/kor_hsj_54z3r5vz_13_1.pdf
2019,2,3,school_mock,math,math-a,question,manual_review,identity_unverifiable,confirmed,official_catalog_and_pdf,not_imported,,https://wdown.ebsi.co.kr/W61001/01exam/20190307/go2/matha_mun_fHsmyBWD_10.pdf
2019,2,3,school_mock,math,math-a,solution,manual_review,identity_unverifiable,confirmed,official_catalog_and_pdf,not_imported,,https://wdown.ebsi.co.kr/W61001/01exam/20190307/go2/matha_hsj_row00GGV_11_1.pdf
2019,2,3,school_mock,math,math-b,question,manual_review,identity_unverifiable,confirmed,official_catalog_and_pdf,not_imported,,https://wdown.ebsi.co.kr/W61001/01exam/20190307/go2/mathb_mun_Yp21opxT_1_10.pdf
2019,2,3,school_mock,math,math-b,solution,manual_review,identity_unverifiable,confirmed,official_catalog_and_pdf,not_imported,,https://wdown.ebsi.co.kr/W61001/01exam/20190307/go2/mathb_hsj_Q5AqolVR_11_1.pdf
2019,2,3,school_mock,english,,question,manual_review,identity_unverifiable,confirmed,official_catalog_and_pdf,not_imported,,https://wdown.ebsi.co.kr/W61001/01exam/20190307/go2/eng_mun_GSYmxi3C_10.pdf
2019,2,3,school_mock,english,,solution,manual_review,identity_unverifiable,confirmed,official_catalog_and_pdf,not_imported,,https://wdown.ebsi.co.kr/W61001/01exam/20190307/go2/eng_hsj_lp38NdTy_12.pdf
2019,2,3,school_mock,history,,question,manual_review,identity_unverifiable,confirmed,official_catalog_and_pdf,not_imported,,https://wdown.ebsi.co.kr/W61001/01exam/20190307/go2/s_his_mun_kxxUOka0_10.pdf
2019,2,3,school_mock,history,,solution,manual_review,identity_unverifiable,confirmed,official_catalog_and_pdf,not_imported,,https://wdown.ebsi.co.kr/W61001/01exam/20190307/go2/s_his_hsj_9NmXyYmb_11.pdf
2019,2,3,school_mock,social,east-asian-history,question,manual_review,identity_unverifiable,confirmed,official_catalog_and_pdf,not_imported,,https://wdown.ebsi.co.kr/W61001/01exam/20190307/go2/s_easta_mun_uhhhETAp_10.pdf
2019,2,3,school_mock,social,east-asian-history,solution,manual_review,identity_unverifiable,confirmed,official_catalog_and_pdf,not_imported,,https://wdown.ebsi.co.kr/W61001/01exam/20190307/go2/s_easta_hsj_mdUrmibf_11.pdf
2019,2,3,school_mock,social,economics,question,manual_review,identity_unverifiable,confirmed,official_catalog_and_pdf,not_imported,,https://wdown.ebsi.co.kr/W61001/01exam/20190307/go2/s_eco_mun_6seCovH1_10.pdf
2019,2,3,school_mock,social,economics,solution,manual_review,identity_unverifiable,confirmed,official_catalog_and_pdf,not_imported,,https://wdown.ebsi.co.kr/W61001/01exam/20190307/go2/s_eco_hsj_xkt3Oq9y_11.pdf
2019,2,3,school_mock,social,ethics-and-thought,question,manual_review,identity_unverifiable,confirmed,official_catalog_and_pdf,not_imported,,https://wdown.ebsi.co.kr/W61001/01exam/20190307/go2/s_yrnss_mun_NhUOCv1O_10.pdf
2019,2,3,school_mock,social,ethics-and-thought,solution,manual_review,identity_unverifiable,confirmed,official_catalog_and_pdf,not_imported,,https://wdown.ebsi.co.kr/W61001/01exam/20190307/go2/s_yrnss_hsj_wGzADBJW_11.pdf
2019,2,3,school_mock,social,korean-geography,question,manual_review,identity_unverifiable,confirmed,official_catalog_and_pdf,not_imported,,https://wdown.ebsi.co.kr/W61001/01exam/20190307/go2/s_hanji_mun_cNjOuk8c_10.pdf
2019,2,3,school_mock,social,korean-geography,solution,manual_review,identity_unverifiable,confirmed,official_catalog_and_pdf,not_imported,,https://wdown.ebsi.co.kr/W61001/01exam/20190307/go2/s_hanji_hsj_obC32qU4_11.pdf
2019,2,3,school_mock,social,life-and-ethics,question,manual_review,identity_unverifiable,confirmed,official_catalog_and_pdf,not_imported,,https://wdown.ebsi.co.kr/W61001/01exam/20190307/go2/s_ssnyr_mun_sskpHEbg_10.pdf
2019,2,3,school_mock,social,life-and-ethics,solution,manual_review,identity_unverifiable,confirmed,official_catalog_and_pdf,not_imported,,https://wdown.ebsi.co.kr/W61001/01exam/20190307/go2/s_ssnyr_hsj_kJqzBScK_11.pdf
2019,2,3,school_mock,social,politics-and-law,question,manual_review,identity_unverifiable,confirmed,official_catalog_and_pdf,not_imported,,https://wdown.ebsi.co.kr/W61001/01exam/20190307/go2/s_bnj_mun_0yAlzIXh_10.pdf
2019,2,3,school_mock,social,politics-and-law,solution,manual_review,identity_unverifiable,confirmed,official_catalog_and_pdf,not_imported,,https://wdown.ebsi.co.kr/W61001/01exam/20190307/go2/s_bnj_hsj_GJPohZC4_11.pdf
2019,2,3,school_mock,social,social-culture,question,manual_review,identity_unverifiable,confirmed,official_catalog_and_pdf,not_imported,,https://wdown.ebsi.co.kr/W61001/01exam/20190307/go2/s_samun_mun_DzpDERHZ_10.pdf
2019,2,3,school_mock,social,social-culture,solution,manual_review,identity_unverifiable,confirmed,official_catalog_and_pdf,not_imported,,https://wdown.ebsi.co.kr/W61001/01exam/20190307/go2/s_samun_hsj_WYbyu7r4_11.pdf
2019,2,3,school_mock,social,world-geography,question,manual_review,identity_unverifiable,confirmed,official_catalog_and_pdf,not_imported,,https://wdown.ebsi.co.kr/W61001/01exam/20190307/go2/s_saeji_mun_Z5flHgSg_10.pdf
2019,2,3,school_mock,social,world-geography,solution,manual_review,identity_unverifiable,confirmed,official_catalog_and_pdf,not_imported,,https://wdown.ebsi.co.kr/W61001/01exam/20190307/go2/s_saeji_hsj_N8J9kVfb_11.pdf
2019,2,3,school_mock,social,world-history,question,manual_review,identity_unverifiable,confirmed,official_catalog_and_pdf,not_imported,,https://wdown.ebsi.co.kr/W61001/01exam/20190307/go2/s_sks_mun_vTqPKGCq_10.pdf
2019,2,3,school_mock,social,world-history,solution,manual_review,identity_unverifiable,confirmed,official_catalog_and_pdf,not_imported,,https://wdown.ebsi.co.kr/W61001/01exam/20190307/go2/s_sks_hsj_yzEfjkf5_11.pdf
2019,2,3,school_mock,science,chemistry-1,question,manual_review,identity_unverifiable,confirmed,official_catalog_and_pdf,not_imported,,https://wdown.ebsi.co.kr/W61001/01exam/20190307/go2/g_che1_mun_avtVHXZ6_10.pdf
2019,2,3,school_mock,science,chemistry-1,solution,manual_review,identity_unverifiable,confirmed,official_catalog_and_pdf,not_imported,,https://wdown.ebsi.co.kr/W61001/01exam/20190307/go2/g_che1_hsj_nuHWkDCF_11.pdf
2019,2,3,school_mock,science,earth-science-1,question,manual_review,identity_unverifiable,confirmed,official_catalog_and_pdf,not_imported,,https://wdown.ebsi.co.kr/W61001/01exam/20190307/go2/g_ear1_mun_evxcVeuu_10.pdf
2019,2,3,school_mock,science,earth-science-1,solution,manual_review,identity_unverifiable,confirmed,official_catalog_and_pdf,not_imported,,https://wdown.ebsi.co.kr/W61001/01exam/20190307/go2/g_ear1_hsj_Lt3StBoX_11.pdf
2019,2,3,school_mock,science,life-science-1,question,manual_review,identity_unverifiable,confirmed,official_catalog_and_pdf,not_imported,,https://wdown.ebsi.co.kr/W61001/01exam/20190307/go2/g_bio1_mun_McrKpWdo_10.pdf
2019,2,3,school_mock,science,life-science-1,solution,manual_review,identity_unverifiable,confirmed,official_catalog_and_pdf,not_imported,,https://wdown.ebsi.co.kr/W61001/01exam/20190307/go2/g_bio1_hsj_mJ8K5zQE_11.pdf
2019,2,3,school_mock,science,physics-1,question,manual_review,identity_unverifiable,confirmed,official_catalog_and_pdf,not_imported,,https://wdown.ebsi.co.kr/W61001/01exam/20190307/go2/g_phy1_mun_scJJGtpX_10.pdf
2019,2,3,school_mock,science,physics-1,solution,manual_review,identity_unverifiable,confirmed,official_catalog_and_pdf,not_imported,,https://wdown.ebsi.co.kr/W61001/01exam/20190307/go2/g_phy1_hsj_v8CD40Uz_11.pdf
2019,2,6,school_mock,korean,,question,manual_review,identity_unverifiable,confirmed,official_catalog_and_pdf,not_imported,,https://wdown.ebsi.co.kr/W61001/01exam/20190604/go2/kor_mun_eLYCT4aJ_10.pdf
2019,2,6,school_mock,korean,,solution,manual_review,identity_unverifiable,confirmed,official_catalog_and_pdf,not_imported,,https://wdown.ebsi.co.kr/W61001/01exam/20190604/go2/kor_hsj_0Gai4omR_10.pdf
2019,2,6,school_mock,math,math-a,question,manual_review,identity_unverifiable,confirmed,official_catalog_and_pdf,not_imported,,https://wdown.ebsi.co.kr/W61001/01exam/20190604/go2/matha_mun_6pkNzPZr_10.pdf
2019,2,6,school_mock,math,math-a,solution,manual_review,identity_unverifiable,confirmed,official_catalog_and_pdf,not_imported,,https://wdown.ebsi.co.kr/W61001/01exam/20190604/go2/matha_hsj_Xf2LTrpw_03_11.pdf
2019,2,6,school_mock,math,math-b,question,manual_review,identity_unverifiable,confirmed,official_catalog_and_pdf,not_imported,,https://wdown.ebsi.co.kr/W61001/01exam/20190604/go2/mathb_mun_IkyPzGNs_10.pdf
2019,2,6,school_mock,math,math-b,solution,manual_review,identity_unverifiable,confirmed,official_catalog_and_pdf,not_imported,,https://wdown.ebsi.co.kr/W61001/01exam/20190604/go2/mathb_hsj_ACkWHZqY_11.pdf
2019,2,6,school_mock,english,,question,manual_review,identity_unverifiable,confirmed,official_catalog_and_pdf,not_imported,,https://wdown.ebsi.co.kr/W61001/01exam/20190604/go2/eng_mun_okLQ8aZR_10.pdf
2019,2,6,school_mock,english,,solution,manual_review,identity_unverifiable,confirmed,official_catalog_and_pdf,not_imported,,https://wdown.ebsi.co.kr/W61001/01exam/20190604/go2/eng_hsj_W8BYXifW_10.pdf
2019,2,6,school_mock,history,,question,manual_review,identity_unverifiable,confirmed,official_catalog_and_pdf,not_imported,,https://wdown.ebsi.co.kr/W61001/01exam/20190604/go2/s_his_mun_hQdOgl4r_10.pdf
2019,2,6,school_mock,history,,solution,manual_review,identity_unverifiable,confirmed,official_catalog_and_pdf,not_imported,,https://wdown.ebsi.co.kr/W61001/01exam/20190604/go2/s_his_hsj_oqFXfyY0_10.pdf
2019,2,6,school_mock,social,east-asian-history,question,manual_review,identity_unverifiable,confirmed,official_catalog_and_pdf,not_imported,,https://wdown.ebsi.co.kr/W61001/01exam/20190604/go2/s_easta_mun_Fur2iz2M_10.pdf
2019,2,6,school_mock,social,east-asian-history,solution,manual_review,identity_unverifiable,confirmed,official_catalog_and_pdf,not_imported,,https://wdown.ebsi.co.kr/W61001/01exam/20190604/go2/s_easta_hsj_bh29cM3o_10.pdf
2019,2,6,school_mock,social,economics,question,manual_review,identity_unverifiable,confirmed,official_catalog_and_pdf,not_imported,,https://wdown.ebsi.co.kr/W61001/01exam/20190604/go2/s_eco_mun_xbYiMCIq_10.pdf
2019,2,6,school_mock,social,economics,solution,manual_review,identity_unverifiable,confirmed,official_catalog_and_pdf,not_imported,,https://wdown.ebsi.co.kr/W61001/01exam/20190604/go2/s_eco_hsj_33E1ioWw_10.pdf
2019,2,6,school_mock,social,ethics-and-thought,question,manual_review,identity_unverifiable,confirmed,official_catalog_and_pdf,not_imported,,https://wdown.ebsi.co.kr/W61001/01exam/20190604/go2/s_yrnss_mun_aYY61LEd_10.pdf
2019,2,6,school_mock,social,ethics-and-thought,solution,manual_review,identity_unverifiable,confirmed,official_catalog_and_pdf,not_imported,,https://wdown.ebsi.co.kr/W61001/01exam/20190604/go2/s_yrnss_hsj_71mrvoGd_10.pdf
2019,2,6,school_mock,social,korean-geography,question,manual_review,identity_unverifiable,confirmed,official_catalog_and_pdf,not_imported,,https://wdown.ebsi.co.kr/W61001/01exam/20190604/go2/s_hanji_mun_yt3cew8k_10.pdf
2019,2,6,school_mock,social,korean-geography,solution,manual_review,identity_unverifiable,confirmed,official_catalog_and_pdf,not_imported,,https://wdown.ebsi.co.kr/W61001/01exam/20190604/go2/s_hanji_hsj_KO8FNpyL_10.pdf
2019,2,6,school_mock,social,life-and-ethics,question,manual_review,identity_unverifiable,confirmed,official_catalog_and_pdf,not_imported,,https://wdown.ebsi.co.kr/W61001/01exam/20190604/go2/s_ssnyr_mun_hYQYx3G5_10.pdf
2019,2,6,school_mock,social,life-and-ethics,solution,manual_review,identity_unverifiable,confirmed,official_catalog_and_pdf,not_imported,,https://wdown.ebsi.co.kr/W61001/01exam/20190604/go2/s_ssnyr_hsj_QUUBPcZi_10.pdf
2019,2,6,school_mock,social,politics-and-law,question,manual_review,identity_unverifiable,confirmed,official_catalog_and_pdf,not_imported,,https://wdown.ebsi.co.kr/W61001/01exam/20190604/go2/s_bnj_mun_NqFJ3sl3_10.pdf
2019,2,6,school_mock,social,politics-and-law,solution,manual_review,identity_unverifiable,confirmed,official_catalog_and_pdf,not_imported,,https://wdown.ebsi.co.kr/W61001/01exam/20190604/go2/s_bnj_hsj_dDW6lCPx_10.pdf
2019,2,6,school_mock,social,social-culture,question,manual_review,identity_unverifiable,confirmed,official_catalog_and_pdf,not_imported,,https://wdown.ebsi.co.kr/W61001/01exam/20190604/go2/s_samun_mun_tQvAauNj_10.pdf
2019,2,6,school_mock,social,social-culture,solution,manual_review,identity_unverifiable,confirmed,official_catalog_and_pdf,not_imported,,https://wdown.ebsi.co.kr/W61001/01exam/20190604/go2/s_samun_hsj_r2UAaTzv_10.pdf
2019,2,6,school_mock,social,world-geography,question,manual_review,identity_unverifiable,confirmed,official_catalog_and_pdf,not_imported,,https://wdown.ebsi.co.kr/W61001/01exam/20190604/go2/s_saeji_mun_69RKLpgT_10.pdf
2019,2,6,school_mock,social,world-geography,solution,manual_review,identity_unverifiable,confirmed,official_catalog_and_pdf,not_imported,,https://wdown.ebsi.co.kr/W61001/01exam/20190604/go2/s_saeji_hsj_APDVXLuS_10.pdf
2019,2,6,school_mock,social,world-history,question,manual_review,identity_unverifiable,confirmed,official_catalog_and_pdf,not_imported,,https://wdown.ebsi.co.kr/W61001/01exam/20190604/go2/s_sks_mun_b1s7nlT2_10.pdf
2019,2,6,school_mock,social,world-history,solution,manual_review,identity_unverifiable,confirmed,official_catalog_and_pdf,not_imported,,https://wdown.ebsi.co.kr/W61001/01exam/20190604/go2/s_sks_hsj_ryKFRJrz_10.pdf
2019,2,6,school_mock,science,chemistry-1,question,manual_review,identity_unverifiable,confirmed,official_catalog_and_pdf,not_imported,,https://wdown.ebsi.co.kr/W61001/01exam/20190604/go2/g_che1_mun_tMVhEUse_10.pdf
2019,2,6,school_mock,science,chemistry-1,solution,manual_review,identity_unverifiable,confirmed,official_catalog_and_pdf,not_imported,,https://wdown.ebsi.co.kr/W61001/01exam/20190604/go2/g_che1_hsj_aJbqJGNz_10.pdf
2019,2,6,school_mock,science,earth-science-1,question,manual_review,identity_unverifiable,confirmed,official_catalog_and_pdf,not_imported,,https://wdown.ebsi.co.kr/W61001/01exam/20190604/go2/g_ear1_mun_DqaJY4kJ_10.pdf
2019,2,6,school_mock,science,earth-science-1,solution,manual_review,identity_unverifiable,confirmed,official_catalog_and_pdf,not_imported,,https://wdown.ebsi.co.kr/W61001/01exam/20190604/go2/g_ear1_hsj_NPPzQT45_10.pdf
2019,2,6,school_mock,science,life-science-1,question,manual_review,identity_unverifiable,confirmed,official_catalog_and_pdf,not_imported,,https://wdown.ebsi.co.kr/W61001/01exam/20190604/go2/g_bio1_mun_bmspH2q6_10.pdf
2019,2,6,school_mock,science,life-science-1,solution,manual_review,identity_unverifiable,confirmed,official_catalog_and_pdf,not_imported,,https://wdown.ebsi.co.kr/W61001/01exam/20190604/go2/g_bio1_hsj_scE8Npqh_10.pdf
2019,2,6,school_mock,science,physics-1,question,manual_review,identity_unverifiable,confirmed,official_catalog_and_pdf,not_imported,,https://wdown.ebsi.co.kr/W61001/01exam/20190604/go2/g_phy1_mun_VuMhvqgS_10.pdf
2019,2,6,school_mock,science,physics-1,solution,manual_review,identity_unverifiable,confirmed,official_catalog_and_pdf,not_imported,,https://wdown.ebsi.co.kr/W61001/01exam/20190604/go2/g_phy1_hsj_b5YI9IJs_02_10.pdf
2019,2,9,school_mock,korean,,question,manual_review,identity_unverifiable,confirmed,official_catalog_and_pdf,not_imported,,https://wdown.ebsi.co.kr/W61001/01exam/20190904/go2/kor_mun_92R7ITX2_10.pdf
2019,2,9,school_mock,korean,,solution,manual_review,identity_unverifiable,confirmed,official_catalog_and_pdf,not_imported,,https://wdown.ebsi.co.kr/W61001/01exam/20190904/go2/kor_hsj_Q6827X84_10.pdf
2019,2,9,school_mock,math,math-a,question,manual_review,identity_unverifiable,confirmed,official_catalog_and_pdf,not_imported,,https://wdown.ebsi.co.kr/W61001/01exam/20190904/go2/matha_mun_8C5HN993_10.pdf
2019,2,9,school_mock,math,math-a,solution,manual_review,identity_unverifiable,confirmed,official_catalog_and_pdf,not_imported,,https://wdown.ebsi.co.kr/W61001/01exam/20190904/go2/matha_hsj_81FO34T5_10.pdf
2019,2,9,school_mock,math,math-b,question,manual_review,identity_unverifiable,confirmed,official_catalog_and_pdf,not_imported,,https://wdown.ebsi.co.kr/W61001/01exam/20190904/go2/mathb_mun_3R2RHAQ9_10.pdf
2019,2,9,school_mock,math,math-b,solution,manual_review,identity_unverifiable,confirmed,official_catalog_and_pdf,not_imported,,https://wdown.ebsi.co.kr/W61001/01exam/20190904/go2/mathb_hsj_7L3226WY_10.pdf
2019,2,9,school_mock,english,,question,manual_review,identity_unverifiable,confirmed,official_catalog_and_pdf,not_imported,,https://wdown.ebsi.co.kr/W61001/01exam/20190904/go2/eng_mun_4951ECAS2_10.pdf
2019,2,9,school_mock,english,,solution,manual_review,identity_unverifiable,confirmed,official_catalog_and_pdf,not_imported,,https://wdown.ebsi.co.kr/W61001/01exam/20190904/go2/eng_hsj_86J8T4KY_10.pdf
2019,2,9,school_mock,history,,question,manual_review,identity_unverifiable,confirmed,official_catalog_and_pdf,not_imported,,https://wdown.ebsi.co.kr/W61001/01exam/20190904/go2/s_his_mun_A4AAJ91J_10.pdf
2019,2,9,school_mock,history,,solution,manual_review,identity_unverifiable,confirmed,official_catalog_and_pdf,not_imported,,https://wdown.ebsi.co.kr/W61001/01exam/20190904/go2/s_his_hsj_FAB6ZI16_10.pdf
2019,2,9,school_mock,social,east-asian-history,question,manual_review,identity_unverifiable,confirmed,official_catalog_and_pdf,not_imported,,https://wdown.ebsi.co.kr/W61001/01exam/20190904/go2/s_easta_mun_22GO6325_10.pdf
2019,2,9,school_mock,social,east-asian-history,solution,manual_review,identity_unverifiable,confirmed,official_catalog_and_pdf,not_imported,,https://wdown.ebsi.co.kr/W61001/01exam/20190904/go2/s_easta_hsj_8LV2UVAT_10.pdf
2019,2,9,school_mock,social,economics,question,manual_review,identity_unverifiable,confirmed,official_catalog_and_pdf,not_imported,,https://wdown.ebsi.co.kr/W61001/01exam/20190904/go2/s_eco_mun_I92M65GA_10.pdf
2019,2,9,school_mock,social,economics,solution,manual_review,identity_unverifiable,confirmed,official_catalog_and_pdf,not_imported,,https://wdown.ebsi.co.kr/W61001/01exam/20190904/go2/s_eco_hsj_2VT9437B_10.pdf
2019,2,9,school_mock,social,ethics-and-thought,question,manual_review,identity_unverifiable,confirmed,official_catalog_and_pdf,not_imported,,https://wdown.ebsi.co.kr/W61001/01exam/20190904/go2/s_yrnss_mun_3629PZ41_10.pdf
2019,2,9,school_mock,social,ethics-and-thought,solution,manual_review,identity_unverifiable,confirmed,official_catalog_and_pdf,not_imported,,https://wdown.ebsi.co.kr/W61001/01exam/20190904/go2/s_yrnss_hsj_M84L2891_10.pdf
2019,2,9,school_mock,social,korean-geography,question,manual_review,identity_unverifiable,confirmed,official_catalog_and_pdf,not_imported,,https://wdown.ebsi.co.kr/W61001/01exam/20190904/go2/s_hanji_mun_313ZC3G4_10.pdf
2019,2,9,school_mock,social,korean-geography,solution,manual_review,identity_unverifiable,confirmed,official_catalog_and_pdf,not_imported,,https://wdown.ebsi.co.kr/W61001/01exam/20190904/go2/s_hanji_hsj_E367I464_10.pdf
2019,2,9,school_mock,social,life-and-ethics,question,manual_review,identity_unverifiable,confirmed,official_catalog_and_pdf,not_imported,,https://wdown.ebsi.co.kr/W61001/01exam/20190904/go2/s_ssnyr_mun_219AR675_10.pdf
2019,2,9,school_mock,social,life-and-ethics,solution,manual_review,identity_unverifiable,confirmed,official_catalog_and_pdf,not_imported,,https://wdown.ebsi.co.kr/W61001/01exam/20190904/go2/s_ssnyr_hsj_TG968DM4_10.pdf
2019,2,9,school_mock,social,politics-and-law,question,manual_review,identity_unverifiable,confirmed,official_catalog_and_pdf,not_imported,,https://wdown.ebsi.co.kr/W61001/01exam/20190904/go2/s_bnj_mun_K13R1WM9_10.pdf
2019,2,9,school_mock,social,politics-and-law,solution,manual_review,identity_unverifiable,confirmed,official_catalog_and_pdf,not_imported,,https://wdown.ebsi.co.kr/W61001/01exam/20190904/go2/s_bnj_hsj_4UBDW1BJ_10.pdf
2019,2,9,school_mock,social,social-culture,question,manual_review,identity_unverifiable,confirmed,official_catalog_and_pdf,not_imported,,https://wdown.ebsi.co.kr/W61001/01exam/20190904/go2/s_samun_mun_6PLQEFL8_10.pdf
2019,2,9,school_mock,social,social-culture,solution,manual_review,identity_unverifiable,confirmed,official_catalog_and_pdf,not_imported,,https://wdown.ebsi.co.kr/W61001/01exam/20190904/go2/s_samun_hsj_18N3LJ16_10.pdf
2019,2,9,school_mock,social,world-geography,question,manual_review,identity_unverifiable,confirmed,official_catalog_and_pdf,not_imported,,https://wdown.ebsi.co.kr/W61001/01exam/20190904/go2/s_saeji_mun_652938S5_10.pdf
2019,2,9,school_mock,social,world-geography,solution,manual_review,identity_unverifiable,confirmed,official_catalog_and_pdf,not_imported,,https://wdown.ebsi.co.kr/W61001/01exam/20190904/go2/s_saeji_hsj_D17JG1V8_10.pdf
2019,2,9,school_mock,social,world-history,question,manual_review,identity_unverifiable,confirmed,official_catalog_and_pdf,not_imported,,https://wdown.ebsi.co.kr/W61001/01exam/20190904/go2/s_sks_mun_9LO723L1_10.pdf
2019,2,9,school_mock,social,world-history,solution,manual_review,identity_unverifiable,confirmed,official_catalog_and_pdf,not_imported,,https://wdown.ebsi.co.kr/W61001/01exam/20190904/go2/s_sks_hsj_7229CNNA_10.pdf
2019,2,9,school_mock,science,chemistry-1,question,manual_review,identity_unverifiable,confirmed,official_catalog_and_pdf,not_imported,,https://wdown.ebsi.co.kr/W61001/01exam/20190904/go2/g_che1_mun_78J19D9G_10.pdf
2019,2,9,school_mock,science,chemistry-1,solution,manual_review,identity_unverifiable,confirmed,official_catalog_and_pdf,not_imported,,https://wdown.ebsi.co.kr/W61001/01exam/20190904/go2/g_che1_hsj_59664U6Y_10.pdf
2019,2,9,school_mock,science,earth-science-1,question,manual_review,identity_unverifiable,confirmed,official_catalog_and_pdf,not_imported,,https://wdown.ebsi.co.kr/W61001/01exam/20190904/go2/g_ear1_mun_LQ8878ZC_10.pdf
2019,2,9,school_mock,science,earth-science-1,solution,manual_review,identity_unverifiable,confirmed,official_catalog_and_pdf,not_imported,,https://wdown.ebsi.co.kr/W61001/01exam/20190904/go2/g_ear1_hsj_6K9TE12H_10.pdf
2019,2,9,school_mock,science,life-science-1,question,manual_review,identity_unverifiable,confirmed,official_catalog_and_pdf,not_imported,,https://wdown.ebsi.co.kr/W61001/01exam/20190904/go2/g_bio1_mun_91PZRLJ6_10.pdf
2019,2,9,school_mock,science,life-science-1,solution,manual_review,identity_unverifiable,confirmed,official_catalog_and_pdf,not_imported,,https://wdown.ebsi.co.kr/W61001/01exam/20190904/go2/g_bio1_hsj_72A6P5U4_10.pdf
2019,2,9,school_mock,science,physics-1,question,manual_review,identity_unverifiable,confirmed,official_catalog_and_pdf,not_imported,,https://wdown.ebsi.co.kr/W61001/01exam/20190904/go2/g_phy1_mun_9R5ILG2N_10.pdf
2019,2,9,school_mock,science,physics-1,solution,manual_review,identity_unverifiable,confirmed,official_catalog_and_pdf,not_imported,,https://wdown.ebsi.co.kr/W61001/01exam/20190904/go2/g_phy1_hsj_UO95HGDI_10.pdf
2019,2,11,school_mock,korean,,question,manual_review,identity_unverifiable,confirmed,official_catalog_and_pdf,not_imported,,https://wdown.ebsi.co.kr/W61001/01exam/20191120/go2/kor_mun_8TWAM3H3_10.pdf
2019,2,11,school_mock,korean,,solution,manual_review,identity_unverifiable,confirmed,official_catalog_and_pdf,not_imported,,https://wdown.ebsi.co.kr/W61001/01exam/20191120/go2/kor_hsj_53U616D9_10.pdf
2019,2,11,school_mock,math,math-a,question,manual_review,identity_unverifiable,confirmed,official_catalog_and_pdf,not_imported,,https://wdown.ebsi.co.kr/W61001/01exam/20191120/go2/matha_mun_KJ7MBA4J_10.pdf
2019,2,11,school_mock,math,math-a,solution,manual_review,identity_unverifiable,confirmed,official_catalog_and_pdf,not_imported,,https://wdown.ebsi.co.kr/W61001/01exam/20191120/go2/matha_hsj_UY5U6YV6_10.pdf
2019,2,11,school_mock,math,math-b,question,manual_review,identity_unverifiable,confirmed,official_catalog_and_pdf,not_imported,,https://wdown.ebsi.co.kr/W61001/01exam/20191120/go2/mathb_mun_JY52N22Z_10.pdf
2019,2,11,school_mock,math,math-b,solution,manual_review,identity_unverifiable,confirmed,official_catalog_and_pdf,not_imported,,https://wdown.ebsi.co.kr/W61001/01exam/20191120/go2/mathb_hsj_C3A84ALA_10.pdf
2019,2,11,school_mock,english,,question,manual_review,identity_unverifiable,confirmed,official_catalog_and_pdf,not_imported,,https://wdown.ebsi.co.kr/W61001/01exam/20191120/go2/eng_mun_R356U88Z2_10.pdf
2019,2,11,school_mock,english,,solution,manual_review,identity_unverifiable,confirmed,official_catalog_and_pdf,not_imported,,https://wdown.ebsi.co.kr/W61001/01exam/20191120/go2/eng_hsj_3W65C138_10.pdf
2019,2,11,school_mock,history,,question,manual_review,identity_unverifiable,confirmed,official_catalog_and_pdf,not_imported,,https://wdown.ebsi.co.kr/W61001/01exam/20191120/go2/s_his_mun_2Z54L1F6_10.pdf
2019,2,11,school_mock,history,,solution,manual_review,identity_unverifiable,confirmed,official_catalog_and_pdf,not_imported,,https://wdown.ebsi.co.kr/W61001/01exam/20191120/go2/s_his_hsj_CTDAO7V1_10.pdf
2019,2,11,school_mock,social,east-asian-history,question,manual_review,identity_unverifiable,confirmed,official_catalog_and_pdf,not_imported,,https://wdown.ebsi.co.kr/W61001/01exam/20191120/go2/s_easta_mun_K7J2Q884_10.pdf
2019,2,11,school_mock,social,east-asian-history,solution,manual_review,identity_unverifiable,confirmed,official_catalog_and_pdf,not_imported,,https://wdown.ebsi.co.kr/W61001/01exam/20191120/go2/s_easta_hsj_1QA3C6A7_10.pdf
2019,2,11,school_mock,social,economics,question,manual_review,identity_unverifiable,confirmed,official_catalog_and_pdf,not_imported,,https://wdown.ebsi.co.kr/W61001/01exam/20191120/go2/s_eco_mun_K4P6BR93_10.pdf
2019,2,11,school_mock,social,economics,solution,manual_review,identity_unverifiable,confirmed,official_catalog_and_pdf,not_imported,,https://wdown.ebsi.co.kr/W61001/01exam/20191120/go2/s_eco_hsj_1A189KCL_10.pdf
2019,2,11,school_mock,social,ethics-and-thought,question,manual_review,identity_unverifiable,confirmed,official_catalog_and_pdf,not_imported,,https://wdown.ebsi.co.kr/W61001/01exam/20191120/go2/s_yrnss_mun_917PCRH5_10.pdf
2019,2,11,school_mock,social,ethics-and-thought,solution,manual_review,identity_unverifiable,confirmed,official_catalog_and_pdf,not_imported,,https://wdown.ebsi.co.kr/W61001/01exam/20191120/go2/s_yrnss_hsj_6L4668HT_10.pdf
2019,2,11,school_mock,social,korean-geography,question,manual_review,identity_unverifiable,confirmed,official_catalog_and_pdf,not_imported,,https://wdown.ebsi.co.kr/W61001/01exam/20191120/go2/s_hanji_mun_LNG23ERY_10.pdf
2019,2,11,school_mock,social,korean-geography,solution,manual_review,identity_unverifiable,confirmed,official_catalog_and_pdf,not_imported,,https://wdown.ebsi.co.kr/W61001/01exam/20191120/go2/s_hanji_hsj_4OZGIGA5_10.pdf
2019,2,11,school_mock,social,life-and-ethics,question,manual_review,identity_unverifiable,confirmed,official_catalog_and_pdf,not_imported,,https://wdown.ebsi.co.kr/W61001/01exam/20191120/go2/s_ssnyr_mun_8Q4WNWYA_10.pdf
2019,2,11,school_mock,social,life-and-ethics,solution,manual_review,identity_unverifiable,confirmed,official_catalog_and_pdf,not_imported,,https://wdown.ebsi.co.kr/W61001/01exam/20191120/go2/s_ssnyr_hsj_A28N2356_10.pdf
2019,2,11,school_mock,social,politics-and-law,question,manual_review,identity_unverifiable,confirmed,official_catalog_and_pdf,not_imported,,https://wdown.ebsi.co.kr/W61001/01exam/20191120/go2/s_jnb_mun_SXEUXB72_10.pdf
2019,2,11,school_mock,social,politics-and-law,solution,manual_review,identity_unverifiable,confirmed,official_catalog_and_pdf,not_imported,,https://wdown.ebsi.co.kr/W61001/01exam/20191120/go2/s_jnb_hsj_142LD462_10.pdf
2019,2,11,school_mock,social,social-culture,question,manual_review,identity_unverifiable,confirmed,official_catalog_and_pdf,not_imported,,https://wdown.ebsi.co.kr/W61001/01exam/20191120/go2/s_samun_mun_AH62AIU8_10.pdf
2019,2,11,school_mock,social,social-culture,solution,manual_review,identity_unverifiable,confirmed,official_catalog_and_pdf,not_imported,,https://wdown.ebsi.co.kr/W61001/01exam/20191120/go2/s_samun_hsj_383V2835_10.pdf
2019,2,11,school_mock,social,world-geography,question,manual_review,identity_unverifiable,confirmed,official_catalog_and_pdf,not_imported,,https://wdown.ebsi.co.kr/W61001/01exam/20191120/go2/s_saeji_mun_WZV8AGC6_10.pdf
2019,2,11,school_mock,social,world-geography,solution,manual_review,identity_unverifiable,confirmed,official_catalog_and_pdf,not_imported,,https://wdown.ebsi.co.kr/W61001/01exam/20191120/go2/s_saeji_hsj_N2W11JEI_10.pdf
2019,2,11,school_mock,social,world-history,question,manual_review,identity_unverifiable,confirmed,official_catalog_and_pdf,not_imported,,https://wdown.ebsi.co.kr/W61001/01exam/20191120/go2/s_sks_mun_9E69J9W8_10.pdf
2019,2,11,school_mock,social,world-history,solution,manual_review,identity_unverifiable,confirmed,official_catalog_and_pdf,not_imported,,https://wdown.ebsi.co.kr/W61001/01exam/20191120/go2/s_sks_hsj_FYMT17ZE_10.pdf
2019,2,11,school_mock,science,chemistry-1,question,manual_review,identity_unverifiable,confirmed,official_catalog_and_pdf,not_imported,,https://wdown.ebsi.co.kr/W61001/01exam/20191120/go2/g_che1_mun_IS4YV996_10.pdf
2019,2,11,school_mock,science,chemistry-1,solution,manual_review,identity_unverifiable,confirmed,official_catalog_and_pdf,not_imported,,https://wdown.ebsi.co.kr/W61001/01exam/20191120/go2/g_che1_hsj_V5618RV1_10.pdf
2019,2,11,school_mock,science,earth-science-1,question,manual_review,identity_unverifiable,confirmed,official_catalog_and_pdf,not_imported,,https://wdown.ebsi.co.kr/W61001/01exam/20191120/go2/g_ear1_mun_C88KJ54P_10.pdf
2019,2,11,school_mock,science,earth-science-1,solution,manual_review,identity_unverifiable,confirmed,official_catalog_and_pdf,not_imported,,https://wdown.ebsi.co.kr/W61001/01exam/20191120/go2/g_ear1_hsj_9XX62XJ5_10.pdf
2019,2,11,school_mock,science,life-science-1,question,manual_review,identity_unverifiable,confirmed,official_catalog_and_pdf,not_imported,,https://wdown.ebsi.co.kr/W61001/01exam/20191120/go2/g_bio1_mun_Q83C75H3_10.pdf
2019,2,11,school_mock,science,life-science-1,solution,manual_review,identity_unverifiable,confirmed,official_catalog_and_pdf,not_imported,,https://wdown.ebsi.co.kr/W61001/01exam/20191120/go2/g_bio1_hsj_F6U2OY97_10.pdf
2019,2,11,school_mock,science,physics-1,question,manual_review,identity_unverifiable,confirmed,official_catalog_and_pdf,not_imported,,https://wdown.ebsi.co.kr/W61001/01exam/20191120/go2/g_phy1_mun_Q44P7392_10.pdf
2019,2,11,school_mock,science,physics-1,solution,manual_review,identity_unverifiable,confirmed,official_catalog_and_pdf,not_imported,,https://wdown.ebsi.co.kr/W61001/01exam/20191120/go2/g_phy1_hsj_2U191P79_10.pdf
2019,2,11,school_mock,vocational,accounting-principles,question,manual_review,identity_unverifiable,confirmed,official_catalog_and_pdf,not_imported,,https://wdown.ebsi.co.kr/W61001/01exam/20191120/go2/J_one_mun_ZX24H6H8.pdf
2019,2,11,school_mock,vocational,accounting-principles,solution,manual_review,identity_unverifiable,confirmed,official_catalog_and_pdf,not_imported,,https://wdown.ebsi.co.kr/W61001/01exam/20191120/go2/J_one_hsj_AZ599882.pdf
2019,2,11,school_mock,vocational,agriculture-basics,question,manual_review,identity_unverifiable,confirmed,official_catalog_and_pdf,not_imported,,https://wdown.ebsi.co.kr/W61001/01exam/20191120/go2/J_nupgi_mun_BE71FAA8.pdf
2019,2,11,school_mock,vocational,agriculture-basics,solution,manual_review,identity_unverifiable,confirmed,official_catalog_and_pdf,not_imported,,https://wdown.ebsi.co.kr/W61001/01exam/20191120/go2/J_nupgi_hsj_381JS324.pdf
2019,2,11,school_mock,vocational,agriculture-understanding,question,manual_review,identity_unverifiable,confirmed,official_catalog_and_pdf,not_imported,,https://wdown.ebsi.co.kr/W61001/01exam/20191120/go2/J_nup_mun_51YLG819.pdf
2019,2,11,school_mock,vocational,agriculture-understanding,solution,manual_review,identity_unverifiable,confirmed,official_catalog_and_pdf,not_imported,,https://wdown.ebsi.co.kr/W61001/01exam/20191120/go2/J_nup_hsj_387F7UA9.pdf
2019,2,11,school_mock,vocational,basic-drafting,question,manual_review,identity_unverifiable,confirmed,official_catalog_and_pdf,not_imported,,https://wdown.ebsi.co.kr/W61001/01exam/20191120/go2/J_kicho_mun_3IG84D6I.pdf
2019,2,11,school_mock,vocational,basic-drafting,solution,manual_review,identity_unverifiable,confirmed,official_catalog_and_pdf,not_imported,,https://wdown.ebsi.co.kr/W61001/01exam/20191120/go2/J_kicho_hsj_A14GHS28.pdf
2019,2,11,school_mock,vocational,commercial-economics,question,manual_review,identity_unverifiable,confirmed,official_catalog_and_pdf,not_imported,,https://wdown.ebsi.co.kr/W61001/01exam/20191120/go2/J_sangup_mun_C79L1WZ8.pdf
2019,2,11,school_mock,vocational,commercial-economics,solution,manual_review,identity_unverifiable,confirmed,official_catalog_and_pdf,not_imported,,https://wdown.ebsi.co.kr/W61001/01exam/20191120/go2/J_sangup_hsj_G5JAVZ8T.pdf
2019,2,11,school_mock,vocational,fisheries-and-shipping,question,manual_review,identity_unverifiable,confirmed,official_catalog_and_pdf,not_imported,,https://wdown.ebsi.co.kr/W61001/01exam/20191120/go2/J_susan_mun_96QV5WSB.pdf
2019,2,11,school_mock,vocational,fisheries-and-shipping,solution,manual_review,identity_unverifiable,confirmed,official_catalog_and_pdf,not_imported,,https://wdown.ebsi.co.kr/W61001/01exam/20191120/go2/J_susan_hsj_3VWM4I79.pdf
2019,2,11,school_mock,vocational,human-development,question,manual_review,identity_unverifiable,confirmed,official_catalog_and_pdf,not_imported,,https://wdown.ebsi.co.kr/W61001/01exam/20191120/go2/J_inkan_mun_ROO73RCF.pdf
2019,2,11,school_mock,vocational,human-development,solution,manual_review,identity_unverifiable,confirmed,official_catalog_and_pdf,not_imported,,https://wdown.ebsi.co.kr/W61001/01exam/20191120/go2/J_inkan_hsj_2ZZ78CPD.pdf
2019,2,11,school_mock,vocational,industry-general,question,manual_review,identity_unverifiable,confirmed,official_catalog_and_pdf,not_imported,,https://wdown.ebsi.co.kr/W61001/01exam/20191120/go2/J_gup_mun_K5ZH22QL.pdf
2019,2,11,school_mock,vocational,industry-general,solution,manual_review,identity_unverifiable,confirmed,official_catalog_and_pdf,not_imported,,https://wdown.ebsi.co.kr/W61001/01exam/20191120/go2/J_gup_hsj_UM73F4A5.pdf
2019,2,11,school_mock,vocational,ocean-understanding,question,manual_review,identity_unverifiable,confirmed,official_catalog_and_pdf,not_imported,,https://wdown.ebsi.co.kr/W61001/01exam/20191120/go2/J_hae_mun_E4CZ4PKS.pdf
2019,2,11,school_mock,vocational,ocean-understanding,solution,manual_review,identity_unverifiable,confirmed,official_catalog_and_pdf,not_imported,,https://wdown.ebsi.co.kr/W61001/01exam/20191120/go2/J_hae_hsj_L8F29ND4.pdf
2019,2,11,school_mock,vocational,service-industry-understanding,question,manual_review,identity_unverifiable,confirmed,official_catalog_and_pdf,not_imported,,https://wdown.ebsi.co.kr/W61001/01exam/20191120/go2/J_ser_mun_ZM2PX11D.pdf
2019,2,11,school_mock,vocational,service-industry-understanding,solution,manual_review,identity_unverifiable,confirmed,official_catalog_and_pdf,not_imported,,https://wdown.ebsi.co.kr/W61001/01exam/20191120/go2/J_ser_hsj_5AK34ZAI.pdf
2019,2,11,school_mock,second_language,chinese-1,question,manual_review,identity_unverifiable,confirmed,official_catalog_and_pdf,not_imported,,https://wdown.ebsi.co.kr/W61001/01exam/20191120/go2/2nd_ch_mun_5BR9IT5D_10.pdf
2019,2,11,school_mock,second_language,chinese-1,solution,manual_review,identity_unverifiable,confirmed,official_catalog_and_pdf,not_imported,,https://wdown.ebsi.co.kr/W61001/01exam/20191120/go2/2nd_ch_hsj_29893W6N_10.pdf
2019,2,11,school_mock,second_language,classical-chinese-1,question,manual_review,identity_unverifiable,confirmed,official_catalog_and_pdf,not_imported,,https://wdown.ebsi.co.kr/W61001/01exam/20191120/go2/2nd_han_mun_E161T715_10.pdf
2019,2,11,school_mock,second_language,classical-chinese-1,solution,manual_review,identity_unverifiable,confirmed,official_catalog_and_pdf,not_imported,,https://wdown.ebsi.co.kr/W61001/01exam/20191120/go2/2nd_han_hsj_GEN64476_10.pdf
2019,2,11,school_mock,second_language,french-1,question,manual_review,identity_unverifiable,confirmed,official_catalog_and_pdf,not_imported,,https://wdown.ebsi.co.kr/W61001/01exam/20191120/go2/2nd_fr_mun_5712T7Q7_10.pdf
2019,2,11,school_mock,second_language,french-1,solution,manual_review,identity_unverifiable,confirmed,official_catalog_and_pdf,not_imported,,https://wdown.ebsi.co.kr/W61001/01exam/20191120/go2/2nd_fr_hsj_X36UVZ6R_10.pdf
2019,2,11,school_mock,second_language,german-1,question,manual_review,identity_unverifiable,confirmed,official_catalog_and_pdf,not_imported,,https://wdown.ebsi.co.kr/W61001/01exam/20191120/go2/2nd_gr_mun_18132P62_10.pdf
2019,2,11,school_mock,second_language,german-1,solution,manual_review,identity_unverifiable,confirmed,official_catalog_and_pdf,not_imported,,https://wdown.ebsi.co.kr/W61001/01exam/20191120/go2/2nd_gr_hsj_3ZM3OQ6X_10.pdf
2019,2,11,school_mock,second_language,japanese-1,question,manual_review,identity_unverifiable,confirmed,official_catalog_and_pdf,not_imported,,https://wdown.ebsi.co.kr/W61001/01exam/20191120/go2/2nd_ja_mun_97V6383E_10.pdf
2019,2,11,school_mock,second_language,japanese-1,solution,manual_review,identity_unverifiable,confirmed,official_catalog_and_pdf,not_imported,,https://wdown.ebsi.co.kr/W61001/01exam/20191120/go2/2nd_ja_hsj_J686GVL6_10.pdf
2019,2,11,school_mock,second_language,russian-1,question,manual_review,identity_unverifiable,confirmed,official_catalog_and_pdf,not_imported,,https://wdown.ebsi.co.kr/W61001/01exam/20191120/go2/2nd_ru_mun_3512KSS2_10.pdf
2019,2,11,school_mock,second_language,russian-1,solution,manual_review,identity_unverifiable,confirmed,official_catalog_and_pdf,not_imported,,https://wdown.ebsi.co.kr/W61001/01exam/20191120/go2/2nd_ru_hsj_V81J69GA_10.pdf
2019,2,11,school_mock,second_language,spanish-1,question,manual_review,identity_unverifiable,confirmed,official_catalog_and_pdf,not_imported,,https://wdown.ebsi.co.kr/W61001/01exam/20191120/go2/2nd_sp_mun_DLS3K14T_10.pdf
2019,2,11,school_mock,second_language,spanish-1,solution,manual_review,identity_unverifiable,confirmed,official_catalog_and_pdf,not_imported,,https://wdown.ebsi.co.kr/W61001/01exam/20191120/go2/2nd_sp_hsj_1A69MXZ2_10.pdf
2019,3,3,school_mock,korean,,question,manual_review,identity_unverifiable,confirmed,official_catalog_and_pdf,not_imported,,https://wdown.ebsi.co.kr/W61001/01exam/20190307/go3/kor_mun_nOvXwoIz_10.pdf
2019,3,3,school_mock,korean,,solution,manual_review,identity_unverifiable,confirmed,official_catalog_and_pdf,not_imported,,https://wdown.ebsi.co.kr/W61001/01exam/20190307/go3/kor_hsj_jwakzNFf_10.pdf
2019,3,3,school_mock,math,math-a,question,manual_review,identity_unverifiable,confirmed,official_catalog_and_pdf,not_imported,,https://wdown.ebsi.co.kr/W61001/01exam/20190307/go3/matha_mun_hWVz6g6m_10.pdf
2019,3,3,school_mock,math,math-a,solution,manual_review,identity_unverifiable,confirmed,official_catalog_and_pdf,not_imported,,https://wdown.ebsi.co.kr/W61001/01exam/20190307/go3/matha_hsj_8XFlx6EI_10.pdf
2019,3,3,school_mock,math,math-b,question,manual_review,identity_unverifiable,confirmed,official_catalog_and_pdf,not_imported,,https://wdown.ebsi.co.kr/W61001/01exam/20190307/go3/mathb_mun_fu4FbATc_10.pdf
2019,3,3,school_mock,math,math-b,solution,manual_review,identity_unverifiable,confirmed,official_catalog_and_pdf,not_imported,,https://wdown.ebsi.co.kr/W61001/01exam/20190307/go3/mathb_hsj_FZ4RgPRC_10.pdf
2019,3,3,school_mock,english,,question,manual_review,identity_unverifiable,confirmed,official_catalog_and_pdf,not_imported,,https://wdown.ebsi.co.kr/W61001/01exam/20190307/go3/eng_mun_jOuF1Qp4_10.pdf
2019,3,3,school_mock,english,,solution,manual_review,identity_unverifiable,confirmed,official_catalog_and_pdf,not_imported,,https://wdown.ebsi.co.kr/W61001/01exam/20190307/go3/eng_hsj_hZDnrasn_10.pdf
2019,3,3,school_mock,history,,question,manual_review,identity_unverifiable,confirmed,official_catalog_and_pdf,not_imported,,https://wdown.ebsi.co.kr/W61001/01exam/20190307/go3/s_his_mun_ApFZEoKz_10.pdf
2019,3,3,school_mock,history,,solution,manual_review,identity_unverifiable,confirmed,official_catalog_and_pdf,not_imported,,https://wdown.ebsi.co.kr/W61001/01exam/20190307/go3/s_his_hsj_4r02V5xm_10.pdf
2019,3,3,school_mock,social,east-asian-history,question,manual_review,identity_unverifiable,confirmed,official_catalog_and_pdf,not_imported,,https://wdown.ebsi.co.kr/W61001/01exam/20190307/go3/s_easta_mun_4nDVwEdk_10.pdf
2019,3,3,school_mock,social,east-asian-history,solution,manual_review,identity_unverifiable,confirmed,official_catalog_and_pdf,not_imported,,https://wdown.ebsi.co.kr/W61001/01exam/20190307/go3/s_easta_hsj_CBD2Fcke_10.pdf
2019,3,3,school_mock,social,economics,question,manual_review,identity_unverifiable,confirmed,official_catalog_and_pdf,not_imported,,https://wdown.ebsi.co.kr/W61001/01exam/20190307/go3/s_eco_mun_HX2WK43S_10.pdf
2019,3,3,school_mock,social,economics,solution,manual_review,identity_unverifiable,confirmed,official_catalog_and_pdf,not_imported,,https://wdown.ebsi.co.kr/W61001/01exam/20190307/go3/s_eco_hsj_3Iouk4RF_10.pdf
2019,3,3,school_mock,social,ethics-and-thought,question,manual_review,identity_unverifiable,confirmed,official_catalog_and_pdf,not_imported,,https://wdown.ebsi.co.kr/W61001/01exam/20190307/go3/s_yrnss_mun_oPiFEW6s_10.pdf
2019,3,3,school_mock,social,ethics-and-thought,solution,manual_review,identity_unverifiable,confirmed,official_catalog_and_pdf,not_imported,,https://wdown.ebsi.co.kr/W61001/01exam/20190307/go3/s_yrnss_hsj_StwNeKjU_10.pdf
2019,3,3,school_mock,social,korean-geography,question,manual_review,identity_unverifiable,confirmed,official_catalog_and_pdf,not_imported,,https://wdown.ebsi.co.kr/W61001/01exam/20190307/go3/s_hanji_mun_bEtKVCvv_10.pdf
2019,3,3,school_mock,social,korean-geography,solution,manual_review,identity_unverifiable,confirmed,official_catalog_and_pdf,not_imported,,https://wdown.ebsi.co.kr/W61001/01exam/20190307/go3/s_hanji_hsj_MSaQz8xc_10.pdf
2019,3,3,school_mock,social,life-and-ethics,question,manual_review,identity_unverifiable,confirmed,official_catalog_and_pdf,not_imported,,https://wdown.ebsi.co.kr/W61001/01exam/20190307/go3/s_ssnyr_mun_4iZrbUMj_10.pdf
2019,3,3,school_mock,social,life-and-ethics,solution,manual_review,identity_unverifiable,confirmed,official_catalog_and_pdf,not_imported,,https://wdown.ebsi.co.kr/W61001/01exam/20190307/go3/s_ssnyr_hsj_A2QUg6A7_10.pdf
2019,3,3,school_mock,social,politics-and-law,question,manual_review,identity_unverifiable,confirmed,official_catalog_and_pdf,not_imported,,https://wdown.ebsi.co.kr/W61001/01exam/20190307/go3/s_bnj_mun_AATnLE7P_10.pdf
2019,3,3,school_mock,social,politics-and-law,solution,manual_review,identity_unverifiable,confirmed,official_catalog_and_pdf,not_imported,,https://wdown.ebsi.co.kr/W61001/01exam/20190307/go3/s_bnj_hsj_95LZbuPC_10.pdf
2019,3,3,school_mock,social,social-culture,question,manual_review,identity_unverifiable,confirmed,official_catalog_and_pdf,not_imported,,https://wdown.ebsi.co.kr/W61001/01exam/20190307/go3/s_samun_mun_fJV3uS1M_02_10.pdf
2019,3,3,school_mock,social,social-culture,solution,manual_review,identity_unverifiable,confirmed,official_catalog_and_pdf,not_imported,,https://wdown.ebsi.co.kr/W61001/01exam/20190307/go3/s_samun_hsj_bysbcq31_10.pdf
2019,3,3,school_mock,social,world-geography,question,manual_review,identity_unverifiable,confirmed,official_catalog_and_pdf,not_imported,,https://wdown.ebsi.co.kr/W61001/01exam/20190307/go3/s_saeji_mun_kA1Qcaz5_10.pdf
2019,3,3,school_mock,social,world-geography,solution,manual_review,identity_unverifiable,confirmed,official_catalog_and_pdf,not_imported,,https://wdown.ebsi.co.kr/W61001/01exam/20190307/go3/s_saeji_hsj_cBG83Fn0_10.pdf
2019,3,3,school_mock,social,world-history,question,manual_review,identity_unverifiable,confirmed,official_catalog_and_pdf,not_imported,,https://wdown.ebsi.co.kr/W61001/01exam/20190307/go3/s_sks_mun_B2PcSoN5_10.pdf
2019,3,3,school_mock,social,world-history,solution,manual_review,identity_unverifiable,confirmed,official_catalog_and_pdf,not_imported,,https://wdown.ebsi.co.kr/W61001/01exam/20190307/go3/s_sks_hsj_gfUw3ZPp_10.pdf
2019,3,3,school_mock,science,chemistry-1,question,manual_review,identity_unverifiable,confirmed,official_catalog_and_pdf,not_imported,,https://wdown.ebsi.co.kr/W61001/01exam/20190307/go3/g_che1_mun_Bh0TzlYb_10.pdf
2019,3,3,school_mock,science,chemistry-1,solution,manual_review,identity_unverifiable,confirmed,official_catalog_and_pdf,not_imported,,https://wdown.ebsi.co.kr/W61001/01exam/20190307/go3/g_che1_hsj_vhBISmT6_10.pdf
2019,3,3,school_mock,science,earth-science-1,question,manual_review,identity_unverifiable,confirmed,official_catalog_and_pdf,not_imported,,https://wdown.ebsi.co.kr/W61001/01exam/20190307/go3/g_ear1_mun_m9x4nzwj_10.pdf
2019,3,3,school_mock,science,earth-science-1,solution,manual_review,identity_unverifiable,confirmed,official_catalog_and_pdf,not_imported,,https://wdown.ebsi.co.kr/W61001/01exam/20190307/go3/g_ear1_hsj_yXSz9qGF_10.pdf
2019,3,3,school_mock,science,life-science-1,question,manual_review,identity_unverifiable,confirmed,official_catalog_and_pdf,not_imported,,https://wdown.ebsi.co.kr/W61001/01exam/20190307/go3/g_bio1_mun_QcWY9pgX_10.pdf
2019,3,3,school_mock,science,life-science-1,solution,manual_review,identity_unverifiable,confirmed,official_catalog_and_pdf,not_imported,,https://wdown.ebsi.co.kr/W61001/01exam/20190307/go3/g_bio1_hsj_VWz1jUwO_10.pdf
2019,3,3,school_mock,science,physics-1,question,manual_review,identity_unverifiable,confirmed,official_catalog_and_pdf,not_imported,,https://wdown.ebsi.co.kr/W61001/01exam/20190307/go3/g_phy1_mun_mHOVShLd_10.pdf
2019,3,3,school_mock,science,physics-1,solution,manual_review,identity_unverifiable,confirmed,official_catalog_and_pdf,not_imported,,https://wdown.ebsi.co.kr/W61001/01exam/20190307/go3/g_phy1_hsj_dFnbK04Q_10.pdf
2019,3,4,school_mock,korean,,question,manual_review,identity_unverifiable,confirmed,official_catalog_and_pdf,not_imported,,https://wdown.ebsi.co.kr/W61001/01exam/20190410/go3/kor_mun_FRaqbC8w_10.pdf
2019,3,4,school_mock,korean,,solution,manual_review,identity_unverifiable,confirmed,official_catalog_and_pdf,not_imported,,https://wdown.ebsi.co.kr/W61001/01exam/20190410/go3/kor_hsj_QYx3G5aY_10.pdf
2019,3,4,school_mock,math,math-a,question,manual_review,identity_unverifiable,confirmed,official_catalog_and_pdf,not_imported,,https://wdown.ebsi.co.kr/W61001/01exam/20190410/go3/matha_mun_SA1XvpFV_10.pdf
2019,3,4,school_mock,math,math-a,solution,manual_review,identity_unverifiable,confirmed,official_catalog_and_pdf,not_imported,,https://wdown.ebsi.co.kr/W61001/01exam/20190410/go3/matha_hsj_Y61LEdyt_10.pdf
2019,3,4,school_mock,math,math-b,question,manual_review,identity_unverifiable,confirmed,official_catalog_and_pdf,not_imported,,https://wdown.ebsi.co.kr/W61001/01exam/20190410/go3/mathb_mun_jCRGryWt_10.pdf
2019,3,4,school_mock,math,math-b,solution,manual_review,identity_unverifiable,confirmed,official_catalog_and_pdf,not_imported,,https://wdown.ebsi.co.kr/W61001/01exam/20190410/go3/mathb_hsj_3cew8k69_10.pdf
2019,3,4,school_mock,english,,question,manual_review,identity_unverifiable,confirmed,official_catalog_and_pdf,not_imported,,https://wdown.ebsi.co.kr/W61001/01exam/20190410/go3/eng_mun_IIZS2TRq_10.pdf
2019,3,4,school_mock,english,,solution,manual_review,identity_unverifiable,confirmed,official_catalog_and_pdf,not_imported,,https://wdown.ebsi.co.kr/W61001/01exam/20190410/go3/eng_hsj_RKLpgTFu_10.pdf
2019,3,4,school_mock,history,,question,manual_review,identity_unverifiable,confirmed,official_catalog_and_pdf,not_imported,,https://wdown.ebsi.co.kr/W61001/01exam/20190410/go3/s_his_mun_f69aZbLA_10.pdf
2019,3,4,school_mock,history,,solution,manual_review,identity_unverifiable,confirmed,official_catalog_and_pdf,not_imported,,https://wdown.ebsi.co.kr/W61001/01exam/20190410/go3/s_his_hsj_r2iz2Mb1_10.pdf
2019,3,4,school_mock,social,east-asian-history,question,manual_review,identity_unverifiable,confirmed,official_catalog_and_pdf,not_imported,,https://wdown.ebsi.co.kr/W61001/01exam/20190410/go3/s_easta_mun_ix4A2Dre_10.pdf
2019,3,4,school_mock,social,east-asian-history,solution,manual_review,identity_unverifiable,confirmed,official_catalog_and_pdf,not_imported,,https://wdown.ebsi.co.kr/W61001/01exam/20190410/go3/s_easta_hsj_MhvqgStM_10.pdf
2019,3,4,school_mock,social,economics,question,manual_review,identity_unverifiable,confirmed,official_catalog_and_pdf,not_imported,,https://wdown.ebsi.co.kr/W61001/01exam/20190410/go3/s_eco_mun_YAPNXRPm_10.pdf
2019,3,4,school_mock,social,economics,solution,manual_review,identity_unverifiable,confirmed,official_catalog_and_pdf,not_imported,,https://wdown.ebsi.co.kr/W61001/01exam/20190410/go3/s_eco_hsj_aJY4kJSF_10.pdf
2019,3,4,school_mock,social,ethics-and-thought,question,manual_review,identity_unverifiable,confirmed,official_catalog_and_pdf,not_imported,,https://wdown.ebsi.co.kr/W61001/01exam/20190410/go3/s_yrnss_mun_HM3SOlbp_10.pdf
2019,3,4,school_mock,social,ethics-and-thought,solution,manual_review,identity_unverifiable,confirmed,official_catalog_and_pdf,not_imported,,https://wdown.ebsi.co.kr/W61001/01exam/20190410/go3/s_yrnss_hsj_FJ3sl3xb_10.pdf
2019,3,4,school_mock,social,korean-geography,question,manual_review,identity_unverifiable,confirmed,official_catalog_and_pdf,not_imported,,https://wdown.ebsi.co.kr/W61001/01exam/20190410/go3/s_hanji_mun_H71yEXUI_10.pdf
2019,3,4,school_mock,social,korean-geography,solution,manual_review,identity_unverifiable,confirmed,official_catalog_and_pdf,not_imported,,https://wdown.ebsi.co.kr/W61001/01exam/20190410/go3/s_hanji_hsj_YiMCIqtQ_10.pdf
2019,3,4,school_mock,social,life-and-ethics,question,manual_review,identity_unverifiable,confirmed,official_catalog_and_pdf,not_imported,,https://wdown.ebsi.co.kr/W61001/01exam/20190410/go3/s_ssnyr_mun_X3cf3edn_10.pdf
2019,3,4,school_mock,social,life-and-ethics,solution,manual_review,identity_unverifiable,confirmed,official_catalog_and_pdf,not_imported,,https://wdown.ebsi.co.kr/W61001/01exam/20190410/go3/s_ssnyr_hsj_s7nlT2Nq_10.pdf
2019,3,4,school_mock,social,politics-and-law,question,manual_review,identity_unverifiable,confirmed,official_catalog_and_pdf,not_imported,,https://wdown.ebsi.co.kr/W61001/01exam/20190410/go3/s_bnj_mun_HkidcDjo_10.pdf
2019,3,4,school_mock,social,politics-and-law,solution,manual_review,identity_unverifiable,confirmed,official_catalog_and_pdf,not_imported,,https://wdown.ebsi.co.kr/W61001/01exam/20190410/go3/s_bnj_hsj_spH2q6Dq_10.pdf
2019,3,4,school_mock,social,social-culture,question,manual_review,identity_unverifiable,confirmed,official_catalog_and_pdf,not_imported,,https://wdown.ebsi.co.kr/W61001/01exam/20190410/go3/s_samun_mun_carcR4ZD_10.pdf
2019,3,4,school_mock,social,social-culture,solution,manual_review,identity_unverifiable,confirmed,official_catalog_and_pdf,not_imported,,https://wdown.ebsi.co.kr/W61001/01exam/20190410/go3/s_samun_hsj_sxf4yp8A_10.pdf
2019,3,4,school_mock,social,world-geography,question,manual_review,identity_unverifiable,confirmed,official_catalog_and_pdf,not_imported,,https://wdown.ebsi.co.kr/W61001/01exam/20190410/go3/s_saeji_mun_EAOeIiGX_10.pdf
2019,3,4,school_mock,social,world-geography,solution,manual_review,identity_unverifiable,confirmed,official_catalog_and_pdf,not_imported,,https://wdown.ebsi.co.kr/W61001/01exam/20190410/go3/s_saeji_hsj_vAauNjVu_10.pdf
2019,3,4,school_mock,social,world-history,question,manual_review,identity_unverifiable,confirmed,official_catalog_and_pdf,not_imported,,https://wdown.ebsi.co.kr/W61001/01exam/20190410/go3/s_sks_mun_BBsQwY6Y_10.pdf
2019,3,4,school_mock,social,world-history,solution,manual_review,identity_unverifiable,confirmed,official_catalog_and_pdf,not_imported,,https://wdown.ebsi.co.kr/W61001/01exam/20190410/go3/s_sks_hsj_VhEUsebm_10.pdf
2019,3,4,school_mock,science,chemistry-1,question,manual_review,identity_unverifiable,confirmed,official_catalog_and_pdf,not_imported,,https://wdown.ebsi.co.kr/W61001/01exam/20190410/go3/g_che1_mun_SmLAztxc_10.pdf
2019,3,4,school_mock,science,chemistry-1,solution,manual_review,identity_unverifiable,confirmed,official_catalog_and_pdf,not_imported,,https://wdown.ebsi.co.kr/W61001/01exam/20190410/go3/g_che1_hsj_30kkZIhT_10.pdf
2019,3,4,school_mock,science,chemistry-2,question,manual_review,identity_unverifiable,confirmed,official_catalog_and_pdf,not_imported,,https://wdown.ebsi.co.kr/W61001/01exam/20190410/go3/g_che2_mun_EaJswFCH_10.pdf
2019,3,4,school_mock,science,chemistry-2,solution,manual_review,identity_unverifiable,confirmed,official_catalog_and_pdf,not_imported,,https://wdown.ebsi.co.kr/W61001/01exam/20190410/go3/g_che2_hsj_MwVN7miR_10.pdf
2019,3,4,school_mock,science,earth-science-1,question,manual_review,identity_unverifiable,confirmed,official_catalog_and_pdf,not_imported,,https://wdown.ebsi.co.kr/W61001/01exam/20190410/go3/g_ear1_mun_JXrRjbDt_02_10.pdf
2019,3,4,school_mock,science,earth-science-1,solution,manual_review,identity_unverifiable,confirmed,official_catalog_and_pdf,not_imported,,https://wdown.ebsi.co.kr/W61001/01exam/20190410/go3/g_ear1_hsj_Vjp3b6uI_10.pdf
2019,3,4,school_mock,science,earth-science-2,question,manual_review,identity_unverifiable,confirmed,official_catalog_and_pdf,not_imported,,https://wdown.ebsi.co.kr/W61001/01exam/20190410/go3/g_ear2_mun_6KZmcK8r_10.pdf
2019,3,4,school_mock,science,earth-science-2,solution,manual_review,identity_unverifiable,confirmed,official_catalog_and_pdf,not_imported,,https://wdown.ebsi.co.kr/W61001/01exam/20190410/go3/g_ear2_hsj_nyeKzGZu_10.pdf
2019,3,4,school_mock,science,life-science-1,question,manual_review,identity_unverifiable,confirmed,official_catalog_and_pdf,not_imported,,https://wdown.ebsi.co.kr/W61001/01exam/20190410/go3/g_bio1_mun_1o8yfogk_10.pdf
2019,3,4,school_mock,science,life-science-1,solution,manual_review,identity_unverifiable,confirmed,official_catalog_and_pdf,not_imported,,https://wdown.ebsi.co.kr/W61001/01exam/20190410/go3/g_bio1_hsj_rBoe2U8Q_10.pdf
2019,3,4,school_mock,science,life-science-2,question,manual_review,identity_unverifiable,confirmed,official_catalog_and_pdf,not_imported,,https://wdown.ebsi.co.kr/W61001/01exam/20190410/go3/g_bio2_mun_Ozyfyz5b_10.pdf
2019,3,4,school_mock,science,life-science-2,solution,manual_review,identity_unverifiable,confirmed,official_catalog_and_pdf,not_imported,,https://wdown.ebsi.co.kr/W61001/01exam/20190410/go3/g_bio2_hsj_9Odutox7_10.pdf
2019,3,4,school_mock,science,physics-1,question,manual_review,identity_unverifiable,confirmed,official_catalog_and_pdf,not_imported,,https://wdown.ebsi.co.kr/W61001/01exam/20190410/go3/g_phy1_mun_gC81Tbdk_10.pdf
2019,3,4,school_mock,science,physics-1,solution,manual_review,identity_unverifiable,confirmed,official_catalog_and_pdf,not_imported,,https://wdown.ebsi.co.kr/W61001/01exam/20190410/go3/g_phy1_hsj_Rf3sllNY_10.pdf
2019,3,4,school_mock,science,physics-2,question,manual_review,identity_unverifiable,confirmed,official_catalog_and_pdf,not_imported,,https://wdown.ebsi.co.kr/W61001/01exam/20190410/go3/g_phy2_mun_3HvoFOAm_10.pdf
2019,3,4,school_mock,science,physics-2,solution,manual_review,identity_unverifiable,confirmed,official_catalog_and_pdf,not_imported,,https://wdown.ebsi.co.kr/W61001/01exam/20190410/go3/g_phy2_hsj_U1Gj03oH_10.pdf
2019,3,6,kice_mock,korean,,question,manual_review,identity_unverifiable,confirmed,official_catalog_and_pdf,not_imported,,https://wdown.ebsi.co.kr/W61001/01exam/20190604/go3/kor_mun_FRaqbC8w_02_10.pdf
2019,3,6,kice_mock,korean,,solution,manual_review,identity_unverifiable,confirmed,official_catalog_and_pdf,not_imported,,https://wdown.ebsi.co.kr/W61001/01exam/20190604/go3/kor_hsj_oHMwVN7m_11.pdf
2019,3,6,kice_mock,math,math-a,question,manual_review,identity_unverifiable,confirmed,official_catalog_and_pdf,not_imported,,https://wdown.ebsi.co.kr/W61001/01exam/20190604/go3/matha_mun_SA1XvpFV_10.pdf
2019,3,6,kice_mock,math,math-a,solution,manual_review,identity_unverifiable,confirmed,official_catalog_and_pdf,not_imported,,https://wdown.ebsi.co.kr/W61001/01exam/20190604/go3/matha_hsj_iR9Oduto_11.pdf
2019,3,6,kice_mock,math,math-b,question,manual_review,identity_unverifiable,confirmed,official_catalog_and_pdf,not_imported,,https://wdown.ebsi.co.kr/W61001/01exam/20190604/go3/mathb_mun_jCRGryWt_10.pdf
2019,3,6,kice_mock,math,math-b,solution,manual_review,identity_unverifiable,confirmed,official_catalog_and_pdf,not_imported,,https://wdown.ebsi.co.kr/W61001/01exam/20190604/go3/mathb_hsj_x7nyeKzG_11.pdf
2019,3,6,kice_mock,english,,question,manual_review,identity_unverifiable,confirmed,official_catalog_and_pdf,not_imported,,https://wdown.ebsi.co.kr/W61001/01exam/20190604/go3/eng_mun_IIZS2TRq_10.pdf
2019,3,6,kice_mock,english,,solution,manual_review,identity_unverifiable,confirmed,official_catalog_and_pdf,not_imported,,https://wdown.ebsi.co.kr/W61001/01exam/20190604/go3/eng_hsj_ZuNY1SWo_11.pdf
2019,3,6,kice_mock,history,,question,manual_review,identity_unverifiable,confirmed,official_catalog_and_pdf,not_imported,,https://wdown.ebsi.co.kr/W61001/01exam/20190604/go3/s_his_mun_f69aZbLA_10.pdf
2019,3,6,kice_mock,history,,solution,manual_review,identity_unverifiable,confirmed,official_catalog_and_pdf,not_imported,,https://wdown.ebsi.co.kr/W61001/01exam/20190604/go3/s_his_hsj_BDyseVwr_11.pdf
2019,3,6,kice_mock,social,east-asian-history,question,manual_review,identity_unverifiable,confirmed,official_catalog_and_pdf,not_imported,,https://wdown.ebsi.co.kr/W61001/01exam/20190604/go3/s_easta_mun_ix4A2Dre_10.pdf
2019,3,6,kice_mock,social,east-asian-history,solution,manual_review,identity_unverifiable,confirmed,official_catalog_and_pdf,not_imported,,https://wdown.ebsi.co.kr/W61001/01exam/20190604/go3/s_easta_hsj_HFnwpGR8_11.pdf
2019,3,6,kice_mock,social,economics,question,manual_review,identity_unverifiable,confirmed,official_catalog_and_pdf,not_imported,,https://wdown.ebsi.co.kr/W61001/01exam/20190604/go3/s_eco_mun_YAPNXRPm_10.pdf
2019,3,6,kice_mock,social,economics,solution,manual_review,identity_unverifiable,confirmed,official_catalog_and_pdf,not_imported,,https://wdown.ebsi.co.kr/W61001/01exam/20190604/go3/s_eco_hsj_FopYC98B_11.pdf
2019,3,6,kice_mock,social,ethics-and-thought,question,manual_review,identity_unverifiable,confirmed,official_catalog_and_pdf,not_imported,,https://wdown.ebsi.co.kr/W61001/01exam/20190604/go3/s_yrnss_mun_HM3SOlbp_10.pdf
2019,3,6,kice_mock,social,ethics-and-thought,solution,manual_review,identity_unverifiable,confirmed,official_catalog_and_pdf,not_imported,,https://wdown.ebsi.co.kr/W61001/01exam/20190604/go3/s_yrnss_hsj_7yRLVbND_11.pdf
2019,3,6,kice_mock,social,korean-geography,question,manual_review,identity_unverifiable,confirmed,official_catalog_and_pdf,not_imported,,https://wdown.ebsi.co.kr/W61001/01exam/20190604/go3/s_hanji_mun_H71yEXUI_10.pdf
2019,3,6,kice_mock,social,korean-geography,solution,manual_review,identity_unverifiable,confirmed,official_catalog_and_pdf,not_imported,,https://wdown.ebsi.co.kr/W61001/01exam/20190604/go3/s_hanji_hsj_N4CxpAOA_11.pdf
2019,3,6,kice_mock,social,life-and-ethics,question,manual_review,identity_unverifiable,confirmed,official_catalog_and_pdf,not_imported,,https://wdown.ebsi.co.kr/W61001/01exam/20190604/go3/s_ssnyr_mun_X3cf3edn_10.pdf
2019,3,6,kice_mock,social,life-and-ethics,solution,manual_review,identity_unverifiable,confirmed,official_catalog_and_pdf,not_imported,,https://wdown.ebsi.co.kr/W61001/01exam/20190604/go3/s_ssnyr_hsj_blZz02H6_11.pdf
2019,3,6,kice_mock,social,politics-and-law,question,manual_review,identity_unverifiable,confirmed,official_catalog_and_pdf,not_imported,,https://wdown.ebsi.co.kr/W61001/01exam/20190604/go3/s_bnj_mun_HkidcDjo_10.pdf
2019,3,6,kice_mock,social,politics-and-law,solution,manual_review,identity_unverifiable,confirmed,official_catalog_and_pdf,not_imported,,https://wdown.ebsi.co.kr/W61001/01exam/20190604/go3/s_bnj_hsj_e4fDGCl9_11.pdf
2019,3,6,kice_mock,social,social-culture,question,manual_review,identity_unverifiable,confirmed,official_catalog_and_pdf,not_imported,,https://wdown.ebsi.co.kr/W61001/01exam/20190604/go3/s_samun_mun_carcR4ZD_10.pdf
2019,3,6,kice_mock,social,social-culture,solution,manual_review,identity_unverifiable,confirmed,official_catalog_and_pdf,not_imported,,https://wdown.ebsi.co.kr/W61001/01exam/20190604/go3/s_samun_hsj_i89QtpfT_11.pdf
2019,3,6,kice_mock,social,world-geography,question,manual_review,identity_unverifiable,confirmed,official_catalog_and_pdf,not_imported,,https://wdown.ebsi.co.kr/W61001/01exam/20190604/go3/s_saeji_mun_EAOeIiGX_10.pdf
2019,3,6,kice_mock,social,world-geography,solution,manual_review,identity_unverifiable,confirmed,official_catalog_and_pdf,not_imported,,https://wdown.ebsi.co.kr/W61001/01exam/20190604/go3/s_saeji_hsj_kK5LqN33_11.pdf
2019,3,6,kice_mock,social,world-history,question,manual_review,identity_unverifiable,confirmed,official_catalog_and_pdf,not_imported,,https://wdown.ebsi.co.kr/W61001/01exam/20190604/go3/s_sks_mun_BBsQwY6Y_10.pdf
2019,3,6,kice_mock,social,world-history,solution,manual_review,identity_unverifiable,confirmed,official_catalog_and_pdf,not_imported,,https://wdown.ebsi.co.kr/W61001/01exam/20190604/go3/s_sks_hsj_81Np7vXe_11.pdf
2019,3,6,kice_mock,science,chemistry-1,question,manual_review,identity_unverifiable,confirmed,official_catalog_and_pdf,not_imported,,https://wdown.ebsi.co.kr/W61001/01exam/20190604/go3/g_che1_mun_SmLAztxc_10.pdf
2019,3,6,kice_mock,science,chemistry-1,solution,manual_review,identity_unverifiable,confirmed,official_catalog_and_pdf,not_imported,,https://wdown.ebsi.co.kr/W61001/01exam/20190604/go3/g_che1_hsj_opWd7KKQ_11.pdf
2019,3,6,kice_mock,science,chemistry-2,question,manual_review,identity_unverifiable,confirmed,official_catalog_and_pdf,not_imported,,https://wdown.ebsi.co.kr/W61001/01exam/20190604/go3/g_che2_mun_EaJswFCH_10.pdf
2019,3,6,kice_mock,science,chemistry-2,solution,manual_review,identity_unverifiable,confirmed,official_catalog_and_pdf,not_imported,,https://wdown.ebsi.co.kr/W61001/01exam/20190604/go3/g_che2_hsj_utJLtosJ_11.pdf
2019,3,6,kice_mock,science,earth-science-1,question,manual_review,identity_unverifiable,confirmed,official_catalog_and_pdf,not_imported,,https://wdown.ebsi.co.kr/W61001/01exam/20190604/go3/g_ear1_mun_JXrRjbDt_10.pdf
2019,3,6,kice_mock,science,earth-science-1,solution,manual_review,identity_unverifiable,confirmed,official_catalog_and_pdf,not_imported,,https://wdown.ebsi.co.kr/W61001/01exam/20190604/go3/g_ear1_hsj_FUtLch9w_11.pdf
2019,3,6,kice_mock,science,earth-science-2,question,manual_review,identity_unverifiable,confirmed,official_catalog_and_pdf,not_imported,,https://wdown.ebsi.co.kr/W61001/01exam/20190604/go3/g_ear2_mun_6KZmcK8r_10.pdf
2019,3,6,kice_mock,science,earth-science-2,solution,manual_review,identity_unverifiable,confirmed,official_catalog_and_pdf,not_imported,,https://wdown.ebsi.co.kr/W61001/01exam/20190604/go3/g_ear2_hsj_Byh133tY_11.pdf
2019,3,6,kice_mock,science,life-science-1,question,manual_review,identity_unverifiable,confirmed,official_catalog_and_pdf,not_imported,,https://wdown.ebsi.co.kr/W61001/01exam/20190604/go3/g_bio1_mun_1o8yfogk_10.pdf
2019,3,6,kice_mock,science,life-science-1,solution,manual_review,identity_unverifiable,confirmed,official_catalog_and_pdf,not_imported,,https://wdown.ebsi.co.kr/W61001/01exam/20190604/go3/g_bio1_hsj_pQq5pnee_11.pdf
2019,3,6,kice_mock,science,life-science-2,question,manual_review,identity_unverifiable,confirmed,official_catalog_and_pdf,not_imported,,https://wdown.ebsi.co.kr/W61001/01exam/20190604/go3/g_bio2_mun_Ozyfyz5b_10.pdf
2019,3,6,kice_mock,science,life-science-2,solution,manual_review,identity_unverifiable,confirmed,official_catalog_and_pdf,not_imported,,https://wdown.ebsi.co.kr/W61001/01exam/20190604/go3/g_bio2_hsj_3Ih7jtrS_11.pdf
2019,3,6,kice_mock,science,physics-1,question,manual_review,identity_unverifiable,confirmed,official_catalog_and_pdf,not_imported,,https://wdown.ebsi.co.kr/W61001/01exam/20190604/go3/g_phy1_mun_gC81Tbdk_04_10.pdf
2019,3,6,kice_mock,science,physics-1,solution,manual_review,identity_unverifiable,confirmed,official_catalog_and_pdf,not_imported,,https://wdown.ebsi.co.kr/W61001/01exam/20190604/go3/g_phy1_hsj_YSl1q4gt_11.pdf
2019,3,6,kice_mock,science,physics-2,question,manual_review,identity_unverifiable,confirmed,official_catalog_and_pdf,not_imported,,https://wdown.ebsi.co.kr/W61001/01exam/20190604/go3/g_phy2_mun_3HvoFOAm_10.pdf
2019,3,6,kice_mock,science,physics-2,solution,manual_review,identity_unverifiable,confirmed,official_catalog_and_pdf,not_imported,,https://wdown.ebsi.co.kr/W61001/01exam/20190604/go3/g_phy2_hsj_PiyAphwF_11.pdf
2019,3,6,kice_mock,vocational,accounting-principles,question,manual_review,identity_unverifiable,confirmed,official_catalog_and_pdf,not_imported,,https://wdown.ebsi.co.kr/W61001/01exam/20190604/go3/J_one_mun_xpTljBOh_10.pdf
2019,3,6,kice_mock,vocational,accounting-principles,solution,manual_review,identity_unverifiable,confirmed,official_catalog_and_pdf,not_imported,,https://wdown.ebsi.co.kr/W61001/01exam/20190604/go3/J_one_hsj_68V8zDv6_11.pdf
2019,3,6,kice_mock,vocational,agriculture-basics,question,manual_review,identity_unverifiable,confirmed,official_catalog_and_pdf,not_imported,,https://wdown.ebsi.co.kr/W61001/01exam/20190604/go3/J_nupgi_mun_6Ci6nx8d_10.pdf
2019,3,6,kice_mock,vocational,agriculture-basics,solution,manual_review,identity_unverifiable,confirmed,official_catalog_and_pdf,not_imported,,https://wdown.ebsi.co.kr/W61001/01exam/20190604/go3/J_nupgi_hsj_v0YKpDS7_11.pdf
2019,3,6,kice_mock,vocational,agriculture-understanding,question,manual_review,identity_unverifiable,confirmed,official_catalog_and_pdf,not_imported,,https://wdown.ebsi.co.kr/W61001/01exam/20190604/go3/J_nup_mun_6beUzmRf_10.pdf
2019,3,6,kice_mock,vocational,agriculture-understanding,solution,manual_review,identity_unverifiable,confirmed,official_catalog_and_pdf,not_imported,,https://wdown.ebsi.co.kr/W61001/01exam/20190604/go3/J_nup_hsj_wlib4g3S_11.pdf
2019,3,6,kice_mock,vocational,basic-drafting,question,manual_review,identity_unverifiable,confirmed,official_catalog_and_pdf,not_imported,,https://wdown.ebsi.co.kr/W61001/01exam/20190604/go3/J_kicho_mun_NQptgFrY_10.pdf
2019,3,6,kice_mock,vocational,basic-drafting,solution,manual_review,identity_unverifiable,confirmed,official_catalog_and_pdf,not_imported,,https://wdown.ebsi.co.kr/W61001/01exam/20190604/go3/J_kicho_hsj_cYTjr8cU_11.pdf
2019,3,6,kice_mock,vocational,commercial-economics,question,manual_review,identity_unverifiable,confirmed,official_catalog_and_pdf,not_imported,,https://wdown.ebsi.co.kr/W61001/01exam/20190604/go3/J_sangup_mun_ILoygXLs_10.pdf
2019,3,6,kice_mock,vocational,commercial-economics,solution,manual_review,identity_unverifiable,confirmed,official_catalog_and_pdf,not_imported,,https://wdown.ebsi.co.kr/W61001/01exam/20190604/go3/J_sangup_hsj_6xfPTeip_11.pdf
2019,3,6,kice_mock,vocational,fisheries-and-shipping,question,manual_review,identity_unverifiable,confirmed,official_catalog_and_pdf,not_imported,,https://wdown.ebsi.co.kr/W61001/01exam/20190604/go3/J_susan_mun_XsL1c00g_10.pdf
2019,3,6,kice_mock,vocational,fisheries-and-shipping,solution,manual_review,identity_unverifiable,confirmed,official_catalog_and_pdf,not_imported,,https://wdown.ebsi.co.kr/W61001/01exam/20190604/go3/J_susan_hsj_d2VqKwRP_11.pdf
2019,3,6,kice_mock,vocational,human-development,question,manual_review,identity_unverifiable,confirmed,official_catalog_and_pdf,not_imported,,https://wdown.ebsi.co.kr/W61001/01exam/20190604/go3/J_inkan_mun_oZolmRBa_10.pdf
2019,3,6,kice_mock,vocational,human-development,solution,manual_review,identity_unverifiable,confirmed,official_catalog_and_pdf,not_imported,,https://wdown.ebsi.co.kr/W61001/01exam/20190604/go3/J_inkan_hsj_QIWDO3hR_11.pdf
2019,3,6,kice_mock,vocational,industry-general,question,manual_review,identity_unverifiable,confirmed,official_catalog_and_pdf,not_imported,,https://wdown.ebsi.co.kr/W61001/01exam/20190604/go3/J_gup_mun_yDd3OJXs_10.pdf
2019,3,6,kice_mock,vocational,industry-general,solution,manual_review,identity_unverifiable,confirmed,official_catalog_and_pdf,not_imported,,https://wdown.ebsi.co.kr/W61001/01exam/20190604/go3/J_gup_hsj_hx27kBnc_11.pdf
2019,3,6,kice_mock,vocational,ocean-understanding,question,manual_review,identity_unverifiable,confirmed,official_catalog_and_pdf,not_imported,,https://wdown.ebsi.co.kr/W61001/01exam/20190604/go3/J_hae_mun_8s4KWiGt_10.pdf
2019,3,6,kice_mock,vocational,ocean-understanding,solution,manual_review,identity_unverifiable,confirmed,official_catalog_and_pdf,not_imported,,https://wdown.ebsi.co.kr/W61001/01exam/20190604/go3/J_hae_hsj_0gxapzha_11.pdf
2019,3,6,kice_mock,vocational,service-industry-understanding,question,manual_review,identity_unverifiable,confirmed,official_catalog_and_pdf,not_imported,,https://wdown.ebsi.co.kr/W61001/01exam/20190604/go3/J_ser_mun_YFkuutSg_10.pdf
2019,3,6,kice_mock,vocational,service-industry-understanding,solution,manual_review,identity_unverifiable,confirmed,official_catalog_and_pdf,not_imported,,https://wdown.ebsi.co.kr/W61001/01exam/20190604/go3/J_ser_hsj_DT6Z3Lst_11.pdf
2019,3,6,kice_mock,second_language,arabic-1,question,manual_review,identity_unverifiable,confirmed,official_catalog_and_pdf,not_imported,,https://wdown.ebsi.co.kr/W61001/01exam/20190604/go3/2nd_ar_mun_zfoV1qdi_10.pdf
2019,3,6,kice_mock,second_language,arabic-1,solution,manual_review,identity_unverifiable,confirmed,official_catalog_and_pdf,not_imported,,https://wdown.ebsi.co.kr/W61001/01exam/20190604/go3/2nd_ar_hsj_KtKufVma_11.pdf
2019,3,6,kice_mock,second_language,chinese-1,question,manual_review,identity_unverifiable,confirmed,official_catalog_and_pdf,not_imported,,https://wdown.ebsi.co.kr/W61001/01exam/20190604/go3/2nd_ch_mun_5U9T3TGJ_10.pdf
2019,3,6,kice_mock,second_language,chinese-1,solution,manual_review,identity_unverifiable,confirmed,official_catalog_and_pdf,not_imported,,https://wdown.ebsi.co.kr/W61001/01exam/20190604/go3/2nd_ch_hsj_adTMVwVn_11.pdf
2019,3,6,kice_mock,second_language,classical-chinese-1,question,manual_review,identity_unverifiable,confirmed,official_catalog_and_pdf,not_imported,,https://wdown.ebsi.co.kr/W61001/01exam/20190604/go3/2nd_han_mun_HfqR77bi_02_10.pdf
2019,3,6,kice_mock,second_language,classical-chinese-1,solution,manual_review,identity_unverifiable,confirmed,official_catalog_and_pdf,not_imported,,https://wdown.ebsi.co.kr/W61001/01exam/20190604/go3/2nd_han_hsj_GQvnbEG1_11.pdf
2019,3,6,kice_mock,second_language,french-1,question,manual_review,identity_unverifiable,confirmed,official_catalog_and_pdf,not_imported,,https://wdown.ebsi.co.kr/W61001/01exam/20190604/go3/2nd_fr_mun_V6uPDVni_10.pdf
2019,3,6,kice_mock,second_language,french-1,solution,manual_review,identity_unverifiable,confirmed,official_catalog_and_pdf,not_imported,,https://wdown.ebsi.co.kr/W61001/01exam/20190604/go3/2nd_fr_hsj_CWO6hm8U_11.pdf
2019,3,6,kice_mock,second_language,german-1,question,manual_review,identity_unverifiable,confirmed,official_catalog_and_pdf,not_imported,,https://wdown.ebsi.co.kr/W61001/01exam/20190604/go3/2nd_gr_mun_cOrBLSAQ_10.pdf
2019,3,6,kice_mock,second_language,german-1,solution,manual_review,identity_unverifiable,confirmed,official_catalog_and_pdf,not_imported,,https://wdown.ebsi.co.kr/W61001/01exam/20190604/go3/2nd_gr_hsj_PGtPrPrv_11.pdf
2019,3,6,kice_mock,second_language,japanese-1,question,manual_review,identity_unverifiable,confirmed,official_catalog_and_pdf,not_imported,,https://wdown.ebsi.co.kr/W61001/01exam/20190604/go3/2nd_ja_mun_2TUSzbAU_10.pdf
2019,3,6,kice_mock,second_language,japanese-1,solution,manual_review,identity_unverifiable,confirmed,official_catalog_and_pdf,not_imported,,https://wdown.ebsi.co.kr/W61001/01exam/20190604/go3/2nd_ja_hsj_20lbhsKd_11.pdf
2019,3,6,kice_mock,second_language,russian-1,question,manual_review,identity_unverifiable,confirmed,official_catalog_and_pdf,not_imported,,https://wdown.ebsi.co.kr/W61001/01exam/20190604/go3/2nd_ru_mun_fKRfcjcM_10.pdf
2019,3,6,kice_mock,second_language,russian-1,solution,manual_review,identity_unverifiable,confirmed,official_catalog_and_pdf,not_imported,,https://wdown.ebsi.co.kr/W61001/01exam/20190604/go3/2nd_ru_hsj_6QR7j1Ha_11.pdf
2019,3,6,kice_mock,second_language,spanish-1,question,manual_review,identity_unverifiable,confirmed,official_catalog_and_pdf,not_imported,,https://wdown.ebsi.co.kr/W61001/01exam/20190604/go3/2nd_sp_mun_SnRMWuLn_10.pdf
2019,3,6,kice_mock,second_language,spanish-1,solution,manual_review,identity_unverifiable,confirmed,official_catalog_and_pdf,not_imported,,https://wdown.ebsi.co.kr/W61001/01exam/20190604/go3/2nd_sp_hsj_a8d9Ee4z_11.pdf
2019,3,6,kice_mock,second_language,vietnamese-1,question,manual_review,identity_unverifiable,confirmed,official_catalog_and_pdf,not_imported,,https://wdown.ebsi.co.kr/W61001/01exam/20190604/go3/2nd_vit_mun_ixjnzi95_10.pdf
2019,3,6,kice_mock,second_language,vietnamese-1,solution,manual_review,identity_unverifiable,confirmed,official_catalog_and_pdf,not_imported,,https://wdown.ebsi.co.kr/W61001/01exam/20190604/go3/2nd_vit_hsj_0osA91E9_11.pdf
2019,3,7,school_mock,korean,,question,manual_review,identity_unverifiable,confirmed,official_catalog_and_pdf,not_imported,,https://wdown.ebsi.co.kr/W61001/01exam/20190710/go3/kor_mun_B7O27LD1_10.pdf
2019,3,7,school_mock,korean,,solution,manual_review,identity_unverifiable,confirmed,official_catalog_and_pdf,not_imported,,https://wdown.ebsi.co.kr/W61001/01exam/20190710/go3/kor_hsj_F1HVL4Q4_10.pdf
2019,3,7,school_mock,math,math-a,question,manual_review,identity_unverifiable,confirmed,official_catalog_and_pdf,not_imported,,https://wdown.ebsi.co.kr/W61001/01exam/20190710/go3/matha_mun_H128MBX1_10.pdf
2019,3,7,school_mock,math,math-a,solution,manual_review,identity_unverifiable,confirmed,official_catalog_and_pdf,not_imported,,https://wdown.ebsi.co.kr/W61001/01exam/20190710/go3/matha_hsj_SPRKW74T_10.pdf
2019,3,7,school_mock,math,math-b,question,manual_review,identity_unverifiable,confirmed,official_catalog_and_pdf,not_imported,,https://wdown.ebsi.co.kr/W61001/01exam/20190710/go3/mathb_mun_14985W6S_10.pdf
2019,3,7,school_mock,math,math-b,solution,manual_review,identity_unverifiable,confirmed,official_catalog_and_pdf,not_imported,,https://wdown.ebsi.co.kr/W61001/01exam/20190710/go3/mathb_hsj_S22F3MV4_10.pdf
2019,3,7,school_mock,english,,question,manual_review,identity_unverifiable,confirmed,official_catalog_and_pdf,not_imported,,https://wdown.ebsi.co.kr/W61001/01exam/20190710/go3/eng_mun_Z5DK2B89_12_10.pdf
2019,3,7,school_mock,english,,solution,manual_review,identity_unverifiable,confirmed,official_catalog_and_pdf,not_imported,,https://wdown.ebsi.co.kr/W61001/01exam/20190710/go3/eng_hsj_C9U93T7N_10.pdf
2019,3,7,school_mock,history,,question,manual_review,identity_unverifiable,confirmed,official_catalog_and_pdf,not_imported,,https://wdown.ebsi.co.kr/W61001/01exam/20190710/go3/s_his_mun_41EXUNB4_10.pdf
2019,3,7,school_mock,history,,solution,manual_review,identity_unverifiable,confirmed,official_catalog_and_pdf,not_imported,,https://wdown.ebsi.co.kr/W61001/01exam/20190710/go3/s_his_hsj_6V8C6V5M_10.pdf
2019,3,7,school_mock,social,east-asian-history,question,manual_review,identity_unverifiable,confirmed,official_catalog_and_pdf,not_imported,,https://wdown.ebsi.co.kr/W61001/01exam/20190710/go3/s_easta_mun_4CN7752Q_10.pdf
2019,3,7,school_mock,social,east-asian-history,solution,manual_review,identity_unverifiable,confirmed,official_catalog_and_pdf,not_imported,,https://wdown.ebsi.co.kr/W61001/01exam/20190710/go3/s_easta_hsj_G2KOS5B7_10.pdf
2019,3,7,school_mock,social,economics,question,manual_review,identity_unverifiable,confirmed,official_catalog_and_pdf,not_imported,,https://wdown.ebsi.co.kr/W61001/01exam/20190710/go3/s_eco_mun_NE5DO24P_10.pdf
2019,3,7,school_mock,social,economics,solution,manual_review,identity_unverifiable,confirmed,official_catalog_and_pdf,not_imported,,https://wdown.ebsi.co.kr/W61001/01exam/20190710/go3/s_eco_hsj_JAF4LXTB_10.pdf
2019,3,7,school_mock,social,ethics-and-thought,question,manual_review,identity_unverifiable,confirmed,official_catalog_and_pdf,not_imported,,https://wdown.ebsi.co.kr/W61001/01exam/20190710/go3/s_yrnss_mun_92WNFIP9_10.pdf
2019,3,7,school_mock,social,ethics-and-thought,solution,manual_review,identity_unverifiable,confirmed,official_catalog_and_pdf,not_imported,,https://wdown.ebsi.co.kr/W61001/01exam/20190710/go3/s_yrnss_hsj_R7B41H21_10.pdf
2019,3,7,school_mock,social,korean-geography,question,manual_review,identity_unverifiable,confirmed,official_catalog_and_pdf,not_imported,,https://wdown.ebsi.co.kr/W61001/01exam/20190710/go3/s_hanji_mun_397YA5EG_10.pdf
2019,3,7,school_mock,social,korean-geography,solution,manual_review,identity_unverifiable,confirmed,official_catalog_and_pdf,not_imported,,https://wdown.ebsi.co.kr/W61001/01exam/20190710/go3/s_hanji_hsj_MT76448J_10.pdf
2019,3,7,school_mock,social,life-and-ethics,question,manual_review,identity_unverifiable,confirmed,official_catalog_and_pdf,not_imported,,https://wdown.ebsi.co.kr/W61001/01exam/20190710/go3/s_ssnyr_mun_EC74H6T5_10.pdf
2019,3,7,school_mock,social,life-and-ethics,solution,manual_review,identity_unverifiable,confirmed,official_catalog_and_pdf,not_imported,,https://wdown.ebsi.co.kr/W61001/01exam/20190710/go3/s_ssnyr_hsj_6ZA8B6L2_10.pdf
2019,3,7,school_mock,social,politics-and-law,question,manual_review,identity_unverifiable,confirmed,official_catalog_and_pdf,not_imported,,https://wdown.ebsi.co.kr/W61001/01exam/20190710/go3/s_bnj_mun_627D8MX5_10.pdf
2019,3,7,school_mock,social,politics-and-law,solution,manual_review,identity_unverifiable,confirmed,official_catalog_and_pdf,not_imported,,https://wdown.ebsi.co.kr/W61001/01exam/20190710/go3/s_bnj_hsj_HK26B41W_10.pdf
2019,3,7,school_mock,social,social-culture,question,manual_review,identity_unverifiable,confirmed,official_catalog_and_pdf,not_imported,,https://wdown.ebsi.co.kr/W61001/01exam/20190710/go3/s_samun_mun_EII2W825_10.pdf
2019,3,7,school_mock,social,social-culture,solution,manual_review,identity_unverifiable,confirmed,official_catalog_and_pdf,not_imported,,https://wdown.ebsi.co.kr/W61001/01exam/20190710/go3/s_samun_hsj_789GDG35_10.pdf
2019,3,7,school_mock,social,world-geography,question,manual_review,identity_unverifiable,confirmed,official_catalog_and_pdf,not_imported,,https://wdown.ebsi.co.kr/W61001/01exam/20190710/go3/s_saeji_mun_GYH96QCZ_10.pdf
2019,3,7,school_mock,social,world-geography,solution,manual_review,identity_unverifiable,confirmed,official_catalog_and_pdf,not_imported,,https://wdown.ebsi.co.kr/W61001/01exam/20190710/go3/s_saeji_hsj_6Z482925_10.pdf
2019,3,7,school_mock,social,world-history,question,manual_review,identity_unverifiable,confirmed,official_catalog_and_pdf,not_imported,,https://wdown.ebsi.co.kr/W61001/01exam/20190710/go3/s_sks_mun_1EAV5P1I_10.pdf
2019,3,7,school_mock,social,world-history,solution,manual_review,identity_unverifiable,confirmed,official_catalog_and_pdf,not_imported,,https://wdown.ebsi.co.kr/W61001/01exam/20190710/go3/s_sks_hsj_84J3441Y_10.pdf
2019,3,7,school_mock,science,chemistry-1,question,manual_review,identity_unverifiable,confirmed,official_catalog_and_pdf,not_imported,,https://wdown.ebsi.co.kr/W61001/01exam/20190710/go3/g_che1_mun_AAQ771AR_10.pdf
2019,3,7,school_mock,science,chemistry-1,solution,manual_review,identity_unverifiable,confirmed,official_catalog_and_pdf,not_imported,,https://wdown.ebsi.co.kr/W61001/01exam/20190710/go3/g_che1_hsj_H9G1VVF3_10.pdf
2019,3,7,school_mock,science,chemistry-2,question,manual_review,identity_unverifiable,confirmed,official_catalog_and_pdf,not_imported,,https://wdown.ebsi.co.kr/W61001/01exam/20190710/go3/g_che2_mun_TL295829_10.pdf
2019,3,7,school_mock,science,chemistry-2,solution,manual_review,identity_unverifiable,confirmed,official_catalog_and_pdf,not_imported,,https://wdown.ebsi.co.kr/W61001/01exam/20190710/go3/g_che2_hsj_1127V57E_10.pdf
2019,3,7,school_mock,science,earth-science-1,question,manual_review,identity_unverifiable,confirmed,official_catalog_and_pdf,not_imported,,https://wdown.ebsi.co.kr/W61001/01exam/20190710/go3/g_ear1_mun_1DL8HAF2_10.pdf
2019,3,7,school_mock,science,earth-science-1,solution,manual_review,identity_unverifiable,confirmed,official_catalog_and_pdf,not_imported,,https://wdown.ebsi.co.kr/W61001/01exam/20190710/go3/g_ear1_hsj_53J2DK7A_10.pdf
2019,3,7,school_mock,science,earth-science-2,question,manual_review,identity_unverifiable,confirmed,official_catalog_and_pdf,not_imported,,https://wdown.ebsi.co.kr/W61001/01exam/20190710/go3/g_ear2_mun_79TEOA39_10.pdf
2019,3,7,school_mock,science,earth-science-2,solution,manual_review,identity_unverifiable,confirmed,official_catalog_and_pdf,not_imported,,https://wdown.ebsi.co.kr/W61001/01exam/20190710/go3/g_ear2_hsj_1965F5KA_10.pdf
2019,3,7,school_mock,science,life-science-1,question,manual_review,identity_unverifiable,confirmed,official_catalog_and_pdf,not_imported,,https://wdown.ebsi.co.kr/W61001/01exam/20190710/go3/g_bio1_mun_BJ72PLOI_10.pdf
2019,3,7,school_mock,science,life-science-1,solution,manual_review,identity_unverifiable,confirmed,official_catalog_and_pdf,not_imported,,https://wdown.ebsi.co.kr/W61001/01exam/20190710/go3/g_bio1_hsj_1L35U56O_10.pdf
2019,3,7,school_mock,science,life-science-2,question,manual_review,identity_unverifiable,confirmed,official_catalog_and_pdf,not_imported,,https://wdown.ebsi.co.kr/W61001/01exam/20190710/go3/g_bio2_mun_GHGKAO67_10.pdf
2019,3,7,school_mock,science,life-science-2,solution,manual_review,identity_unverifiable,confirmed,official_catalog_and_pdf,not_imported,,https://wdown.ebsi.co.kr/W61001/01exam/20190710/go3/g_bio2_hsj_PW9FAO1Q_10.pdf
2019,3,7,school_mock,science,physics-1,question,manual_review,identity_unverifiable,confirmed,official_catalog_and_pdf,not_imported,,https://wdown.ebsi.co.kr/W61001/01exam/20190710/go3/g_phy1_mun_4GWA6HYL_10.pdf
2019,3,7,school_mock,science,physics-1,solution,manual_review,identity_unverifiable,confirmed,official_catalog_and_pdf,not_imported,,https://wdown.ebsi.co.kr/W61001/01exam/20190710/go3/g_phy1_hsj_46ALYMGQ_10.pdf
2019,3,7,school_mock,science,physics-2,question,manual_review,identity_unverifiable,confirmed,official_catalog_and_pdf,not_imported,,https://wdown.ebsi.co.kr/W61001/01exam/20190710/go3/g_phy2_mun_42VQ6K8A_10.pdf
2019,3,7,school_mock,science,physics-2,solution,manual_review,identity_unverifiable,confirmed,official_catalog_and_pdf,not_imported,,https://wdown.ebsi.co.kr/W61001/01exam/20190710/go3/g_phy2_hsj_VC413713_10.pdf
2019,3,9,kice_mock,korean,,question,manual_review,identity_unverifiable,confirmed,official_catalog_and_pdf,not_imported,,https://wdown.ebsi.co.kr/W61001/01exam/20190904/go3/kor_mun_RAAGQO9I_10.pdf
2019,3,9,kice_mock,korean,,solution,manual_review,identity_unverifiable,confirmed,official_catalog_and_pdf,not_imported,,https://wdown.ebsi.co.kr/W61001/01exam/20190904/go3/kor_hsj_E16IK6K5_11.pdf
2019,3,9,kice_mock,math,math-a,question,manual_review,identity_unverifiable,confirmed,official_catalog_and_pdf,not_imported,,https://wdown.ebsi.co.kr/W61001/01exam/20190904/go3/matha_mun_1521WXH2_10.pdf
2019,3,9,kice_mock,math,math-a,solution,manual_review,identity_unverifiable,confirmed,official_catalog_and_pdf,not_imported,,https://wdown.ebsi.co.kr/W61001/01exam/20190904/go3/matha_hsj_9A5I1RW6_11.pdf
2019,3,9,kice_mock,math,math-b,question,manual_review,identity_unverifiable,confirmed,official_catalog_and_pdf,not_imported,,https://wdown.ebsi.co.kr/W61001/01exam/20190904/go3/mathb_mun_61434P9G_10.pdf
2019,3,9,kice_mock,math,math-b,solution,manual_review,identity_unverifiable,confirmed,official_catalog_and_pdf,not_imported,,https://wdown.ebsi.co.kr/W61001/01exam/20190904/go3/mathb_hsj_AF2AV2P6_11.pdf
2019,3,9,kice_mock,english,,question,manual_review,identity_unverifiable,confirmed,official_catalog_and_pdf,not_imported,,https://wdown.ebsi.co.kr/W61001/01exam/20190904/go3/eng_mun_U2812ZU3_10.pdf
2019,3,9,kice_mock,english,,solution,manual_review,identity_unverifiable,confirmed,official_catalog_and_pdf,not_imported,,https://wdown.ebsi.co.kr/W61001/01exam/20190904/go3/eng_hsj_576CED6K_11.pdf
2019,3,9,kice_mock,history,,question,manual_review,identity_unverifiable,confirmed,official_catalog_and_pdf,not_imported,,https://wdown.ebsi.co.kr/W61001/01exam/20190904/go3/s_his_mun_JM4F53CC_10.pdf
2019,3,9,kice_mock,history,,solution,manual_review,identity_unverifiable,confirmed,official_catalog_and_pdf,not_imported,,https://wdown.ebsi.co.kr/W61001/01exam/20190904/go3/s_his_hsj_8966B4K8_11.pdf
2019,3,9,kice_mock,social,east-asian-history,question,manual_review,identity_unverifiable,confirmed,official_catalog_and_pdf,not_imported,,https://wdown.ebsi.co.kr/W61001/01exam/20190904/go3/s_easta_mun_GZ8N6J72_10.pdf
2019,3,9,kice_mock,social,east-asian-history,solution,manual_review,identity_unverifiable,confirmed,official_catalog_and_pdf,not_imported,,https://wdown.ebsi.co.kr/W61001/01exam/20190904/go3/s_easta_hsj_6216VT2D_12.pdf
2019,3,9,kice_mock,social,economics,question,manual_review,identity_unverifiable,confirmed,official_catalog_and_pdf,not_imported,,https://wdown.ebsi.co.kr/W61001/01exam/20190904/go3/s_eco_mun_914V2D37_10.pdf
2019,3,9,kice_mock,social,economics,solution,manual_review,identity_unverifiable,confirmed,official_catalog_and_pdf,not_imported,,https://wdown.ebsi.co.kr/W61001/01exam/20190904/go3/s_eco_hsj_KX21AT4J_11.pdf
2019,3,9,kice_mock,social,ethics-and-thought,question,manual_review,identity_unverifiable,confirmed,official_catalog_and_pdf,not_imported,,https://wdown.ebsi.co.kr/W61001/01exam/20190904/go3/s_yrnss_mun_7Y465C75_10.pdf
2019,3,9,kice_mock,social,ethics-and-thought,solution,manual_review,identity_unverifiable,confirmed,official_catalog_and_pdf,not_imported,,https://wdown.ebsi.co.kr/W61001/01exam/20190904/go3/s_yrnss_hsj_F936333Q_11.pdf
2019,3,9,kice_mock,social,korean-geography,question,manual_review,identity_unverifiable,confirmed,official_catalog_and_pdf,not_imported,,https://wdown.ebsi.co.kr/W61001/01exam/20190904/go3/s_hanji_mun_5AFU49OS_10.pdf
2019,3,9,kice_mock,social,korean-geography,solution,manual_review,identity_unverifiable,confirmed,official_catalog_and_pdf,not_imported,,https://wdown.ebsi.co.kr/W61001/01exam/20190904/go3/s_hanji_hsj_L44842KJ_11.pdf
2019,3,9,kice_mock,social,life-and-ethics,question,manual_review,identity_unverifiable,confirmed,official_catalog_and_pdf,not_imported,,https://wdown.ebsi.co.kr/W61001/01exam/20190904/go3/s_ssnyr_mun_2Q1K3YE9_10.pdf
2019,3,9,kice_mock,social,life-and-ethics,solution,manual_review,identity_unverifiable,confirmed,official_catalog_and_pdf,not_imported,,https://wdown.ebsi.co.kr/W61001/01exam/20190904/go3/s_ssnyr_hsj_9P6OITGK_11.pdf
2019,3,9,kice_mock,social,politics-and-law,question,manual_review,identity_unverifiable,confirmed,official_catalog_and_pdf,not_imported,,https://wdown.ebsi.co.kr/W61001/01exam/20190904/go3/s_bnj_mun_3C8WD812_10.pdf
2019,3,9,kice_mock,social,politics-and-law,solution,manual_review,identity_unverifiable,confirmed,official_catalog_and_pdf,not_imported,,https://wdown.ebsi.co.kr/W61001/01exam/20190904/go3/s_bnj_hsj_C5J96CBC_11.pdf
2019,3,9,kice_mock,social,social-culture,question,manual_review,identity_unverifiable,confirmed,official_catalog_and_pdf,not_imported,,https://wdown.ebsi.co.kr/W61001/01exam/20190904/go3/s_samun_mun_K7543YAO_10.pdf
2019,3,9,kice_mock,social,social-culture,solution,manual_review,identity_unverifiable,confirmed,official_catalog_and_pdf,not_imported,,https://wdown.ebsi.co.kr/W61001/01exam/20190904/go3/s_samun_hsj_5683G88M_11.pdf
2019,3,9,kice_mock,social,world-geography,question,manual_review,identity_unverifiable,confirmed,official_catalog_and_pdf,not_imported,,https://wdown.ebsi.co.kr/W61001/01exam/20190904/go3/s_saeji_mun_J297825D_10.pdf
2019,3,9,kice_mock,social,world-geography,solution,manual_review,identity_unverifiable,confirmed,official_catalog_and_pdf,not_imported,,https://wdown.ebsi.co.kr/W61001/01exam/20190904/go3/s_saeji_hsj_17942T68_11.pdf
2019,3,9,kice_mock,social,world-history,question,manual_review,identity_unverifiable,confirmed,official_catalog_and_pdf,not_imported,,https://wdown.ebsi.co.kr/W61001/01exam/20190904/go3/s_sks_mun_5IVXC6AP_10.pdf
2019,3,9,kice_mock,social,world-history,solution,manual_review,identity_unverifiable,confirmed,official_catalog_and_pdf,not_imported,,https://wdown.ebsi.co.kr/W61001/01exam/20190904/go3/s_sks_hsj_449VT72W_11.pdf
2019,3,9,kice_mock,science,chemistry-1,question,manual_review,identity_unverifiable,confirmed,official_catalog_and_pdf,not_imported,,https://wdown.ebsi.co.kr/W61001/01exam/20190904/go3/g_che1_mun_RRBBY5CF_10.pdf
2019,3,9,kice_mock,science,chemistry-1,solution,manual_review,identity_unverifiable,confirmed,official_catalog_and_pdf,not_imported,,https://wdown.ebsi.co.kr/W61001/01exam/20190904/go3/g_che1_hsj_NS335W93_11.pdf
2019,3,9,kice_mock,science,chemistry-2,question,manual_review,identity_unverifiable,confirmed,official_catalog_and_pdf,not_imported,,https://wdown.ebsi.co.kr/W61001/01exam/20190904/go3/g_che2_mun_54MI56A2_10.pdf
2019,3,9,kice_mock,science,chemistry-2,solution,manual_review,identity_unverifiable,confirmed,official_catalog_and_pdf,not_imported,,https://wdown.ebsi.co.kr/W61001/01exam/20190904/go3/g_che2_hsj_DEWG83H3_11.pdf
2019,3,9,kice_mock,science,earth-science-1,question,manual_review,identity_unverifiable,confirmed,official_catalog_and_pdf,not_imported,,https://wdown.ebsi.co.kr/W61001/01exam/20190904/go3/g_ear1_mun_NV87R5X8_10.pdf
2019,3,9,kice_mock,science,earth-science-1,solution,manual_review,identity_unverifiable,confirmed,official_catalog_and_pdf,not_imported,,https://wdown.ebsi.co.kr/W61001/01exam/20190904/go3/g_ear1_hsj_LWO2ACA6_11.pdf
2019,3,9,kice_mock,science,earth-science-2,question,manual_review,identity_unverifiable,confirmed,official_catalog_and_pdf,not_imported,,https://wdown.ebsi.co.kr/W61001/01exam/20190904/go3/g_ear2_mun_98ZJ3711_10.pdf
2019,3,9,kice_mock,science,earth-science-2,solution,manual_review,identity_unverifiable,confirmed,official_catalog_and_pdf,not_imported,,https://wdown.ebsi.co.kr/W61001/01exam/20190904/go3/g_ear2_hsj_ESK86Z6L_11.pdf
2019,3,9,kice_mock,science,life-science-1,question,manual_review,identity_unverifiable,confirmed,official_catalog_and_pdf,not_imported,,https://wdown.ebsi.co.kr/W61001/01exam/20190904/go3/g_bio1_mun_4CIS73ZR_10.pdf
2019,3,9,kice_mock,science,life-science-1,solution,manual_review,identity_unverifiable,confirmed,official_catalog_and_pdf,not_imported,,https://wdown.ebsi.co.kr/W61001/01exam/20190904/go3/g_bio1_hsj_J2J3IYRH_3_11.pdf
2019,3,9,kice_mock,science,life-science-2,question,manual_review,identity_unverifiable,confirmed,official_catalog_and_pdf,not_imported,,https://wdown.ebsi.co.kr/W61001/01exam/20190904/go3/g_bio2_mun_2EA1KJT3_10.pdf
2019,3,9,kice_mock,science,life-science-2,solution,manual_review,identity_unverifiable,confirmed,official_catalog_and_pdf,not_imported,,https://wdown.ebsi.co.kr/W61001/01exam/20190904/go3/g_bio2_hsj_P8AAS59T_11.pdf
2019,3,9,kice_mock,science,physics-1,question,manual_review,identity_unverifiable,confirmed,official_catalog_and_pdf,not_imported,,https://wdown.ebsi.co.kr/W61001/01exam/20190904/go3/g_phy1_mun_X8GBSA55_10.pdf
2019,3,9,kice_mock,science,physics-1,solution,manual_review,identity_unverifiable,confirmed,official_catalog_and_pdf,not_imported,,https://wdown.ebsi.co.kr/W61001/01exam/20190904/go3/g_phy1_hsj_17OU3MHU_11.pdf
2019,3,9,kice_mock,science,physics-2,question,manual_review,identity_unverifiable,confirmed,official_catalog_and_pdf,not_imported,,https://wdown.ebsi.co.kr/W61001/01exam/20190904/go3/g_phy2_mun_W13667I4_10.pdf
2019,3,9,kice_mock,science,physics-2,solution,manual_review,identity_unverifiable,confirmed,official_catalog_and_pdf,not_imported,,https://wdown.ebsi.co.kr/W61001/01exam/20190904/go3/g_phy2_hsj_5Y594MD7_11.pdf
2019,3,9,kice_mock,vocational,accounting-principles,question,manual_review,identity_unverifiable,confirmed,official_catalog_and_pdf,not_imported,,https://wdown.ebsi.co.kr/W61001/01exam/20190904/go3/J_one_mun_3Z38A7O7_10.pdf
2019,3,9,kice_mock,vocational,accounting-principles,solution,manual_review,identity_unverifiable,confirmed,official_catalog_and_pdf,not_imported,,https://wdown.ebsi.co.kr/W61001/01exam/20190904/go3/J_one_hsj_IUPNP6AR_11.pdf
2019,3,9,kice_mock,vocational,agriculture-basics,question,manual_review,identity_unverifiable,confirmed,official_catalog_and_pdf,not_imported,,https://wdown.ebsi.co.kr/W61001/01exam/20190904/go3/J_nupgi_mun_6PTBIDU3_10.pdf
2019,3,9,kice_mock,vocational,agriculture-basics,solution,manual_review,identity_unverifiable,confirmed,official_catalog_and_pdf,not_imported,,https://wdown.ebsi.co.kr/W61001/01exam/20190904/go3/J_nupgi_hsj_464A9ANU_11.pdf
2019,3,9,kice_mock,vocational,agriculture-understanding,question,manual_review,identity_unverifiable,confirmed,official_catalog_and_pdf,not_imported,,https://wdown.ebsi.co.kr/W61001/01exam/20190904/go3/J_nup_mun_GL95R2CD_10.pdf
2019,3,9,kice_mock,vocational,agriculture-understanding,solution,manual_review,identity_unverifiable,confirmed,official_catalog_and_pdf,not_imported,,https://wdown.ebsi.co.kr/W61001/01exam/20190904/go3/J_nup_hsj_8M68O19I_11.pdf
2019,3,9,kice_mock,vocational,basic-drafting,question,manual_review,identity_unverifiable,confirmed,official_catalog_and_pdf,not_imported,,https://wdown.ebsi.co.kr/W61001/01exam/20190904/go3/J_kicho_mun_9FK5S445_10.pdf
2019,3,9,kice_mock,vocational,basic-drafting,solution,manual_review,identity_unverifiable,confirmed,official_catalog_and_pdf,not_imported,,https://wdown.ebsi.co.kr/W61001/01exam/20190904/go3/J_kicho_hsj_GC6JHLFM_11.pdf
2019,3,9,kice_mock,vocational,commercial-economics,question,manual_review,identity_unverifiable,confirmed,official_catalog_and_pdf,not_imported,,https://wdown.ebsi.co.kr/W61001/01exam/20190904/go3/J_sangup_mun_3Z8N9O5P_10.pdf
2019,3,9,kice_mock,vocational,commercial-economics,solution,manual_review,identity_unverifiable,confirmed,official_catalog_and_pdf,not_imported,,https://wdown.ebsi.co.kr/W61001/01exam/20190904/go3/J_sangup_hsj_4EP9MO92_11.pdf
2019,3,9,kice_mock,vocational,fisheries-and-shipping,question,manual_review,identity_unverifiable,confirmed,official_catalog_and_pdf,not_imported,,https://wdown.ebsi.co.kr/W61001/01exam/20190904/go3/J_susan_mun_J4AT8Y4D_10.pdf
2019,3,9,kice_mock,vocational,fisheries-and-shipping,solution,manual_review,identity_unverifiable,confirmed,official_catalog_and_pdf,not_imported,,https://wdown.ebsi.co.kr/W61001/01exam/20190904/go3/J_susan_hsj_2RA115B1_11.pdf
2019,3,9,kice_mock,vocational,human-development,question,manual_review,identity_unverifiable,confirmed,official_catalog_and_pdf,not_imported,,https://wdown.ebsi.co.kr/W61001/01exam/20190904/go3/J_inkan_mun_TLFV725V_10.pdf
2019,3,9,kice_mock,vocational,human-development,solution,manual_review,identity_unverifiable,confirmed,official_catalog_and_pdf,not_imported,,https://wdown.ebsi.co.kr/W61001/01exam/20190904/go3/J_inkan_hsj_AHTV326I_11.pdf
2019,3,9,kice_mock,vocational,industry-general,question,manual_review,identity_unverifiable,confirmed,official_catalog_and_pdf,not_imported,,https://wdown.ebsi.co.kr/W61001/01exam/20190904/go3/J_gup_mun_P7GIVR98_10.pdf
2019,3,9,kice_mock,vocational,industry-general,solution,manual_review,identity_unverifiable,confirmed,official_catalog_and_pdf,not_imported,,https://wdown.ebsi.co.kr/W61001/01exam/20190904/go3/J_gup_hsj_NZBPASKO_11.pdf
2019,3,9,kice_mock,vocational,ocean-understanding,question,manual_review,identity_unverifiable,confirmed,official_catalog_and_pdf,not_imported,,https://wdown.ebsi.co.kr/W61001/01exam/20190904/go3/J_hae_mun_Y2R52RBK_10.pdf
2019,3,9,kice_mock,vocational,ocean-understanding,solution,manual_review,identity_unverifiable,confirmed,official_catalog_and_pdf,not_imported,,https://wdown.ebsi.co.kr/W61001/01exam/20190904/go3/J_hae_hsj_1577F233_11.pdf
2019,3,9,kice_mock,vocational,service-industry-understanding,question,manual_review,identity_unverifiable,confirmed,official_catalog_and_pdf,not_imported,,https://wdown.ebsi.co.kr/W61001/01exam/20190904/go3/J_ser_mun_IT53B9P5_10.pdf
2019,3,9,kice_mock,vocational,service-industry-understanding,solution,manual_review,identity_unverifiable,confirmed,official_catalog_and_pdf,not_imported,,https://wdown.ebsi.co.kr/W61001/01exam/20190904/go3/J_ser_hsj_8S58MM22_11.pdf
2019,3,9,kice_mock,second_language,arabic-1,question,manual_review,identity_unverifiable,confirmed,official_catalog_and_pdf,not_imported,,https://wdown.ebsi.co.kr/W61001/01exam/20190904/go3/2nd_ar_mun_F2PFF4DA_10.pdf
2019,3,9,kice_mock,second_language,arabic-1,solution,manual_review,identity_unverifiable,confirmed,official_catalog_and_pdf,not_imported,,https://wdown.ebsi.co.kr/W61001/01exam/20190904/go3/2nd_ar_hsj_RJ955568_11.pdf
2019,3,9,kice_mock,second_language,chinese-1,question,manual_review,identity_unverifiable,confirmed,official_catalog_and_pdf,not_imported,,https://wdown.ebsi.co.kr/W61001/01exam/20190904/go3/2nd_ch_mun_23358A46_10.pdf
2019,3,9,kice_mock,second_language,chinese-1,solution,manual_review,identity_unverifiable,confirmed,official_catalog_and_pdf,not_imported,,https://wdown.ebsi.co.kr/W61001/01exam/20190904/go3/2nd_ch_hsj_53GIB92G_11.pdf
2019,3,9,kice_mock,second_language,classical-chinese-1,question,manual_review,identity_unverifiable,confirmed,official_catalog_and_pdf,not_imported,,https://wdown.ebsi.co.kr/W61001/01exam/20190904/go3/2nd_han_mun_YKWA57J5_10.pdf
2019,3,9,kice_mock,second_language,classical-chinese-1,solution,manual_review,identity_unverifiable,confirmed,official_catalog_and_pdf,not_imported,,https://wdown.ebsi.co.kr/W61001/01exam/20190904/go3/2nd_han_hsj_I81AJ87R_11.pdf
2019,3,9,kice_mock,second_language,french-1,question,manual_review,identity_unverifiable,confirmed,official_catalog_and_pdf,not_imported,,https://wdown.ebsi.co.kr/W61001/01exam/20190904/go3/2nd_fr_mun_45NM8K35_10.pdf
2019,3,9,kice_mock,second_language,french-1,solution,manual_review,identity_unverifiable,confirmed,official_catalog_and_pdf,not_imported,,https://wdown.ebsi.co.kr/W61001/01exam/20190904/go3/2nd_fr_hsj_4H461UA6_11.pdf
2019,3,9,kice_mock,second_language,german-1,question,manual_review,identity_unverifiable,confirmed,official_catalog_and_pdf,not_imported,,https://wdown.ebsi.co.kr/W61001/01exam/20190904/go3/2nd_gr_mun_LA355Z42_10.pdf
2019,3,9,kice_mock,second_language,german-1,solution,manual_review,identity_unverifiable,confirmed,official_catalog_and_pdf,not_imported,,https://wdown.ebsi.co.kr/W61001/01exam/20190904/go3/2nd_gr_hsj_BEV11531_11.pdf
2019,3,9,kice_mock,second_language,japanese-1,question,manual_review,identity_unverifiable,confirmed,official_catalog_and_pdf,not_imported,,https://wdown.ebsi.co.kr/W61001/01exam/20190904/go3/2nd_ja_mun_Q5H15M25_10.pdf
2019,3,9,kice_mock,second_language,japanese-1,solution,manual_review,identity_unverifiable,confirmed,official_catalog_and_pdf,not_imported,,https://wdown.ebsi.co.kr/W61001/01exam/20190904/go3/2nd_ja_hsj_81Y89471_11.pdf
2019,3,9,kice_mock,second_language,russian-1,question,manual_review,identity_unverifiable,confirmed,official_catalog_and_pdf,not_imported,,https://wdown.ebsi.co.kr/W61001/01exam/20190904/go3/2nd_ru_mun_ES82P426_10.pdf
2019,3,9,kice_mock,second_language,russian-1,solution,manual_review,identity_unverifiable,confirmed,official_catalog_and_pdf,not_imported,,https://wdown.ebsi.co.kr/W61001/01exam/20190904/go3/2nd_ru_hsj_47JQEVMK_11.pdf
2019,3,9,kice_mock,second_language,spanish-1,question,manual_review,identity_unverifiable,confirmed,official_catalog_and_pdf,not_imported,,https://wdown.ebsi.co.kr/W61001/01exam/20190904/go3/2nd_sp_mun_9E3SHW2G_10.pdf
2019,3,9,kice_mock,second_language,spanish-1,solution,manual_review,identity_unverifiable,confirmed,official_catalog_and_pdf,not_imported,,https://wdown.ebsi.co.kr/W61001/01exam/20190904/go3/2nd_sp_hsj_3AS8QP4M_11.pdf
2019,3,9,kice_mock,second_language,vietnamese-1,question,manual_review,identity_unverifiable,confirmed,official_catalog_and_pdf,not_imported,,https://wdown.ebsi.co.kr/W61001/01exam/20190904/go3/2nd_vit_mun_R2PZ6EM9_10.pdf
2019,3,9,kice_mock,second_language,vietnamese-1,solution,manual_review,identity_unverifiable,confirmed,official_catalog_and_pdf,not_imported,,https://wdown.ebsi.co.kr/W61001/01exam/20190904/go3/2nd_vit_hsj_FKIB156Z_11.pdf
2019,3,10,school_mock,korean,,question,manual_review,identity_unverifiable,confirmed,official_catalog_and_pdf,not_imported,,https://wdown.ebsi.co.kr/W61001/01exam/20191015/go3/kor_mun_Q45UA6AI_10.pdf
2019,3,10,school_mock,korean,,solution,manual_review,identity_unverifiable,confirmed,official_catalog_and_pdf,not_imported,,https://wdown.ebsi.co.kr/W61001/01exam/20191015/go3/kor_hsj_7252Q322_10.pdf
2019,3,10,school_mock,math,math-a,question,manual_review,identity_unverifiable,confirmed,official_catalog_and_pdf,not_imported,,https://wdown.ebsi.co.kr/W61001/01exam/20191015/go3/matha_mun_MFW47AO4_10.pdf
2019,3,10,school_mock,math,math-a,solution,manual_review,identity_unverifiable,confirmed,official_catalog_and_pdf,not_imported,,https://wdown.ebsi.co.kr/W61001/01exam/20191015/go3/matha_hsj_18JFPWE2_10_1.pdf
2019,3,10,school_mock,math,math-b,question,manual_review,identity_unverifiable,confirmed,official_catalog_and_pdf,not_imported,,https://wdown.ebsi.co.kr/W61001/01exam/20191015/go3/mathb_mun_K2L92Y46_10.pdf
2019,3,10,school_mock,math,math-b,solution,manual_review,identity_unverifiable,confirmed,official_catalog_and_pdf,not_imported,,https://wdown.ebsi.co.kr/W61001/01exam/20191015/go3/mathb_hsj_434H2912_10_1.pdf
2019,3,10,school_mock,english,,question,manual_review,identity_unverifiable,confirmed,official_catalog_and_pdf,not_imported,,https://wdown.ebsi.co.kr/W61001/01exam/20191015/go3/eng_mun_57Y3JLV7_10.pdf
2019,3,10,school_mock,english,,solution,manual_review,identity_unverifiable,confirmed,official_catalog_and_pdf,not_imported,,https://wdown.ebsi.co.kr/W61001/01exam/20191015/go3/eng_hsj_551T82X9_10_1.pdf
2019,3,10,school_mock,history,,question,manual_review,identity_unverifiable,confirmed,official_catalog_and_pdf,not_imported,,https://wdown.ebsi.co.kr/W61001/01exam/20191015/go3/s_his_mun_BFOP12Y7_10.pdf
2019,3,10,school_mock,history,,solution,manual_review,identity_unverifiable,confirmed,official_catalog_and_pdf,not_imported,,https://wdown.ebsi.co.kr/W61001/01exam/20191015/go3/s_his_hsj_T5873729_10.pdf
2019,3,10,school_mock,social,east-asian-history,question,manual_review,identity_unverifiable,confirmed,official_catalog_and_pdf,not_imported,,https://wdown.ebsi.co.kr/W61001/01exam/20191015/go3/s_easta_mun_71K4S44A_10.pdf
2019,3,10,school_mock,social,east-asian-history,solution,manual_review,identity_unverifiable,confirmed,official_catalog_and_pdf,not_imported,,https://wdown.ebsi.co.kr/W61001/01exam/20191015/go3/s_easta_hsj_M3QXO9GJ_10.pdf
2019,3,10,school_mock,social,economics,question,manual_review,identity_unverifiable,confirmed,official_catalog_and_pdf,not_imported,,https://wdown.ebsi.co.kr/W61001/01exam/20191015/go3/s_eco_mun_473E2Y9E_10.pdf
2019,3,10,school_mock,social,economics,solution,manual_review,identity_unverifiable,confirmed,official_catalog_and_pdf,not_imported,,https://wdown.ebsi.co.kr/W61001/01exam/20191015/go3/s_eco_hsj_74Z858B7_10.pdf
2019,3,10,school_mock,social,ethics-and-thought,question,manual_review,identity_unverifiable,confirmed,official_catalog_and_pdf,not_imported,,https://wdown.ebsi.co.kr/W61001/01exam/20191015/go3/s_yrnss_mun_4GMUO894_10.pdf
2019,3,10,school_mock,social,ethics-and-thought,solution,manual_review,identity_unverifiable,confirmed,official_catalog_and_pdf,not_imported,,https://wdown.ebsi.co.kr/W61001/01exam/20191015/go3/s_yrnss_hsj_5XH41M97_10.pdf
2019,3,10,school_mock,social,korean-geography,question,manual_review,identity_unverifiable,confirmed,official_catalog_and_pdf,not_imported,,https://wdown.ebsi.co.kr/W61001/01exam/20191015/go3/s_hanji_mun_2RC1CG44_10.pdf
2019,3,10,school_mock,social,korean-geography,solution,manual_review,identity_unverifiable,confirmed,official_catalog_and_pdf,not_imported,,https://wdown.ebsi.co.kr/W61001/01exam/20191015/go3/s_hanji_hsj_QDQOQ4SU_10.pdf
2019,3,10,school_mock,social,life-and-ethics,question,manual_review,identity_unverifiable,confirmed,official_catalog_and_pdf,not_imported,,https://wdown.ebsi.co.kr/W61001/01exam/20191015/go3/s_ssnyr_mun_7HTUZ967_10.pdf
2019,3,10,school_mock,social,life-and-ethics,solution,manual_review,identity_unverifiable,confirmed,official_catalog_and_pdf,not_imported,,https://wdown.ebsi.co.kr/W61001/01exam/20191015/go3/s_ssnyr_hsj_A3116F17_10.pdf
2019,3,10,school_mock,social,politics-and-law,question,manual_review,identity_unverifiable,confirmed,official_catalog_and_pdf,not_imported,,https://wdown.ebsi.co.kr/W61001/01exam/20191015/go3/s_bnj_mun_7U3396E7_10.pdf
2019,3,10,school_mock,social,politics-and-law,solution,manual_review,identity_unverifiable,confirmed,official_catalog_and_pdf,not_imported,,https://wdown.ebsi.co.kr/W61001/01exam/20191015/go3/s_bnj_hsj_JQGMC745_10.pdf
2019,3,10,school_mock,social,social-culture,question,manual_review,identity_unverifiable,confirmed,official_catalog_and_pdf,not_imported,,https://wdown.ebsi.co.kr/W61001/01exam/20191015/go3/s_samun_mun_12V5DUXG_10.pdf
2019,3,10,school_mock,social,social-culture,solution,manual_review,identity_unverifiable,confirmed,official_catalog_and_pdf,not_imported,,https://wdown.ebsi.co.kr/W61001/01exam/20191015/go3/s_samun_hsj_4U9N9XA9_10.pdf
2019,3,10,school_mock,social,world-geography,question,manual_review,identity_unverifiable,confirmed,official_catalog_and_pdf,not_imported,,https://wdown.ebsi.co.kr/W61001/01exam/20191015/go3/s_saeji_mun_5794I3DG_10.pdf
2019,3,10,school_mock,social,world-geography,solution,manual_review,identity_unverifiable,confirmed,official_catalog_and_pdf,not_imported,,https://wdown.ebsi.co.kr/W61001/01exam/20191015/go3/s_saeji_hsj_8RW96692_10.pdf
2019,3,10,school_mock,social,world-history,question,manual_review,identity_unverifiable,confirmed,official_catalog_and_pdf,not_imported,,https://wdown.ebsi.co.kr/W61001/01exam/20191015/go3/s_sks_mun_44DU4372_10.pdf
2019,3,10,school_mock,social,world-history,solution,manual_review,identity_unverifiable,confirmed,official_catalog_and_pdf,not_imported,,https://wdown.ebsi.co.kr/W61001/01exam/20191015/go3/s_sks_hsj_57QMMC52_10.pdf
2019,3,10,school_mock,science,chemistry-1,question,manual_review,identity_unverifiable,confirmed,official_catalog_and_pdf,not_imported,,https://wdown.ebsi.co.kr/W61001/01exam/20191015/go3/g_che1_mun_TSQNSC6V_10.pdf
2019,3,10,school_mock,science,chemistry-1,solution,manual_review,identity_unverifiable,confirmed,official_catalog_and_pdf,not_imported,,https://wdown.ebsi.co.kr/W61001/01exam/20191015/go3/g_che1_hsj_7E739W7C_10.pdf
2019,3,10,school_mock,science,chemistry-2,question,manual_review,identity_unverifiable,confirmed,official_catalog_and_pdf,not_imported,,https://wdown.ebsi.co.kr/W61001/01exam/20191015/go3/g_che2_mun_CL86885I_10.pdf
2019,3,10,school_mock,science,chemistry-2,solution,manual_review,identity_unverifiable,confirmed,official_catalog_and_pdf,not_imported,,https://wdown.ebsi.co.kr/W61001/01exam/20191015/go3/g_che2_hsj_1W73YTTF_10.pdf
2019,3,10,school_mock,science,earth-science-1,question,manual_review,identity_unverifiable,confirmed,official_catalog_and_pdf,not_imported,,https://wdown.ebsi.co.kr/W61001/01exam/20191015/go3/g_ear1_mun_MSZMN6AK_10.pdf
2019,3,10,school_mock,science,earth-science-1,solution,manual_review,identity_unverifiable,confirmed,official_catalog_and_pdf,not_imported,,https://wdown.ebsi.co.kr/W61001/01exam/20191015/go3/g_ear1_hsj_Y63TAYV8_10.pdf
2019,3,10,school_mock,science,earth-science-2,question,manual_review,identity_unverifiable,confirmed,official_catalog_and_pdf,not_imported,,https://wdown.ebsi.co.kr/W61001/01exam/20191015/go3/g_ear2_mun_614P1LRQ_10.pdf
2019,3,10,school_mock,science,earth-science-2,solution,manual_review,identity_unverifiable,confirmed,official_catalog_and_pdf,not_imported,,https://wdown.ebsi.co.kr/W61001/01exam/20191015/go3/g_ear2_hsj_2X7Z96QZ_10.pdf
2019,3,10,school_mock,science,life-science-1,question,manual_review,identity_unverifiable,confirmed,official_catalog_and_pdf,not_imported,,https://wdown.ebsi.co.kr/W61001/01exam/20191015/go3/g_bio1_mun_C3TGBAM1_10.pdf
2019,3,10,school_mock,science,life-science-1,solution,manual_review,identity_unverifiable,confirmed,official_catalog_and_pdf,not_imported,,https://wdown.ebsi.co.kr/W61001/01exam/20191015/go3/g_bio1_hsj_HPR1251T_10.pdf
2019,3,10,school_mock,science,life-science-2,question,manual_review,identity_unverifiable,confirmed,official_catalog_and_pdf,not_imported,,https://wdown.ebsi.co.kr/W61001/01exam/20191015/go3/g_bio2_mun_F912W7VA_10.pdf
2019,3,10,school_mock,science,life-science-2,solution,manual_review,identity_unverifiable,confirmed,official_catalog_and_pdf,not_imported,,https://wdown.ebsi.co.kr/W61001/01exam/20191015/go3/g_bio2_hsj_9C19WO1E_10.pdf
2019,3,10,school_mock,science,physics-1,question,manual_review,identity_unverifiable,confirmed,official_catalog_and_pdf,not_imported,,https://wdown.ebsi.co.kr/W61001/01exam/20191015/go3/g_phy1_mun_58AI9DB9_10.pdf
2019,3,10,school_mock,science,physics-1,solution,manual_review,identity_unverifiable,confirmed,official_catalog_and_pdf,not_imported,,https://wdown.ebsi.co.kr/W61001/01exam/20191015/go3/g_phy1_hsj_2PXXKREV_10.pdf
2019,3,10,school_mock,science,physics-2,question,manual_review,identity_unverifiable,confirmed,official_catalog_and_pdf,not_imported,,https://wdown.ebsi.co.kr/W61001/01exam/20191015/go3/g_phy2_mun_99768EC2_10.pdf
2019,3,10,school_mock,science,physics-2,solution,manual_review,identity_unverifiable,confirmed,official_catalog_and_pdf,not_imported,,https://wdown.ebsi.co.kr/W61001/01exam/20191015/go3/g_phy2_hsj_9RQTJN2A_10.pdf
2019,3,10,school_mock,vocational,accounting-principles,question,manual_review,identity_unverifiable,confirmed,official_catalog_and_pdf,not_imported,,https://wdown.ebsi.co.kr/W61001/01exam/20191015/go3/J_one_mun_573Y4H4J_10.pdf
2019,3,10,school_mock,vocational,accounting-principles,solution,manual_review,identity_unverifiable,confirmed,official_catalog_and_pdf,not_imported,,https://wdown.ebsi.co.kr/W61001/01exam/20191015/go3/J_one_hsj_D8AQ43Y1_10.pdf
2019,3,10,school_mock,vocational,agriculture-basics,question,manual_review,identity_unverifiable,confirmed,official_catalog_and_pdf,not_imported,,https://wdown.ebsi.co.kr/W61001/01exam/20191015/go3/J_nupgi_mun_35V3V652_10.pdf
2019,3,10,school_mock,vocational,agriculture-basics,solution,manual_review,identity_unverifiable,confirmed,official_catalog_and_pdf,not_imported,,https://wdown.ebsi.co.kr/W61001/01exam/20191015/go3/J_nupgi_hsj_U9XU8Y75_10.pdf
2019,3,10,school_mock,vocational,agriculture-understanding,question,manual_review,identity_unverifiable,confirmed,official_catalog_and_pdf,not_imported,,https://wdown.ebsi.co.kr/W61001/01exam/20191015/go3/J_nup_mun_TV6674BG_10.pdf
2019,3,10,school_mock,vocational,agriculture-understanding,solution,manual_review,identity_unverifiable,confirmed,official_catalog_and_pdf,not_imported,,https://wdown.ebsi.co.kr/W61001/01exam/20191015/go3/J_nup_hsj_N1412EF2_10.pdf
2019,3,10,school_mock,vocational,basic-drafting,question,manual_review,identity_unverifiable,confirmed,official_catalog_and_pdf,not_imported,,https://wdown.ebsi.co.kr/W61001/01exam/20191015/go3/J_kicho_mun_56275PHD_10.pdf
2019,3,10,school_mock,vocational,basic-drafting,solution,manual_review,identity_unverifiable,confirmed,official_catalog_and_pdf,not_imported,,https://wdown.ebsi.co.kr/W61001/01exam/20191015/go3/J_kicho_hsj_PO6W6168_10.pdf
2019,3,10,school_mock,vocational,commercial-economics,question,manual_review,identity_unverifiable,confirmed,official_catalog_and_pdf,not_imported,,https://wdown.ebsi.co.kr/W61001/01exam/20191015/go3/J_sangup_mun_AV6ZJ9IU_10.pdf
2019,3,10,school_mock,vocational,commercial-economics,solution,manual_review,identity_unverifiable,confirmed,official_catalog_and_pdf,not_imported,,https://wdown.ebsi.co.kr/W61001/01exam/20191015/go3/J_sangup_hsj_Q35GGYM7_10.pdf
2019,3,10,school_mock,vocational,fisheries-and-shipping,question,manual_review,identity_unverifiable,confirmed,official_catalog_and_pdf,not_imported,,https://wdown.ebsi.co.kr/W61001/01exam/20191015/go3/J_susan_mun_7A855V46_10.pdf
2019,3,10,school_mock,vocational,fisheries-and-shipping,solution,manual_review,identity_unverifiable,confirmed,official_catalog_and_pdf,not_imported,,https://wdown.ebsi.co.kr/W61001/01exam/20191015/go3/J_susan_hsj_8AN135FA_10.pdf
2019,3,10,school_mock,vocational,human-development,question,manual_review,identity_unverifiable,confirmed,official_catalog_and_pdf,not_imported,,https://wdown.ebsi.co.kr/W61001/01exam/20191015/go3/J_inkan_mun_CVAUZ8BL_10.pdf
2019,3,10,school_mock,vocational,human-development,solution,manual_review,identity_unverifiable,confirmed,official_catalog_and_pdf,not_imported,,https://wdown.ebsi.co.kr/W61001/01exam/20191015/go3/J_inkan_hsj_7GOG97LI_10.pdf
2019,3,10,school_mock,vocational,industry-general,question,manual_review,identity_unverifiable,confirmed,official_catalog_and_pdf,not_imported,,https://wdown.ebsi.co.kr/W61001/01exam/20191015/go3/J_gup_mun_4J6GPZ3D_10.pdf
2019,3,10,school_mock,vocational,industry-general,solution,manual_review,identity_unverifiable,confirmed,official_catalog_and_pdf,not_imported,,https://wdown.ebsi.co.kr/W61001/01exam/20191015/go3/J_gup_hsj_QR5TZZP7_10.pdf
2019,3,10,school_mock,vocational,ocean-understanding,question,manual_review,identity_unverifiable,confirmed,official_catalog_and_pdf,not_imported,,https://wdown.ebsi.co.kr/W61001/01exam/20191015/go3/J_hae_mun_ZQJ8EB66_10.pdf
2019,3,10,school_mock,vocational,ocean-understanding,solution,manual_review,identity_unverifiable,confirmed,official_catalog_and_pdf,not_imported,,https://wdown.ebsi.co.kr/W61001/01exam/20191015/go3/J_hae_hsj_62HMDJ41_10.pdf
2019,3,10,school_mock,vocational,service-industry-understanding,question,manual_review,identity_unverifiable,confirmed,official_catalog_and_pdf,not_imported,,https://wdown.ebsi.co.kr/W61001/01exam/20191015/go3/J_ser_mun_33579556_10.pdf
2019,3,10,school_mock,vocational,service-industry-understanding,solution,manual_review,identity_unverifiable,confirmed,official_catalog_and_pdf,not_imported,,https://wdown.ebsi.co.kr/W61001/01exam/20191015/go3/J_ser_hsj_OVV6F52H_10.pdf
2019,3,10,school_mock,second_language,chinese-1,question,manual_review,identity_unverifiable,confirmed,official_catalog_and_pdf,not_imported,,https://wdown.ebsi.co.kr/W61001/01exam/20191015/go3/2nd_ch_mun_976M38I4_10.pdf
2019,3,10,school_mock,second_language,chinese-1,solution,manual_review,identity_unverifiable,confirmed,official_catalog_and_pdf,not_imported,,https://wdown.ebsi.co.kr/W61001/01exam/20191015/go3/2nd_ch_hsj_U6G29DC1_10.pdf
2019,3,10,school_mock,second_language,classical-chinese-1,question,manual_review,identity_unverifiable,confirmed,official_catalog_and_pdf,not_imported,,https://wdown.ebsi.co.kr/W61001/01exam/20191015/go3/2nd_han_mun_G9GBC5G3_10.pdf
2019,3,10,school_mock,second_language,classical-chinese-1,solution,manual_review,identity_unverifiable,confirmed,official_catalog_and_pdf,not_imported,,https://wdown.ebsi.co.kr/W61001/01exam/20191015/go3/2nd_han_hsj_R64A8186_10.pdf
2019,3,10,school_mock,second_language,french-1,question,manual_review,identity_unverifiable,confirmed,official_catalog_and_pdf,not_imported,,https://wdown.ebsi.co.kr/W61001/01exam/20191015/go3/2nd_fr_mun_AMD2IADK_10.pdf
2019,3,10,school_mock,second_language,french-1,solution,manual_review,identity_unverifiable,confirmed,official_catalog_and_pdf,not_imported,,https://wdown.ebsi.co.kr/W61001/01exam/20191015/go3/2nd_fr_hsj_78N27DKL_10.pdf
2019,3,10,school_mock,second_language,german-1,question,manual_review,identity_unverifiable,confirmed,official_catalog_and_pdf,not_imported,,https://wdown.ebsi.co.kr/W61001/01exam/20191015/go3/2nd_gr_mun_F1R7SU3N_10.pdf
2019,3,10,school_mock,second_language,german-1,solution,manual_review,identity_unverifiable,confirmed,official_catalog_and_pdf,not_imported,,https://wdown.ebsi.co.kr/W61001/01exam/20191015/go3/2nd_gr_hsj_85UKES7J_10.pdf
2019,3,10,school_mock,second_language,japanese-1,question,manual_review,identity_unverifiable,confirmed,official_catalog_and_pdf,not_imported,,https://wdown.ebsi.co.kr/W61001/01exam/20191015/go3/2nd_ja_mun_252W5YK1_10.pdf
2019,3,10,school_mock,second_language,japanese-1,solution,manual_review,identity_unverifiable,confirmed,official_catalog_and_pdf,not_imported,,https://wdown.ebsi.co.kr/W61001/01exam/20191015/go3/2nd_ja_hsj_L67GS962_10.pdf
2019,3,10,school_mock,second_language,russian-1,question,manual_review,identity_unverifiable,confirmed,official_catalog_and_pdf,not_imported,,https://wdown.ebsi.co.kr/W61001/01exam/20191015/go3/2nd_ru_mun_21A3Z994_10.pdf
2019,3,10,school_mock,second_language,russian-1,solution,manual_review,identity_unverifiable,confirmed,official_catalog_and_pdf,not_imported,,https://wdown.ebsi.co.kr/W61001/01exam/20191015/go3/2nd_ru_hsj_EEE99D9S_10.pdf
2019,3,10,school_mock,second_language,spanish-1,question,manual_review,identity_unverifiable,confirmed,official_catalog_and_pdf,not_imported,,https://wdown.ebsi.co.kr/W61001/01exam/20191015/go3/2nd_sp_mun_4A4I75DQ_10.pdf
2019,3,10,school_mock,second_language,spanish-1,solution,manual_review,identity_unverifiable,confirmed,official_catalog_and_pdf,not_imported,,https://wdown.ebsi.co.kr/W61001/01exam/20191015/go3/2nd_sp_hsj_R92551RG_10.pdf
2019,3,11,csat,korean,,question,manual_review,identity_unverifiable,confirmed,official_catalog_and_pdf,not_imported,,https://wdown.ebsi.co.kr/W61001/01exam/20191114/go3/kor_mun_3LZ5KM2T_10.pdf
2019,3,11,csat,korean,,solution,manual_review,identity_unverifiable,confirmed,official_catalog_and_pdf,not_imported,,https://wdown.ebsi.co.kr/W61001/01exam/20191114/go3/kor_hsj_XV23G53Z_11_1.pdf
2019,3,11,csat,math,math-a,question,manual_review,identity_unverifiable,confirmed,official_catalog_and_pdf,not_imported,,https://wdown.ebsi.co.kr/W61001/01exam/20191114/go3/matha_mun_X4T2QJ8Y_10.pdf
2019,3,11,csat,math,math-a,solution,manual_review,identity_unverifiable,confirmed,official_catalog_and_pdf,not_imported,,https://wdown.ebsi.co.kr/W61001/01exam/20191114/go3/matha_hsj_W83BT39B_11_1.pdf
2019,3,11,csat,math,math-b,question,manual_review,identity_unverifiable,confirmed,official_catalog_and_pdf,not_imported,,https://wdown.ebsi.co.kr/W61001/01exam/20191114/go3/mathb_mun_9N5HV19K_10.pdf
2019,3,11,csat,math,math-b,solution,manual_review,identity_unverifiable,confirmed,official_catalog_and_pdf,not_imported,,https://wdown.ebsi.co.kr/W61001/01exam/20191114/go3/mathb_hsj_5A873CY7_11.pdf
2019,3,11,csat,english,,question,manual_review,identity_unverifiable,confirmed,official_catalog_and_pdf,not_imported,,https://wdown.ebsi.co.kr/W61001/01exam/20191114/go3/eng_mun_D76AAM3H_10.pdf
2019,3,11,csat,english,,solution,manual_review,identity_unverifiable,confirmed,official_catalog_and_pdf,not_imported,,https://wdown.ebsi.co.kr/W61001/01exam/20191114/go3/eng_hsj_5I29RAO6_11.pdf
2019,3,11,csat,history,,question,manual_review,identity_unverifiable,confirmed,official_catalog_and_pdf,not_imported,,https://wdown.ebsi.co.kr/W61001/01exam/20191114/go3/s_his_mun_6XLZ28TK_10.pdf
2019,3,11,csat,history,,solution,manual_review,identity_unverifiable,confirmed,official_catalog_and_pdf,not_imported,,https://wdown.ebsi.co.kr/W61001/01exam/20191114/go3/s_his_hsj_C49B6YA2_1_11.pdf
2019,3,11,csat,social,east-asian-history,question,manual_review,identity_unverifiable,confirmed,official_catalog_and_pdf,not_imported,,https://wdown.ebsi.co.kr/W61001/01exam/20191114/go3/s_easta_mun_FRES475F_10.pdf
2019,3,11,csat,social,east-asian-history,solution,manual_review,identity_unverifiable,confirmed,official_catalog_and_pdf,not_imported,,https://wdown.ebsi.co.kr/W61001/01exam/20191114/go3/s_easta_hsj_SK9BY61B_11.pdf
2019,3,11,csat,social,economics,question,manual_review,identity_unverifiable,confirmed,official_catalog_and_pdf,not_imported,,https://wdown.ebsi.co.kr/W61001/01exam/20191114/go3/s_eco_mun_2U6XK22I_10.pdf
2019,3,11,csat,social,economics,solution,manual_review,identity_unverifiable,confirmed,official_catalog_and_pdf,not_imported,,https://wdown.ebsi.co.kr/W61001/01exam/20191114/go3/s_eco_hsj_2IC4774D_11.pdf
2019,3,11,csat,social,ethics-and-thought,question,manual_review,identity_unverifiable,confirmed,official_catalog_and_pdf,not_imported,,https://wdown.ebsi.co.kr/W61001/01exam/20191114/go3/s_yrnss_mun_11281C4W_10.pdf
2019,3,11,csat,social,ethics-and-thought,solution,manual_review,identity_unverifiable,confirmed,official_catalog_and_pdf,not_imported,,https://wdown.ebsi.co.kr/W61001/01exam/20191114/go3/s_yrnss_hsj_269288J6_11.pdf
2019,3,11,csat,social,korean-geography,question,manual_review,identity_unverifiable,confirmed,official_catalog_and_pdf,not_imported,,https://wdown.ebsi.co.kr/W61001/01exam/20191114/go3/s_hanji_mun_39MBZCJ8_10.pdf
2019,3,11,csat,social,korean-geography,solution,manual_review,identity_unverifiable,confirmed,official_catalog_and_pdf,not_imported,,https://wdown.ebsi.co.kr/W61001/01exam/20191114/go3/s_hanji_hsj_26PW5B5N_11.pdf
2019,3,11,csat,social,life-and-ethics,question,manual_review,identity_unverifiable,confirmed,official_catalog_and_pdf,not_imported,,https://wdown.ebsi.co.kr/W61001/01exam/20191114/go3/s_ssnyr_mun_JP51D4F3_10.pdf
2019,3,11,csat,social,life-and-ethics,solution,manual_review,identity_unverifiable,confirmed,official_catalog_and_pdf,not_imported,,https://wdown.ebsi.co.kr/W61001/01exam/20191114/go3/s_ssnyr_hsj_1EKC9K7E_12.pdf
2019,3,11,csat,social,politics-and-law,question,manual_review,identity_unverifiable,confirmed,official_catalog_and_pdf,not_imported,,https://wdown.ebsi.co.kr/W61001/01exam/20191114/go3/s_bnj_mun_T841Q374_10.pdf
2019,3,11,csat,social,politics-and-law,solution,manual_review,identity_unverifiable,confirmed,official_catalog_and_pdf,not_imported,,https://wdown.ebsi.co.kr/W61001/01exam/20191114/go3/s_bnj_hsj_AIR2531U_11.pdf
2019,3,11,csat,social,social-culture,question,manual_review,identity_unverifiable,confirmed,official_catalog_and_pdf,not_imported,,https://wdown.ebsi.co.kr/W61001/01exam/20191114/go3/s_samun_mun_1XZNY5B6_10.pdf
2019,3,11,csat,social,social-culture,solution,manual_review,identity_unverifiable,confirmed,official_catalog_and_pdf,not_imported,,https://wdown.ebsi.co.kr/W61001/01exam/20191114/go3/s_samun_hsj_DQ4V7DK7_11.pdf
2019,3,11,csat,social,world-geography,question,manual_review,identity_unverifiable,confirmed,official_catalog_and_pdf,not_imported,,https://wdown.ebsi.co.kr/W61001/01exam/20191114/go3/s_saeji_mun_2B885NA2_10.pdf
2019,3,11,csat,social,world-geography,solution,manual_review,identity_unverifiable,confirmed,official_catalog_and_pdf,not_imported,,https://wdown.ebsi.co.kr/W61001/01exam/20191114/go3/s_saeji_hsj_4J6Y9A85_11.pdf
2019,3,11,csat,social,world-history,question,manual_review,identity_unverifiable,confirmed,official_catalog_and_pdf,not_imported,,https://wdown.ebsi.co.kr/W61001/01exam/20191114/go3/s_sks_mun_8WA13316_10.pdf
2019,3,11,csat,social,world-history,solution,manual_review,identity_unverifiable,confirmed,official_catalog_and_pdf,not_imported,,https://wdown.ebsi.co.kr/W61001/01exam/20191114/go3/s_sks_hsj_965A7WJP_11.pdf
2019,3,11,csat,science,chemistry-1,question,manual_review,identity_unverifiable,confirmed,official_catalog_and_pdf,not_imported,,https://wdown.ebsi.co.kr/W61001/01exam/20191114/go3/g_che1_mun_P9O7DL1P_10.pdf
2019,3,11,csat,science,chemistry-1,solution,manual_review,identity_unverifiable,confirmed,official_catalog_and_pdf,not_imported,,https://wdown.ebsi.co.kr/W61001/01exam/20191114/go3/g_che1_hsj_313N76M7_11.pdf
2019,3,11,csat,science,chemistry-2,question,manual_review,identity_unverifiable,confirmed,official_catalog_and_pdf,not_imported,,https://wdown.ebsi.co.kr/W61001/01exam/20191114/go3/g_che2_mun_1I459AK3_10.pdf
2019,3,11,csat,science,chemistry-2,solution,manual_review,identity_unverifiable,confirmed,official_catalog_and_pdf,not_imported,,https://wdown.ebsi.co.kr/W61001/01exam/20191114/go3/g_che2_hsj_U6BC2MY7_11.pdf
2019,3,11,csat,science,earth-science-1,question,manual_review,identity_unverifiable,confirmed,official_catalog_and_pdf,not_imported,,https://wdown.ebsi.co.kr/W61001/01exam/20191114/go3/g_ear1_mun_DAA7683G_10.pdf
2019,3,11,csat,science,earth-science-1,solution,manual_review,identity_unverifiable,confirmed,official_catalog_and_pdf,not_imported,,https://wdown.ebsi.co.kr/W61001/01exam/20191114/go3/g_ear1_hsj_9IU851OZ_14.pdf
2019,3,11,csat,science,earth-science-2,question,manual_review,identity_unverifiable,confirmed,official_catalog_and_pdf,not_imported,,https://wdown.ebsi.co.kr/W61001/01exam/20191114/go3/g_ear2_mun_ZJMAT4H2_10.pdf
2019,3,11,csat,science,earth-science-2,solution,manual_review,identity_unverifiable,confirmed,official_catalog_and_pdf,not_imported,,https://wdown.ebsi.co.kr/W61001/01exam/20191114/go3/g_ear2_hsj_2C8NKZW9_11.pdf
2019,3,11,csat,science,life-science-1,question,manual_review,identity_unverifiable,confirmed,official_catalog_and_pdf,not_imported,,https://wdown.ebsi.co.kr/W61001/01exam/20191114/go3/g_bio1_mun_4ZGOJ9Q3_10.pdf
2019,3,11,csat,science,life-science-1,solution,manual_review,identity_unverifiable,confirmed,official_catalog_and_pdf,not_imported,,https://wdown.ebsi.co.kr/W61001/01exam/20191114/go3/g_bio1_hsj_O19H2Y34_11.pdf
2019,3,11,csat,science,life-science-2,question,manual_review,identity_unverifiable,confirmed,official_catalog_and_pdf,not_imported,,https://wdown.ebsi.co.kr/W61001/01exam/20191114/go3/g_bio2_mun_IBC9R161_10.pdf
2019,3,11,csat,science,life-science-2,solution,manual_review,identity_unverifiable,confirmed,official_catalog_and_pdf,not_imported,,https://wdown.ebsi.co.kr/W61001/01exam/20191114/go3/g_bio2_hsj_1R3CMM7A_11.pdf
2019,3,11,csat,science,physics-1,question,manual_review,identity_unverifiable,confirmed,official_catalog_and_pdf,not_imported,,https://wdown.ebsi.co.kr/W61001/01exam/20191114/go3/g_phy1_mun_QJC6VYVC_10.pdf
2019,3,11,csat,science,physics-1,solution,manual_review,identity_unverifiable,confirmed,official_catalog_and_pdf,not_imported,,https://wdown.ebsi.co.kr/W61001/01exam/20191114/go3/g_phy1_hsj_9I373Y41_11.pdf
2019,3,11,csat,science,physics-2,question,manual_review,identity_unverifiable,confirmed,official_catalog_and_pdf,not_imported,,https://wdown.ebsi.co.kr/W61001/01exam/20191114/go3/g_phy2_mun_SX5X38TE_10.pdf
2019,3,11,csat,science,physics-2,solution,manual_review,identity_unverifiable,confirmed,official_catalog_and_pdf,not_imported,,https://wdown.ebsi.co.kr/W61001/01exam/20191114/go3/g_phy2_hsj_45LYG5X9_11.pdf
2019,3,11,csat,vocational,accounting-principles,question,manual_review,identity_unverifiable,confirmed,official_catalog_and_pdf,not_imported,,https://wdown.ebsi.co.kr/W61001/01exam/20191114/go3/J_one_mun_1J7Y417I_10.pdf
2019,3,11,csat,vocational,accounting-principles,solution,manual_review,identity_unverifiable,confirmed,official_catalog_and_pdf,not_imported,,https://wdown.ebsi.co.kr/W61001/01exam/20191114/go3/J_one_hsj_4UB8A4CC_11.pdf
2019,3,11,csat,vocational,agriculture-basics,question,manual_review,identity_unverifiable,confirmed,official_catalog_and_pdf,not_imported,,https://wdown.ebsi.co.kr/W61001/01exam/20191114/go3/J_nupgi_mun_3338HUZY_10.pdf
2019,3,11,csat,vocational,agriculture-basics,solution,manual_review,identity_unverifiable,confirmed,official_catalog_and_pdf,not_imported,,https://wdown.ebsi.co.kr/W61001/01exam/20191114/go3/J_nupgi_hsj_J7L54LJ3_11.pdf
2019,3,11,csat,vocational,agriculture-understanding,question,manual_review,identity_unverifiable,confirmed,official_catalog_and_pdf,not_imported,,https://wdown.ebsi.co.kr/W61001/01exam/20191114/go3/J_nup_mun_835BAC6U_10.pdf
2019,3,11,csat,vocational,agriculture-understanding,solution,manual_review,identity_unverifiable,confirmed,official_catalog_and_pdf,not_imported,,https://wdown.ebsi.co.kr/W61001/01exam/20191114/go3/J_nup_hsj_K3DZA63U_11.pdf
2019,3,11,csat,vocational,basic-drafting,question,manual_review,identity_unverifiable,confirmed,official_catalog_and_pdf,not_imported,,https://wdown.ebsi.co.kr/W61001/01exam/20191114/go3/J_kicho_mun_DBAPOM8B_10.pdf
2019,3,11,csat,vocational,basic-drafting,solution,manual_review,identity_unverifiable,confirmed,official_catalog_and_pdf,not_imported,,https://wdown.ebsi.co.kr/W61001/01exam/20191114/go3/J_kicho_hsj_J71A7M14_11.pdf
2019,3,11,csat,vocational,commercial-economics,question,manual_review,identity_unverifiable,confirmed,official_catalog_and_pdf,not_imported,,https://wdown.ebsi.co.kr/W61001/01exam/20191114/go3/J_sangup_mun_SJQT6M8F_10.pdf
2019,3,11,csat,vocational,commercial-economics,solution,manual_review,identity_unverifiable,confirmed,official_catalog_and_pdf,not_imported,,https://wdown.ebsi.co.kr/W61001/01exam/20191114/go3/J_sangup_hsj_352VY7J5_11.pdf
2019,3,11,csat,vocational,fisheries-and-shipping,question,manual_review,identity_unverifiable,confirmed,official_catalog_and_pdf,not_imported,,https://wdown.ebsi.co.kr/W61001/01exam/20191114/go3/J_susan_mun_586WWDO9_10.pdf
2019,3,11,csat,vocational,fisheries-and-shipping,solution,manual_review,identity_unverifiable,confirmed,official_catalog_and_pdf,not_imported,,https://wdown.ebsi.co.kr/W61001/01exam/20191114/go3/J_susan_hsj_7OB7M44I_11.pdf
2019,3,11,csat,vocational,human-development,question,manual_review,identity_unverifiable,confirmed,official_catalog_and_pdf,not_imported,,https://wdown.ebsi.co.kr/W61001/01exam/20191114/go3/J_inkan_mun_S888FU7F_10.pdf
2019,3,11,csat,vocational,human-development,solution,manual_review,identity_unverifiable,confirmed,official_catalog_and_pdf,not_imported,,https://wdown.ebsi.co.kr/W61001/01exam/20191114/go3/J_inkan_hsj_7DA47L9U_11.pdf
2019,3,11,csat,vocational,industry-general,question,manual_review,identity_unverifiable,confirmed,official_catalog_and_pdf,not_imported,,https://wdown.ebsi.co.kr/W61001/01exam/20191114/go3/J_gup_mun_171N23FA_10.pdf
2019,3,11,csat,vocational,industry-general,solution,manual_review,identity_unverifiable,confirmed,official_catalog_and_pdf,not_imported,,https://wdown.ebsi.co.kr/W61001/01exam/20191114/go3/J_gup_hsj_5EJ6O16M_11.pdf
2019,3,11,csat,vocational,ocean-understanding,question,manual_review,identity_unverifiable,confirmed,official_catalog_and_pdf,not_imported,,https://wdown.ebsi.co.kr/W61001/01exam/20191114/go3/J_hae_mun_2B79SVB1_10.pdf
2019,3,11,csat,vocational,ocean-understanding,solution,manual_review,identity_unverifiable,confirmed,official_catalog_and_pdf,not_imported,,https://wdown.ebsi.co.kr/W61001/01exam/20191114/go3/J_hae_hsj_33J3UZCW_11.pdf
2019,3,11,csat,vocational,service-industry-understanding,question,manual_review,identity_unverifiable,confirmed,official_catalog_and_pdf,not_imported,,https://wdown.ebsi.co.kr/W61001/01exam/20191114/go3/J_ser_mun_BJ6BIH7E_10.pdf
2019,3,11,csat,vocational,service-industry-understanding,solution,manual_review,identity_unverifiable,confirmed,official_catalog_and_pdf,not_imported,,https://wdown.ebsi.co.kr/W61001/01exam/20191114/go3/J_ser_hsj_22AAWQ7X_2_11.pdf
2019,3,11,csat,second_language,arabic-1,question,manual_review,identity_unverifiable,confirmed,official_catalog_and_pdf,not_imported,,https://wdown.ebsi.co.kr/W61001/01exam/20191114/go3/2nd_ar_mun_LE5M7193_10.pdf
2019,3,11,csat,second_language,arabic-1,solution,manual_review,identity_unverifiable,confirmed,official_catalog_and_pdf,not_imported,,https://wdown.ebsi.co.kr/W61001/01exam/20191114/go3/2nd_ar_hsj_62FN177Y_11.pdf
2019,3,11,csat,second_language,chinese-1,question,manual_review,identity_unverifiable,confirmed,official_catalog_and_pdf,not_imported,,https://wdown.ebsi.co.kr/W61001/01exam/20191114/go3/2nd_ch_mun_HDC74XPK_10.pdf
2019,3,11,csat,second_language,chinese-1,solution,manual_review,identity_unverifiable,confirmed,official_catalog_and_pdf,not_imported,,https://wdown.ebsi.co.kr/W61001/01exam/20191114/go3/2nd_ch_hsj_RWP9U1E3_11.pdf
2019,3,11,csat,second_language,classical-chinese-1,question,manual_review,identity_unverifiable,confirmed,official_catalog_and_pdf,not_imported,,https://wdown.ebsi.co.kr/W61001/01exam/20191114/go3/2nd_han_mun_48R2928Z_10.pdf
2019,3,11,csat,second_language,classical-chinese-1,solution,manual_review,identity_unverifiable,confirmed,official_catalog_and_pdf,not_imported,,https://wdown.ebsi.co.kr/W61001/01exam/20191114/go3/2nd_han_hsj_RI69N754_11.pdf
2019,3,11,csat,second_language,french-1,question,manual_review,identity_unverifiable,confirmed,official_catalog_and_pdf,not_imported,,https://wdown.ebsi.co.kr/W61001/01exam/20191114/go3/2nd_fr_mun_YMWARC7K_10.pdf
2019,3,11,csat,second_language,french-1,solution,manual_review,identity_unverifiable,confirmed,official_catalog_and_pdf,not_imported,,https://wdown.ebsi.co.kr/W61001/01exam/20191114/go3/2nd_fr_hsj_6C7R5A88_11.pdf
2019,3,11,csat,second_language,german-1,question,manual_review,identity_unverifiable,confirmed,official_catalog_and_pdf,not_imported,,https://wdown.ebsi.co.kr/W61001/01exam/20191114/go3/2nd_gr_mun_3F97IFWZ_10.pdf
2019,3,11,csat,second_language,german-1,solution,manual_review,identity_unverifiable,confirmed,official_catalog_and_pdf,not_imported,,https://wdown.ebsi.co.kr/W61001/01exam/20191114/go3/2nd_gr_hsj_OOO2WR2C_11.pdf
2019,3,11,csat,second_language,japanese-1,question,manual_review,identity_unverifiable,confirmed,official_catalog_and_pdf,not_imported,,https://wdown.ebsi.co.kr/W61001/01exam/20191114/go3/2nd_ja_mun_8V1P9BW6_10.pdf
2019,3,11,csat,second_language,japanese-1,solution,manual_review,identity_unverifiable,confirmed,official_catalog_and_pdf,not_imported,,https://wdown.ebsi.co.kr/W61001/01exam/20191114/go3/2nd_ja_hsj_26WUG916_11.pdf
2019,3,11,csat,second_language,russian-1,question,manual_review,identity_unverifiable,confirmed,official_catalog_and_pdf,not_imported,,https://wdown.ebsi.co.kr/W61001/01exam/20191114/go3/2nd_ru_mun_672T8OV7_10.pdf
2019,3,11,csat,second_language,russian-1,solution,manual_review,identity_unverifiable,confirmed,official_catalog_and_pdf,not_imported,,https://wdown.ebsi.co.kr/W61001/01exam/20191114/go3/2nd_ru_hsj_SV77SFVU_11.pdf
2019,3,11,csat,second_language,spanish-1,question,manual_review,identity_unverifiable,confirmed,official_catalog_and_pdf,not_imported,,https://wdown.ebsi.co.kr/W61001/01exam/20191114/go3/2nd_sp_mun_Z3A5FHO8_10.pdf
2019,3,11,csat,second_language,spanish-1,solution,manual_review,identity_unverifiable,confirmed,official_catalog_and_pdf,not_imported,,https://wdown.ebsi.co.kr/W61001/01exam/20191114/go3/2nd_sp_hsj_SJJ8CZMM_11.pdf
2019,3,11,csat,second_language,vietnamese-1,question,manual_review,identity_unverifiable,confirmed,official_catalog_and_pdf,not_imported,,https://wdown.ebsi.co.kr/W61001/01exam/20191114/go3/2nd_vit_mun_N59A8BHV_10.pdf
2019,3,11,csat,second_language,vietnamese-1,solution,manual_review,identity_unverifiable,confirmed,official_catalog_and_pdf,not_imported,,https://wdown.ebsi.co.kr/W61001/01exam/20191114/go3/2nd_vit_hsj_1YXA1T74_11.pdf
