year,grade,month,exam_type,subject,course_code,file_type,status,reason,count_as_expected,expected_basis,db_status,public_file_id,official_url
2020,1,3,school_mock,korean,,question,manual_review,identity_unverifiable,confirmed,official_catalog_and_pdf,not_imported,,https://wdown.ebsi.co.kr/W61001/01exam/20200312/go1/kor_mun_ZZ1Q9Q89.pdf
2020,1,3,school_mock,korean,,solution,manual_review,identity_unverifiable,confirmed,official_catalog_and_pdf,not_imported,,https://wdown.ebsi.co.kr/W61001/01exam/20200312/go1/kor_hsj_1UA7O83Q.pdf
2020,1,3,school_mock,math,,question,manual_review,identity_unverifiable,confirmed,official_catalog_and_pdf,not_imported,,https://wdown.ebsi.co.kr/W61001/01exam/20200312/go1/math_mun_63B835EG.pdf
2020,1,3,school_mock,math,,solution,manual_review,identity_unverifiable,confirmed,official_catalog_and_pdf,not_imported,,https://wdown.ebsi.co.kr/W61001/01exam/20200312/go1/math_hsj_24B5G8RF.pdf
2020,1,3,school_mock,english,,question,manual_review,identity_unverifiable,confirmed,official_catalog_and_pdf,not_imported,,https://wdown.ebsi.co.kr/W61001/01exam/20200312/go1/eng_mun_3SC83WHD.pdf
2020,1,3,school_mock,english,,solution,manual_review,identity_unverifiable,confirmed,official_catalog_and_pdf,not_imported,,https://wdown.ebsi.co.kr/W61001/01exam/20200312/go1/eng_hsj_XO9287RS.pdf
2020,1,3,school_mock,history,,question,manual_review,identity_unverifiable,confirmed,official_catalog_and_pdf,not_imported,,https://wdown.ebsi.co.kr/W61001/01exam/20200312/go1/s_his_mun_997NC7NO.pdf
2020,1,3,school_mock,history,,solution,manual_review,identity_unverifiable,confirmed,official_catalog_and_pdf,not_imported,,https://wdown.ebsi.co.kr/W61001/01exam/20200312/go1/s_his_hsj_3D2P4B4B.pdf
2020,1,3,school_mock,social,integrated-social,question,manual_review,identity_unverifiable,confirmed,official_catalog_and_pdf,not_imported,,https://wdown.ebsi.co.kr/W61001/01exam/20200312/go1/s_soc_mun_5HU318U3.pdf
2020,1,3,school_mock,social,integrated-social,solution,manual_review,identity_unverifiable,confirmed,official_catalog_and_pdf,not_imported,,https://wdown.ebsi.co.kr/W61001/01exam/20200312/go1/s_soc_hsj_I35TLYK6.pdf
2020,1,3,school_mock,science,integrated-science,question,manual_review,identity_unverifiable,confirmed,official_catalog_and_pdf,not_imported,,https://wdown.ebsi.co.kr/W61001/01exam/20200312/go1/g_sci_mun_8X7448JQ.pdf
2020,1,3,school_mock,science,integrated-science,solution,manual_review,identity_unverifiable,confirmed,official_catalog_and_pdf,not_imported,,https://wdown.ebsi.co.kr/W61001/01exam/20200312/go1/g_sci_hsj_X3O7VR1A.pdf
2020,1,6,school_mock,korean,,question,manual_review,identity_unverifiable,confirmed,official_catalog_and_pdf,not_imported,,https://wdown.ebsi.co.kr/W61001/01exam/20200618/go1/kor_mun_8R76G1AH.pdf
2020,1,6,school_mock,korean,,solution,manual_review,identity_unverifiable,confirmed,official_catalog_and_pdf,not_imported,,https://wdown.ebsi.co.kr/W61001/01exam/20200618/go1/kor_hsj_9R12X9YS.pdf
2020,1,6,school_mock,math,,question,manual_review,identity_unverifiable,confirmed,official_catalog_and_pdf,not_imported,,https://wdown.ebsi.co.kr/W61001/01exam/20200618/go1/math_mun_K6U76P63.pdf
2020,1,6,school_mock,math,,solution,manual_review,identity_unverifiable,confirmed,official_catalog_and_pdf,not_imported,,https://wdown.ebsi.co.kr/W61001/01exam/20200618/go1/math_hsj_T586SHTI.pdf
2020,1,6,school_mock,english,,question,manual_review,identity_unverifiable,confirmed,official_catalog_and_pdf,not_imported,,https://wdown.ebsi.co.kr/W61001/01exam/20200618/go1/eng_mun_TO5WU7I7.pdf
2020,1,6,school_mock,english,,solution,manual_review,identity_unverifiable,confirmed,official_catalog_and_pdf,not_imported,,https://wdown.ebsi.co.kr/W61001/01exam/20200618/go1/eng_hsj_WW78MNI8.pdf
2020,1,6,school_mock,history,,question,manual_review,identity_unverifiable,confirmed,official_catalog_and_pdf,not_imported,,https://wdown.ebsi.co.kr/W61001/01exam/20200618/go1/s_his_mun_7AB91DX1.pdf
2020,1,6,school_mock,history,,solution,manual_review,identity_unverifiable,confirmed,official_catalog_and_pdf,not_imported,,https://wdown.ebsi.co.kr/W61001/01exam/20200618/go1/s_his_hsj_1I1T88PT.pdf
2020,1,6,school_mock,social,integrated-social,question,manual_review,identity_unverifiable,confirmed,official_catalog_and_pdf,not_imported,,https://wdown.ebsi.co.kr/W61001/01exam/20200618/go1/s_soc_mun_7Z29R7J3.pdf
2020,1,6,school_mock,social,integrated-social,solution,manual_review,identity_unverifiable,confirmed,official_catalog_and_pdf,not_imported,,https://wdown.ebsi.co.kr/W61001/01exam/20200618/go1/s_soc_hsj_3WH3748S.pdf
2020,1,6,school_mock,science,integrated-science,question,manual_review,identity_unverifiable,confirmed,official_catalog_and_pdf,not_imported,,https://wdown.ebsi.co.kr/W61001/01exam/20200618/go1/g_sci_mun_95QPE496.pdf
2020,1,6,school_mock,science,integrated-science,solution,manual_review,identity_unverifiable,confirmed,official_catalog_and_pdf,not_imported,,https://wdown.ebsi.co.kr/W61001/01exam/20200618/go1/g_sci_hsj_15461791.pdf
2020,1,9,school_mock,korean,,question,manual_review,identity_unverifiable,confirmed,official_catalog_and_pdf,not_imported,,https://wdown.ebsi.co.kr/W61001/01exam/20200916/go1/kor_mun_V2S9PJA8.pdf
2020,1,9,school_mock,korean,,solution,manual_review,identity_unverifiable,confirmed,official_catalog_and_pdf,not_imported,,https://wdown.ebsi.co.kr/W61001/01exam/20200916/go1/kor_hsj_6UA4QA9D.pdf
2020,1,9,school_mock,math,,question,manual_review,identity_unverifiable,confirmed,official_catalog_and_pdf,not_imported,,https://wdown.ebsi.co.kr/W61001/01exam/20200916/go1/math_mun_CA72Q92V.pdf
2020,1,9,school_mock,math,,solution,manual_review,identity_unverifiable,confirmed,official_catalog_and_pdf,not_imported,,https://wdown.ebsi.co.kr/W61001/01exam/20200916/go1/math_hsj_68K7ED66.pdf
2020,1,9,school_mock,english,,question,manual_review,identity_unverifiable,confirmed,official_catalog_and_pdf,not_imported,,https://wdown.ebsi.co.kr/W61001/01exam/20200916/go1/eng_mun_F4HUEQQ3.pdf
2020,1,9,school_mock,english,,solution,manual_review,identity_unverifiable,confirmed,official_catalog_and_pdf,not_imported,,https://wdown.ebsi.co.kr/W61001/01exam/20200916/go1/eng_hsj_2NF33P85.pdf
2020,1,9,school_mock,history,,question,manual_review,identity_unverifiable,confirmed,official_catalog_and_pdf,not_imported,,https://wdown.ebsi.co.kr/W61001/01exam/20200916/go1/s_his_mun_N5RUB9HL.pdf
2020,1,9,school_mock,history,,solution,manual_review,identity_unverifiable,confirmed,official_catalog_and_pdf,not_imported,,https://wdown.ebsi.co.kr/W61001/01exam/20200916/go1/s_his_hsj_36Q4A717.pdf
2020,1,9,school_mock,social,integrated-social,question,manual_review,identity_unverifiable,confirmed,official_catalog_and_pdf,not_imported,,https://wdown.ebsi.co.kr/W61001/01exam/20200916/go1/s_soc_mun_24QWIJLJ.pdf
2020,1,9,school_mock,social,integrated-social,solution,manual_review,identity_unverifiable,confirmed,official_catalog_and_pdf,not_imported,,https://wdown.ebsi.co.kr/W61001/01exam/20200916/go1/s_soc_hsj_72WGGF8Z.pdf
2020,1,9,school_mock,science,integrated-science,question,manual_review,identity_unverifiable,confirmed,official_catalog_and_pdf,not_imported,,https://wdown.ebsi.co.kr/W61001/01exam/20200916/go1/g_sci_mun_OKX3DSMR.pdf
2020,1,9,school_mock,science,integrated-science,solution,manual_review,identity_unverifiable,confirmed,official_catalog_and_pdf,not_imported,,https://wdown.ebsi.co.kr/W61001/01exam/20200916/go1/g_sci_hsj_XFNC57M2.pdf
2020,1,11,school_mock,korean,,question,manual_review,identity_unverifiable,confirmed,official_catalog_and_pdf,not_imported,,https://wdown.ebsi.co.kr/W61001/01exam/20201118/go1/kor_mun_ZJ7LEZ44.pdf
2020,1,11,school_mock,korean,,solution,manual_review,identity_unverifiable,confirmed,official_catalog_and_pdf,not_imported,,https://wdown.ebsi.co.kr/W61001/01exam/20201118/go1/kor_hsj_XE4LPYRX.pdf
2020,1,11,school_mock,math,,question,manual_review,identity_unverifiable,confirmed,official_catalog_and_pdf,not_imported,,https://wdown.ebsi.co.kr/W61001/01exam/20201118/go1/math_mun_78T7MF35.pdf
2020,1,11,school_mock,math,,solution,manual_review,identity_unverifiable,confirmed,official_catalog_and_pdf,not_imported,,https://wdown.ebsi.co.kr/W61001/01exam/20201118/go1/math_hsj_S1GBJGAY.pdf
2020,1,11,school_mock,english,,question,manual_review,identity_unverifiable,confirmed,official_catalog_and_pdf,not_imported,,https://wdown.ebsi.co.kr/W61001/01exam/20201118/go1/eng_mun_8Q38Y772.pdf
2020,1,11,school_mock,english,,solution,manual_review,identity_unverifiable,confirmed,official_catalog_and_pdf,not_imported,,https://wdown.ebsi.co.kr/W61001/01exam/20201118/go1/eng_hsj_A833T4N5.pdf
2020,1,11,school_mock,history,,question,manual_review,identity_unverifiable,confirmed,official_catalog_and_pdf,not_imported,,https://wdown.ebsi.co.kr/W61001/01exam/20201118/go1/s_his_mun_9RFES535.pdf
2020,1,11,school_mock,history,,solution,manual_review,identity_unverifiable,confirmed,official_catalog_and_pdf,not_imported,,https://wdown.ebsi.co.kr/W61001/01exam/20201118/go1/s_his_hsj_73TYC4K8.pdf
2020,1,11,school_mock,social,integrated-social,question,manual_review,identity_unverifiable,confirmed,official_catalog_and_pdf,not_imported,,https://wdown.ebsi.co.kr/W61001/01exam/20201118/go1/s_soc_mun_1J5YJYZ1.pdf
2020,1,11,school_mock,social,integrated-social,solution,manual_review,identity_unverifiable,confirmed,official_catalog_and_pdf,not_imported,,https://wdown.ebsi.co.kr/W61001/01exam/20201118/go1/s_soc_hsj_Y8B47598.pdf
2020,1,11,school_mock,science,integrated-science,question,manual_review,identity_unverifiable,confirmed,official_catalog_and_pdf,not_imported,,https://wdown.ebsi.co.kr/W61001/01exam/20201118/go1/g_sci_mun_6O1924QA.pdf
2020,1,11,school_mock,science,integrated-science,solution,manual_review,identity_unverifiable,confirmed,official_catalog_and_pdf,not_imported,,https://wdown.ebsi.co.kr/W61001/01exam/20201118/go1/g_sci_hsj_N174A861.pdf
2020,2,3,school_mock,korean,,question,manual_review,identity_unverifiable,confirmed,official_catalog_and_pdf,not_imported,,https://wdown.ebsi.co.kr/W61001/01exam/20200312/go2/kor_mun_69472F1A.pdf
2020,2,3,school_mock,korean,,solution,manual_review,identity_unverifiable,confirmed,official_catalog_and_pdf,not_imported,,https://wdown.ebsi.co.kr/W61001/01exam/20200312/go2/kor_hsj_898HQQB9.pdf
2020,2,3,school_mock,math,,question,manual_review,identity_unverifiable,confirmed,official_catalog_and_pdf,not_imported,,https://wdown.ebsi.co.kr/W61001/01exam/20200312/go2/math_mun_OFM9GV2E.pdf
2020,2,3,school_mock,math,,solution,manual_review,identity_unverifiable,confirmed,official_catalog_and_pdf,not_imported,,https://wdown.ebsi.co.kr/W61001/01exam/20200312/go2/math_hsj_94AXV97Q.pdf
2020,2,3,school_mock,english,,question,manual_review,identity_unverifiable,confirmed,official_catalog_and_pdf,not_imported,,https://wdown.ebsi.co.kr/W61001/01exam/20200312/go2/eng_mun_861PVDOX.pdf
2020,2,3,school_mock,english,,solution,manual_review,identity_unverifiable,confirmed,official_catalog_and_pdf,not_imported,,https://wdown.ebsi.co.kr/W61001/01exam/20200312/go2/eng_hsj_1GKB4679.pdf
2020,2,3,school_mock,history,,question,manual_review,identity_unverifiable,confirmed,official_catalog_and_pdf,not_imported,,https://wdown.ebsi.co.kr/W61001/01exam/20200312/go2/s_his_mun_3U28CK41.pdf
2020,2,3,school_mock,history,,solution,manual_review,identity_unverifiable,confirmed,official_catalog_and_pdf,not_imported,,https://wdown.ebsi.co.kr/W61001/01exam/20200312/go2/s_his_hsj_J4H1GGG7.pdf
2020,2,3,school_mock,social,east-asian-history,question,manual_review,identity_unverifiable,confirmed,official_catalog_and_pdf,not_imported,,https://wdown.ebsi.co.kr/W61001/01exam/20200312/go2/s_easta_mun_RHP6F335.pdf
2020,2,3,school_mock,social,east-asian-history,solution,manual_review,identity_unverifiable,confirmed,official_catalog_and_pdf,not_imported,,https://wdown.ebsi.co.kr/W61001/01exam/20200312/go2/s_easta_hsj_894JIYJD.pdf
2020,2,3,school_mock,social,economics,question,manual_review,identity_unverifiable,confirmed,official_catalog_and_pdf,not_imported,,https://wdown.ebsi.co.kr/W61001/01exam/20200312/go2/s_eco_mun_UUTDI5B9.pdf
2020,2,3,school_mock,social,economics,solution,manual_review,identity_unverifiable,confirmed,official_catalog_and_pdf,not_imported,,https://wdown.ebsi.co.kr/W61001/01exam/20200312/go2/s_eco_hsj_GD3C5S17.pdf
2020,2,3,school_mock,social,ethics-and-thought,question,manual_review,identity_unverifiable,confirmed,official_catalog_and_pdf,not_imported,,https://wdown.ebsi.co.kr/W61001/01exam/20200312/go2/s_yrnss_mun_78SH627D.pdf
2020,2,3,school_mock,social,ethics-and-thought,solution,manual_review,identity_unverifiable,confirmed,official_catalog_and_pdf,not_imported,,https://wdown.ebsi.co.kr/W61001/01exam/20200312/go2/s_yrnss_hsj_5K3U6354.pdf
2020,2,3,school_mock,social,korean-geography,question,manual_review,identity_unverifiable,confirmed,official_catalog_and_pdf,not_imported,,https://wdown.ebsi.co.kr/W61001/01exam/20200312/go2/s_hanji_mun_M7OL64U3.pdf
2020,2,3,school_mock,social,korean-geography,solution,manual_review,identity_unverifiable,confirmed,official_catalog_and_pdf,not_imported,,https://wdown.ebsi.co.kr/W61001/01exam/20200312/go2/s_hanji_hsj_QLP668H9.pdf
2020,2,3,school_mock,social,life-and-ethics,question,manual_review,identity_unverifiable,confirmed,official_catalog_and_pdf,not_imported,,https://wdown.ebsi.co.kr/W61001/01exam/20200312/go2/s_ssnyr_mun_29L5HCEK.pdf
2020,2,3,school_mock,social,life-and-ethics,solution,manual_review,identity_unverifiable,confirmed,official_catalog_and_pdf,not_imported,,https://wdown.ebsi.co.kr/W61001/01exam/20200312/go2/s_ssnyr_hsj_45X82Q9H.pdf
2020,2,3,school_mock,social,politics-and-law,question,manual_review,identity_unverifiable,confirmed,official_catalog_and_pdf,not_imported,,https://wdown.ebsi.co.kr/W61001/01exam/20200312/go2/s_bnj_mun_5S78W7J2.pdf
2020,2,3,school_mock,social,politics-and-law,solution,manual_review,identity_unverifiable,confirmed,official_catalog_and_pdf,not_imported,,https://wdown.ebsi.co.kr/W61001/01exam/20200312/go2/s_bnj_hsj_2S4FODOD.pdf
2020,2,3,school_mock,social,social-culture,question,manual_review,identity_unverifiable,confirmed,official_catalog_and_pdf,not_imported,,https://wdown.ebsi.co.kr/W61001/01exam/20200312/go2/s_samun_mun_E2U1LAC3.pdf
2020,2,3,school_mock,social,social-culture,solution,manual_review,identity_unverifiable,confirmed,official_catalog_and_pdf,not_imported,,https://wdown.ebsi.co.kr/W61001/01exam/20200312/go2/s_samun_hsj_QGLN7UAS.pdf
2020,2,3,school_mock,social,world-geography,question,manual_review,identity_unverifiable,confirmed,official_catalog_and_pdf,not_imported,,https://wdown.ebsi.co.kr/W61001/01exam/20200312/go2/s_saeji_mun_IZHMAE1Z.pdf
2020,2,3,school_mock,social,world-geography,solution,manual_review,identity_unverifiable,confirmed,official_catalog_and_pdf,not_imported,,https://wdown.ebsi.co.kr/W61001/01exam/20200312/go2/s_saeji_hsj_E8I21QF9.pdf
2020,2,3,school_mock,social,world-history,question,manual_review,identity_unverifiable,confirmed,official_catalog_and_pdf,not_imported,,https://wdown.ebsi.co.kr/W61001/01exam/20200312/go2/s_sks_mun_866G4716.pdf
2020,2,3,school_mock,social,world-history,solution,manual_review,identity_unverifiable,confirmed,official_catalog_and_pdf,not_imported,,https://wdown.ebsi.co.kr/W61001/01exam/20200312/go2/s_sks_hsj_P18ZAY34.pdf
2020,2,3,school_mock,science,chemistry-1,question,manual_review,identity_unverifiable,confirmed,official_catalog_and_pdf,not_imported,,https://wdown.ebsi.co.kr/W61001/01exam/20200312/go2/g_che1_mun_F74P2588.pdf
2020,2,3,school_mock,science,chemistry-1,solution,manual_review,identity_unverifiable,confirmed,official_catalog_and_pdf,not_imported,,https://wdown.ebsi.co.kr/W61001/01exam/20200312/go2/g_che1_hsj_BSJ2Y889.pdf
2020,2,3,school_mock,science,earth-science-1,question,manual_review,identity_unverifiable,confirmed,official_catalog_and_pdf,not_imported,,https://wdown.ebsi.co.kr/W61001/01exam/20200312/go2/g_ear1_mun_1M3LWF85.pdf
2020,2,3,school_mock,science,earth-science-1,solution,manual_review,identity_unverifiable,confirmed,official_catalog_and_pdf,not_imported,,https://wdown.ebsi.co.kr/W61001/01exam/20200312/go2/g_ear1_hsj_9JC766FT.pdf
2020,2,3,school_mock,science,life-science-1,question,manual_review,identity_unverifiable,confirmed,official_catalog_and_pdf,not_imported,,https://wdown.ebsi.co.kr/W61001/01exam/20200312/go2/g_bio1_mun_29A2A4DA.pdf
2020,2,3,school_mock,science,life-science-1,solution,manual_review,identity_unverifiable,confirmed,official_catalog_and_pdf,not_imported,,https://wdown.ebsi.co.kr/W61001/01exam/20200312/go2/g_bio1_hsj_CS2I6433.pdf
2020,2,3,school_mock,science,physics-1,question,manual_review,identity_unverifiable,confirmed,official_catalog_and_pdf,not_imported,,https://wdown.ebsi.co.kr/W61001/01exam/20200312/go2/g_phy1_mun_YWUE38N8.pdf
2020,2,3,school_mock,science,physics-1,solution,manual_review,identity_unverifiable,confirmed,official_catalog_and_pdf,not_imported,,https://wdown.ebsi.co.kr/W61001/01exam/20200312/go2/g_phy1_hsj_5AAAHUNF.pdf
2020,2,6,school_mock,korean,,question,manual_review,identity_unverifiable,confirmed,official_catalog_and_pdf,not_imported,,https://wdown.ebsi.co.kr/W61001/01exam/20200618/go2/kor_mun_V9THC465.pdf
2020,2,6,school_mock,korean,,solution,manual_review,identity_unverifiable,confirmed,official_catalog_and_pdf,not_imported,,https://wdown.ebsi.co.kr/W61001/01exam/20200618/go2/kor_hsj_81Z7311Y.pdf
2020,2,6,school_mock,math,,question,manual_review,identity_unverifiable,confirmed,official_catalog_and_pdf,not_imported,,https://wdown.ebsi.co.kr/W61001/01exam/20200618/go2/math_mun_682SH89M.pdf
2020,2,6,school_mock,math,,solution,manual_review,identity_unverifiable,confirmed,official_catalog_and_pdf,not_imported,,https://wdown.ebsi.co.kr/W61001/01exam/20200618/go2/math_hsj_PIVI3ICA.pdf
2020,2,6,school_mock,english,,question,manual_review,identity_unverifiable,confirmed,official_catalog_and_pdf,not_imported,,https://wdown.ebsi.co.kr/W61001/01exam/20200618/go2/eng_mun_K56Q212Z.pdf
2020,2,6,school_mock,english,,solution,manual_review,identity_unverifiable,confirmed,official_catalog_and_pdf,not_imported,,https://wdown.ebsi.co.kr/W61001/01exam/20200618/go2/eng_hsj_6Q891Q37.pdf
2020,2,6,school_mock,history,,question,manual_review,identity_unverifiable,confirmed,official_catalog_and_pdf,not_imported,,https://wdown.ebsi.co.kr/W61001/01exam/20200618/go2/s_his_mun_L34A41V6.pdf
2020,2,6,school_mock,history,,solution,manual_review,identity_unverifiable,confirmed,official_catalog_and_pdf,not_imported,,https://wdown.ebsi.co.kr/W61001/01exam/20200618/go2/s_his_hsj_FA3XX35G.pdf
2020,2,6,school_mock,social,east-asian-history,question,manual_review,identity_unverifiable,confirmed,official_catalog_and_pdf,not_imported,,https://wdown.ebsi.co.kr/W61001/01exam/20200618/go2/s_easta_mun_35SN93RY.pdf
2020,2,6,school_mock,social,east-asian-history,solution,manual_review,identity_unverifiable,confirmed,official_catalog_and_pdf,not_imported,,https://wdown.ebsi.co.kr/W61001/01exam/20200618/go2/s_easta_hsj_9MEZ4RY7.pdf
2020,2,6,school_mock,social,economics,question,manual_review,identity_unverifiable,confirmed,official_catalog_and_pdf,not_imported,,https://wdown.ebsi.co.kr/W61001/01exam/20200618/go2/s_eco_mun_34483KD5.pdf
2020,2,6,school_mock,social,economics,solution,manual_review,identity_unverifiable,confirmed,official_catalog_and_pdf,not_imported,,https://wdown.ebsi.co.kr/W61001/01exam/20200618/go2/s_eco_hsj_6F6Z217V.pdf
2020,2,6,school_mock,social,ethics-and-thought,question,manual_review,identity_unverifiable,confirmed,official_catalog_and_pdf,not_imported,,https://wdown.ebsi.co.kr/W61001/01exam/20200618/go2/s_yrnss_mun_12LQV3LP.pdf
2020,2,6,school_mock,social,ethics-and-thought,solution,manual_review,identity_unverifiable,confirmed,official_catalog_and_pdf,not_imported,,https://wdown.ebsi.co.kr/W61001/01exam/20200618/go2/s_yrnss_hsj_6AAV641A.pdf
2020,2,6,school_mock,social,korean-geography,question,manual_review,identity_unverifiable,confirmed,official_catalog_and_pdf,not_imported,,https://wdown.ebsi.co.kr/W61001/01exam/20200618/go2/s_hanji_mun_17A2745O.pdf
2020,2,6,school_mock,social,korean-geography,solution,manual_review,identity_unverifiable,confirmed,official_catalog_and_pdf,not_imported,,https://wdown.ebsi.co.kr/W61001/01exam/20200618/go2/s_hanji_hsj_61MB4399.pdf
2020,2,6,school_mock,social,life-and-ethics,question,manual_review,identity_unverifiable,confirmed,official_catalog_and_pdf,not_imported,,https://wdown.ebsi.co.kr/W61001/01exam/20200618/go2/s_ssnyr_mun_JJ86TDP6.pdf
2020,2,6,school_mock,social,life-and-ethics,solution,manual_review,identity_unverifiable,confirmed,official_catalog_and_pdf,not_imported,,https://wdown.ebsi.co.kr/W61001/01exam/20200618/go2/s_ssnyr_hsj_FRX1S12A.pdf
2020,2,6,school_mock,social,politics-and-law,question,manual_review,identity_unverifiable,confirmed,official_catalog_and_pdf,not_imported,,https://wdown.ebsi.co.kr/W61001/01exam/20200618/go2/s_bnj_mun_9L45527X.pdf
2020,2,6,school_mock,social,politics-and-law,solution,manual_review,identity_unverifiable,confirmed,official_catalog_and_pdf,not_imported,,https://wdown.ebsi.co.kr/W61001/01exam/20200618/go2/s_bnj_hsj_7RXR7A2X.pdf
2020,2,6,school_mock,social,social-culture,question,manual_review,identity_unverifiable,confirmed,official_catalog_and_pdf,not_imported,,https://wdown.ebsi.co.kr/W61001/01exam/20200618/go2/s_samun_mun_I542N3N1.pdf
2020,2,6,school_mock,social,social-culture,solution,manual_review,identity_unverifiable,confirmed,official_catalog_and_pdf,not_imported,,https://wdown.ebsi.co.kr/W61001/01exam/20200618/go2/s_samun_hsj_XWL64535.pdf
2020,2,6,school_mock,social,world-geography,question,manual_review,identity_unverifiable,confirmed,official_catalog_and_pdf,not_imported,,https://wdown.ebsi.co.kr/W61001/01exam/20200618/go2/s_saeji_mun_1666EJ9J.pdf
2020,2,6,school_mock,social,world-geography,solution,manual_review,identity_unverifiable,confirmed,official_catalog_and_pdf,not_imported,,https://wdown.ebsi.co.kr/W61001/01exam/20200618/go2/s_saeji_hsj_74FJE615.pdf
2020,2,6,school_mock,social,world-history,question,manual_review,identity_unverifiable,confirmed,official_catalog_and_pdf,not_imported,,https://wdown.ebsi.co.kr/W61001/01exam/20200618/go2/s_sks_mun_35EYV695.pdf
2020,2,6,school_mock,social,world-history,solution,manual_review,identity_unverifiable,confirmed,official_catalog_and_pdf,not_imported,,https://wdown.ebsi.co.kr/W61001/01exam/20200618/go2/s_sks_hsj_S25HN44Z.pdf
2020,2,6,school_mock,science,chemistry-1,question,manual_review,identity_unverifiable,confirmed,official_catalog_and_pdf,not_imported,,https://wdown.ebsi.co.kr/W61001/01exam/20200618/go2/g_che1_mun_NZEO6EW4.pdf
2020,2,6,school_mock,science,chemistry-1,solution,manual_review,identity_unverifiable,confirmed,official_catalog_and_pdf,not_imported,,https://wdown.ebsi.co.kr/W61001/01exam/20200618/go2/g_che1_hsj_5A616G98.pdf
2020,2,6,school_mock,science,earth-science-1,question,manual_review,identity_unverifiable,confirmed,official_catalog_and_pdf,not_imported,,https://wdown.ebsi.co.kr/W61001/01exam/20200618/go2/g_ear1_mun_MZ83BU25.pdf
2020,2,6,school_mock,science,earth-science-1,solution,manual_review,identity_unverifiable,confirmed,official_catalog_and_pdf,not_imported,,https://wdown.ebsi.co.kr/W61001/01exam/20200618/go2/g_ear1_hsj_E1X7K23S.pdf
2020,2,6,school_mock,science,life-science-1,question,manual_review,identity_unverifiable,confirmed,official_catalog_and_pdf,not_imported,,https://wdown.ebsi.co.kr/W61001/01exam/20200618/go2/g_bio1_mun_OTM5G8Y7.pdf
2020,2,6,school_mock,science,life-science-1,solution,manual_review,identity_unverifiable,confirmed,official_catalog_and_pdf,not_imported,,https://wdown.ebsi.co.kr/W61001/01exam/20200618/go2/g_bio1_hsj_D9J8PM9Q.pdf
2020,2,6,school_mock,science,physics-1,question,manual_review,identity_unverifiable,confirmed,official_catalog_and_pdf,not_imported,,https://wdown.ebsi.co.kr/W61001/01exam/20200618/go2/g_phy1_mun_1548CMW8.pdf
2020,2,6,school_mock,science,physics-1,solution,manual_review,identity_unverifiable,confirmed,official_catalog_and_pdf,not_imported,,https://wdown.ebsi.co.kr/W61001/01exam/20200618/go2/g_phy1_hsj_8MO2NE7O.pdf
2020,2,9,school_mock,korean,,question,manual_review,identity_unverifiable,confirmed,official_catalog_and_pdf,not_imported,,https://wdown.ebsi.co.kr/W61001/01exam/20200916/go2/kor_mun_3FAYOUHC.pdf
2020,2,9,school_mock,korean,,solution,manual_review,identity_unverifiable,confirmed,official_catalog_and_pdf,not_imported,,https://wdown.ebsi.co.kr/W61001/01exam/20200916/go2/kor_hsj_G18AKQCY.pdf
2020,2,9,school_mock,math,,question,manual_review,identity_unverifiable,confirmed,official_catalog_and_pdf,not_imported,,https://wdown.ebsi.co.kr/W61001/01exam/20200916/go2/math_mun_9169A11V.pdf
2020,2,9,school_mock,math,,solution,manual_review,identity_unverifiable,confirmed,official_catalog_and_pdf,not_imported,,https://wdown.ebsi.co.kr/W61001/01exam/20200916/go2/math_hsj_S28872N9.pdf
2020,2,9,school_mock,english,,question,manual_review,identity_unverifiable,confirmed,official_catalog_and_pdf,not_imported,,https://wdown.ebsi.co.kr/W61001/01exam/20200916/go2/eng_mun_33YL7Z65.pdf
2020,2,9,school_mock,english,,solution,manual_review,identity_unverifiable,confirmed,official_catalog_and_pdf,not_imported,,https://wdown.ebsi.co.kr/W61001/01exam/20200916/go2/eng_hsj_MREOLP11.pdf
2020,2,9,school_mock,history,,question,manual_review,identity_unverifiable,confirmed,official_catalog_and_pdf,not_imported,,https://wdown.ebsi.co.kr/W61001/01exam/20200916/go2/s_his_mun_IC1G9F8W_1.pdf
2020,2,9,school_mock,history,,solution,manual_review,identity_unverifiable,confirmed,official_catalog_and_pdf,not_imported,,https://wdown.ebsi.co.kr/W61001/01exam/20200916/go2/s_his_hsj_RC96R87C_1.pdf
2020,2,9,school_mock,social,east-asian-history,question,manual_review,identity_unverifiable,confirmed,official_catalog_and_pdf,not_imported,,https://wdown.ebsi.co.kr/W61001/01exam/20200916/go2/s_easta_mun_8VII2N56.pdf
2020,2,9,school_mock,social,east-asian-history,solution,manual_review,identity_unverifiable,confirmed,official_catalog_and_pdf,not_imported,,https://wdown.ebsi.co.kr/W61001/01exam/20200916/go2/s_easta_hsj_7AF32W7Y.pdf
2020,2,9,school_mock,social,economics,question,manual_review,identity_unverifiable,confirmed,official_catalog_and_pdf,not_imported,,https://wdown.ebsi.co.kr/W61001/01exam/20200916/go2/s_eco_mun_3293298N.pdf
2020,2,9,school_mock,social,economics,solution,manual_review,identity_unverifiable,confirmed,official_catalog_and_pdf,not_imported,,https://wdown.ebsi.co.kr/W61001/01exam/20200916/go2/s_eco_hsj_3254A15N.pdf
2020,2,9,school_mock,social,ethics-and-thought,question,manual_review,identity_unverifiable,confirmed,official_catalog_and_pdf,not_imported,,https://wdown.ebsi.co.kr/W61001/01exam/20200916/go2/s_yrnss_mun_775Y81V4.pdf
2020,2,9,school_mock,social,ethics-and-thought,solution,manual_review,identity_unverifiable,confirmed,official_catalog_and_pdf,not_imported,,https://wdown.ebsi.co.kr/W61001/01exam/20200916/go2/s_yrnss_hsj_86S31UF3.pdf
2020,2,9,school_mock,social,korean-geography,question,manual_review,identity_unverifiable,confirmed,official_catalog_and_pdf,not_imported,,https://wdown.ebsi.co.kr/W61001/01exam/20200916/go2/s_hanji_mun_82P5A459.pdf
2020,2,9,school_mock,social,korean-geography,solution,manual_review,identity_unverifiable,confirmed,official_catalog_and_pdf,not_imported,,https://wdown.ebsi.co.kr/W61001/01exam/20200916/go2/s_hanji_hsj_7H6RR74G.pdf
2020,2,9,school_mock,social,life-and-ethics,question,manual_review,identity_unverifiable,confirmed,official_catalog_and_pdf,not_imported,,https://wdown.ebsi.co.kr/W61001/01exam/20200916/go2/s_ssnyr_mun_BW1GKD4A.pdf
2020,2,9,school_mock,social,life-and-ethics,solution,manual_review,identity_unverifiable,confirmed,official_catalog_and_pdf,not_imported,,https://wdown.ebsi.co.kr/W61001/01exam/20200916/go2/s_ssnyr_hsj_V8791QY2.pdf
2020,2,9,school_mock,social,politics-and-law,question,manual_review,identity_unverifiable,confirmed,official_catalog_and_pdf,not_imported,,https://wdown.ebsi.co.kr/W61001/01exam/20200916/go2/s_bnj_mun_64YMJEX7.pdf
2020,2,9,school_mock,social,politics-and-law,solution,manual_review,identity_unverifiable,confirmed,official_catalog_and_pdf,not_imported,,https://wdown.ebsi.co.kr/W61001/01exam/20200916/go2/s_bnj_hsj_826DO8EO.pdf
2020,2,9,school_mock,social,social-culture,question,manual_review,identity_unverifiable,confirmed,official_catalog_and_pdf,not_imported,,https://wdown.ebsi.co.kr/W61001/01exam/20200916/go2/s_samun_mun_P131354D.pdf
2020,2,9,school_mock,social,social-culture,solution,manual_review,identity_unverifiable,confirmed,official_catalog_and_pdf,not_imported,,https://wdown.ebsi.co.kr/W61001/01exam/20200916/go2/s_samun_hsj_W4636A7A.pdf
2020,2,9,school_mock,social,world-geography,question,manual_review,identity_unverifiable,confirmed,official_catalog_and_pdf,not_imported,,https://wdown.ebsi.co.kr/W61001/01exam/20200916/go2/s_saeji_mun_QH76D4CU.pdf
2020,2,9,school_mock,social,world-geography,solution,manual_review,identity_unverifiable,confirmed,official_catalog_and_pdf,not_imported,,https://wdown.ebsi.co.kr/W61001/01exam/20200916/go2/s_saeji_hsj_O9W69WKK.pdf
2020,2,9,school_mock,social,world-history,question,manual_review,identity_unverifiable,confirmed,official_catalog_and_pdf,not_imported,,https://wdown.ebsi.co.kr/W61001/01exam/20200916/go2/s_sks_mun_1NYCN8H7.pdf
2020,2,9,school_mock,social,world-history,solution,manual_review,identity_unverifiable,confirmed,official_catalog_and_pdf,not_imported,,https://wdown.ebsi.co.kr/W61001/01exam/20200916/go2/s_sks_hsj_86R6QE54.pdf
2020,2,9,school_mock,science,chemistry-1,question,manual_review,identity_unverifiable,confirmed,official_catalog_and_pdf,not_imported,,https://wdown.ebsi.co.kr/W61001/01exam/20200916/go2/g_che1_mun_36591A51.pdf
2020,2,9,school_mock,science,chemistry-1,solution,manual_review,identity_unverifiable,confirmed,official_catalog_and_pdf,not_imported,,https://wdown.ebsi.co.kr/W61001/01exam/20200916/go2/g_che1_hsj_56112G63.pdf
2020,2,9,school_mock,science,earth-science-1,question,manual_review,identity_unverifiable,confirmed,official_catalog_and_pdf,not_imported,,https://wdown.ebsi.co.kr/W61001/01exam/20200916/go2/g_ear1_mun_7L6468BE.pdf
2020,2,9,school_mock,science,earth-science-1,solution,manual_review,identity_unverifiable,confirmed,official_catalog_and_pdf,not_imported,,https://wdown.ebsi.co.kr/W61001/01exam/20200916/go2/g_ear1_hsj_TVC9T3F1.pdf
2020,2,9,school_mock,science,life-science-1,question,manual_review,identity_unverifiable,confirmed,official_catalog_and_pdf,not_imported,,https://wdown.ebsi.co.kr/W61001/01exam/20200916/go2/g_bio1_mun_5C8I5E5V.pdf
2020,2,9,school_mock,science,life-science-1,solution,manual_review,identity_unverifiable,confirmed,official_catalog_and_pdf,not_imported,,https://wdown.ebsi.co.kr/W61001/01exam/20200916/go2/g_bio1_hsj_V9Q4N6LG.pdf
2020,2,9,school_mock,science,physics-1,question,manual_review,identity_unverifiable,confirmed,official_catalog_and_pdf,not_imported,,https://wdown.ebsi.co.kr/W61001/01exam/20200916/go2/g_phy1_mun_36C7U37I.pdf
2020,2,9,school_mock,science,physics-1,solution,manual_review,identity_unverifiable,confirmed,official_catalog_and_pdf,not_imported,,https://wdown.ebsi.co.kr/W61001/01exam/20200916/go2/g_phy1_hsj_QY71Z421.pdf
2020,2,11,school_mock,korean,,question,manual_review,identity_unverifiable,confirmed,official_catalog_and_pdf,not_imported,,https://wdown.ebsi.co.kr/W61001/01exam/20201118/go2/kor_mun_A4D9CHAL.pdf
2020,2,11,school_mock,korean,,solution,manual_review,identity_unverifiable,confirmed,official_catalog_and_pdf,not_imported,,https://wdown.ebsi.co.kr/W61001/01exam/20201118/go2/kor_hsj_79H3V79D.pdf
2020,2,11,school_mock,math,,question,manual_review,identity_unverifiable,confirmed,official_catalog_and_pdf,not_imported,,https://wdown.ebsi.co.kr/W61001/01exam/20201118/go2/math_mun_4C96T2TE.pdf
2020,2,11,school_mock,math,,solution,manual_review,identity_unverifiable,confirmed,official_catalog_and_pdf,not_imported,,https://wdown.ebsi.co.kr/W61001/01exam/20201118/go2/math_hsj_P8N9QXBA.pdf
2020,2,11,school_mock,english,,question,manual_review,identity_unverifiable,confirmed,official_catalog_and_pdf,not_imported,,https://wdown.ebsi.co.kr/W61001/01exam/20201118/go2/eng_mun_53P17K1B.pdf
2020,2,11,school_mock,english,,solution,manual_review,identity_unverifiable,confirmed,official_catalog_and_pdf,not_imported,,https://wdown.ebsi.co.kr/W61001/01exam/20201118/go2/eng_hsj_92UA4755.pdf
2020,2,11,school_mock,history,,question,manual_review,identity_unverifiable,confirmed,official_catalog_and_pdf,not_imported,,https://wdown.ebsi.co.kr/W61001/01exam/20201118/go2/s_his_mun_61388316.pdf
2020,2,11,school_mock,history,,solution,manual_review,identity_unverifiable,confirmed,official_catalog_and_pdf,not_imported,,https://wdown.ebsi.co.kr/W61001/01exam/20201118/go2/s_his_hsj_O1RY2459.pdf
2020,2,11,school_mock,social,east-asian-history,question,manual_review,identity_unverifiable,confirmed,official_catalog_and_pdf,not_imported,,https://wdown.ebsi.co.kr/W61001/01exam/20201118/go2/s_easta_mun_WZ4E4EPR.pdf
2020,2,11,school_mock,social,east-asian-history,solution,manual_review,identity_unverifiable,confirmed,official_catalog_and_pdf,not_imported,,https://wdown.ebsi.co.kr/W61001/01exam/20201118/go2/s_easta_hsj_PI47DL4P.pdf
2020,2,11,school_mock,social,economics,question,manual_review,identity_unverifiable,confirmed,official_catalog_and_pdf,not_imported,,https://wdown.ebsi.co.kr/W61001/01exam/20201118/go2/s_eco_mun_574C6E6L.pdf
2020,2,11,school_mock,social,economics,solution,manual_review,identity_unverifiable,confirmed,official_catalog_and_pdf,not_imported,,https://wdown.ebsi.co.kr/W61001/01exam/20201118/go2/s_eco_hsj_Y5T5ILW1.pdf
2020,2,11,school_mock,social,ethics-and-thought,question,manual_review,identity_unverifiable,confirmed,official_catalog_and_pdf,not_imported,,https://wdown.ebsi.co.kr/W61001/01exam/20201118/go2/s_yrnss_mun_87G6424J.pdf
2020,2,11,school_mock,social,ethics-and-thought,solution,manual_review,identity_unverifiable,confirmed,official_catalog_and_pdf,not_imported,,https://wdown.ebsi.co.kr/W61001/01exam/20201118/go2/s_yrnss_hsj_1MD11KZ7.pdf
2020,2,11,school_mock,social,korean-geography,question,manual_review,identity_unverifiable,confirmed,official_catalog_and_pdf,not_imported,,https://wdown.ebsi.co.kr/W61001/01exam/20201118/go2/s_hanji_mun_51H9YM4A.pdf
2020,2,11,school_mock,social,korean-geography,solution,manual_review,identity_unverifiable,confirmed,official_catalog_and_pdf,not_imported,,https://wdown.ebsi.co.kr/W61001/01exam/20201118/go2/s_hanji_hsj_Y3124E2R.pdf
2020,2,11,school_mock,social,life-and-ethics,question,manual_review,identity_unverifiable,confirmed,official_catalog_and_pdf,not_imported,,https://wdown.ebsi.co.kr/W61001/01exam/20201118/go2/s_ssnyr_mun_UC2KQ6QW.pdf
2020,2,11,school_mock,social,life-and-ethics,solution,manual_review,identity_unverifiable,confirmed,official_catalog_and_pdf,not_imported,,https://wdown.ebsi.co.kr/W61001/01exam/20201118/go2/s_ssnyr_hsj_O1K39211_2.pdf
2020,2,11,school_mock,social,politics-and-law,question,manual_review,identity_unverifiable,confirmed,official_catalog_and_pdf,not_imported,,https://wdown.ebsi.co.kr/W61001/01exam/20201118/go2/s_bnj_mun_PX69HX76.pdf
2020,2,11,school_mock,social,politics-and-law,solution,manual_review,identity_unverifiable,confirmed,official_catalog_and_pdf,not_imported,,https://wdown.ebsi.co.kr/W61001/01exam/20201118/go2/s_bnj_hsj_5921V4JM.pdf
2020,2,11,school_mock,social,social-culture,question,manual_review,identity_unverifiable,confirmed,official_catalog_and_pdf,not_imported,,https://wdown.ebsi.co.kr/W61001/01exam/20201118/go2/s_samun_mun_94K7I2DY.pdf
2020,2,11,school_mock,social,social-culture,solution,manual_review,identity_unverifiable,confirmed,official_catalog_and_pdf,not_imported,,https://wdown.ebsi.co.kr/W61001/01exam/20201118/go2/s_samun_hsj_7TB7796C.pdf
2020,2,11,school_mock,social,world-geography,question,manual_review,identity_unverifiable,confirmed,official_catalog_and_pdf,not_imported,,https://wdown.ebsi.co.kr/W61001/01exam/20201118/go2/s_saeji_mun_67992P75.pdf
2020,2,11,school_mock,social,world-geography,solution,manual_review,identity_unverifiable,confirmed,official_catalog_and_pdf,not_imported,,https://wdown.ebsi.co.kr/W61001/01exam/20201118/go2/s_saeji_hsj_YGYOML62.pdf
2020,2,11,school_mock,social,world-history,question,manual_review,identity_unverifiable,confirmed,official_catalog_and_pdf,not_imported,,https://wdown.ebsi.co.kr/W61001/01exam/20201118/go2/s_sks_mun_54T9K1SS.pdf
2020,2,11,school_mock,social,world-history,solution,manual_review,identity_unverifiable,confirmed,official_catalog_and_pdf,not_imported,,https://wdown.ebsi.co.kr/W61001/01exam/20201118/go2/s_sks_hsj_I61A5H1C.pdf
2020,2,11,school_mock,science,chemistry-1,question,manual_review,identity_unverifiable,confirmed,official_catalog_and_pdf,not_imported,,https://wdown.ebsi.co.kr/W61001/01exam/20201118/go2/g_che1_mun_73T7Y7X7.pdf
2020,2,11,school_mock,science,chemistry-1,solution,manual_review,identity_unverifiable,confirmed,official_catalog_and_pdf,not_imported,,https://wdown.ebsi.co.kr/W61001/01exam/20201118/go2/g_che1_hsj_AIHDB8IF.pdf
2020,2,11,school_mock,science,earth-science-1,question,manual_review,identity_unverifiable,confirmed,official_catalog_and_pdf,not_imported,,https://wdown.ebsi.co.kr/W61001/01exam/20201118/go2/g_ear1_mun_I6D57C99.pdf
2020,2,11,school_mock,science,earth-science-1,solution,manual_review,identity_unverifiable,confirmed,official_catalog_and_pdf,not_imported,,https://wdown.ebsi.co.kr/W61001/01exam/20201118/go2/g_ear1_hsj_CHAAS4T5.pdf
2020,2,11,school_mock,science,life-science-1,question,manual_review,identity_unverifiable,confirmed,official_catalog_and_pdf,not_imported,,https://wdown.ebsi.co.kr/W61001/01exam/20201118/go2/g_bio1_mun_DIV6661Y.pdf
2020,2,11,school_mock,science,life-science-1,solution,manual_review,identity_unverifiable,confirmed,official_catalog_and_pdf,not_imported,,https://wdown.ebsi.co.kr/W61001/01exam/20201118/go2/g_bio1_hsj_R3FYW569.pdf
2020,2,11,school_mock,science,physics-1,question,manual_review,identity_unverifiable,confirmed,official_catalog_and_pdf,not_imported,,https://wdown.ebsi.co.kr/W61001/01exam/20201118/go2/g_phy1_mun_RAI74814.pdf
2020,2,11,school_mock,science,physics-1,solution,manual_review,identity_unverifiable,confirmed,official_catalog_and_pdf,not_imported,,https://wdown.ebsi.co.kr/W61001/01exam/20201118/go2/g_phy1_hsj_RD96ZS23.pdf
2020,2,11,school_mock,vocational,agriculture-basics,question,manual_review,identity_unverifiable,confirmed,official_catalog_and_pdf,not_imported,,https://wdown.ebsi.co.kr/W61001/01exam/20201118/go2/J_nupgi_mun_U5EN1MA1.pdf
2020,2,11,school_mock,vocational,agriculture-basics,solution,manual_review,identity_unverifiable,confirmed,official_catalog_and_pdf,not_imported,,https://wdown.ebsi.co.kr/W61001/01exam/20201118/go2/J_nupgi_hsj_OS72DG76.pdf
2020,2,11,school_mock,vocational,commercial-economics,question,manual_review,identity_unverifiable,confirmed,official_catalog_and_pdf,not_imported,,https://wdown.ebsi.co.kr/W61001/01exam/20201118/go2/J_sangup_mun_3446343D.pdf
2020,2,11,school_mock,vocational,commercial-economics,solution,manual_review,identity_unverifiable,confirmed,official_catalog_and_pdf,not_imported,,https://wdown.ebsi.co.kr/W61001/01exam/20201118/go2/J_sangup_hsj_28SXF38A.pdf
2020,2,11,school_mock,vocational,fisheries-and-shipping,question,manual_review,identity_unverifiable,confirmed,official_catalog_and_pdf,not_imported,,https://wdown.ebsi.co.kr/W61001/01exam/20201118/go2/J_susan_mun_N9VCI6IF.pdf
2020,2,11,school_mock,vocational,fisheries-and-shipping,solution,manual_review,identity_unverifiable,confirmed,official_catalog_and_pdf,not_imported,,https://wdown.ebsi.co.kr/W61001/01exam/20201118/go2/J_susan_hsj_8QB8U9KD.pdf
2020,2,11,school_mock,vocational,human-development,question,manual_review,identity_unverifiable,confirmed,official_catalog_and_pdf,not_imported,,https://wdown.ebsi.co.kr/W61001/01exam/20201118/go2/J_inkan_mun_EU8Y74MQ.pdf
2020,2,11,school_mock,vocational,human-development,solution,manual_review,identity_unverifiable,confirmed,official_catalog_and_pdf,not_imported,,https://wdown.ebsi.co.kr/W61001/01exam/20201118/go2/J_inkan_hsj_R78Z9NQF.pdf
2020,2,11,school_mock,vocational,industry-general,question,manual_review,identity_unverifiable,confirmed,official_catalog_and_pdf,not_imported,,https://wdown.ebsi.co.kr/W61001/01exam/20201118/go2/J_gup_mun_J9Y23G76.pdf
2020,2,11,school_mock,vocational,industry-general,solution,manual_review,identity_unverifiable,confirmed,official_catalog_and_pdf,not_imported,,https://wdown.ebsi.co.kr/W61001/01exam/20201118/go2/J_gup_hsj_86MBC63H.pdf
2020,2,11,school_mock,vocational,successful-career-life,question,manual_review,identity_unverifiable,confirmed,official_catalog_and_pdf,not_imported,,https://wdown.ebsi.co.kr/W61001/01exam/20201118/go2/J_sjl_mun_CZY73T9N.pdf
2020,2,11,school_mock,vocational,successful-career-life,solution,manual_review,identity_unverifiable,confirmed,official_catalog_and_pdf,not_imported,,https://wdown.ebsi.co.kr/W61001/01exam/20201118/go2/J_sjl_hsj_X2HB11W3.pdf
2020,2,11,school_mock,second_language,chinese-1,question,manual_review,identity_unverifiable,confirmed,official_catalog_and_pdf,not_imported,,https://wdown.ebsi.co.kr/W61001/01exam/20201118/go2/2nd_ch_mun_Z7EBE8D1.pdf
2020,2,11,school_mock,second_language,chinese-1,solution,manual_review,identity_unverifiable,confirmed,official_catalog_and_pdf,not_imported,,https://wdown.ebsi.co.kr/W61001/01exam/20201118/go2/2nd_ch_hsj_31EGU665.pdf
2020,2,11,school_mock,second_language,classical-chinese-1,question,manual_review,identity_unverifiable,confirmed,official_catalog_and_pdf,not_imported,,https://wdown.ebsi.co.kr/W61001/01exam/20201118/go2/2nd_han_mun_FLR1DYO8.pdf
2020,2,11,school_mock,second_language,classical-chinese-1,solution,manual_review,identity_unverifiable,confirmed,official_catalog_and_pdf,not_imported,,https://wdown.ebsi.co.kr/W61001/01exam/20201118/go2/2nd_han_hsj_52422ASP.pdf
2020,2,11,school_mock,second_language,french-1,question,manual_review,identity_unverifiable,confirmed,official_catalog_and_pdf,not_imported,,https://wdown.ebsi.co.kr/W61001/01exam/20201118/go2/2nd_fr_mun_128OY43G.pdf
2020,2,11,school_mock,second_language,french-1,solution,manual_review,identity_unverifiable,confirmed,official_catalog_and_pdf,not_imported,,https://wdown.ebsi.co.kr/W61001/01exam/20201118/go2/2nd_fr_hsj_623S6EAX.pdf
2020,2,11,school_mock,second_language,german-1,question,manual_review,identity_unverifiable,confirmed,official_catalog_and_pdf,not_imported,,https://wdown.ebsi.co.kr/W61001/01exam/20201118/go2/2nd_gr_mun_8Q33AX8F.pdf
2020,2,11,school_mock,second_language,german-1,solution,manual_review,identity_unverifiable,confirmed,official_catalog_and_pdf,not_imported,,https://wdown.ebsi.co.kr/W61001/01exam/20201118/go2/2nd_gr_hsj_AE52312L.pdf
2020,2,11,school_mock,second_language,japanese-1,question,manual_review,identity_unverifiable,confirmed,official_catalog_and_pdf,not_imported,,https://wdown.ebsi.co.kr/W61001/01exam/20201118/go2/2nd_ja_mun_L2YG1J28.pdf
2020,2,11,school_mock,second_language,japanese-1,solution,manual_review,identity_unverifiable,confirmed,official_catalog_and_pdf,not_imported,,https://wdown.ebsi.co.kr/W61001/01exam/20201118/go2/2nd_ja_hsj_892654AA.pdf
2020,2,11,school_mock,second_language,russian-1,question,manual_review,identity_unverifiable,confirmed,official_catalog_and_pdf,not_imported,,https://wdown.ebsi.co.kr/W61001/01exam/20201118/go2/2nd_ru_mun_48122859.pdf
2020,2,11,school_mock,second_language,russian-1,solution,manual_review,identity_unverifiable,confirmed,official_catalog_and_pdf,not_imported,,https://wdown.ebsi.co.kr/W61001/01exam/20201118/go2/2nd_ru_hsj_239PG9A4.pdf
2020,2,11,school_mock,second_language,spanish-1,question,manual_review,identity_unverifiable,confirmed,official_catalog_and_pdf,not_imported,,https://wdown.ebsi.co.kr/W61001/01exam/20201118/go2/2nd_sp_mun_YN6ONHR8.pdf
2020,2,11,school_mock,second_language,spanish-1,solution,manual_review,identity_unverifiable,confirmed,official_catalog_and_pdf,not_imported,,https://wdown.ebsi.co.kr/W61001/01exam/20201118/go2/2nd_sp_hsj_5F23EJUA.pdf
2020,3,3,school_mock,korean,,question,manual_review,identity_unverifiable,confirmed,official_catalog_and_pdf,not_imported,,https://wdown.ebsi.co.kr/W61001/01exam/20200312/go3/kor_mun_81EE1418.pdf
2020,3,3,school_mock,korean,,solution,manual_review,identity_unverifiable,confirmed,official_catalog_and_pdf,not_imported,,https://wdown.ebsi.co.kr/W61001/01exam/20200312/go3/kor_hsj_N4OTYY7O.pdf
2020,3,3,school_mock,math,math-a,question,manual_review,identity_unverifiable,confirmed,official_catalog_and_pdf,not_imported,,https://wdown.ebsi.co.kr/W61001/01exam/20200312/go3/matha_mun_2A8W17W6.pdf
2020,3,3,school_mock,math,math-a,solution,manual_review,identity_unverifiable,confirmed,official_catalog_and_pdf,not_imported,,https://wdown.ebsi.co.kr/W61001/01exam/20200312/go3/matha_hsj_X429Z73L.pdf
2020,3,3,school_mock,math,math-b,question,manual_review,identity_unverifiable,confirmed,official_catalog_and_pdf,not_imported,,https://wdown.ebsi.co.kr/W61001/01exam/20200312/go3/mathb_mun_IDI8L2GX.pdf
2020,3,3,school_mock,math,math-b,solution,manual_review,identity_unverifiable,confirmed,official_catalog_and_pdf,not_imported,,https://wdown.ebsi.co.kr/W61001/01exam/20200312/go3/mathb_hsj_AS1Z632D.pdf
2020,3,3,school_mock,english,,question,manual_review,identity_unverifiable,confirmed,official_catalog_and_pdf,not_imported,,https://wdown.ebsi.co.kr/W61001/01exam/20200312/go3/eng_mun_N8AY61K8.pdf
2020,3,3,school_mock,english,,solution,manual_review,identity_unverifiable,confirmed,official_catalog_and_pdf,not_imported,,https://wdown.ebsi.co.kr/W61001/01exam/20200312/go3/eng_hsj_NB64Y68X.pdf
2020,3,3,school_mock,history,,question,manual_review,identity_unverifiable,confirmed,official_catalog_and_pdf,not_imported,,https://wdown.ebsi.co.kr/W61001/01exam/20200312/go3/s_his_mun_4S1FETN3.pdf
2020,3,3,school_mock,history,,solution,manual_review,identity_unverifiable,confirmed,official_catalog_and_pdf,not_imported,,https://wdown.ebsi.co.kr/W61001/01exam/20200312/go3/s_his_hsj_978F7FM8.pdf
2020,3,3,school_mock,social,east-asian-history,question,manual_review,identity_unverifiable,confirmed,official_catalog_and_pdf,not_imported,,https://wdown.ebsi.co.kr/W61001/01exam/20200312/go3/s_easta_mun_AQ71A17A.pdf
2020,3,3,school_mock,social,east-asian-history,solution,manual_review,identity_unverifiable,confirmed,official_catalog_and_pdf,not_imported,,https://wdown.ebsi.co.kr/W61001/01exam/20200312/go3/s_easta_hsj_T4SABF3B.pdf
2020,3,3,school_mock,social,economics,question,manual_review,identity_unverifiable,confirmed,official_catalog_and_pdf,not_imported,,https://wdown.ebsi.co.kr/W61001/01exam/20200312/go3/s_eco_mun_AY2VKD91.pdf
2020,3,3,school_mock,social,economics,solution,manual_review,identity_unverifiable,confirmed,official_catalog_and_pdf,not_imported,,https://wdown.ebsi.co.kr/W61001/01exam/20200312/go3/s_eco_hsj_141R5CQA.pdf
2020,3,3,school_mock,social,ethics-and-thought,question,manual_review,identity_unverifiable,confirmed,official_catalog_and_pdf,not_imported,,https://wdown.ebsi.co.kr/W61001/01exam/20200312/go3/s_yrnss_mun_T529FF48.pdf
2020,3,3,school_mock,social,ethics-and-thought,solution,manual_review,identity_unverifiable,confirmed,official_catalog_and_pdf,not_imported,,https://wdown.ebsi.co.kr/W61001/01exam/20200312/go3/s_yrnss_hsj_YH7S6UG1.pdf
2020,3,3,school_mock,social,korean-geography,question,manual_review,identity_unverifiable,confirmed,official_catalog_and_pdf,not_imported,,https://wdown.ebsi.co.kr/W61001/01exam/20200312/go3/s_hanji_mun_UQPMAQ52.pdf
2020,3,3,school_mock,social,korean-geography,solution,manual_review,identity_unverifiable,confirmed,official_catalog_and_pdf,not_imported,,https://wdown.ebsi.co.kr/W61001/01exam/20200312/go3/s_hanji_hsj_LR6XHH74.pdf
2020,3,3,school_mock,social,life-and-ethics,question,manual_review,identity_unverifiable,confirmed,official_catalog_and_pdf,not_imported,,https://wdown.ebsi.co.kr/W61001/01exam/20200312/go3/s_ssnyr_mun_Z5QK69GS.pdf
2020,3,3,school_mock,social,life-and-ethics,solution,manual_review,identity_unverifiable,confirmed,official_catalog_and_pdf,not_imported,,https://wdown.ebsi.co.kr/W61001/01exam/20200312/go3/s_ssnyr_hsj_8333778Y.pdf
2020,3,3,school_mock,social,politics-and-law,question,manual_review,identity_unverifiable,confirmed,official_catalog_and_pdf,not_imported,,https://wdown.ebsi.co.kr/W61001/01exam/20200312/go3/s_bnj_mun_61S964HS.pdf
2020,3,3,school_mock,social,politics-and-law,solution,manual_review,identity_unverifiable,confirmed,official_catalog_and_pdf,not_imported,,https://wdown.ebsi.co.kr/W61001/01exam/20200312/go3/s_bnj_hsj_21RD4LV3.pdf
2020,3,3,school_mock,social,social-culture,question,manual_review,identity_unverifiable,confirmed,official_catalog_and_pdf,not_imported,,https://wdown.ebsi.co.kr/W61001/01exam/20200312/go3/s_samun_mun_O1Z15CIX.pdf
2020,3,3,school_mock,social,social-culture,solution,manual_review,identity_unverifiable,confirmed,official_catalog_and_pdf,not_imported,,https://wdown.ebsi.co.kr/W61001/01exam/20200312/go3/s_samun_hsj_35VOE5G8.pdf
2020,3,3,school_mock,social,world-geography,question,manual_review,identity_unverifiable,confirmed,official_catalog_and_pdf,not_imported,,https://wdown.ebsi.co.kr/W61001/01exam/20200312/go3/s_saeji_mun_1Z2TT19L.pdf
2020,3,3,school_mock,social,world-geography,solution,manual_review,identity_unverifiable,confirmed,official_catalog_and_pdf,not_imported,,https://wdown.ebsi.co.kr/W61001/01exam/20200312/go3/s_saeji_hsj_JY4VELZ7.pdf
2020,3,3,school_mock,social,world-history,question,manual_review,identity_unverifiable,confirmed,official_catalog_and_pdf,not_imported,,https://wdown.ebsi.co.kr/W61001/01exam/20200312/go3/s_sks_mun_C7H2V2VX.pdf
2020,3,3,school_mock,social,world-history,solution,manual_review,identity_unverifiable,confirmed,official_catalog_and_pdf,not_imported,,https://wdown.ebsi.co.kr/W61001/01exam/20200312/go3/s_sks_hsj_1E7Q75M9.pdf
2020,3,3,school_mock,science,chemistry-1,question,manual_review,identity_unverifiable,confirmed,official_catalog_and_pdf,not_imported,,https://wdown.ebsi.co.kr/W61001/01exam/20200312/go3/g_che1_mun_RF98HR1W.pdf
2020,3,3,school_mock,science,chemistry-1,solution,manual_review,identity_unverifiable,confirmed,official_catalog_and_pdf,not_imported,,https://wdown.ebsi.co.kr/W61001/01exam/20200312/go3/g_che1_hsj_428J11PJ.pdf
2020,3,3,school_mock,science,earth-science-1,question,manual_review,identity_unverifiable,confirmed,official_catalog_and_pdf,not_imported,,https://wdown.ebsi.co.kr/W61001/01exam/20200312/go3/g_ear1_mun_ICV85987.pdf
2020,3,3,school_mock,science,earth-science-1,solution,manual_review,identity_unverifiable,confirmed,official_catalog_and_pdf,not_imported,,https://wdown.ebsi.co.kr/W61001/01exam/20200312/go3/g_ear1_hsj_6E1F7FF6.pdf
2020,3,3,school_mock,science,life-science-1,question,manual_review,identity_unverifiable,confirmed,official_catalog_and_pdf,not_imported,,https://wdown.ebsi.co.kr/W61001/01exam/20200312/go3/g_bio1_mun_3S5J97LT.pdf
2020,3,3,school_mock,science,life-science-1,solution,manual_review,identity_unverifiable,confirmed,official_catalog_and_pdf,not_imported,,https://wdown.ebsi.co.kr/W61001/01exam/20200312/go3/g_bio1_hsj_E2814716.pdf
2020,3,3,school_mock,science,physics-1,question,manual_review,identity_unverifiable,confirmed,official_catalog_and_pdf,not_imported,,https://wdown.ebsi.co.kr/W61001/01exam/20200312/go3/g_phy1_mun_U63QMFR7.pdf
2020,3,3,school_mock,science,physics-1,solution,manual_review,identity_unverifiable,confirmed,official_catalog_and_pdf,not_imported,,https://wdown.ebsi.co.kr/W61001/01exam/20200312/go3/g_phy1_hsj_9F6QO57A.pdf
2020,3,4,school_mock,korean,,question,manual_review,identity_unverifiable,confirmed,official_catalog_and_pdf,not_imported,,https://wdown.ebsi.co.kr/W61001/01exam/20200512/go3/kor_mun_TM1QUF51_1.pdf
2020,3,4,school_mock,korean,,solution,manual_review,identity_unverifiable,confirmed,official_catalog_and_pdf,not_imported,,https://wdown.ebsi.co.kr/W61001/01exam/20200512/go3/kor_hsj_VVBH98RH.pdf
2020,3,4,school_mock,math,math-a,question,manual_review,identity_unverifiable,confirmed,official_catalog_and_pdf,not_imported,,https://wdown.ebsi.co.kr/W61001/01exam/20200512/go3/matha_mun_6ZI8294B.pdf
2020,3,4,school_mock,math,math-a,solution,manual_review,identity_unverifiable,confirmed,official_catalog_and_pdf,not_imported,,https://wdown.ebsi.co.kr/W61001/01exam/20200512/go3/matha_hsj_R7AF2822.pdf
2020,3,4,school_mock,math,math-b,question,manual_review,identity_unverifiable,confirmed,official_catalog_and_pdf,not_imported,,https://wdown.ebsi.co.kr/W61001/01exam/20200512/go3/mathb_mun_RQ23N417.pdf
2020,3,4,school_mock,math,math-b,solution,manual_review,identity_unverifiable,confirmed,official_catalog_and_pdf,not_imported,,https://wdown.ebsi.co.kr/W61001/01exam/20200512/go3/mathb_hsj_87S4D5D4.pdf
2020,3,4,school_mock,english,,question,manual_review,identity_unverifiable,confirmed,official_catalog_and_pdf,not_imported,,https://wdown.ebsi.co.kr/W61001/01exam/20200512/go3/eng_mun_VQ178364.pdf
2020,3,4,school_mock,english,,solution,manual_review,identity_unverifiable,confirmed,official_catalog_and_pdf,not_imported,,https://wdown.ebsi.co.kr/W61001/01exam/20200512/go3/eng_hsj_5ZA9677L.pdf
2020,3,4,school_mock,history,,question,manual_review,identity_unverifiable,confirmed,official_catalog_and_pdf,not_imported,,https://wdown.ebsi.co.kr/W61001/01exam/20200512/go3/s_his_mun_C4WM2JH2.pdf
2020,3,4,school_mock,history,,solution,manual_review,identity_unverifiable,confirmed,official_catalog_and_pdf,not_imported,,https://wdown.ebsi.co.kr/W61001/01exam/20200512/go3/s_his_hsj_4SJ5C437.pdf
2020,3,4,school_mock,social,east-asian-history,question,manual_review,identity_unverifiable,confirmed,official_catalog_and_pdf,not_imported,,https://wdown.ebsi.co.kr/W61001/01exam/20200512/go3/s_easta_mun_1T1DYYV7.pdf
2020,3,4,school_mock,social,east-asian-history,solution,manual_review,identity_unverifiable,confirmed,official_catalog_and_pdf,not_imported,,https://wdown.ebsi.co.kr/W61001/01exam/20200512/go3/s_easta_hsj_FW65B992.pdf
2020,3,4,school_mock,social,economics,question,manual_review,identity_unverifiable,confirmed,official_catalog_and_pdf,not_imported,,https://wdown.ebsi.co.kr/W61001/01exam/20200512/go3/s_eco_mun_ZHX94433.pdf
2020,3,4,school_mock,social,economics,solution,manual_review,identity_unverifiable,confirmed,official_catalog_and_pdf,not_imported,,https://wdown.ebsi.co.kr/W61001/01exam/20200512/go3/s_eco_hsj_V8M6E3AO.pdf
2020,3,4,school_mock,social,ethics-and-thought,question,manual_review,identity_unverifiable,confirmed,official_catalog_and_pdf,not_imported,,https://wdown.ebsi.co.kr/W61001/01exam/20200512/go3/s_yrnss_mun_HI4A8P81.pdf
2020,3,4,school_mock,social,ethics-and-thought,solution,manual_review,identity_unverifiable,confirmed,official_catalog_and_pdf,not_imported,,https://wdown.ebsi.co.kr/W61001/01exam/20200512/go3/s_yrnss_hsj_GKACZHZB.pdf
2020,3,4,school_mock,social,korean-geography,question,manual_review,identity_unverifiable,confirmed,official_catalog_and_pdf,not_imported,,https://wdown.ebsi.co.kr/W61001/01exam/20200512/go3/s_hanji_mun_YO512333.pdf
2020,3,4,school_mock,social,korean-geography,solution,manual_review,identity_unverifiable,confirmed,official_catalog_and_pdf,not_imported,,https://wdown.ebsi.co.kr/W61001/01exam/20200512/go3/s_hanji_hsj_H499LCR5.pdf
2020,3,4,school_mock,social,life-and-ethics,question,manual_review,identity_unverifiable,confirmed,official_catalog_and_pdf,not_imported,,https://wdown.ebsi.co.kr/W61001/01exam/20200512/go3/s_ssnyr_mun_8C113RH7.pdf
2020,3,4,school_mock,social,life-and-ethics,solution,manual_review,identity_unverifiable,confirmed,official_catalog_and_pdf,not_imported,,https://wdown.ebsi.co.kr/W61001/01exam/20200512/go3/s_ssnyr_hsj_1YQ374FZ.pdf
2020,3,4,school_mock,social,politics-and-law,question,manual_review,identity_unverifiable,confirmed,official_catalog_and_pdf,not_imported,,https://wdown.ebsi.co.kr/W61001/01exam/20200512/go3/s_bnj_mun_6876GA2K.pdf
2020,3,4,school_mock,social,politics-and-law,solution,manual_review,identity_unverifiable,confirmed,official_catalog_and_pdf,not_imported,,https://wdown.ebsi.co.kr/W61001/01exam/20200512/go3/s_bnj_hsj_B4D7GA78.pdf
2020,3,4,school_mock,social,social-culture,question,manual_review,identity_unverifiable,confirmed,official_catalog_and_pdf,not_imported,,https://wdown.ebsi.co.kr/W61001/01exam/20200512/go3/s_samun_mun_H3W4XPCB.pdf
2020,3,4,school_mock,social,social-culture,solution,manual_review,identity_unverifiable,confirmed,official_catalog_and_pdf,not_imported,,https://wdown.ebsi.co.kr/W61001/01exam/20200512/go3/s_samun_hsj_LZI565R3.pdf
2020,3,4,school_mock,social,world-geography,question,manual_review,identity_unverifiable,confirmed,official_catalog_and_pdf,not_imported,,https://wdown.ebsi.co.kr/W61001/01exam/20200512/go3/s_saeji_mun_GL4898A5.pdf
2020,3,4,school_mock,social,world-geography,solution,manual_review,identity_unverifiable,confirmed,official_catalog_and_pdf,not_imported,,https://wdown.ebsi.co.kr/W61001/01exam/20200512/go3/s_saeji_hsj_489926A5.pdf
2020,3,4,school_mock,social,world-history,question,manual_review,identity_unverifiable,confirmed,official_catalog_and_pdf,not_imported,,https://wdown.ebsi.co.kr/W61001/01exam/20200512/go3/s_sks_mun_35PU2OH1.pdf
2020,3,4,school_mock,social,world-history,solution,manual_review,identity_unverifiable,confirmed,official_catalog_and_pdf,not_imported,,https://wdown.ebsi.co.kr/W61001/01exam/20200512/go3/s_sks_hsj_AL8O63KD.pdf
2020,3,4,school_mock,science,chemistry-1,question,manual_review,identity_unverifiable,confirmed,official_catalog_and_pdf,not_imported,,https://wdown.ebsi.co.kr/W61001/01exam/20200512/go3/g_che1_mun_H45U47ND.pdf
2020,3,4,school_mock,science,chemistry-1,solution,manual_review,identity_unverifiable,confirmed,official_catalog_and_pdf,not_imported,,https://wdown.ebsi.co.kr/W61001/01exam/20200512/go3/g_che1_hsj_83GVQFKR.pdf
2020,3,4,school_mock,science,chemistry-2,question,manual_review,identity_unverifiable,confirmed,official_catalog_and_pdf,not_imported,,https://wdown.ebsi.co.kr/W61001/01exam/20200512/go3/g_che2_mun_PXAEX8SW.pdf
2020,3,4,school_mock,science,chemistry-2,solution,manual_review,identity_unverifiable,confirmed,official_catalog_and_pdf,not_imported,,https://wdown.ebsi.co.kr/W61001/01exam/20200512/go3/g_che2_hsj_6GTB9G65.pdf
2020,3,4,school_mock,science,earth-science-1,question,manual_review,identity_unverifiable,confirmed,official_catalog_and_pdf,not_imported,,https://wdown.ebsi.co.kr/W61001/01exam/20200512/go3/g_ear1_mun_B7AM66DJ.pdf
2020,3,4,school_mock,science,earth-science-1,solution,manual_review,identity_unverifiable,confirmed,official_catalog_and_pdf,not_imported,,https://wdown.ebsi.co.kr/W61001/01exam/20200512/go3/g_ear1_hsj_OA7ZI733.pdf
2020,3,4,school_mock,science,earth-science-2,question,manual_review,identity_unverifiable,confirmed,official_catalog_and_pdf,not_imported,,https://wdown.ebsi.co.kr/W61001/01exam/20200512/go3/g_ear2_mun_526AH9G4.pdf
2020,3,4,school_mock,science,earth-science-2,solution,manual_review,identity_unverifiable,confirmed,official_catalog_and_pdf,not_imported,,https://wdown.ebsi.co.kr/W61001/01exam/20200512/go3/g_ear2_hsj_G4FXG66Y.pdf
2020,3,4,school_mock,science,life-science-1,question,manual_review,identity_unverifiable,confirmed,official_catalog_and_pdf,not_imported,,https://wdown.ebsi.co.kr/W61001/01exam/20200512/go3/g_bio1_mun_IWQME1W1_1.pdf
2020,3,4,school_mock,science,life-science-1,solution,manual_review,identity_unverifiable,confirmed,official_catalog_and_pdf,not_imported,,https://wdown.ebsi.co.kr/W61001/01exam/20200512/go3/g_bio1_hsj_XIQ7R7RS.pdf
2020,3,4,school_mock,science,life-science-2,question,manual_review,identity_unverifiable,confirmed,official_catalog_and_pdf,not_imported,,https://wdown.ebsi.co.kr/W61001/01exam/20200512/go3/g_bio2_mun_Z9CYH798.pdf
2020,3,4,school_mock,science,life-science-2,solution,manual_review,identity_unverifiable,confirmed,official_catalog_and_pdf,not_imported,,https://wdown.ebsi.co.kr/W61001/01exam/20200512/go3/g_bio2_hsj_SO3AES4V.pdf
2020,3,4,school_mock,science,physics-1,question,manual_review,identity_unverifiable,confirmed,official_catalog_and_pdf,not_imported,,https://wdown.ebsi.co.kr/W61001/01exam/20200512/go3/g_phy1_mun_6U4PZ4HC.pdf
2020,3,4,school_mock,science,physics-1,solution,manual_review,identity_unverifiable,confirmed,official_catalog_and_pdf,not_imported,,https://wdown.ebsi.co.kr/W61001/01exam/20200512/go3/g_phy1_hsj_5SJFU583.pdf
2020,3,4,school_mock,science,physics-2,question,manual_review,identity_unverifiable,confirmed,official_catalog_and_pdf,not_imported,,https://wdown.ebsi.co.kr/W61001/01exam/20200512/go3/g_phy2_mun_8BK9K4P6.pdf
2020,3,4,school_mock,science,physics-2,solution,manual_review,identity_unverifiable,confirmed,official_catalog_and_pdf,not_imported,,https://wdown.ebsi.co.kr/W61001/01exam/20200512/go3/g_phy2_hsj_VDG21BVJ.pdf
2020,3,6,kice_mock,korean,,question,manual_review,identity_unverifiable,confirmed,official_catalog_and_pdf,not_imported,,https://wdown.ebsi.co.kr/W61001/01exam/20200618/go3/kor_mun_OZQW56K5.pdf
2020,3,6,kice_mock,korean,,solution,manual_review,identity_unverifiable,confirmed,official_catalog_and_pdf,not_imported,,https://wdown.ebsi.co.kr/W61001/01exam/20200618/go3/kor_hsj_6F4S9TQ7_2.pdf
2020,3,6,kice_mock,math,math-a,question,manual_review,identity_unverifiable,confirmed,official_catalog_and_pdf,not_imported,,https://wdown.ebsi.co.kr/W61001/01exam/20200618/go3/matha_mun_855P2J69.pdf
2020,3,6,kice_mock,math,math-a,solution,manual_review,identity_unverifiable,confirmed,official_catalog_and_pdf,not_imported,,https://wdown.ebsi.co.kr/W61001/01exam/20200618/go3/matha_hsj_885U5ZCM.pdf
2020,3,6,kice_mock,math,math-b,question,manual_review,identity_unverifiable,confirmed,official_catalog_and_pdf,not_imported,,https://wdown.ebsi.co.kr/W61001/01exam/20200618/go3/mathb_mun_7D699Z73.pdf
2020,3,6,kice_mock,math,math-b,solution,manual_review,identity_unverifiable,confirmed,official_catalog_and_pdf,not_imported,,https://wdown.ebsi.co.kr/W61001/01exam/20200618/go3/mathb_hsj_OW7WH4J3.pdf
2020,3,6,kice_mock,english,,question,manual_review,identity_unverifiable,confirmed,official_catalog_and_pdf,not_imported,,https://wdown.ebsi.co.kr/W61001/01exam/20200618/go3/eng_mun_V98AZ88U.pdf
2020,3,6,kice_mock,english,,solution,manual_review,identity_unverifiable,confirmed,official_catalog_and_pdf,not_imported,,https://wdown.ebsi.co.kr/W61001/01exam/20200618/go3/eng_hsj_KKFWZ4N4.pdf
2020,3,6,kice_mock,history,,question,manual_review,identity_unverifiable,confirmed,official_catalog_and_pdf,not_imported,,https://wdown.ebsi.co.kr/W61001/01exam/20200618/go3/s_his_mun_K9MF72YR.pdf
2020,3,6,kice_mock,history,,solution,manual_review,identity_unverifiable,confirmed,official_catalog_and_pdf,not_imported,,https://wdown.ebsi.co.kr/W61001/01exam/20200618/go3/s_his_hsj_J4A7F4AG_1.pdf
2020,3,6,kice_mock,social,east-asian-history,question,manual_review,identity_unverifiable,confirmed,official_catalog_and_pdf,not_imported,,https://wdown.ebsi.co.kr/W61001/01exam/20200618/go3/s_easta_mun_255WFE9X.pdf
2020,3,6,kice_mock,social,east-asian-history,solution,manual_review,identity_unverifiable,confirmed,official_catalog_and_pdf,not_imported,,https://wdown.ebsi.co.kr/W61001/01exam/20200618/go3/s_easta_hsj_Q33N36KD_1.pdf
2020,3,6,kice_mock,social,economics,question,manual_review,identity_unverifiable,confirmed,official_catalog_and_pdf,not_imported,,https://wdown.ebsi.co.kr/W61001/01exam/20200618/go3/s_eco_mun_F6Q9MWE1.pdf
2020,3,6,kice_mock,social,economics,solution,manual_review,identity_unverifiable,confirmed,official_catalog_and_pdf,not_imported,,https://wdown.ebsi.co.kr/W61001/01exam/20200618/go3/s_eco_hsj_63XMFF88.pdf
2020,3,6,kice_mock,social,ethics-and-thought,question,manual_review,identity_unverifiable,confirmed,official_catalog_and_pdf,not_imported,,https://wdown.ebsi.co.kr/W61001/01exam/20200618/go3/s_yrnss_mun_43EZ57GM.pdf
2020,3,6,kice_mock,social,ethics-and-thought,solution,manual_review,identity_unverifiable,confirmed,official_catalog_and_pdf,not_imported,,https://wdown.ebsi.co.kr/W61001/01exam/20200618/go3/s_yrnss_hsj_TPR61V4T.pdf
2020,3,6,kice_mock,social,korean-geography,question,manual_review,identity_unverifiable,confirmed,official_catalog_and_pdf,not_imported,,https://wdown.ebsi.co.kr/W61001/01exam/20200618/go3/s_hanji_mun_482G7JAW.pdf
2020,3,6,kice_mock,social,korean-geography,solution,manual_review,identity_unverifiable,confirmed,official_catalog_and_pdf,not_imported,,https://wdown.ebsi.co.kr/W61001/01exam/20200618/go3/s_hanji_hsj_35393568.pdf
2020,3,6,kice_mock,social,life-and-ethics,question,manual_review,identity_unverifiable,confirmed,official_catalog_and_pdf,not_imported,,https://wdown.ebsi.co.kr/W61001/01exam/20200618/go3/s_ssnyr_mun_VSX46C55.pdf
2020,3,6,kice_mock,social,life-and-ethics,solution,manual_review,identity_unverifiable,confirmed,official_catalog_and_pdf,not_imported,,https://wdown.ebsi.co.kr/W61001/01exam/20200618/go3/s_ssnyr_hsj_XX5A2149.pdf
2020,3,6,kice_mock,social,politics-and-law,question,manual_review,identity_unverifiable,confirmed,official_catalog_and_pdf,not_imported,,https://wdown.ebsi.co.kr/W61001/01exam/20200618/go3/s_bnj_mun_576Y85RP.pdf
2020,3,6,kice_mock,social,politics-and-law,solution,manual_review,identity_unverifiable,confirmed,official_catalog_and_pdf,not_imported,,https://wdown.ebsi.co.kr/W61001/01exam/20200618/go3/s_bnj_hsj_8981R692_1.pdf
2020,3,6,kice_mock,social,social-culture,question,manual_review,identity_unverifiable,confirmed,official_catalog_and_pdf,not_imported,,https://wdown.ebsi.co.kr/W61001/01exam/20200618/go3/s_samun_mun_ZER5GD8D.pdf
2020,3,6,kice_mock,social,social-culture,solution,manual_review,identity_unverifiable,confirmed,official_catalog_and_pdf,not_imported,,https://wdown.ebsi.co.kr/W61001/01exam/20200618/go3/s_samun_hsj_3182U565.pdf
2020,3,6,kice_mock,social,world-geography,question,manual_review,identity_unverifiable,confirmed,official_catalog_and_pdf,not_imported,,https://wdown.ebsi.co.kr/W61001/01exam/20200618/go3/s_saeji_mun_V382P5SY.pdf
2020,3,6,kice_mock,social,world-geography,solution,manual_review,identity_unverifiable,confirmed,official_catalog_and_pdf,not_imported,,https://wdown.ebsi.co.kr/W61001/01exam/20200618/go3/s_saeji_hsj_2O28GYB12.pdf
2020,3,6,kice_mock,social,world-history,question,manual_review,identity_unverifiable,confirmed,official_catalog_and_pdf,not_imported,,https://wdown.ebsi.co.kr/W61001/01exam/20200618/go3/s_sks_mun_8891S4IE.pdf
2020,3,6,kice_mock,social,world-history,solution,manual_review,identity_unverifiable,confirmed,official_catalog_and_pdf,not_imported,,https://wdown.ebsi.co.kr/W61001/01exam/20200618/go3/s_sks_hsj_LQWJA73A_1.pdf
2020,3,6,kice_mock,science,chemistry-1,question,manual_review,identity_unverifiable,confirmed,official_catalog_and_pdf,not_imported,,https://wdown.ebsi.co.kr/W61001/01exam/20200618/go3/g_che1_mun_FB17FAA5.pdf
2020,3,6,kice_mock,science,chemistry-1,solution,manual_review,identity_unverifiable,confirmed,official_catalog_and_pdf,not_imported,,https://wdown.ebsi.co.kr/W61001/01exam/20200618/go3/g_che1_hsj_U995CKE3.pdf
2020,3,6,kice_mock,science,chemistry-2,question,manual_review,identity_unverifiable,confirmed,official_catalog_and_pdf,not_imported,,https://wdown.ebsi.co.kr/W61001/01exam/20200618/go3/g_che2_mun_2SFG4EUJ.pdf
2020,3,6,kice_mock,science,chemistry-2,solution,manual_review,identity_unverifiable,confirmed,official_catalog_and_pdf,not_imported,,https://wdown.ebsi.co.kr/W61001/01exam/20200618/go3/g_che2_hsj_8G53TL26.pdf
2020,3,6,kice_mock,science,earth-science-1,question,manual_review,identity_unverifiable,confirmed,official_catalog_and_pdf,not_imported,,https://wdown.ebsi.co.kr/W61001/01exam/20200618/go3/g_ear1_mun_6314B93K.pdf
2020,3,6,kice_mock,science,earth-science-1,solution,manual_review,identity_unverifiable,confirmed,official_catalog_and_pdf,not_imported,,https://wdown.ebsi.co.kr/W61001/01exam/20200618/go3/g_ear1_hsj_1G7475S3.pdf
2020,3,6,kice_mock,science,earth-science-2,question,manual_review,identity_unverifiable,confirmed,official_catalog_and_pdf,not_imported,,https://wdown.ebsi.co.kr/W61001/01exam/20200618/go3/g_ear2_mun_ZQES939Z.pdf
2020,3,6,kice_mock,science,earth-science-2,solution,manual_review,identity_unverifiable,confirmed,official_catalog_and_pdf,not_imported,,https://wdown.ebsi.co.kr/W61001/01exam/20200618/go3/g_ear2_hsj_BEA9882H.pdf
2020,3,6,kice_mock,science,life-science-1,question,manual_review,identity_unverifiable,confirmed,official_catalog_and_pdf,not_imported,,https://wdown.ebsi.co.kr/W61001/01exam/20200618/go3/g_bio1_mun_ABQX9735.pdf
2020,3,6,kice_mock,science,life-science-1,solution,manual_review,identity_unverifiable,confirmed,official_catalog_and_pdf,not_imported,,https://wdown.ebsi.co.kr/W61001/01exam/20200618/go3/g_bio1_hsj_K5A676LB_1.pdf
2020,3,6,kice_mock,science,life-science-2,question,manual_review,identity_unverifiable,confirmed,official_catalog_and_pdf,not_imported,,https://wdown.ebsi.co.kr/W61001/01exam/20200618/go3/g_bio2_mun_8L2KDL63.pdf
2020,3,6,kice_mock,science,life-science-2,solution,manual_review,identity_unverifiable,confirmed,official_catalog_and_pdf,not_imported,,https://wdown.ebsi.co.kr/W61001/01exam/20200618/go3/g_bio2_hsj_79Z62V27.pdf
2020,3,6,kice_mock,science,physics-1,question,manual_review,identity_unverifiable,confirmed,official_catalog_and_pdf,not_imported,,https://wdown.ebsi.co.kr/W61001/01exam/20200618/go3/g_phy1_mun_SU6E8V2H.pdf
2020,3,6,kice_mock,science,physics-1,solution,manual_review,identity_unverifiable,confirmed,official_catalog_and_pdf,not_imported,,https://wdown.ebsi.co.kr/W61001/01exam/20200618/go3/g_phy1_hsj_86A9932N.pdf
2020,3,6,kice_mock,science,physics-2,question,manual_review,identity_unverifiable,confirmed,official_catalog_and_pdf,not_imported,,https://wdown.ebsi.co.kr/W61001/01exam/20200618/go3/g_phy2_mun_789L2P1E.pdf
2020,3,6,kice_mock,science,physics-2,solution,manual_review,identity_unverifiable,confirmed,official_catalog_and_pdf,not_imported,,https://wdown.ebsi.co.kr/W61001/01exam/20200618/go3/g_phy2_hsj_76117629.pdf
2020,3,6,kice_mock,vocational,accounting-principles,question,manual_review,identity_unverifiable,confirmed,official_catalog_and_pdf,not_imported,,https://wdown.ebsi.co.kr/W61001/01exam/20200618/go3/J_one_mun_T1216SND.pdf
2020,3,6,kice_mock,vocational,accounting-principles,solution,manual_review,identity_unverifiable,confirmed,official_catalog_and_pdf,not_imported,,https://wdown.ebsi.co.kr/W61001/01exam/20200618/go3/J_one_hsj_99EN84AB_1.pdf
2020,3,6,kice_mock,vocational,agriculture-basics,question,manual_review,identity_unverifiable,confirmed,official_catalog_and_pdf,not_imported,,https://wdown.ebsi.co.kr/W61001/01exam/20200618/go3/J_nupgi_mun_XX31Y265.pdf
2020,3,6,kice_mock,vocational,agriculture-basics,solution,manual_review,identity_unverifiable,confirmed,official_catalog_and_pdf,not_imported,,https://wdown.ebsi.co.kr/W61001/01exam/20200618/go3/J_nupgi_hsj_A1DB218I.pdf
2020,3,6,kice_mock,vocational,agriculture-understanding,question,manual_review,identity_unverifiable,confirmed,official_catalog_and_pdf,not_imported,,https://wdown.ebsi.co.kr/W61001/01exam/20200618/go3/J_nup_mun_7QI95BH6.pdf
2020,3,6,kice_mock,vocational,agriculture-understanding,solution,manual_review,identity_unverifiable,confirmed,official_catalog_and_pdf,not_imported,,https://wdown.ebsi.co.kr/W61001/01exam/20200618/go3/J_nup_hsj_PX92FY21.pdf
2020,3,6,kice_mock,vocational,basic-drafting,question,manual_review,identity_unverifiable,confirmed,official_catalog_and_pdf,not_imported,,https://wdown.ebsi.co.kr/W61001/01exam/20200618/go3/J_kicho_mun_7YK457A9.pdf
2020,3,6,kice_mock,vocational,basic-drafting,solution,manual_review,identity_unverifiable,confirmed,official_catalog_and_pdf,not_imported,,https://wdown.ebsi.co.kr/W61001/01exam/20200618/go3/J_kicho_hsj_62RHO3QI_4.pdf
2020,3,6,kice_mock,vocational,commercial-economics,question,manual_review,identity_unverifiable,confirmed,official_catalog_and_pdf,not_imported,,https://wdown.ebsi.co.kr/W61001/01exam/20200618/go3/J_sangup_mun_UT4YFLY9.pdf
2020,3,6,kice_mock,vocational,commercial-economics,solution,manual_review,identity_unverifiable,confirmed,official_catalog_and_pdf,not_imported,,https://wdown.ebsi.co.kr/W61001/01exam/20200618/go3/J_sangup_hsj_NLRFF685_1.pdf
2020,3,6,kice_mock,vocational,fisheries-and-shipping,question,manual_review,identity_unverifiable,confirmed,official_catalog_and_pdf,not_imported,,https://wdown.ebsi.co.kr/W61001/01exam/20200618/go3/J_susan_mun_69P1AH1L.pdf
2020,3,6,kice_mock,vocational,fisheries-and-shipping,solution,manual_review,identity_unverifiable,confirmed,official_catalog_and_pdf,not_imported,,https://wdown.ebsi.co.kr/W61001/01exam/20200618/go3/J_susan_hsj_351XWQR3.pdf
2020,3,6,kice_mock,vocational,human-development,question,manual_review,identity_unverifiable,confirmed,official_catalog_and_pdf,not_imported,,https://wdown.ebsi.co.kr/W61001/01exam/20200618/go3/J_inkan_mun_41M8KWC7.pdf
2020,3,6,kice_mock,vocational,human-development,solution,manual_review,identity_unverifiable,confirmed,official_catalog_and_pdf,not_imported,,https://wdown.ebsi.co.kr/W61001/01exam/20200618/go3/J_inkan_hsj_5BMSCX92.pdf
2020,3,6,kice_mock,vocational,industry-general,question,manual_review,identity_unverifiable,confirmed,official_catalog_and_pdf,not_imported,,https://wdown.ebsi.co.kr/W61001/01exam/20200618/go3/J_gup_mun_E49BQHPY.pdf
2020,3,6,kice_mock,vocational,industry-general,solution,manual_review,identity_unverifiable,confirmed,official_catalog_and_pdf,not_imported,,https://wdown.ebsi.co.kr/W61001/01exam/20200618/go3/J_gup_hsj_Z6G65AMM_1.pdf
2020,3,6,kice_mock,vocational,ocean-understanding,question,manual_review,identity_unverifiable,confirmed,official_catalog_and_pdf,not_imported,,https://wdown.ebsi.co.kr/W61001/01exam/20200618/go3/J_hae_mun_421Z136F.pdf
2020,3,6,kice_mock,vocational,ocean-understanding,solution,manual_review,identity_unverifiable,confirmed,official_catalog_and_pdf,not_imported,,https://wdown.ebsi.co.kr/W61001/01exam/20200618/go3/J_hae_hsj_Q11YVR6P.pdf
2020,3,6,kice_mock,vocational,service-industry-understanding,question,manual_review,identity_unverifiable,confirmed,official_catalog_and_pdf,not_imported,,https://wdown.ebsi.co.kr/W61001/01exam/20200618/go3/J_ser_mun_D2CFL717.pdf
2020,3,6,kice_mock,vocational,service-industry-understanding,solution,manual_review,identity_unverifiable,confirmed,official_catalog_and_pdf,not_imported,,https://wdown.ebsi.co.kr/W61001/01exam/20200618/go3/J_ser_hsj_IA163441_4.pdf
2020,3,6,kice_mock,second_language,arabic-1,question,manual_review,identity_unverifiable,confirmed,official_catalog_and_pdf,not_imported,,https://wdown.ebsi.co.kr/W61001/01exam/20200618/go3/2nd_ar_mun_3IW47299.pdf
2020,3,6,kice_mock,second_language,arabic-1,solution,manual_review,identity_unverifiable,confirmed,official_catalog_and_pdf,not_imported,,https://wdown.ebsi.co.kr/W61001/01exam/20200618/go3/2nd_ar_hsj_W873F2N1.pdf
2020,3,6,kice_mock,second_language,chinese-1,question,manual_review,identity_unverifiable,confirmed,official_catalog_and_pdf,not_imported,,https://wdown.ebsi.co.kr/W61001/01exam/20200618/go3/2nd_ch_mun_Y46A9867.pdf
2020,3,6,kice_mock,second_language,chinese-1,solution,manual_review,identity_unverifiable,confirmed,official_catalog_and_pdf,not_imported,,https://wdown.ebsi.co.kr/W61001/01exam/20200618/go3/2nd_ch_hsj_7VDG7KU5.pdf
2020,3,6,kice_mock,second_language,classical-chinese-1,question,manual_review,identity_unverifiable,confirmed,official_catalog_and_pdf,not_imported,,https://wdown.ebsi.co.kr/W61001/01exam/20200618/go3/2nd_han_mun_C4N2WKB7.pdf
2020,3,6,kice_mock,second_language,classical-chinese-1,solution,manual_review,identity_unverifiable,confirmed,official_catalog_and_pdf,not_imported,,https://wdown.ebsi.co.kr/W61001/01exam/20200618/go3/2nd_han_hsj_9897328J_1.pdf
2020,3,6,kice_mock,second_language,french-1,question,manual_review,identity_unverifiable,confirmed,official_catalog_and_pdf,not_imported,,https://wdown.ebsi.co.kr/W61001/01exam/20200618/go3/2nd_fr_mun_3F3M3S9R.pdf
2020,3,6,kice_mock,second_language,french-1,solution,manual_review,identity_unverifiable,confirmed,official_catalog_and_pdf,not_imported,,https://wdown.ebsi.co.kr/W61001/01exam/20200618/go3/2nd_fr_hsj_8PA1CGR2.pdf
2020,3,6,kice_mock,second_language,german-1,question,manual_review,identity_unverifiable,confirmed,official_catalog_and_pdf,not_imported,,https://wdown.ebsi.co.kr/W61001/01exam/20200618/go3/2nd_gr_mun_77UY1215.pdf
2020,3,6,kice_mock,second_language,german-1,solution,manual_review,identity_unverifiable,confirmed,official_catalog_and_pdf,not_imported,,https://wdown.ebsi.co.kr/W61001/01exam/20200618/go3/2nd_gr_hsj_5YMJ6EGP.pdf
2020,3,6,kice_mock,second_language,japanese-1,question,manual_review,identity_unverifiable,confirmed,official_catalog_and_pdf,not_imported,,https://wdown.ebsi.co.kr/W61001/01exam/20200618/go3/2nd_ja_mun_8UXA7817.pdf
2020,3,6,kice_mock,second_language,japanese-1,solution,manual_review,identity_unverifiable,confirmed,official_catalog_and_pdf,not_imported,,https://wdown.ebsi.co.kr/W61001/01exam/20200618/go3/2nd_ja_hsj_5N8B9PY4_.pdf
2020,3,6,kice_mock,second_language,russian-1,question,manual_review,identity_unverifiable,confirmed,official_catalog_and_pdf,not_imported,,https://wdown.ebsi.co.kr/W61001/01exam/20200618/go3/2nd_ru_mun_97RZ3M81.pdf
2020,3,6,kice_mock,second_language,russian-1,solution,manual_review,identity_unverifiable,confirmed,official_catalog_and_pdf,not_imported,,https://wdown.ebsi.co.kr/W61001/01exam/20200618/go3/2nd_ru_hsj_YA2958BH_1.pdf
2020,3,6,kice_mock,second_language,spanish-1,question,manual_review,identity_unverifiable,confirmed,official_catalog_and_pdf,not_imported,,https://wdown.ebsi.co.kr/W61001/01exam/20200618/go3/2nd_sp_mun_6YZD1889.pdf
2020,3,6,kice_mock,second_language,spanish-1,solution,manual_review,identity_unverifiable,confirmed,official_catalog_and_pdf,not_imported,,https://wdown.ebsi.co.kr/W61001/01exam/20200618/go3/2nd_sp_hsj_SH73ZEBI_2.pdf
2020,3,6,kice_mock,second_language,vietnamese-1,question,manual_review,identity_unverifiable,confirmed,official_catalog_and_pdf,not_imported,,https://wdown.ebsi.co.kr/W61001/01exam/20200618/go3/2nd_vit_mun_9AYLF5Z7.pdf
2020,3,6,kice_mock,second_language,vietnamese-1,solution,manual_review,identity_unverifiable,confirmed,official_catalog_and_pdf,not_imported,,https://wdown.ebsi.co.kr/W61001/01exam/20200618/go3/2nd_vit_hsj_7SV125CA_2.pdf
2020,3,7,school_mock,korean,,question,manual_review,identity_unverifiable,confirmed,official_catalog_and_pdf,not_imported,,https://wdown.ebsi.co.kr/W61001/01exam/20200722/go3/kor_mun_8CNW4SNK.pdf
2020,3,7,school_mock,korean,,solution,manual_review,identity_unverifiable,confirmed,official_catalog_and_pdf,not_imported,,https://wdown.ebsi.co.kr/W61001/01exam/20200722/go3/kor_hsj_QM91U9N8.pdf
2020,3,7,school_mock,math,math-a,question,manual_review,identity_unverifiable,confirmed,official_catalog_and_pdf,not_imported,,https://wdown.ebsi.co.kr/W61001/01exam/20200722/go3/matha_mun_O2ITJAP2.pdf
2020,3,7,school_mock,math,math-a,solution,manual_review,identity_unverifiable,confirmed,official_catalog_and_pdf,not_imported,,https://wdown.ebsi.co.kr/W61001/01exam/20200722/go3/matha_hsj_925H17JE.pdf
2020,3,7,school_mock,math,math-b,question,manual_review,identity_unverifiable,confirmed,official_catalog_and_pdf,not_imported,,https://wdown.ebsi.co.kr/W61001/01exam/20200722/go3/mathb_mun_726D5QM2.pdf
2020,3,7,school_mock,math,math-b,solution,manual_review,identity_unverifiable,confirmed,official_catalog_and_pdf,not_imported,,https://wdown.ebsi.co.kr/W61001/01exam/20200722/go3/mathb_hsj_235644T9.pdf
2020,3,7,school_mock,english,,question,manual_review,identity_unverifiable,confirmed,official_catalog_and_pdf,not_imported,,https://wdown.ebsi.co.kr/W61001/01exam/20200722/go3/eng_mun_WNW9A1LE.pdf
2020,3,7,school_mock,english,,solution,manual_review,identity_unverifiable,confirmed,official_catalog_and_pdf,not_imported,,https://wdown.ebsi.co.kr/W61001/01exam/20200722/go3/eng_hsj_2O2O6LFO.pdf
2020,3,7,school_mock,history,,question,manual_review,identity_unverifiable,confirmed,official_catalog_and_pdf,not_imported,,https://wdown.ebsi.co.kr/W61001/01exam/20200722/go3/s_his_mun_915KTK93.pdf
2020,3,7,school_mock,history,,solution,manual_review,identity_unverifiable,confirmed,official_catalog_and_pdf,not_imported,,https://wdown.ebsi.co.kr/W61001/01exam/20200722/go3/s_his_hsj_53B26B61.pdf
2020,3,7,school_mock,social,east-asian-history,question,manual_review,identity_unverifiable,confirmed,official_catalog_and_pdf,not_imported,,https://wdown.ebsi.co.kr/W61001/01exam/20200722/go3/s_easta_mun_X314Y2AL.pdf
2020,3,7,school_mock,social,east-asian-history,solution,manual_review,identity_unverifiable,confirmed,official_catalog_and_pdf,not_imported,,https://wdown.ebsi.co.kr/W61001/01exam/20200722/go3/s_easta_hsj_R3Y1UF26.pdf
2020,3,7,school_mock,social,economics,question,manual_review,identity_unverifiable,confirmed,official_catalog_and_pdf,not_imported,,https://wdown.ebsi.co.kr/W61001/01exam/20200722/go3/s_eco_mun_4QZ4ZAH8.pdf
2020,3,7,school_mock,social,economics,solution,manual_review,identity_unverifiable,confirmed,official_catalog_and_pdf,not_imported,,https://wdown.ebsi.co.kr/W61001/01exam/20200722/go3/s_eco_hsj_F7GDF174.pdf
2020,3,7,school_mock,social,ethics-and-thought,question,manual_review,identity_unverifiable,confirmed,official_catalog_and_pdf,not_imported,,https://wdown.ebsi.co.kr/W61001/01exam/20200722/go3/s_yrnss_mun_B79AGJ34.pdf
2020,3,7,school_mock,social,ethics-and-thought,solution,manual_review,identity_unverifiable,confirmed,official_catalog_and_pdf,not_imported,,https://wdown.ebsi.co.kr/W61001/01exam/20200722/go3/s_yrnss_hsj_R2X9F24D.pdf
2020,3,7,school_mock,social,korean-geography,question,manual_review,identity_unverifiable,confirmed,official_catalog_and_pdf,not_imported,,https://wdown.ebsi.co.kr/W61001/01exam/20200722/go3/s_hanji_mun_1EV5Z825.pdf
2020,3,7,school_mock,social,korean-geography,solution,manual_review,identity_unverifiable,confirmed,official_catalog_and_pdf,not_imported,,https://wdown.ebsi.co.kr/W61001/01exam/20200722/go3/s_hanji_hsj_U6YFZ6X3.pdf
2020,3,7,school_mock,social,life-and-ethics,question,manual_review,identity_unverifiable,confirmed,official_catalog_and_pdf,not_imported,,https://wdown.ebsi.co.kr/W61001/01exam/20200722/go3/s_ssnyr_mun_N9531HRA.pdf
2020,3,7,school_mock,social,life-and-ethics,solution,manual_review,identity_unverifiable,confirmed,official_catalog_and_pdf,not_imported,,https://wdown.ebsi.co.kr/W61001/01exam/20200722/go3/s_ssnyr_hsj_N98Q3L3R.pdf
2020,3,7,school_mock,social,politics-and-law,question,manual_review,identity_unverifiable,confirmed,official_catalog_and_pdf,not_imported,,https://wdown.ebsi.co.kr/W61001/01exam/20200722/go3/s_bnj_mun_97E39XKD.pdf
2020,3,7,school_mock,social,politics-and-law,solution,manual_review,identity_unverifiable,confirmed,official_catalog_and_pdf,not_imported,,https://wdown.ebsi.co.kr/W61001/01exam/20200722/go3/s_bnj_hsj_J9UAZIL5.pdf
2020,3,7,school_mock,social,social-culture,question,manual_review,identity_unverifiable,confirmed,official_catalog_and_pdf,not_imported,,https://wdown.ebsi.co.kr/W61001/01exam/20200722/go3/s_samun_mun_I3J2I361.pdf
2020,3,7,school_mock,social,social-culture,solution,manual_review,identity_unverifiable,confirmed,official_catalog_and_pdf,not_imported,,https://wdown.ebsi.co.kr/W61001/01exam/20200722/go3/s_samun_hsj_93FF886A.pdf
2020,3,7,school_mock,social,world-geography,question,manual_review,identity_unverifiable,confirmed,official_catalog_and_pdf,not_imported,,https://wdown.ebsi.co.kr/W61001/01exam/20200722/go3/s_saeji_mun_J832CI11.pdf
2020,3,7,school_mock,social,world-geography,solution,manual_review,identity_unverifiable,confirmed,official_catalog_and_pdf,not_imported,,https://wdown.ebsi.co.kr/W61001/01exam/20200722/go3/s_saeji_hsj_5N718WVD.pdf
2020,3,7,school_mock,social,world-history,question,manual_review,identity_unverifiable,confirmed,official_catalog_and_pdf,not_imported,,https://wdown.ebsi.co.kr/W61001/01exam/20200722/go3/s_sks_mun_8IY8RAYB.pdf
2020,3,7,school_mock,social,world-history,solution,manual_review,identity_unverifiable,confirmed,official_catalog_and_pdf,not_imported,,https://wdown.ebsi.co.kr/W61001/01exam/20200722/go3/s_sks_hsj_KGHIH2HX.pdf
2020,3,7,school_mock,science,chemistry-1,question,manual_review,identity_unverifiable,confirmed,official_catalog_and_pdf,not_imported,,https://wdown.ebsi.co.kr/W61001/01exam/20200722/go3/g_che1_mun_6U2E8PN2.pdf
2020,3,7,school_mock,science,chemistry-1,solution,manual_review,identity_unverifiable,confirmed,official_catalog_and_pdf,not_imported,,https://wdown.ebsi.co.kr/W61001/01exam/20200722/go3/g_che1_hsj_3DYU9967.pdf
2020,3,7,school_mock,science,chemistry-2,question,manual_review,identity_unverifiable,confirmed,official_catalog_and_pdf,not_imported,,https://wdown.ebsi.co.kr/W61001/01exam/20200722/go3/g_che2_mun_TILA1S99.pdf
2020,3,7,school_mock,science,chemistry-2,solution,manual_review,identity_unverifiable,confirmed,official_catalog_and_pdf,not_imported,,https://wdown.ebsi.co.kr/W61001/01exam/20200722/go3/g_che2_hsj_S8H6FPJ9.pdf
2020,3,7,school_mock,science,earth-science-1,question,manual_review,identity_unverifiable,confirmed,official_catalog_and_pdf,not_imported,,https://wdown.ebsi.co.kr/W61001/01exam/20200722/go3/g_ear1_mun_C5IKE27X.pdf
2020,3,7,school_mock,science,earth-science-1,solution,manual_review,identity_unverifiable,confirmed,official_catalog_and_pdf,not_imported,,https://wdown.ebsi.co.kr/W61001/01exam/20200722/go3/g_ear1_hsj_9JT3H3RD.pdf
2020,3,7,school_mock,science,earth-science-2,question,manual_review,identity_unverifiable,confirmed,official_catalog_and_pdf,not_imported,,https://wdown.ebsi.co.kr/W61001/01exam/20200722/go3/g_ear2_mun_E546JW32.pdf
2020,3,7,school_mock,science,earth-science-2,solution,manual_review,identity_unverifiable,confirmed,official_catalog_and_pdf,not_imported,,https://wdown.ebsi.co.kr/W61001/01exam/20200722/go3/g_ear2_hsj_536189G7.pdf
2020,3,7,school_mock,science,life-science-1,question,manual_review,identity_unverifiable,confirmed,official_catalog_and_pdf,not_imported,,https://wdown.ebsi.co.kr/W61001/01exam/20200722/go3/g_bio1_mun_638337VA.pdf
2020,3,7,school_mock,science,life-science-1,solution,manual_review,identity_unverifiable,confirmed,official_catalog_and_pdf,not_imported,,https://wdown.ebsi.co.kr/W61001/01exam/20200722/go3/g_bio1_hsj_7P3I2R78.pdf
2020,3,7,school_mock,science,life-science-2,question,manual_review,identity_unverifiable,confirmed,official_catalog_and_pdf,not_imported,,https://wdown.ebsi.co.kr/W61001/01exam/20200722/go3/g_bio2_mun_2NGWD5P4.pdf
2020,3,7,school_mock,science,life-science-2,solution,manual_review,identity_unverifiable,confirmed,official_catalog_and_pdf,not_imported,,https://wdown.ebsi.co.kr/W61001/01exam/20200722/go3/g_bio2_hsj_B66VJS49.pdf
2020,3,7,school_mock,science,physics-1,question,manual_review,identity_unverifiable,confirmed,official_catalog_and_pdf,not_imported,,https://wdown.ebsi.co.kr/W61001/01exam/20200722/go3/g_phy1_mun_X3O229V3.pdf
2020,3,7,school_mock,science,physics-1,solution,manual_review,identity_unverifiable,confirmed,official_catalog_and_pdf,not_imported,,https://wdown.ebsi.co.kr/W61001/01exam/20200722/go3/g_phy1_hsj_43S57M86.pdf
2020,3,7,school_mock,science,physics-2,question,manual_review,identity_unverifiable,confirmed,official_catalog_and_pdf,not_imported,,https://wdown.ebsi.co.kr/W61001/01exam/20200722/go3/g_phy2_mun_C2SLWO32.pdf
2020,3,7,school_mock,science,physics-2,solution,manual_review,identity_unverifiable,confirmed,official_catalog_and_pdf,not_imported,,https://wdown.ebsi.co.kr/W61001/01exam/20200722/go3/g_phy2_hsj_ZXS7Z86S.pdf
2020,3,9,kice_mock,korean,,question,manual_review,identity_unverifiable,confirmed,official_catalog_and_pdf,not_imported,,https://wdown.ebsi.co.kr/W61001/01exam/20200916/go3/kor_mun_3N8JQAA4.pdf
2020,3,9,kice_mock,korean,,solution,manual_review,identity_unverifiable,confirmed,official_catalog_and_pdf,not_imported,,https://wdown.ebsi.co.kr/W61001/01exam/20200916/go3/kor_hsj_N7RGA1D7_1.pdf
2020,3,9,kice_mock,math,math-a,question,manual_review,identity_unverifiable,confirmed,official_catalog_and_pdf,not_imported,,https://wdown.ebsi.co.kr/W61001/01exam/20200916/go3/matha_mun_NE5B292D.pdf
2020,3,9,kice_mock,math,math-a,solution,manual_review,identity_unverifiable,confirmed,official_catalog_and_pdf,not_imported,,https://wdown.ebsi.co.kr/W61001/01exam/20200916/go3/matha_hsj_1ENAW372_1.pdf
2020,3,9,kice_mock,math,math-b,question,manual_review,identity_unverifiable,confirmed,official_catalog_and_pdf,not_imported,,https://wdown.ebsi.co.kr/W61001/01exam/20200916/go3/mathb_mun_T82SIIH1.pdf
2020,3,9,kice_mock,math,math-b,solution,manual_review,identity_unverifiable,confirmed,official_catalog_and_pdf,not_imported,,https://wdown.ebsi.co.kr/W61001/01exam/20200916/go3/mathb_hsj_631VT8LO_1.pdf
2020,3,9,kice_mock,english,,question,manual_review,identity_unverifiable,confirmed,official_catalog_and_pdf,not_imported,,https://wdown.ebsi.co.kr/W61001/01exam/20200916/go3/eng_mun_3QL46T62.pdf
2020,3,9,kice_mock,english,,solution,manual_review,identity_unverifiable,confirmed,official_catalog_and_pdf,not_imported,,https://wdown.ebsi.co.kr/W61001/01exam/20200916/go3/eng_hsj_68O4PW8O.pdf
2020,3,9,kice_mock,history,,question,manual_review,identity_unverifiable,confirmed,official_catalog_and_pdf,not_imported,,https://wdown.ebsi.co.kr/W61001/01exam/20200916/go3/s_his_mun_9E2R7ZSZ.pdf
2020,3,9,kice_mock,history,,solution,manual_review,identity_unverifiable,confirmed,official_catalog_and_pdf,not_imported,,https://wdown.ebsi.co.kr/W61001/01exam/20200916/go3/s_his_hsj_78F7Z6SV.pdf
2020,3,9,kice_mock,social,east-asian-history,question,manual_review,identity_unverifiable,confirmed,official_catalog_and_pdf,not_imported,,https://wdown.ebsi.co.kr/W61001/01exam/20200916/go3/s_easta_mun_7147727P.pdf
2020,3,9,kice_mock,social,east-asian-history,solution,manual_review,identity_unverifiable,confirmed,official_catalog_and_pdf,not_imported,,https://wdown.ebsi.co.kr/W61001/01exam/20200916/go3/s_easta_hsj_A4D317Y1.pdf
2020,3,9,kice_mock,social,economics,question,manual_review,identity_unverifiable,confirmed,official_catalog_and_pdf,not_imported,,https://wdown.ebsi.co.kr/W61001/01exam/20200916/go3/s_eco_mun_88Z25O73.pdf
2020,3,9,kice_mock,social,economics,solution,manual_review,identity_unverifiable,confirmed,official_catalog_and_pdf,not_imported,,https://wdown.ebsi.co.kr/W61001/01exam/20200916/go3/s_eco_hsj_Z19TM959.pdf
2020,3,9,kice_mock,social,ethics-and-thought,question,manual_review,identity_unverifiable,confirmed,official_catalog_and_pdf,not_imported,,https://wdown.ebsi.co.kr/W61001/01exam/20200916/go3/s_yrnss_mun_5RP51A37.pdf
2020,3,9,kice_mock,social,ethics-and-thought,solution,manual_review,identity_unverifiable,confirmed,official_catalog_and_pdf,not_imported,,https://wdown.ebsi.co.kr/W61001/01exam/20200916/go3/s_yrnss_hsj_O7A7554E.pdf
2020,3,9,kice_mock,social,korean-geography,question,manual_review,identity_unverifiable,confirmed,official_catalog_and_pdf,not_imported,,https://wdown.ebsi.co.kr/W61001/01exam/20200916/go3/s_hanji_mun_JD6MOO3J.pdf
2020,3,9,kice_mock,social,korean-geography,solution,manual_review,identity_unverifiable,confirmed,official_catalog_and_pdf,not_imported,,https://wdown.ebsi.co.kr/W61001/01exam/20200916/go3/s_hanji_hsj_1593CA7Q.pdf
2020,3,9,kice_mock,social,life-and-ethics,question,manual_review,identity_unverifiable,confirmed,official_catalog_and_pdf,not_imported,,https://wdown.ebsi.co.kr/W61001/01exam/20200916/go3/s_ssnyr_mun_H515378O.pdf
2020,3,9,kice_mock,social,life-and-ethics,solution,manual_review,identity_unverifiable,confirmed,official_catalog_and_pdf,not_imported,,https://wdown.ebsi.co.kr/W61001/01exam/20200916/go3/s_ssnyr_hsj_39V6WUZZ.pdf
2020,3,9,kice_mock,social,politics-and-law,question,manual_review,identity_unverifiable,confirmed,official_catalog_and_pdf,not_imported,,https://wdown.ebsi.co.kr/W61001/01exam/20200916/go3/s_bnj_mun_M9L2951A.pdf
2020,3,9,kice_mock,social,politics-and-law,solution,manual_review,identity_unverifiable,confirmed,official_catalog_and_pdf,not_imported,,https://wdown.ebsi.co.kr/W61001/01exam/20200916/go3/s_bnj_hsj_3C1E43NR_1.pdf
2020,3,9,kice_mock,social,social-culture,question,manual_review,identity_unverifiable,confirmed,official_catalog_and_pdf,not_imported,,https://wdown.ebsi.co.kr/W61001/01exam/20200916/go3/s_samun_mun_TNKN2G2B.pdf
2020,3,9,kice_mock,social,social-culture,solution,manual_review,identity_unverifiable,confirmed,official_catalog_and_pdf,not_imported,,https://wdown.ebsi.co.kr/W61001/01exam/20200916/go3/s_samun_hsj_CV9V8AJY.pdf
2020,3,9,kice_mock,social,world-geography,question,manual_review,identity_unverifiable,confirmed,official_catalog_and_pdf,not_imported,,https://wdown.ebsi.co.kr/W61001/01exam/20200916/go3/s_saeji_mun_5OUQYR41.pdf
2020,3,9,kice_mock,social,world-geography,solution,manual_review,identity_unverifiable,confirmed,official_catalog_and_pdf,not_imported,,https://wdown.ebsi.co.kr/W61001/01exam/20200916/go3/s_saeji_hsj_58RPWVK1_1.pdf
2020,3,9,kice_mock,social,world-history,question,manual_review,identity_unverifiable,confirmed,official_catalog_and_pdf,not_imported,,https://wdown.ebsi.co.kr/W61001/01exam/20200916/go3/s_sks_mun_8N3MX6KB.pdf
2020,3,9,kice_mock,social,world-history,solution,manual_review,identity_unverifiable,confirmed,official_catalog_and_pdf,not_imported,,https://wdown.ebsi.co.kr/W61001/01exam/20200916/go3/s_sks_hsj_24NV851A.pdf
2020,3,9,kice_mock,science,chemistry-1,question,manual_review,identity_unverifiable,confirmed,official_catalog_and_pdf,not_imported,,https://wdown.ebsi.co.kr/W61001/01exam/20200916/go3/g_che1_mun_L46TIYJ7.pdf
2020,3,9,kice_mock,science,chemistry-1,solution,manual_review,identity_unverifiable,confirmed,official_catalog_and_pdf,not_imported,,https://wdown.ebsi.co.kr/W61001/01exam/20200916/go3/g_che1_hsj_8MCQE863.pdf
2020,3,9,kice_mock,science,chemistry-2,question,manual_review,identity_unverifiable,confirmed,official_catalog_and_pdf,not_imported,,https://wdown.ebsi.co.kr/W61001/01exam/20200916/go3/g_che2_mun_DS2H9N3P.pdf
2020,3,9,kice_mock,science,chemistry-2,solution,manual_review,identity_unverifiable,confirmed,official_catalog_and_pdf,not_imported,,https://wdown.ebsi.co.kr/W61001/01exam/20200916/go3/g_che2_hsj_F9JQL827.pdf
2020,3,9,kice_mock,science,earth-science-1,question,manual_review,identity_unverifiable,confirmed,official_catalog_and_pdf,not_imported,,https://wdown.ebsi.co.kr/W61001/01exam/20200916/go3/g_ear1_mun_29ZBUBB3.pdf
2020,3,9,kice_mock,science,earth-science-1,solution,manual_review,identity_unverifiable,confirmed,official_catalog_and_pdf,not_imported,,https://wdown.ebsi.co.kr/W61001/01exam/20200916/go3/g_ear1_hsj_X59WAYM1_1.pdf
2020,3,9,kice_mock,science,earth-science-2,question,manual_review,identity_unverifiable,confirmed,official_catalog_and_pdf,not_imported,,https://wdown.ebsi.co.kr/W61001/01exam/20200916/go3/g_ear2_mun_52WKA2DF.pdf
2020,3,9,kice_mock,science,earth-science-2,solution,manual_review,identity_unverifiable,confirmed,official_catalog_and_pdf,not_imported,,https://wdown.ebsi.co.kr/W61001/01exam/20200916/go3/g_ear2_hsj_VQ87V261.pdf
2020,3,9,kice_mock,science,life-science-1,question,manual_review,identity_unverifiable,confirmed,official_catalog_and_pdf,not_imported,,https://wdown.ebsi.co.kr/W61001/01exam/20200916/go3/g_bio1_mun_9587V9GD.pdf
2020,3,9,kice_mock,science,life-science-1,solution,manual_review,identity_unverifiable,confirmed,official_catalog_and_pdf,not_imported,,https://wdown.ebsi.co.kr/W61001/01exam/20200916/go3/g_bio1_hsj_2L7SQRK7.pdf
2020,3,9,kice_mock,science,life-science-2,question,manual_review,identity_unverifiable,confirmed,official_catalog_and_pdf,not_imported,,https://wdown.ebsi.co.kr/W61001/01exam/20200916/go3/g_bio2_mun_OBXJ7GE1.pdf
2020,3,9,kice_mock,science,life-science-2,solution,manual_review,identity_unverifiable,confirmed,official_catalog_and_pdf,not_imported,,https://wdown.ebsi.co.kr/W61001/01exam/20200916/go3/g_bio2_hsj_9F5F8U2L.pdf
2020,3,9,kice_mock,science,physics-1,question,manual_review,identity_unverifiable,confirmed,official_catalog_and_pdf,not_imported,,https://wdown.ebsi.co.kr/W61001/01exam/20200916/go3/g_phy1_mun_G13ZK6Q7.pdf
2020,3,9,kice_mock,science,physics-1,solution,manual_review,identity_unverifiable,confirmed,official_catalog_and_pdf,not_imported,,https://wdown.ebsi.co.kr/W61001/01exam/20200916/go3/g_phy1_hsj_ORXY983T.pdf
2020,3,9,kice_mock,science,physics-2,question,manual_review,identity_unverifiable,confirmed,official_catalog_and_pdf,not_imported,,https://wdown.ebsi.co.kr/W61001/01exam/20200916/go3/g_phy2_mun_A4AM7DIW.pdf
2020,3,9,kice_mock,science,physics-2,solution,manual_review,identity_unverifiable,confirmed,official_catalog_and_pdf,not_imported,,https://wdown.ebsi.co.kr/W61001/01exam/20200916/go3/g_phy2_hsj_HAS489ZJ_1.pdf
2020,3,9,kice_mock,vocational,accounting-principles,question,manual_review,identity_unverifiable,confirmed,official_catalog_and_pdf,not_imported,,https://wdown.ebsi.co.kr/W61001/01exam/20200916/go3/J_one_mun_4HR5358O.pdf
2020,3,9,kice_mock,vocational,accounting-principles,solution,manual_review,identity_unverifiable,confirmed,official_catalog_and_pdf,not_imported,,https://wdown.ebsi.co.kr/W61001/01exam/20200916/go3/J_one_hsj_9D6881DU.pdf
2020,3,9,kice_mock,vocational,agriculture-basics,question,manual_review,identity_unverifiable,confirmed,official_catalog_and_pdf,not_imported,,https://wdown.ebsi.co.kr/W61001/01exam/20200916/go3/J_nupgi_mun_3T7J6YTP.pdf
2020,3,9,kice_mock,vocational,agriculture-basics,solution,manual_review,identity_unverifiable,confirmed,official_catalog_and_pdf,not_imported,,https://wdown.ebsi.co.kr/W61001/01exam/20200916/go3/J_nupgi_hsj_X6G43BE7.pdf
2020,3,9,kice_mock,vocational,agriculture-understanding,question,manual_review,identity_unverifiable,confirmed,official_catalog_and_pdf,not_imported,,https://wdown.ebsi.co.kr/W61001/01exam/20200916/go3/J_nup_mun_S939K25A.pdf
2020,3,9,kice_mock,vocational,agriculture-understanding,solution,manual_review,identity_unverifiable,confirmed,official_catalog_and_pdf,not_imported,,https://wdown.ebsi.co.kr/W61001/01exam/20200916/go3/J_nup_hsj_1TABW47M.pdf
2020,3,9,kice_mock,vocational,basic-drafting,question,manual_review,identity_unverifiable,confirmed,official_catalog_and_pdf,not_imported,,https://wdown.ebsi.co.kr/W61001/01exam/20200916/go3/J_kicho_mun_UVRT8Z1G.pdf
2020,3,9,kice_mock,vocational,basic-drafting,solution,manual_review,identity_unverifiable,confirmed,official_catalog_and_pdf,not_imported,,https://wdown.ebsi.co.kr/W61001/01exam/20200916/go3/J_kicho_hsj_V14AE4T8.pdf
2020,3,9,kice_mock,vocational,commercial-economics,question,manual_review,identity_unverifiable,confirmed,official_catalog_and_pdf,not_imported,,https://wdown.ebsi.co.kr/W61001/01exam/20200916/go3/J_sangup_mun_FD53DG88.pdf
2020,3,9,kice_mock,vocational,commercial-economics,solution,manual_review,identity_unverifiable,confirmed,official_catalog_and_pdf,not_imported,,https://wdown.ebsi.co.kr/W61001/01exam/20200916/go3/J_sangup_hsj_332NZ39R_1.pdf
2020,3,9,kice_mock,vocational,fisheries-and-shipping,question,manual_review,identity_unverifiable,confirmed,official_catalog_and_pdf,not_imported,,https://wdown.ebsi.co.kr/W61001/01exam/20200916/go3/J_susan_mun_27DJK244.pdf
2020,3,9,kice_mock,vocational,fisheries-and-shipping,solution,manual_review,identity_unverifiable,confirmed,official_catalog_and_pdf,not_imported,,https://wdown.ebsi.co.kr/W61001/01exam/20200916/go3/J_susan_hsj_2212F5FB.pdf
2020,3,9,kice_mock,vocational,human-development,question,manual_review,identity_unverifiable,confirmed,official_catalog_and_pdf,not_imported,,https://wdown.ebsi.co.kr/W61001/01exam/20200916/go3/J_inkan_mun_IL69QYEA.pdf
2020,3,9,kice_mock,vocational,human-development,solution,manual_review,identity_unverifiable,confirmed,official_catalog_and_pdf,not_imported,,https://wdown.ebsi.co.kr/W61001/01exam/20200916/go3/J_inkan_hsj_35A6PFG6.pdf
2020,3,9,kice_mock,vocational,industry-general,question,manual_review,identity_unverifiable,confirmed,official_catalog_and_pdf,not_imported,,https://wdown.ebsi.co.kr/W61001/01exam/20200916/go3/J_gup_mun_C63935Q2.pdf
2020,3,9,kice_mock,vocational,industry-general,solution,manual_review,identity_unverifiable,confirmed,official_catalog_and_pdf,not_imported,,https://wdown.ebsi.co.kr/W61001/01exam/20200916/go3/J_gup_hsj_5ZQEBOMM.pdf
2020,3,9,kice_mock,vocational,ocean-understanding,question,manual_review,identity_unverifiable,confirmed,official_catalog_and_pdf,not_imported,,https://wdown.ebsi.co.kr/W61001/01exam/20200916/go3/J_hae_mun_OAAQT41R.pdf
2020,3,9,kice_mock,vocational,ocean-understanding,solution,manual_review,identity_unverifiable,confirmed,official_catalog_and_pdf,not_imported,,https://wdown.ebsi.co.kr/W61001/01exam/20200916/go3/J_hae_hsj_WY3Y14G5.pdf
2020,3,9,kice_mock,vocational,service-industry-understanding,question,manual_review,identity_unverifiable,confirmed,official_catalog_and_pdf,not_imported,,https://wdown.ebsi.co.kr/W61001/01exam/20200916/go3/J_ser_mun_4SPH8322.pdf
2020,3,9,kice_mock,vocational,service-industry-understanding,solution,manual_review,identity_unverifiable,confirmed,official_catalog_and_pdf,not_imported,,https://wdown.ebsi.co.kr/W61001/01exam/20200916/go3/J_ser_hsj_NQ38P78P.pdf
2020,3,9,kice_mock,second_language,arabic-1,question,manual_review,identity_unverifiable,confirmed,official_catalog_and_pdf,not_imported,,https://wdown.ebsi.co.kr/W61001/01exam/20200916/go3/2nd_ar_mun_6413V396.pdf
2020,3,9,kice_mock,second_language,arabic-1,solution,manual_review,identity_unverifiable,confirmed,official_catalog_and_pdf,not_imported,,https://wdown.ebsi.co.kr/W61001/01exam/20200916/go3/2nd_ar_hsj_3QHQ2U2W.pdf
2020,3,9,kice_mock,second_language,chinese-1,question,manual_review,identity_unverifiable,confirmed,official_catalog_and_pdf,not_imported,,https://wdown.ebsi.co.kr/W61001/01exam/20200916/go3/2nd_ch_mun_33H8328U.pdf
2020,3,9,kice_mock,second_language,chinese-1,solution,manual_review,identity_unverifiable,confirmed,official_catalog_and_pdf,not_imported,,https://wdown.ebsi.co.kr/W61001/01exam/20200916/go3/2nd_ch_hsj_5764LMQ1.pdf
2020,3,9,kice_mock,second_language,classical-chinese-1,question,manual_review,identity_unverifiable,confirmed,official_catalog_and_pdf,not_imported,,https://wdown.ebsi.co.kr/W61001/01exam/20200916/go3/2nd_han_mun_B8344748.pdf
2020,3,9,kice_mock,second_language,classical-chinese-1,solution,manual_review,identity_unverifiable,confirmed,official_catalog_and_pdf,not_imported,,https://wdown.ebsi.co.kr/W61001/01exam/20200916/go3/2nd_han_hsj_RACKJEWR_1.pdf
2020,3,9,kice_mock,second_language,french-1,question,manual_review,identity_unverifiable,confirmed,official_catalog_and_pdf,not_imported,,https://wdown.ebsi.co.kr/W61001/01exam/20200916/go3/2nd_fr_mun_66GWIM38.pdf
2020,3,9,kice_mock,second_language,french-1,solution,manual_review,identity_unverifiable,confirmed,official_catalog_and_pdf,not_imported,,https://wdown.ebsi.co.kr/W61001/01exam/20200916/go3/2nd_fr_hsj_52XZ12R5.pdf
2020,3,9,kice_mock,second_language,german-1,question,manual_review,identity_unverifiable,confirmed,official_catalog_and_pdf,not_imported,,https://wdown.ebsi.co.kr/W61001/01exam/20200916/go3/2nd_gr_mun_3K78PA44.pdf
2020,3,9,kice_mock,second_language,german-1,solution,manual_review,identity_unverifiable,confirmed,official_catalog_and_pdf,not_imported,,https://wdown.ebsi.co.kr/W61001/01exam/20200916/go3/2nd_gr_hsj_A9S8D6HK_1.pdf
2020,3,9,kice_mock,second_language,japanese-1,question,manual_review,identity_unverifiable,confirmed,official_catalog_and_pdf,not_imported,,https://wdown.ebsi.co.kr/W61001/01exam/20200916/go3/2nd_ja_mun_6OGJ9HNL.pdf
2020,3,9,kice_mock,second_language,japanese-1,solution,manual_review,identity_unverifiable,confirmed,official_catalog_and_pdf,not_imported,,https://wdown.ebsi.co.kr/W61001/01exam/20200916/go3/2nd_ja_hsj_J8UTRTHE.pdf
2020,3,9,kice_mock,second_language,russian-1,question,manual_review,identity_unverifiable,confirmed,official_catalog_and_pdf,not_imported,,https://wdown.ebsi.co.kr/W61001/01exam/20200916/go3/2nd_ru_mun_6G4VTLM4.pdf
2020,3,9,kice_mock,second_language,russian-1,solution,manual_review,identity_unverifiable,confirmed,official_catalog_and_pdf,not_imported,,https://wdown.ebsi.co.kr/W61001/01exam/20200916/go3/2nd_ru_hsj_Z6C7MEG2_1.pdf
2020,3,9,kice_mock,second_language,spanish-1,question,manual_review,identity_unverifiable,confirmed,official_catalog_and_pdf,not_imported,,https://wdown.ebsi.co.kr/W61001/01exam/20200916/go3/2nd_sp_mun_IARE2BDP.pdf
2020,3,9,kice_mock,second_language,spanish-1,solution,manual_review,identity_unverifiable,confirmed,official_catalog_and_pdf,not_imported,,https://wdown.ebsi.co.kr/W61001/01exam/20200916/go3/2nd_sp_hsj_5G62S6G8.pdf
2020,3,9,kice_mock,second_language,vietnamese-1,question,manual_review,identity_unverifiable,confirmed,official_catalog_and_pdf,not_imported,,https://wdown.ebsi.co.kr/W61001/01exam/20200916/go3/2nd_vit_mun_22CIR816.pdf
2020,3,9,kice_mock,second_language,vietnamese-1,solution,manual_review,identity_unverifiable,confirmed,official_catalog_and_pdf,not_imported,,https://wdown.ebsi.co.kr/W61001/01exam/20200916/go3/2nd_vit_hsj_WHN2473S.pdf
2020,3,10,school_mock,korean,,question,manual_review,identity_unverifiable,confirmed,official_catalog_and_pdf,not_imported,,https://wdown.ebsi.co.kr/W61001/01exam/20201027/go3/kor_mun_8RDWY647.pdf
2020,3,10,school_mock,korean,,solution,manual_review,identity_unverifiable,confirmed,official_catalog_and_pdf,not_imported,,https://wdown.ebsi.co.kr/W61001/01exam/20201027/go3/kor_hsj_1CPB7Y97.pdf
2020,3,10,school_mock,math,math-a,question,manual_review,identity_unverifiable,confirmed,official_catalog_and_pdf,not_imported,,https://wdown.ebsi.co.kr/W61001/01exam/20201027/go3/matha_mun_ABN2K4YV.pdf
2020,3,10,school_mock,math,math-a,solution,manual_review,identity_unverifiable,confirmed,official_catalog_and_pdf,not_imported,,https://wdown.ebsi.co.kr/W61001/01exam/20201027/go3/matha_hsj_3C3YZVGU.pdf
2020,3,10,school_mock,math,math-b,question,manual_review,identity_unverifiable,confirmed,official_catalog_and_pdf,not_imported,,https://wdown.ebsi.co.kr/W61001/01exam/20201027/go3/mathb_mun_Z2KWA226.pdf
2020,3,10,school_mock,math,math-b,solution,manual_review,identity_unverifiable,confirmed,official_catalog_and_pdf,not_imported,,https://wdown.ebsi.co.kr/W61001/01exam/20201027/go3/mathb_hsj_1LP8AOBL_1.pdf
2020,3,10,school_mock,english,,question,manual_review,identity_unverifiable,confirmed,official_catalog_and_pdf,not_imported,,https://wdown.ebsi.co.kr/W61001/01exam/20201027/go3/eng_mun_HR2O7LN4.pdf
2020,3,10,school_mock,english,,solution,manual_review,identity_unverifiable,confirmed,official_catalog_and_pdf,not_imported,,https://wdown.ebsi.co.kr/W61001/01exam/20201027/go3/eng_hsj_4ZDT79NP.pdf
2020,3,10,school_mock,history,,question,manual_review,identity_unverifiable,confirmed,official_catalog_and_pdf,not_imported,,https://wdown.ebsi.co.kr/W61001/01exam/20201027/go3/s_his_mun_94OX6896.pdf
2020,3,10,school_mock,history,,solution,manual_review,identity_unverifiable,confirmed,official_catalog_and_pdf,not_imported,,https://wdown.ebsi.co.kr/W61001/01exam/20201027/go3/s_his_hsj_N7254BR1.pdf
2020,3,10,school_mock,social,east-asian-history,question,manual_review,identity_unverifiable,confirmed,official_catalog_and_pdf,not_imported,,https://wdown.ebsi.co.kr/W61001/01exam/20201027/go3/s_easta_mun_B22WF1VR.pdf
2020,3,10,school_mock,social,east-asian-history,solution,manual_review,identity_unverifiable,confirmed,official_catalog_and_pdf,not_imported,,https://wdown.ebsi.co.kr/W61001/01exam/20201027/go3/s_easta_hsj_E7C31686.pdf
2020,3,10,school_mock,social,economics,question,manual_review,identity_unverifiable,confirmed,official_catalog_and_pdf,not_imported,,https://wdown.ebsi.co.kr/W61001/01exam/20201027/go3/s_eco_mun_17V813C4.pdf
2020,3,10,school_mock,social,economics,solution,manual_review,identity_unverifiable,confirmed,official_catalog_and_pdf,not_imported,,https://wdown.ebsi.co.kr/W61001/01exam/20201027/go3/s_eco_hsj_QP911PM1.pdf
2020,3,10,school_mock,social,ethics-and-thought,question,manual_review,identity_unverifiable,confirmed,official_catalog_and_pdf,not_imported,,https://wdown.ebsi.co.kr/W61001/01exam/20201027/go3/s_yrnss_mun_QG8ASCG6.pdf
2020,3,10,school_mock,social,ethics-and-thought,solution,manual_review,identity_unverifiable,confirmed,official_catalog_and_pdf,not_imported,,https://wdown.ebsi.co.kr/W61001/01exam/20201027/go3/s_yrnss_hsj_S8111121.pdf
2020,3,10,school_mock,social,korean-geography,question,manual_review,identity_unverifiable,confirmed,official_catalog_and_pdf,not_imported,,https://wdown.ebsi.co.kr/W61001/01exam/20201027/go3/s_hanji_mun_N13I1T3Q.pdf
2020,3,10,school_mock,social,korean-geography,solution,manual_review,identity_unverifiable,confirmed,official_catalog_and_pdf,not_imported,,https://wdown.ebsi.co.kr/W61001/01exam/20201027/go3/s_hanji_hsj_9O9A623K.pdf
2020,3,10,school_mock,social,life-and-ethics,question,manual_review,identity_unverifiable,confirmed,official_catalog_and_pdf,not_imported,,https://wdown.ebsi.co.kr/W61001/01exam/20201027/go3/s_ssnyr_mun_E9DX7P18.pdf
2020,3,10,school_mock,social,life-and-ethics,solution,manual_review,identity_unverifiable,confirmed,official_catalog_and_pdf,not_imported,,https://wdown.ebsi.co.kr/W61001/01exam/20201027/go3/s_ssnyr_hsj_FXSIZNN7.pdf
2020,3,10,school_mock,social,politics-and-law,question,manual_review,identity_unverifiable,confirmed,official_catalog_and_pdf,not_imported,,https://wdown.ebsi.co.kr/W61001/01exam/20201027/go3/s_bnj_mun_E2JVN27D.pdf
2020,3,10,school_mock,social,politics-and-law,solution,manual_review,identity_unverifiable,confirmed,official_catalog_and_pdf,not_imported,,https://wdown.ebsi.co.kr/W61001/01exam/20201027/go3/s_bnj_hsj_6W4P73V9.pdf
2020,3,10,school_mock,social,social-culture,question,manual_review,identity_unverifiable,confirmed,official_catalog_and_pdf,not_imported,,https://wdown.ebsi.co.kr/W61001/01exam/20201027/go3/s_samun_mun_4D8GPMO1.pdf
2020,3,10,school_mock,social,social-culture,solution,manual_review,identity_unverifiable,confirmed,official_catalog_and_pdf,not_imported,,https://wdown.ebsi.co.kr/W61001/01exam/20201027/go3/s_samun_hsj_P1H4C692.pdf
2020,3,10,school_mock,social,world-geography,question,manual_review,identity_unverifiable,confirmed,official_catalog_and_pdf,not_imported,,https://wdown.ebsi.co.kr/W61001/01exam/20201027/go3/s_saeji_mun_H232YS32.pdf
2020,3,10,school_mock,social,world-geography,solution,manual_review,identity_unverifiable,confirmed,official_catalog_and_pdf,not_imported,,https://wdown.ebsi.co.kr/W61001/01exam/20201027/go3/s_saeji_hsj_28M85SA5.pdf
2020,3,10,school_mock,social,world-history,question,manual_review,identity_unverifiable,confirmed,official_catalog_and_pdf,not_imported,,https://wdown.ebsi.co.kr/W61001/01exam/20201027/go3/s_sks_mun_88Q6816Q.pdf
2020,3,10,school_mock,social,world-history,solution,manual_review,identity_unverifiable,confirmed,official_catalog_and_pdf,not_imported,,https://wdown.ebsi.co.kr/W61001/01exam/20201027/go3/s_sks_hsj_C6WWC9K4.pdf
2020,3,10,school_mock,science,chemistry-1,question,manual_review,identity_unverifiable,confirmed,official_catalog_and_pdf,not_imported,,https://wdown.ebsi.co.kr/W61001/01exam/20201027/go3/g_che1_mun_5S56I86M.pdf
2020,3,10,school_mock,science,chemistry-1,solution,manual_review,identity_unverifiable,confirmed,official_catalog_and_pdf,not_imported,,https://wdown.ebsi.co.kr/W61001/01exam/20201027/go3/g_che1_hsj_75TP85NB.pdf
2020,3,10,school_mock,science,chemistry-2,question,manual_review,identity_unverifiable,confirmed,official_catalog_and_pdf,not_imported,,https://wdown.ebsi.co.kr/W61001/01exam/20201027/go3/g_che2_mun_23497G1G.pdf
2020,3,10,school_mock,science,chemistry-2,solution,manual_review,identity_unverifiable,confirmed,official_catalog_and_pdf,not_imported,,https://wdown.ebsi.co.kr/W61001/01exam/20201027/go3/g_che2_hsj_FH6D3YNM.pdf
2020,3,10,school_mock,science,earth-science-1,question,manual_review,identity_unverifiable,confirmed,official_catalog_and_pdf,not_imported,,https://wdown.ebsi.co.kr/W61001/01exam/20201027/go3/g_ear1_mun_8CAM3BIK.pdf
2020,3,10,school_mock,science,earth-science-1,solution,manual_review,identity_unverifiable,confirmed,official_catalog_and_pdf,not_imported,,https://wdown.ebsi.co.kr/W61001/01exam/20201027/go3/g_ear1_hsj_9R1QFLS9.pdf
2020,3,10,school_mock,science,earth-science-2,question,manual_review,identity_unverifiable,confirmed,official_catalog_and_pdf,not_imported,,https://wdown.ebsi.co.kr/W61001/01exam/20201027/go3/g_ear2_mun_22I97TSJ.pdf
2020,3,10,school_mock,science,earth-science-2,solution,manual_review,identity_unverifiable,confirmed,official_catalog_and_pdf,not_imported,,https://wdown.ebsi.co.kr/W61001/01exam/20201027/go3/g_ear2_hsj_A196W65O.pdf
2020,3,10,school_mock,science,life-science-1,question,manual_review,identity_unverifiable,confirmed,official_catalog_and_pdf,not_imported,,https://wdown.ebsi.co.kr/W61001/01exam/20201027/go3/g_bio1_mun_7H55KR8M.pdf
2020,3,10,school_mock,science,life-science-1,solution,manual_review,identity_unverifiable,confirmed,official_catalog_and_pdf,not_imported,,https://wdown.ebsi.co.kr/W61001/01exam/20201027/go3/g_bio1_hsj_P38AJ3R1.pdf
2020,3,10,school_mock,science,life-science-2,question,manual_review,identity_unverifiable,confirmed,official_catalog_and_pdf,not_imported,,https://wdown.ebsi.co.kr/W61001/01exam/20201027/go3/g_bio2_mun_ZA9AL529.pdf
2020,3,10,school_mock,science,life-science-2,solution,manual_review,identity_unverifiable,confirmed,official_catalog_and_pdf,not_imported,,https://wdown.ebsi.co.kr/W61001/01exam/20201027/go3/g_bio2_hsj_98744419.pdf
2020,3,10,school_mock,science,physics-1,question,manual_review,identity_unverifiable,confirmed,official_catalog_and_pdf,not_imported,,https://wdown.ebsi.co.kr/W61001/01exam/20201027/go3/g_phy1_mun_K84XY392.pdf
2020,3,10,school_mock,science,physics-1,solution,manual_review,identity_unverifiable,confirmed,official_catalog_and_pdf,not_imported,,https://wdown.ebsi.co.kr/W61001/01exam/20201027/go3/g_phy1_hsj_BPJ88366.pdf
2020,3,10,school_mock,science,physics-2,question,manual_review,identity_unverifiable,confirmed,official_catalog_and_pdf,not_imported,,https://wdown.ebsi.co.kr/W61001/01exam/20201027/go3/g_phy2_mun_2UME775C.pdf
2020,3,10,school_mock,science,physics-2,solution,manual_review,identity_unverifiable,confirmed,official_catalog_and_pdf,not_imported,,https://wdown.ebsi.co.kr/W61001/01exam/20201027/go3/g_phy2_hsj_DS9283VN.pdf
2020,3,10,school_mock,vocational,accounting-principles,question,manual_review,identity_unverifiable,confirmed,official_catalog_and_pdf,not_imported,,https://wdown.ebsi.co.kr/W61001/01exam/20201027/go3/J_one_mun_OLJ4LA57.pdf
2020,3,10,school_mock,vocational,accounting-principles,solution,manual_review,identity_unverifiable,confirmed,official_catalog_and_pdf,not_imported,,https://wdown.ebsi.co.kr/W61001/01exam/20201027/go3/J_one_hsj_FR8I54X2.pdf
2020,3,10,school_mock,vocational,agriculture-basics,question,manual_review,identity_unverifiable,confirmed,official_catalog_and_pdf,not_imported,,https://wdown.ebsi.co.kr/W61001/01exam/20201027/go3/J_nupgi_mun_16QJGE7K.pdf
2020,3,10,school_mock,vocational,agriculture-basics,solution,manual_review,identity_unverifiable,confirmed,official_catalog_and_pdf,not_imported,,https://wdown.ebsi.co.kr/W61001/01exam/20201027/go3/J_nupgi_hsj_97KQ23NS.pdf
2020,3,10,school_mock,vocational,agriculture-understanding,question,manual_review,identity_unverifiable,confirmed,official_catalog_and_pdf,not_imported,,https://wdown.ebsi.co.kr/W61001/01exam/20201027/go3/J_nup_mun_FTQO6Y6H.pdf
2020,3,10,school_mock,vocational,agriculture-understanding,solution,manual_review,identity_unverifiable,confirmed,official_catalog_and_pdf,not_imported,,https://wdown.ebsi.co.kr/W61001/01exam/20201027/go3/J_nup_hsj_9SSW792A.pdf
2020,3,10,school_mock,vocational,basic-drafting,question,manual_review,identity_unverifiable,confirmed,official_catalog_and_pdf,not_imported,,https://wdown.ebsi.co.kr/W61001/01exam/20201027/go3/J_kicho_mun_68KK1VVI.pdf
2020,3,10,school_mock,vocational,basic-drafting,solution,manual_review,identity_unverifiable,confirmed,official_catalog_and_pdf,not_imported,,https://wdown.ebsi.co.kr/W61001/01exam/20201027/go3/J_kicho_hsj_7U831OT8.pdf
2020,3,10,school_mock,vocational,commercial-economics,question,manual_review,identity_unverifiable,confirmed,official_catalog_and_pdf,not_imported,,https://wdown.ebsi.co.kr/W61001/01exam/20201027/go3/J_sangup_mun_YKQUFLG7.pdf
2020,3,10,school_mock,vocational,commercial-economics,solution,manual_review,identity_unverifiable,confirmed,official_catalog_and_pdf,not_imported,,https://wdown.ebsi.co.kr/W61001/01exam/20201027/go3/J_sangup_hsj_E3P36RYJ.pdf
2020,3,10,school_mock,vocational,fisheries-and-shipping,question,manual_review,identity_unverifiable,confirmed,official_catalog_and_pdf,not_imported,,https://wdown.ebsi.co.kr/W61001/01exam/20201027/go3/J_susan_mun_8GAPD1E5.pdf
2020,3,10,school_mock,vocational,fisheries-and-shipping,solution,manual_review,identity_unverifiable,confirmed,official_catalog_and_pdf,not_imported,,https://wdown.ebsi.co.kr/W61001/01exam/20201027/go3/J_susan_hsj_F9Q39Y56.pdf
2020,3,10,school_mock,vocational,human-development,question,manual_review,identity_unverifiable,confirmed,official_catalog_and_pdf,not_imported,,https://wdown.ebsi.co.kr/W61001/01exam/20201027/go3/J_inkan_mun_5K65M72I.pdf
2020,3,10,school_mock,vocational,human-development,solution,manual_review,identity_unverifiable,confirmed,official_catalog_and_pdf,not_imported,,https://wdown.ebsi.co.kr/W61001/01exam/20201027/go3/J_inkan_hsj_MQ89739S.pdf
2020,3,10,school_mock,vocational,industry-general,question,manual_review,identity_unverifiable,confirmed,official_catalog_and_pdf,not_imported,,https://wdown.ebsi.co.kr/W61001/01exam/20201027/go3/J_gup_mun_7HCK3357.pdf
2020,3,10,school_mock,vocational,industry-general,solution,manual_review,identity_unverifiable,confirmed,official_catalog_and_pdf,not_imported,,https://wdown.ebsi.co.kr/W61001/01exam/20201027/go3/J_gup_hsj_RY433HD3.pdf
2020,3,10,school_mock,vocational,ocean-understanding,question,manual_review,identity_unverifiable,confirmed,official_catalog_and_pdf,not_imported,,https://wdown.ebsi.co.kr/W61001/01exam/20201027/go3/J_hae_mun_ID49U81H.pdf
2020,3,10,school_mock,vocational,ocean-understanding,solution,manual_review,identity_unverifiable,confirmed,official_catalog_and_pdf,not_imported,,https://wdown.ebsi.co.kr/W61001/01exam/20201027/go3/J_hae_hsj_2PUG3WYQ.pdf
2020,3,10,school_mock,vocational,service-industry-understanding,question,manual_review,identity_unverifiable,confirmed,official_catalog_and_pdf,not_imported,,https://wdown.ebsi.co.kr/W61001/01exam/20201027/go3/J_ser_mun_27ZIQBSV.pdf
2020,3,10,school_mock,vocational,service-industry-understanding,solution,manual_review,identity_unverifiable,confirmed,official_catalog_and_pdf,not_imported,,https://wdown.ebsi.co.kr/W61001/01exam/20201027/go3/J_ser_hsj_P3J24AS5.pdf
2020,3,10,school_mock,second_language,chinese-1,question,manual_review,identity_unverifiable,confirmed,official_catalog_and_pdf,not_imported,,https://wdown.ebsi.co.kr/W61001/01exam/20201027/go3/2nd_ch_mun_A682F5NP.pdf
2020,3,10,school_mock,second_language,chinese-1,solution,manual_review,identity_unverifiable,confirmed,official_catalog_and_pdf,not_imported,,https://wdown.ebsi.co.kr/W61001/01exam/20201027/go3/2nd_ch_hsj_87H8J32H.pdf
2020,3,10,school_mock,second_language,classical-chinese-1,question,manual_review,identity_unverifiable,confirmed,official_catalog_and_pdf,not_imported,,https://wdown.ebsi.co.kr/W61001/01exam/20201027/go3/2nd_han_mun_V19WNAIG.pdf
2020,3,10,school_mock,second_language,classical-chinese-1,solution,manual_review,identity_unverifiable,confirmed,official_catalog_and_pdf,not_imported,,https://wdown.ebsi.co.kr/W61001/01exam/20201027/go3/2nd_han_hsj_53J26CNC.pdf
2020,3,10,school_mock,second_language,french-1,question,manual_review,identity_unverifiable,confirmed,official_catalog_and_pdf,not_imported,,https://wdown.ebsi.co.kr/W61001/01exam/20201027/go3/2nd_fr_mun_5MFQ238B.pdf
2020,3,10,school_mock,second_language,french-1,solution,manual_review,identity_unverifiable,confirmed,official_catalog_and_pdf,not_imported,,https://wdown.ebsi.co.kr/W61001/01exam/20201027/go3/2nd_fr_hsj_3535A663.pdf
2020,3,10,school_mock,second_language,german-1,question,manual_review,identity_unverifiable,confirmed,official_catalog_and_pdf,not_imported,,https://wdown.ebsi.co.kr/W61001/01exam/20201027/go3/2nd_gr_mun_1P7XSR7N.pdf
2020,3,10,school_mock,second_language,german-1,solution,manual_review,identity_unverifiable,confirmed,official_catalog_and_pdf,not_imported,,https://wdown.ebsi.co.kr/W61001/01exam/20201027/go3/2nd_gr_hsj_O8F125I6.pdf
2020,3,10,school_mock,second_language,japanese-1,question,manual_review,identity_unverifiable,confirmed,official_catalog_and_pdf,not_imported,,https://wdown.ebsi.co.kr/W61001/01exam/20201027/go3/2nd_ja_mun_4VY4I47M.pdf
2020,3,10,school_mock,second_language,japanese-1,solution,manual_review,identity_unverifiable,confirmed,official_catalog_and_pdf,not_imported,,https://wdown.ebsi.co.kr/W61001/01exam/20201027/go3/2nd_ja_hsj_542E6L4Z.pdf
2020,3,10,school_mock,second_language,russian-1,question,manual_review,identity_unverifiable,confirmed,official_catalog_and_pdf,not_imported,,https://wdown.ebsi.co.kr/W61001/01exam/20201027/go3/2nd_ru_mun_72UZYM8O.pdf
2020,3,10,school_mock,second_language,russian-1,solution,manual_review,identity_unverifiable,confirmed,official_catalog_and_pdf,not_imported,,https://wdown.ebsi.co.kr/W61001/01exam/20201027/go3/2nd_ru_hsj_33H111AA.pdf
2020,3,10,school_mock,second_language,spanish-1,question,manual_review,identity_unverifiable,confirmed,official_catalog_and_pdf,not_imported,,https://wdown.ebsi.co.kr/W61001/01exam/20201027/go3/2nd_sp_mun_P9NFJS66.pdf
2020,3,10,school_mock,second_language,spanish-1,solution,manual_review,identity_unverifiable,confirmed,official_catalog_and_pdf,not_imported,,https://wdown.ebsi.co.kr/W61001/01exam/20201027/go3/2nd_sp_hsj_K356XP48.pdf
2020,3,12,csat,korean,,question,manual_review,identity_unverifiable,confirmed,official_catalog_and_pdf,not_imported,,https://wdown.ebsi.co.kr/W61001/01exam/20201203/go3/kor_mun_R624XS12.pdf
2020,3,12,csat,korean,,solution,manual_review,identity_unverifiable,confirmed,official_catalog_and_pdf,not_imported,,https://wdown.ebsi.co.kr/W61001/01exam/20201203/go3/kor_hsj_1CPB7Y97.pdf
2020,3,12,csat,math,math-a,question,manual_review,identity_unverifiable,confirmed,official_catalog_and_pdf,not_imported,,https://wdown.ebsi.co.kr/W61001/01exam/20201203/go3/matha_mun_LOTW4UYI_1.pdf
2020,3,12,csat,math,math-a,solution,manual_review,identity_unverifiable,confirmed,official_catalog_and_pdf,not_imported,,https://wdown.ebsi.co.kr/W61001/01exam/20201203/go3/matha_hsj_1LP8AOBL_4.pdf
2020,3,12,csat,math,math-b,question,manual_review,identity_unverifiable,confirmed,official_catalog_and_pdf,not_imported,,https://wdown.ebsi.co.kr/W61001/01exam/20201203/go3/mathb_mun_2711196D.pdf
2020,3,12,csat,math,math-b,solution,manual_review,identity_unverifiable,confirmed,official_catalog_and_pdf,not_imported,,https://wdown.ebsi.co.kr/W61001/01exam/20201203/go3/mathb_hsj_N7254BR1_6.pdf
2020,3,12,csat,english,,question,manual_review,identity_unverifiable,confirmed,official_catalog_and_pdf,not_imported,,https://wdown.ebsi.co.kr/W61001/01exam/20201203/go3/eng_mun_8JGC8T6P.pdf
2020,3,12,csat,english,,solution,manual_review,identity_unverifiable,confirmed,official_catalog_and_pdf,not_imported,,https://wdown.ebsi.co.kr/W61001/01exam/20201203/go3/eng_hsj_P1H5NJC3_3.pdf
2020,3,12,csat,history,,question,manual_review,identity_unverifiable,confirmed,official_catalog_and_pdf,not_imported,,https://wdown.ebsi.co.kr/W61001/01exam/20201203/go3/s_his_mun_769F47T4.pdf
2020,3,12,csat,history,,solution,manual_review,identity_unverifiable,confirmed,official_catalog_and_pdf,not_imported,,https://wdown.ebsi.co.kr/W61001/01exam/20201203/go3/s_his_hsj_MMB5369P.pdf
2020,3,12,csat,social,east-asian-history,question,manual_review,identity_unverifiable,confirmed,official_catalog_and_pdf,not_imported,,https://wdown.ebsi.co.kr/W61001/01exam/20201203/go3/s_easta_mun_W2E91V2S.pdf
2020,3,12,csat,social,east-asian-history,solution,manual_review,identity_unverifiable,confirmed,official_catalog_and_pdf,not_imported,,https://wdown.ebsi.co.kr/W61001/01exam/20201203/go3/s_easta_hsj_JV3J3A55_1.pdf
2020,3,12,csat,social,economics,question,manual_review,identity_unverifiable,confirmed,official_catalog_and_pdf,not_imported,,https://wdown.ebsi.co.kr/W61001/01exam/20201203/go3/s_eco_mun_NYE9297N.pdf
2020,3,12,csat,social,economics,solution,manual_review,identity_unverifiable,confirmed,official_catalog_and_pdf,not_imported,,https://wdown.ebsi.co.kr/W61001/01exam/20201203/go3/s_eco_hsj_H82DNDVE.pdf
2020,3,12,csat,social,ethics-and-thought,question,manual_review,identity_unverifiable,confirmed,official_catalog_and_pdf,not_imported,,https://wdown.ebsi.co.kr/W61001/01exam/20201203/go3/s_yrnss_mun_ZDSGTC12.pdf
2020,3,12,csat,social,ethics-and-thought,solution,manual_review,identity_unverifiable,confirmed,official_catalog_and_pdf,not_imported,,https://wdown.ebsi.co.kr/W61001/01exam/20201203/go3/s_yrnss_hsj_219C5826.pdf
2020,3,12,csat,social,korean-geography,question,manual_review,identity_unverifiable,confirmed,official_catalog_and_pdf,not_imported,,https://wdown.ebsi.co.kr/W61001/01exam/20201203/go3/s_hanji_mun_6379T27T.pdf
2020,3,12,csat,social,korean-geography,solution,manual_review,identity_unverifiable,confirmed,official_catalog_and_pdf,not_imported,,https://wdown.ebsi.co.kr/W61001/01exam/20201203/go3/s_hanji_hsj_7VFB5H49.pdf
2020,3,12,csat,social,life-and-ethics,question,manual_review,identity_unverifiable,confirmed,official_catalog_and_pdf,not_imported,,https://wdown.ebsi.co.kr/W61001/01exam/20201203/go3/s_ssnyr_mun_17OM3PI7.pdf
2020,3,12,csat,social,life-and-ethics,solution,manual_review,identity_unverifiable,confirmed,official_catalog_and_pdf,not_imported,,https://wdown.ebsi.co.kr/W61001/01exam/20201203/go3/s_ssnyr_hsj_F5P7Y27Q_1.pdf
2020,3,12,csat,social,politics-and-law,question,manual_review,identity_unverifiable,confirmed,official_catalog_and_pdf,not_imported,,https://wdown.ebsi.co.kr/W61001/01exam/20201203/go3/s_bnj_mun_7R8HZ8X7.pdf
2020,3,12,csat,social,politics-and-law,solution,manual_review,identity_unverifiable,confirmed,official_catalog_and_pdf,not_imported,,https://wdown.ebsi.co.kr/W61001/01exam/20201203/go3/s_bnj_hsj_11SGE54S.pdf
2020,3,12,csat,social,social-culture,question,manual_review,identity_unverifiable,confirmed,official_catalog_and_pdf,not_imported,,https://wdown.ebsi.co.kr/W61001/01exam/20201203/go3/s_samun_mun_493B8957.pdf
2020,3,12,csat,social,social-culture,solution,manual_review,identity_unverifiable,confirmed,official_catalog_and_pdf,not_imported,,https://wdown.ebsi.co.kr/W61001/01exam/20201203/go3/s_samun_hsj_VS6AWEZF_1.pdf
2020,3,12,csat,social,world-geography,question,manual_review,identity_unverifiable,confirmed,official_catalog_and_pdf,not_imported,,https://wdown.ebsi.co.kr/W61001/01exam/20201203/go3/s_saeji_mun_8LG2IM6I_1.pdf
2020,3,12,csat,social,world-geography,solution,manual_review,identity_unverifiable,confirmed,official_catalog_and_pdf,not_imported,,https://wdown.ebsi.co.kr/W61001/01exam/20201203/go3/s_saeji_hsj_9VB7R9RW.pdf
2020,3,12,csat,social,world-history,question,manual_review,identity_unverifiable,confirmed,official_catalog_and_pdf,not_imported,,https://wdown.ebsi.co.kr/W61001/01exam/20201203/go3/s_sks_mun_H64EU61E.pdf
2020,3,12,csat,social,world-history,solution,manual_review,identity_unverifiable,confirmed,official_catalog_and_pdf,not_imported,,https://wdown.ebsi.co.kr/W61001/01exam/20201203/go3/s_sks_hsj_OT1ZN175_1.pdf
2020,3,12,csat,science,chemistry-1,question,manual_review,identity_unverifiable,confirmed,official_catalog_and_pdf,not_imported,,https://wdown.ebsi.co.kr/W61001/01exam/20201203/go3/g_che1_mun_S1N55N87.pdf
2020,3,12,csat,science,chemistry-1,solution,manual_review,identity_unverifiable,confirmed,official_catalog_and_pdf,not_imported,,https://wdown.ebsi.co.kr/W61001/01exam/20201203/go3/g_che1_hsj_I3HF54XN.pdf
2020,3,12,csat,science,chemistry-2,question,manual_review,identity_unverifiable,confirmed,official_catalog_and_pdf,not_imported,,https://wdown.ebsi.co.kr/W61001/01exam/20201203/go3/g_che2_mun_864969QU.pdf
2020,3,12,csat,science,chemistry-2,solution,manual_review,identity_unverifiable,confirmed,official_catalog_and_pdf,not_imported,,https://wdown.ebsi.co.kr/W61001/01exam/20201203/go3/g_che2_hsj_7NMZ1A4X.pdf
2020,3,12,csat,science,earth-science-1,question,manual_review,identity_unverifiable,confirmed,official_catalog_and_pdf,not_imported,,https://wdown.ebsi.co.kr/W61001/01exam/20201203/go3/g_ear1_mun_14OTQ445.pdf
2020,3,12,csat,science,earth-science-1,solution,manual_review,identity_unverifiable,confirmed,official_catalog_and_pdf,not_imported,,https://wdown.ebsi.co.kr/W61001/01exam/20201203/go3/g_ear1_hsj_2C441P31.pdf
2020,3,12,csat,science,earth-science-2,question,manual_review,identity_unverifiable,confirmed,official_catalog_and_pdf,not_imported,,https://wdown.ebsi.co.kr/W61001/01exam/20201203/go3/g_ear2_mun_F9VPF158.pdf
2020,3,12,csat,science,earth-science-2,solution,manual_review,identity_unverifiable,confirmed,official_catalog_and_pdf,not_imported,,https://wdown.ebsi.co.kr/W61001/01exam/20201203/go3/g_ear2_hsj_61N181Z1.pdf
2020,3,12,csat,science,life-science-1,question,manual_review,identity_unverifiable,confirmed,official_catalog_and_pdf,not_imported,,https://wdown.ebsi.co.kr/W61001/01exam/20201203/go3/g_bio1_mun_238Z8T3Y.pdf
2020,3,12,csat,science,life-science-1,solution,manual_review,identity_unverifiable,confirmed,official_catalog_and_pdf,not_imported,,https://wdown.ebsi.co.kr/W61001/01exam/20201203/go3/g_bio1_hsj_2GGY4PA2_2.pdf
2020,3,12,csat,science,life-science-2,question,manual_review,identity_unverifiable,confirmed,official_catalog_and_pdf,not_imported,,https://wdown.ebsi.co.kr/W61001/01exam/20201203/go3/g_bio2_mun_9YTGNG68.pdf
2020,3,12,csat,science,life-science-2,solution,manual_review,identity_unverifiable,confirmed,official_catalog_and_pdf,not_imported,,https://wdown.ebsi.co.kr/W61001/01exam/20201203/go3/g_bio2_hsj_91876MPU.pdf
2020,3,12,csat,science,physics-1,question,manual_review,identity_unverifiable,confirmed,official_catalog_and_pdf,not_imported,,https://wdown.ebsi.co.kr/W61001/01exam/20201203/go3/g_phy1_mun_516VJ441.pdf
2020,3,12,csat,science,physics-1,solution,manual_review,identity_unverifiable,confirmed,official_catalog_and_pdf,not_imported,,https://wdown.ebsi.co.kr/W61001/01exam/20201203/go3/g_phy1_hsj_I7J7WGT3.pdf
2020,3,12,csat,science,physics-2,question,manual_review,identity_unverifiable,confirmed,official_catalog_and_pdf,not_imported,,https://wdown.ebsi.co.kr/W61001/01exam/20201203/go3/g_phy2_mun_F82VD5I4.pdf
2020,3,12,csat,science,physics-2,solution,manual_review,identity_unverifiable,confirmed,official_catalog_and_pdf,not_imported,,https://wdown.ebsi.co.kr/W61001/01exam/20201203/go3/g_phy2_hsj_Z96Z4KI8.pdf
2020,3,12,csat,vocational,accounting-principles,question,manual_review,identity_unverifiable,confirmed,official_catalog_and_pdf,not_imported,,https://wdown.ebsi.co.kr/W61001/01exam/20201203/go3/J_one_mun_25E3H1RG.pdf
2020,3,12,csat,vocational,accounting-principles,solution,manual_review,identity_unverifiable,confirmed,official_catalog_and_pdf,not_imported,,https://wdown.ebsi.co.kr/W61001/01exam/20201203/go3/J_one_hsj_H69E7TFH.pdf
2020,3,12,csat,vocational,agriculture-basics,question,manual_review,identity_unverifiable,confirmed,official_catalog_and_pdf,not_imported,,https://wdown.ebsi.co.kr/W61001/01exam/20201203/go3/J_nupgi_mun_2GX2N749.pdf
2020,3,12,csat,vocational,agriculture-basics,solution,manual_review,identity_unverifiable,confirmed,official_catalog_and_pdf,not_imported,,https://wdown.ebsi.co.kr/W61001/01exam/20201203/go3/J_nupgi_hsj_1X5471AX.pdf
2020,3,12,csat,vocational,agriculture-understanding,question,manual_review,identity_unverifiable,confirmed,official_catalog_and_pdf,not_imported,,https://wdown.ebsi.co.kr/W61001/01exam/20201203/go3/J_nup_mun_ANN34973.pdf
2020,3,12,csat,vocational,agriculture-understanding,solution,manual_review,identity_unverifiable,confirmed,official_catalog_and_pdf,not_imported,,https://wdown.ebsi.co.kr/W61001/01exam/20201203/go3/J_nup_hsj_393I4ISJ.pdf
2020,3,12,csat,vocational,basic-drafting,question,manual_review,identity_unverifiable,confirmed,official_catalog_and_pdf,not_imported,,https://wdown.ebsi.co.kr/W61001/01exam/20201203/go3/J_kicho_mun_3RF999UH.pdf
2020,3,12,csat,vocational,basic-drafting,solution,manual_review,identity_unverifiable,confirmed,official_catalog_and_pdf,not_imported,,https://wdown.ebsi.co.kr/W61001/01exam/20201203/go3/J_kicho_hsj_J2IBSQG5.pdf
2020,3,12,csat,vocational,commercial-economics,question,manual_review,identity_unverifiable,confirmed,official_catalog_and_pdf,not_imported,,https://wdown.ebsi.co.kr/W61001/01exam/20201203/go3/J_sangup_mun_963M5MDP.pdf
2020,3,12,csat,vocational,commercial-economics,solution,manual_review,identity_unverifiable,confirmed,official_catalog_and_pdf,not_imported,,https://wdown.ebsi.co.kr/W61001/01exam/20201203/go3/J_sangup_hsj_W5M1YJ93.pdf
2020,3,12,csat,vocational,fisheries-and-shipping,question,manual_review,identity_unverifiable,confirmed,official_catalog_and_pdf,not_imported,,https://wdown.ebsi.co.kr/W61001/01exam/20201203/go3/J_susan_mun_282XN1SW.pdf
2020,3,12,csat,vocational,fisheries-and-shipping,solution,manual_review,identity_unverifiable,confirmed,official_catalog_and_pdf,not_imported,,https://wdown.ebsi.co.kr/W61001/01exam/20201203/go3/J_susan_hsj_MPXR5395.pdf
2020,3,12,csat,vocational,human-development,question,manual_review,identity_unverifiable,confirmed,official_catalog_and_pdf,not_imported,,https://wdown.ebsi.co.kr/W61001/01exam/20201203/go3/J_inkan_mun_K68IB71I.pdf
2020,3,12,csat,vocational,human-development,solution,manual_review,identity_unverifiable,confirmed,official_catalog_and_pdf,not_imported,,https://wdown.ebsi.co.kr/W61001/01exam/20201203/go3/J_inkan_hsj_9Q4TED7V.pdf
2020,3,12,csat,vocational,industry-general,question,manual_review,identity_unverifiable,confirmed,official_catalog_and_pdf,not_imported,,https://wdown.ebsi.co.kr/W61001/01exam/20201203/go3/J_gup_mun_68NJ75E3.pdf
2020,3,12,csat,vocational,industry-general,solution,manual_review,identity_unverifiable,confirmed,official_catalog_and_pdf,not_imported,,https://wdown.ebsi.co.kr/W61001/01exam/20201203/go3/J_gup_hsj_T97S2NE6.pdf
2020,3,12,csat,vocational,ocean-understanding,question,manual_review,identity_unverifiable,confirmed,official_catalog_and_pdf,not_imported,,https://wdown.ebsi.co.kr/W61001/01exam/20201203/go3/J_hae_mun_RO743A54.pdf
2020,3,12,csat,vocational,ocean-understanding,solution,manual_review,identity_unverifiable,confirmed,official_catalog_and_pdf,not_imported,,https://wdown.ebsi.co.kr/W61001/01exam/20201203/go3/J_hae_hsj_PH3S7371.pdf
2020,3,12,csat,vocational,service-industry-understanding,question,manual_review,identity_unverifiable,confirmed,official_catalog_and_pdf,not_imported,,https://wdown.ebsi.co.kr/W61001/01exam/20201203/go3/J_ser_mun_8OQ81W37.pdf
2020,3,12,csat,vocational,service-industry-understanding,solution,manual_review,identity_unverifiable,confirmed,official_catalog_and_pdf,not_imported,,https://wdown.ebsi.co.kr/W61001/01exam/20201203/go3/J_ser_hsj_J1W4KIV8.pdf
2020,3,12,csat,second_language,arabic-1,question,manual_review,identity_unverifiable,confirmed,official_catalog_and_pdf,not_imported,,https://wdown.ebsi.co.kr/W61001/01exam/20201203/go3/2nd_ar_mun_1A48H2M5.pdf
2020,3,12,csat,second_language,arabic-1,solution,manual_review,identity_unverifiable,confirmed,official_catalog_and_pdf,not_imported,,https://wdown.ebsi.co.kr/W61001/01exam/20201203/go3/2nd_ar_hsj_W1HX5A6P.pdf
2020,3,12,csat,second_language,chinese-1,question,manual_review,identity_unverifiable,confirmed,official_catalog_and_pdf,not_imported,,https://wdown.ebsi.co.kr/W61001/01exam/20201203/go3/2nd_ch_mun_R94L7EE5.pdf
2020,3,12,csat,second_language,chinese-1,solution,manual_review,identity_unverifiable,confirmed,official_catalog_and_pdf,not_imported,,https://wdown.ebsi.co.kr/W61001/01exam/20201203/go3/2nd_ch_hsj_3DH59S9Z.pdf
2020,3,12,csat,second_language,classical-chinese-1,question,manual_review,identity_unverifiable,confirmed,official_catalog_and_pdf,not_imported,,https://wdown.ebsi.co.kr/W61001/01exam/20201203/go3/2nd_han_mun_O717J9I1.pdf
2020,3,12,csat,second_language,classical-chinese-1,solution,manual_review,identity_unverifiable,confirmed,official_catalog_and_pdf,not_imported,,https://wdown.ebsi.co.kr/W61001/01exam/20201203/go3/2nd_han_hsj_4E1T221Y_1.pdf
2020,3,12,csat,second_language,french-1,question,manual_review,identity_unverifiable,confirmed,official_catalog_and_pdf,not_imported,,https://wdown.ebsi.co.kr/W61001/01exam/20201203/go3/2nd_fr_mun_63D5L24H.pdf
2020,3,12,csat,second_language,french-1,solution,manual_review,identity_unverifiable,confirmed,official_catalog_and_pdf,not_imported,,https://wdown.ebsi.co.kr/W61001/01exam/20201203/go3/2nd_fr_hsj_D2ZAB386.pdf
2020,3,12,csat,second_language,german-1,question,manual_review,identity_unverifiable,confirmed,official_catalog_and_pdf,not_imported,,https://wdown.ebsi.co.kr/W61001/01exam/20201203/go3/2nd_gr_mun_B3496R8P.pdf
2020,3,12,csat,second_language,german-1,solution,manual_review,identity_unverifiable,confirmed,official_catalog_and_pdf,not_imported,,https://wdown.ebsi.co.kr/W61001/01exam/20201203/go3/2nd_gr_hsj_59SI32G6.pdf
2020,3,12,csat,second_language,japanese-1,question,manual_review,identity_unverifiable,confirmed,official_catalog_and_pdf,not_imported,,https://wdown.ebsi.co.kr/W61001/01exam/20201203/go3/2nd_ja_mun_6FT68J17.pdf
2020,3,12,csat,second_language,japanese-1,solution,manual_review,identity_unverifiable,confirmed,official_catalog_and_pdf,not_imported,,https://wdown.ebsi.co.kr/W61001/01exam/20201203/go3/2nd_ja_hsj_U8HZ4MMT.pdf
2020,3,12,csat,second_language,russian-1,question,manual_review,identity_unverifiable,confirmed,official_catalog_and_pdf,not_imported,,https://wdown.ebsi.co.kr/W61001/01exam/20201203/go3/2nd_ru_mun_4C6P18Q2.pdf
2020,3,12,csat,second_language,russian-1,solution,manual_review,identity_unverifiable,confirmed,official_catalog_and_pdf,not_imported,,https://wdown.ebsi.co.kr/W61001/01exam/20201203/go3/2nd_ru_hsj_59193NQ3_1.pdf
2020,3,12,csat,second_language,spanish-1,question,manual_review,identity_unverifiable,confirmed,official_catalog_and_pdf,not_imported,,https://wdown.ebsi.co.kr/W61001/01exam/20201203/go3/2nd_sp_mun_5T463C42.pdf
2020,3,12,csat,second_language,spanish-1,solution,manual_review,identity_unverifiable,confirmed,official_catalog_and_pdf,not_imported,,https://wdown.ebsi.co.kr/W61001/01exam/20201203/go3/2nd_sp_hsj_O6QGJ41M.pdf
2020,3,12,csat,second_language,vietnamese-1,question,manual_review,identity_unverifiable,confirmed,official_catalog_and_pdf,not_imported,,https://wdown.ebsi.co.kr/W61001/01exam/20201203/go3/2nd_vit_mun_OHNN43KK.pdf
2020,3,12,csat,second_language,vietnamese-1,solution,manual_review,identity_unverifiable,confirmed,official_catalog_and_pdf,not_imported,,https://wdown.ebsi.co.kr/W61001/01exam/20201203/go3/2nd_vit_hsj_GAI6966I.pdf
