year,grade,month,exam_type,subject,course_code,file_type,status,reason,count_as_expected,expected_basis,db_status,public_file_id,official_url
2023,1,3,school_mock,korean,,question,public_ready,approved_existing,confirmed,official_catalog_and_pdf,ready,,https://wdown.ebsi.co.kr/W61001/01exam/20230323/go1/kor_main_mun_5JN7PAR4_1.pdf
2023,1,3,school_mock,korean,,solution,manual_review,verified_pending_import,confirmed,official_catalog_and_pdf,not_imported,,https://wdown.ebsi.co.kr/W61001/01exam/20230323/go1/kor_hsj_3C4D71AA.pdf
2023,1,3,school_mock,math,,question,manual_review,verified_pending_import,confirmed,official_catalog_and_pdf,not_imported,,https://wdown.ebsi.co.kr/W61001/01exam/20230323/go1/math_mun_U5KAPZWM.pdf
2023,1,3,school_mock,math,,solution,manual_review,verified_pending_import,confirmed,official_catalog_and_pdf,not_imported,,https://wdown.ebsi.co.kr/W61001/01exam/20230323/go1/math_hsj_9KH1K77J.pdf
2023,1,3,school_mock,english,,question,manual_review,verified_pending_import,confirmed,official_catalog_and_pdf,not_imported,,https://wdown.ebsi.co.kr/W61001/01exam/20230323/go1/eng_mun_ZG7321ZA.pdf
2023,1,3,school_mock,english,,solution,manual_review,verified_pending_import,confirmed,official_catalog_and_pdf,not_imported,,https://wdown.ebsi.co.kr/W61001/01exam/20230323/go1/eng_hsj_73325KVC.pdf
2023,1,3,school_mock,history,,question,manual_review,verified_pending_import,confirmed,official_catalog_and_pdf,not_imported,,https://wdown.ebsi.co.kr/W61001/01exam/20230323/go1/s_his_mun_2T44DD6C.pdf
2023,1,3,school_mock,history,,solution,manual_review,1쪽·문서 전체에 시행 연도·월·학년 표기 없음 (영역·정답만 보임),confirmed,official_catalog_and_pdf,manual_review,,https://wdown.ebsi.co.kr/W61001/01exam/20230323/go1/his_main_hsj_T4Y8ZC3T.pdf
2023,1,3,school_mock,social,integrated-social,question,manual_review,verified_pending_import,confirmed,official_catalog_and_pdf,not_imported,,https://wdown.ebsi.co.kr/W61001/01exam/20230323/go1/s_soc_mun_J52V136D.pdf
2023,1,3,school_mock,social,integrated-social,solution,manual_review,verified_pending_import,confirmed,official_catalog_and_pdf,not_imported,,https://wdown.ebsi.co.kr/W61001/01exam/20230323/go1/s_soc_hsj_J4169716.pdf
2023,1,3,school_mock,science,integrated-science,question,manual_review,verified_pending_import,confirmed,official_catalog_and_pdf,not_imported,,https://wdown.ebsi.co.kr/W61001/01exam/20230323/go1/g_sci_mun_627NDA23.pdf
2023,1,3,school_mock,science,integrated-science,solution,manual_review,verified_pending_import,confirmed,official_catalog_and_pdf,not_imported,,https://wdown.ebsi.co.kr/W61001/01exam/20230323/go1/g_sci_hsj_Z4L3LWH1.pdf
2023,1,6,school_mock,korean,,question,manual_review,verified_pending_import,confirmed,official_catalog_and_pdf,not_imported,,https://wdown.ebsi.co.kr/W61001/01exam/20230601/go1/kor_mun_M4SXZ2R4.pdf
2023,1,6,school_mock,korean,,solution,manual_review,verified_pending_import,confirmed,official_catalog_and_pdf,not_imported,,https://wdown.ebsi.co.kr/W61001/01exam/20230601/go1/kor_hsj_X184922S_1.pdf
2023,1,6,school_mock,math,,question,manual_review,verified_pending_import,confirmed,official_catalog_and_pdf,not_imported,,https://wdown.ebsi.co.kr/W61001/01exam/20230601/go1/math_mun_3NH1ZTDN.pdf
2023,1,6,school_mock,math,,solution,manual_review,verified_pending_import,confirmed,official_catalog_and_pdf,not_imported,,https://wdown.ebsi.co.kr/W61001/01exam/20230601/go1/math_hsj_SEI1T926.pdf
2023,1,6,school_mock,english,,question,public_ready,approved_existing,confirmed,official_catalog_and_pdf,ready,,https://wdown.ebsi.co.kr/W61001/01exam/20230601/go1/eng_mun_165EB81D.pdf
2023,1,6,school_mock,english,,solution,manual_review,verified_pending_import,confirmed,official_catalog_and_pdf,not_imported,,https://wdown.ebsi.co.kr/W61001/01exam/20230601/go1/eng_hsj_27VF6PEA.pdf
2023,1,6,school_mock,history,,question,manual_review,verified_pending_import,confirmed,official_catalog_and_pdf,not_imported,,https://wdown.ebsi.co.kr/W61001/01exam/20230601/go1/s_his_mun_KQ26VGKV.pdf
2023,1,6,school_mock,history,,solution,manual_review,verified_pending_import,confirmed,official_catalog_and_pdf,not_imported,,https://wdown.ebsi.co.kr/W61001/01exam/20230601/go1/s_his_hsj_38G9T3OR.pdf
2023,1,6,school_mock,social,integrated-social,question,manual_review,verified_pending_import,confirmed,official_catalog_and_pdf,not_imported,,https://wdown.ebsi.co.kr/W61001/01exam/20230601/go1/s_soc_mun_RE5J3BL2.pdf
2023,1,6,school_mock,social,integrated-social,solution,manual_review,verified_pending_import,confirmed,official_catalog_and_pdf,not_imported,,https://wdown.ebsi.co.kr/W61001/01exam/20230601/go1/s_soc_hsj_96CA2L6I.pdf
2023,1,6,school_mock,science,integrated-science,question,manual_review,verified_pending_import,confirmed,official_catalog_and_pdf,not_imported,,https://wdown.ebsi.co.kr/W61001/01exam/20230601/go1/g_sci_mun_7623D6O5.pdf
2023,1,6,school_mock,science,integrated-science,solution,manual_review,verified_pending_import,confirmed,official_catalog_and_pdf,not_imported,,https://wdown.ebsi.co.kr/W61001/01exam/20230601/go1/g_sci_hsj_5FO676WM.pdf
2023,1,9,school_mock,korean,,question,public_ready,approved_existing,confirmed,official_catalog_and_pdf,ready,,https://wdown.ebsi.co.kr/W61001/01exam/20230906/go1/kor_main_mun_A61J27ZC.pdf
2023,1,9,school_mock,korean,,solution,public_ready,approved_existing,confirmed,official_catalog_and_pdf,ready,,https://wdown.ebsi.co.kr/W61001/01exam/20230906/go1/kor_main_hsj_X76PHBMH.pdf
2023,1,9,school_mock,math,,question,public_ready,approved_existing,confirmed,official_catalog_and_pdf,ready,,https://wdown.ebsi.co.kr/W61001/01exam/20230906/go1/math_main_mun_GXJ7B173.pdf
2023,1,9,school_mock,math,,solution,public_ready,approved_existing,confirmed,official_catalog_and_pdf,ready,,https://wdown.ebsi.co.kr/W61001/01exam/20230906/go1/math_main_hsj_96KY8KZ9.pdf
2023,1,9,school_mock,english,,question,manual_review,verified_pending_import,confirmed,official_catalog_and_pdf,not_imported,,https://wdown.ebsi.co.kr/W61001/01exam/20230906/go1/eng_mun_351QN953.pdf
2023,1,9,school_mock,english,,solution,manual_review,verified_pending_import,confirmed,official_catalog_and_pdf,not_imported,,https://wdown.ebsi.co.kr/W61001/01exam/20230906/go1/eng_hsj_9J6H1A61_2.pdf
2023,1,9,school_mock,history,,question,manual_review,verified_pending_import,confirmed,official_catalog_and_pdf,not_imported,,https://wdown.ebsi.co.kr/W61001/01exam/20230906/go1/s_his_mun_R31LR3K5.pdf
2023,1,9,school_mock,history,,solution,manual_review,verified_pending_import,confirmed,official_catalog_and_pdf,not_imported,,https://wdown.ebsi.co.kr/W61001/01exam/20230906/go1/s_his_hsj_2S55F38A.pdf
2023,1,9,school_mock,social,integrated-social,question,manual_review,verified_pending_import,confirmed,official_catalog_and_pdf,not_imported,,https://wdown.ebsi.co.kr/W61001/01exam/20230906/go1/s_soc_mun_4LELD2S7.pdf
2023,1,9,school_mock,social,integrated-social,solution,manual_review,verified_pending_import,confirmed,official_catalog_and_pdf,not_imported,,https://wdown.ebsi.co.kr/W61001/01exam/20230906/go1/s_soc_hsj_XSEFXPBZ.pdf
2023,1,9,school_mock,science,integrated-science,question,public_ready,approved_existing,confirmed,official_catalog_and_pdf,ready,,https://wdown.ebsi.co.kr/W61001/01exam/20230906/go1/gat_main_mun_CMHMPM1Z.pdf
2023,1,9,school_mock,science,integrated-science,solution,manual_review,verified_pending_import,confirmed,official_catalog_and_pdf,not_imported,,https://wdown.ebsi.co.kr/W61001/01exam/20230906/go1/g_sci_hsj_3RZ78NJ8.pdf
2023,1,11,school_mock,korean,,question,manual_review,verified_pending_import,confirmed,official_catalog_and_pdf,not_imported,,https://wdown.ebsi.co.kr/W61001/01exam/20231219/go1/kor_mun_JRK8O9D5.pdf
2023,1,11,school_mock,korean,,solution,manual_review,verified_pending_import,confirmed,official_catalog_and_pdf,not_imported,,https://wdown.ebsi.co.kr/W61001/01exam/20231219/go1/kor_hsj_YQ51LSU8.pdf
2023,1,11,school_mock,math,,question,manual_review,verified_pending_import,confirmed,official_catalog_and_pdf,not_imported,,https://wdown.ebsi.co.kr/W61001/01exam/20231219/go1/math_mun_OXD9R458.pdf
2023,1,11,school_mock,math,,solution,manual_review,verified_pending_import,confirmed,official_catalog_and_pdf,not_imported,,https://wdown.ebsi.co.kr/W61001/01exam/20231219/go1/math_hsj_4JSO38E3.pdf
2023,1,11,school_mock,english,,question,manual_review,verified_pending_import,confirmed,official_catalog_and_pdf,not_imported,,https://wdown.ebsi.co.kr/W61001/01exam/20231219/go1/eng_mun_3Q9DTXFE.pdf
2023,1,11,school_mock,english,,solution,manual_review,verified_pending_import,confirmed,official_catalog_and_pdf,not_imported,,https://wdown.ebsi.co.kr/W61001/01exam/20231219/go1/eng_hsj_WJ7GU5X5.pdf
2023,1,11,school_mock,history,,question,manual_review,verified_pending_import,confirmed,official_catalog_and_pdf,not_imported,,https://wdown.ebsi.co.kr/W61001/01exam/20231219/go1/s_his_mun_8SA19D98.pdf
2023,1,11,school_mock,history,,solution,manual_review,verified_pending_import,confirmed,official_catalog_and_pdf,not_imported,,https://wdown.ebsi.co.kr/W61001/01exam/20231219/go1/s_his_hsj_9747U1HP.pdf
2023,1,11,school_mock,social,integrated-social,question,manual_review,verified_pending_import,confirmed,official_catalog_and_pdf,not_imported,,https://wdown.ebsi.co.kr/W61001/01exam/20231219/go1/s_soc_mun_3UHD5I12.pdf
2023,1,11,school_mock,social,integrated-social,solution,manual_review,verified_pending_import,confirmed,official_catalog_and_pdf,not_imported,,https://wdown.ebsi.co.kr/W61001/01exam/20231219/go1/s_soc_hsj_9512V2AA.pdf
2023,1,11,school_mock,science,integrated-science,question,manual_review,verified_pending_import,confirmed,official_catalog_and_pdf,not_imported,,https://wdown.ebsi.co.kr/W61001/01exam/20231219/go1/g_sci_mun_75Z221KR.pdf
2023,1,11,school_mock,science,integrated-science,solution,manual_review,verified_pending_import,confirmed,official_catalog_and_pdf,not_imported,,https://wdown.ebsi.co.kr/W61001/01exam/20231219/go1/g_sci_hsj_HP5SC7RV.pdf
2023,2,3,school_mock,korean,,question,public_ready,approved_existing,confirmed,official_catalog_and_pdf,ready,,https://wdown.ebsi.co.kr/W61001/01exam/20230323/go2/kor_main_mun_8AP2TU79.pdf
2023,2,3,school_mock,korean,,solution,public_ready,approved_existing,confirmed,official_catalog_and_pdf,ready,,https://wdown.ebsi.co.kr/W61001/01exam/20230323/go2/kor_main_hsj_8288M31R.pdf
2023,2,3,school_mock,math,,question,manual_review,verified_pending_import,confirmed,official_catalog_and_pdf,not_imported,,https://wdown.ebsi.co.kr/W61001/01exam/20230323/go2/math_mun_Q9Y1WQ5G.pdf
2023,2,3,school_mock,math,,solution,manual_review,verified_pending_import,confirmed,official_catalog_and_pdf,not_imported,,https://wdown.ebsi.co.kr/W61001/01exam/20230323/go2/math_hsj_P18AH3N1.pdf
2023,2,3,school_mock,english,,question,manual_review,verified_pending_import,confirmed,official_catalog_and_pdf,not_imported,,https://wdown.ebsi.co.kr/W61001/01exam/20230323/go2/eng_mun_JB3MH6U9.pdf
2023,2,3,school_mock,english,,solution,manual_review,verified_pending_import,confirmed,official_catalog_and_pdf,not_imported,,https://wdown.ebsi.co.kr/W61001/01exam/20230323/go2/eng_hsj_8U98P372.pdf
2023,2,3,school_mock,history,,question,manual_review,verified_pending_import,confirmed,official_catalog_and_pdf,not_imported,,https://wdown.ebsi.co.kr/W61001/01exam/20230323/go2/s_his_mun_9UVW839Q.pdf
2023,2,3,school_mock,history,,solution,manual_review,verified_pending_import,confirmed,official_catalog_and_pdf,not_imported,,https://wdown.ebsi.co.kr/W61001/01exam/20230323/go2/s_his_hsj_J84445LR.pdf
2023,2,3,school_mock,social,east-asian-history,question,manual_review,verified_pending_import,confirmed,official_catalog_and_pdf,not_imported,,https://wdown.ebsi.co.kr/W61001/01exam/20230323/go2/s_easta_mun_FZAQ7F7I.pdf
2023,2,3,school_mock,social,east-asian-history,solution,manual_review,verified_pending_import,confirmed,official_catalog_and_pdf,not_imported,,https://wdown.ebsi.co.kr/W61001/01exam/20230323/go2/s_easta_hsj_C3R38NU8.pdf
2023,2,3,school_mock,social,economics,question,manual_review,verified_pending_import,confirmed,official_catalog_and_pdf,not_imported,,https://wdown.ebsi.co.kr/W61001/01exam/20230323/go2/s_eco_mun_EQ289B3J.pdf
2023,2,3,school_mock,social,economics,solution,manual_review,verified_pending_import,confirmed,official_catalog_and_pdf,not_imported,,https://wdown.ebsi.co.kr/W61001/01exam/20230323/go2/s_eco_hsj_T17O2VJS.pdf
2023,2,3,school_mock,social,ethics-and-thought,question,manual_review,verified_pending_import,confirmed,official_catalog_and_pdf,not_imported,,https://wdown.ebsi.co.kr/W61001/01exam/20230323/go2/s_yrnss_mun_T7AC6263.pdf
2023,2,3,school_mock,social,ethics-and-thought,solution,manual_review,verified_pending_import,confirmed,official_catalog_and_pdf,not_imported,,https://wdown.ebsi.co.kr/W61001/01exam/20230323/go2/s_yrnss_hsj_NL1HO8SM.pdf
2023,2,3,school_mock,social,korean-geography,question,manual_review,verified_pending_import,confirmed,official_catalog_and_pdf,not_imported,,https://wdown.ebsi.co.kr/W61001/01exam/20230323/go2/s_hanji_mun_RD53R6H4.pdf
2023,2,3,school_mock,social,korean-geography,solution,manual_review,verified_pending_import,confirmed,official_catalog_and_pdf,not_imported,,https://wdown.ebsi.co.kr/W61001/01exam/20230323/go2/s_hanji_hsj_9U932165.pdf
2023,2,3,school_mock,social,life-and-ethics,question,manual_review,verified_pending_import,confirmed,official_catalog_and_pdf,not_imported,,https://wdown.ebsi.co.kr/W61001/01exam/20230323/go2/s_ssnyr_mun_9Y59NDM3.pdf
2023,2,3,school_mock,social,life-and-ethics,solution,manual_review,verified_pending_import,confirmed,official_catalog_and_pdf,not_imported,,https://wdown.ebsi.co.kr/W61001/01exam/20230323/go2/s_ssnyr_hsj_56O6OR58.pdf
2023,2,3,school_mock,social,politics-and-law,question,manual_review,verified_pending_import,confirmed,official_catalog_and_pdf,not_imported,,https://wdown.ebsi.co.kr/W61001/01exam/20230323/go2/s_bnj_mun_6672DDIW.pdf
2023,2,3,school_mock,social,politics-and-law,solution,manual_review,verified_pending_import,confirmed,official_catalog_and_pdf,not_imported,,https://wdown.ebsi.co.kr/W61001/01exam/20230323/go2/s_bnj_hsj_DN5LYDX7.pdf
2023,2,3,school_mock,social,social-culture,question,manual_review,verified_pending_import,confirmed,official_catalog_and_pdf,not_imported,,https://wdown.ebsi.co.kr/W61001/01exam/20230323/go2/s_samun_mun_JEF1YH74.pdf
2023,2,3,school_mock,social,social-culture,solution,manual_review,verified_pending_import,confirmed,official_catalog_and_pdf,not_imported,,https://wdown.ebsi.co.kr/W61001/01exam/20230323/go2/s_samun_hsj_1XCIEA12.pdf
2023,2,3,school_mock,social,world-geography,question,manual_review,verified_pending_import,confirmed,official_catalog_and_pdf,not_imported,,https://wdown.ebsi.co.kr/W61001/01exam/20230323/go2/s_saeji_mun_G4OR9288.pdf
2023,2,3,school_mock,social,world-geography,solution,manual_review,verified_pending_import,confirmed,official_catalog_and_pdf,not_imported,,https://wdown.ebsi.co.kr/W61001/01exam/20230323/go2/s_saeji_hsj_XXA4116A.pdf
2023,2,3,school_mock,social,world-history,question,manual_review,verified_pending_import,confirmed,official_catalog_and_pdf,not_imported,,https://wdown.ebsi.co.kr/W61001/01exam/20230323/go2/s_sks_mun_3999979P.pdf
2023,2,3,school_mock,social,world-history,solution,manual_review,verified_pending_import,confirmed,official_catalog_and_pdf,not_imported,,https://wdown.ebsi.co.kr/W61001/01exam/20230323/go2/s_sks_hsj_Q2463314.pdf
2023,2,3,school_mock,science,chemistry-1,question,manual_review,verified_pending_import,confirmed,official_catalog_and_pdf,not_imported,,https://wdown.ebsi.co.kr/W61001/01exam/20230323/go2/g_che1_mun_3A34O9M7.pdf
2023,2,3,school_mock,science,chemistry-1,solution,manual_review,verified_pending_import,confirmed,official_catalog_and_pdf,not_imported,,https://wdown.ebsi.co.kr/W61001/01exam/20230323/go2/g_che1_hsj_31B3TH98.pdf
2023,2,3,school_mock,science,earth-science-1,question,public_ready,approved_existing,confirmed,official_catalog_and_pdf,ready,,https://wdown.ebsi.co.kr/W61001/01exam/20230323/go2/g_ear1_mun_23LM6TZI.pdf
2023,2,3,school_mock,science,earth-science-1,solution,manual_review,verified_pending_import,confirmed,official_catalog_and_pdf,not_imported,,https://wdown.ebsi.co.kr/W61001/01exam/20230323/go2/g_ear1_hsj_6427938C.pdf
2023,2,3,school_mock,science,life-science-1,question,manual_review,verified_pending_import,confirmed,official_catalog_and_pdf,not_imported,,https://wdown.ebsi.co.kr/W61001/01exam/20230323/go2/g_bio1_mun_83C565R2.pdf
2023,2,3,school_mock,science,life-science-1,solution,manual_review,verified_pending_import,confirmed,official_catalog_and_pdf,not_imported,,https://wdown.ebsi.co.kr/W61001/01exam/20230323/go2/g_bio1_hsj_A84987YO.pdf
2023,2,3,school_mock,science,physics-1,question,manual_review,verified_pending_import,confirmed,official_catalog_and_pdf,not_imported,,https://wdown.ebsi.co.kr/W61001/01exam/20230323/go2/g_phy1_mun_4W6S4P1W.pdf
2023,2,3,school_mock,science,physics-1,solution,manual_review,verified_pending_import,confirmed,official_catalog_and_pdf,not_imported,,https://wdown.ebsi.co.kr/W61001/01exam/20230323/go2/g_phy1_hsj_F2GWRZ8Y.pdf
2023,2,6,school_mock,korean,,question,manual_review,verified_pending_import,confirmed,official_catalog_and_pdf,not_imported,,https://wdown.ebsi.co.kr/W61001/01exam/20230601/go2/kor_mun_J9497Q75.pdf
2023,2,6,school_mock,korean,,solution,public_ready,approved_existing,confirmed,official_catalog_and_pdf,ready,,https://wdown.ebsi.co.kr/W61001/01exam/20230601/go2/kor_main_hsj_X6WNE5J2.pdf
2023,2,6,school_mock,math,,question,manual_review,verified_pending_import,confirmed,official_catalog_and_pdf,not_imported,,https://wdown.ebsi.co.kr/W61001/01exam/20230601/go2/math_mun_11BXF71V.pdf
2023,2,6,school_mock,math,,solution,public_ready,approved_existing,confirmed,official_catalog_and_pdf,ready,,https://wdown.ebsi.co.kr/W61001/01exam/20230601/go2/math_main_hsj_D28Q7U39.pdf
2023,2,6,school_mock,english,,question,manual_review,verified_pending_import,confirmed,official_catalog_and_pdf,not_imported,,https://wdown.ebsi.co.kr/W61001/01exam/20230601/go2/eng_mun_H5JDZT81.pdf
2023,2,6,school_mock,english,,solution,manual_review,verified_pending_import,confirmed,official_catalog_and_pdf,not_imported,,https://wdown.ebsi.co.kr/W61001/01exam/20230601/go2/eng_hsj_URLOM87Q.pdf
2023,2,6,school_mock,history,,question,manual_review,verified_pending_import,confirmed,official_catalog_and_pdf,not_imported,,https://wdown.ebsi.co.kr/W61001/01exam/20230601/go2/s_his_mun_BX845D66.pdf
2023,2,6,school_mock,history,,solution,manual_review,verified_pending_import,confirmed,official_catalog_and_pdf,not_imported,,https://wdown.ebsi.co.kr/W61001/01exam/20230601/go2/s_his_hsj_HUFH8159.pdf
2023,2,6,school_mock,social,east-asian-history,question,manual_review,verified_pending_import,confirmed,official_catalog_and_pdf,not_imported,,https://wdown.ebsi.co.kr/W61001/01exam/20230601/go2/s_easta_mun_9SQ313TC.pdf
2023,2,6,school_mock,social,east-asian-history,solution,manual_review,verified_pending_import,confirmed,official_catalog_and_pdf,not_imported,,https://wdown.ebsi.co.kr/W61001/01exam/20230601/go2/s_easta_hsj_CO57T3LL.pdf
2023,2,6,school_mock,social,economics,question,manual_review,verified_pending_import,confirmed,official_catalog_and_pdf,not_imported,,https://wdown.ebsi.co.kr/W61001/01exam/20230601/go2/s_eco_mun_6X3A9UK1.pdf
2023,2,6,school_mock,social,economics,solution,manual_review,verified_pending_import,confirmed,official_catalog_and_pdf,not_imported,,https://wdown.ebsi.co.kr/W61001/01exam/20230601/go2/s_eco_hsj_O2GP99A5.pdf
2023,2,6,school_mock,social,ethics-and-thought,question,manual_review,verified_pending_import,confirmed,official_catalog_and_pdf,not_imported,,https://wdown.ebsi.co.kr/W61001/01exam/20230601/go2/s_yrnss_mun_743AD394.pdf
2023,2,6,school_mock,social,ethics-and-thought,solution,manual_review,verified_pending_import,confirmed,official_catalog_and_pdf,not_imported,,https://wdown.ebsi.co.kr/W61001/01exam/20230601/go2/s_yrnss_hsj_2QQ9F3CW.pdf
2023,2,6,school_mock,social,korean-geography,question,public_ready,approved_existing,confirmed,official_catalog_and_pdf,ready,,https://wdown.ebsi.co.kr/W61001/01exam/20230601/go2/s_hanji_mun_HY6L555G.pdf
2023,2,6,school_mock,social,korean-geography,solution,manual_review,verified_pending_import,confirmed,official_catalog_and_pdf,not_imported,,https://wdown.ebsi.co.kr/W61001/01exam/20230601/go2/s_hanji_hsj_PBU5KICD.pdf
2023,2,6,school_mock,social,life-and-ethics,question,public_ready,approved_existing,confirmed,official_catalog_and_pdf,ready,,https://wdown.ebsi.co.kr/W61001/01exam/20230601/go2/sat_main_mun_LFA7ZX36.pdf
2023,2,6,school_mock,social,life-and-ethics,solution,manual_review,verified_pending_import,confirmed,official_catalog_and_pdf,not_imported,,https://wdown.ebsi.co.kr/W61001/01exam/20230601/go2/s_ssnyr_hsj_7736B35Q.pdf
2023,2,6,school_mock,social,politics-and-law,question,manual_review,verified_pending_import,confirmed,official_catalog_and_pdf,not_imported,,https://wdown.ebsi.co.kr/W61001/01exam/20230601/go2/s_bnj_mun_DU1KP819.pdf
2023,2,6,school_mock,social,politics-and-law,solution,manual_review,verified_pending_import,confirmed,official_catalog_and_pdf,not_imported,,https://wdown.ebsi.co.kr/W61001/01exam/20230601/go2/s_bnj_hsj_UX425UNM.pdf
2023,2,6,school_mock,social,social-culture,question,manual_review,verified_pending_import,confirmed,official_catalog_and_pdf,not_imported,,https://wdown.ebsi.co.kr/W61001/01exam/20230601/go2/s_samun_mun_793H4146.pdf
2023,2,6,school_mock,social,social-culture,solution,manual_review,verified_pending_import,confirmed,official_catalog_and_pdf,not_imported,,https://wdown.ebsi.co.kr/W61001/01exam/20230601/go2/s_samun_hsj_H4CZ2L32.pdf
2023,2,6,school_mock,social,world-geography,question,manual_review,verified_pending_import,confirmed,official_catalog_and_pdf,not_imported,,https://wdown.ebsi.co.kr/W61001/01exam/20230601/go2/s_saeji_mun_32392E8R.pdf
2023,2,6,school_mock,social,world-geography,solution,manual_review,verified_pending_import,confirmed,official_catalog_and_pdf,not_imported,,https://wdown.ebsi.co.kr/W61001/01exam/20230601/go2/s_saeji_hsj_Y9J15G9R.pdf
2023,2,6,school_mock,social,world-history,question,manual_review,verified_pending_import,confirmed,official_catalog_and_pdf,not_imported,,https://wdown.ebsi.co.kr/W61001/01exam/20230601/go2/s_sks_mun_HHTH7389.pdf
2023,2,6,school_mock,social,world-history,solution,manual_review,verified_pending_import,confirmed,official_catalog_and_pdf,not_imported,,https://wdown.ebsi.co.kr/W61001/01exam/20230601/go2/s_sks_hsj_FEAUHTQ7.pdf
2023,2,6,school_mock,science,chemistry-1,question,manual_review,verified_pending_import,confirmed,official_catalog_and_pdf,not_imported,,https://wdown.ebsi.co.kr/W61001/01exam/20230601/go2/g_che1_mun_XMW7W4CT_1.pdf
2023,2,6,school_mock,science,chemistry-1,solution,manual_review,verified_pending_import,confirmed,official_catalog_and_pdf,not_imported,,https://wdown.ebsi.co.kr/W61001/01exam/20230601/go2/g_che1_hsj_4ID2X6H5_1.pdf
2023,2,6,school_mock,science,earth-science-1,question,manual_review,verified_pending_import,confirmed,official_catalog_and_pdf,not_imported,,https://wdown.ebsi.co.kr/W61001/01exam/20230601/go2/g_ear1_mun_58UHA11R.pdf
2023,2,6,school_mock,science,earth-science-1,solution,public_ready,approved_existing,confirmed,official_catalog_and_pdf,ready,,https://wdown.ebsi.co.kr/W61001/01exam/20230601/go2/g_ear1_hsj_V848FX83.pdf
2023,2,6,school_mock,science,life-science-1,question,public_ready,approved_existing,confirmed,official_catalog_and_pdf,ready,,https://wdown.ebsi.co.kr/W61001/01exam/20230601/go2/g_bio1_mun_A9542EQ8.pdf
2023,2,6,school_mock,science,life-science-1,solution,manual_review,verified_pending_import,confirmed,official_catalog_and_pdf,not_imported,,https://wdown.ebsi.co.kr/W61001/01exam/20230601/go2/g_bio1_hsj_88HIUZ3A.pdf
2023,2,6,school_mock,science,physics-1,question,public_ready,approved_existing,confirmed,official_catalog_and_pdf,ready,,https://wdown.ebsi.co.kr/W61001/01exam/20230601/go2/gat_main_mun_3HQ6778T_1.pdf
2023,2,6,school_mock,science,physics-1,solution,manual_review,verified_pending_import,confirmed,official_catalog_and_pdf,not_imported,,https://wdown.ebsi.co.kr/W61001/01exam/20230601/go2/g_phy1_hsj_Z55GE3KG.pdf
2023,2,9,school_mock,korean,,question,public_ready,approved_existing,confirmed,official_catalog_and_pdf,ready,,https://wdown.ebsi.co.kr/W61001/01exam/20230906/go2/kor_main_mun_1H4N6ZEC.pdf
2023,2,9,school_mock,korean,,solution,manual_review,verified_pending_import,confirmed,official_catalog_and_pdf,not_imported,,https://wdown.ebsi.co.kr/W61001/01exam/20230906/go2/kor_hsj_F95996PB.pdf
2023,2,9,school_mock,math,,question,manual_review,verified_pending_import,confirmed,official_catalog_and_pdf,not_imported,,https://wdown.ebsi.co.kr/W61001/01exam/20230906/go2/math_mun_OVQP3836.pdf
2023,2,9,school_mock,math,,solution,public_ready,approved_existing,confirmed,official_catalog_and_pdf,ready,,https://wdown.ebsi.co.kr/W61001/01exam/20230906/go2/math_main_hsj_89TL5M69.pdf
2023,2,9,school_mock,english,,question,manual_review,verified_pending_import,confirmed,official_catalog_and_pdf,not_imported,,https://wdown.ebsi.co.kr/W61001/01exam/20230906/go2/eng_mun_VYAXJ7C2.pdf
2023,2,9,school_mock,english,,solution,public_ready,approved_existing,confirmed,official_catalog_and_pdf,ready,,https://wdown.ebsi.co.kr/W61001/01exam/20230906/go2/eng_main_hsj_SB54Y8GO.pdf
2023,2,9,school_mock,history,,question,manual_review,verified_pending_import,confirmed,official_catalog_and_pdf,not_imported,,https://wdown.ebsi.co.kr/W61001/01exam/20230906/go2/s_his_mun_A16F97A8.pdf
2023,2,9,school_mock,history,,solution,manual_review,verified_pending_import,confirmed,official_catalog_and_pdf,not_imported,,https://wdown.ebsi.co.kr/W61001/01exam/20230906/go2/s_his_hsj_T74A45EZ.pdf
2023,2,9,school_mock,social,east-asian-history,question,manual_review,verified_pending_import,confirmed,official_catalog_and_pdf,not_imported,,https://wdown.ebsi.co.kr/W61001/01exam/20230906/go2/s_easta_mun_MD5Y724E.pdf
2023,2,9,school_mock,social,east-asian-history,solution,manual_review,verified_pending_import,confirmed,official_catalog_and_pdf,not_imported,,https://wdown.ebsi.co.kr/W61001/01exam/20230906/go2/s_easta_hsj_CH2A7656.pdf
2023,2,9,school_mock,social,economics,question,manual_review,verified_pending_import,confirmed,official_catalog_and_pdf,not_imported,,https://wdown.ebsi.co.kr/W61001/01exam/20230906/go2/s_eco_mun_61I2OM3M.pdf
2023,2,9,school_mock,social,economics,solution,manual_review,verified_pending_import,confirmed,official_catalog_and_pdf,not_imported,,https://wdown.ebsi.co.kr/W61001/01exam/20230906/go2/s_eco_hsj_Q157AZNV.pdf
2023,2,9,school_mock,social,ethics-and-thought,question,manual_review,verified_pending_import,confirmed,official_catalog_and_pdf,not_imported,,https://wdown.ebsi.co.kr/W61001/01exam/20230906/go2/s_yrnss_mun_82UWMR15.pdf
2023,2,9,school_mock,social,ethics-and-thought,solution,manual_review,verified_pending_import,confirmed,official_catalog_and_pdf,not_imported,,https://wdown.ebsi.co.kr/W61001/01exam/20230906/go2/s_yrnss_hsj_19225213.pdf
2023,2,9,school_mock,social,korean-geography,question,manual_review,verified_pending_import,confirmed,official_catalog_and_pdf,not_imported,,https://wdown.ebsi.co.kr/W61001/01exam/20230906/go2/s_hanji_mun_M26P8T3C.pdf
2023,2,9,school_mock,social,korean-geography,solution,manual_review,verified_pending_import,confirmed,official_catalog_and_pdf,not_imported,,https://wdown.ebsi.co.kr/W61001/01exam/20230906/go2/s_hanji_hsj_63EEJEFA.pdf
2023,2,9,school_mock,social,life-and-ethics,question,manual_review,verified_pending_import,confirmed,official_catalog_and_pdf,not_imported,,https://wdown.ebsi.co.kr/W61001/01exam/20230906/go2/s_ssnyr_mun_5Z485D78.pdf
2023,2,9,school_mock,social,life-and-ethics,solution,manual_review,verified_pending_import,confirmed,official_catalog_and_pdf,not_imported,,https://wdown.ebsi.co.kr/W61001/01exam/20230906/go2/s_ssnyr_hsj_SP33W1SR.pdf
2023,2,9,school_mock,social,politics-and-law,question,manual_review,verified_pending_import,confirmed,official_catalog_and_pdf,not_imported,,https://wdown.ebsi.co.kr/W61001/01exam/20230906/go2/s_bnj_mun_G225MA5D.pdf
2023,2,9,school_mock,social,politics-and-law,solution,manual_review,verified_pending_import,confirmed,official_catalog_and_pdf,not_imported,,https://wdown.ebsi.co.kr/W61001/01exam/20230906/go2/s_bnj_hsj_53DRVH6O.pdf
2023,2,9,school_mock,social,social-culture,question,manual_review,verified_pending_import,confirmed,official_catalog_and_pdf,not_imported,,https://wdown.ebsi.co.kr/W61001/01exam/20230906/go2/s_samun_mun_945RIPQ8.pdf
2023,2,9,school_mock,social,social-culture,solution,manual_review,verified_pending_import,confirmed,official_catalog_and_pdf,not_imported,,https://wdown.ebsi.co.kr/W61001/01exam/20230906/go2/s_samun_hsj_7F9A1AFP.pdf
2023,2,9,school_mock,social,world-geography,question,manual_review,verified_pending_import,confirmed,official_catalog_and_pdf,not_imported,,https://wdown.ebsi.co.kr/W61001/01exam/20230906/go2/s_saeji_mun_48221QX6.pdf
2023,2,9,school_mock,social,world-geography,solution,manual_review,verified_pending_import,confirmed,official_catalog_and_pdf,not_imported,,https://wdown.ebsi.co.kr/W61001/01exam/20230906/go2/s_saeji_hsj_K23D18AL.pdf
2023,2,9,school_mock,social,world-history,question,manual_review,verified_pending_import,confirmed,official_catalog_and_pdf,not_imported,,https://wdown.ebsi.co.kr/W61001/01exam/20230906/go2/s_sks_mun_QFIL57GA.pdf
2023,2,9,school_mock,social,world-history,solution,manual_review,verified_pending_import,confirmed,official_catalog_and_pdf,not_imported,,https://wdown.ebsi.co.kr/W61001/01exam/20230906/go2/s_sks_hsj_17R1N3OI.pdf
2023,2,9,school_mock,science,chemistry-1,question,manual_review,verified_pending_import,confirmed,official_catalog_and_pdf,not_imported,,https://wdown.ebsi.co.kr/W61001/01exam/20230906/go2/g_che1_mun_O3RF7DNF.pdf
2023,2,9,school_mock,science,chemistry-1,solution,manual_review,verified_pending_import,confirmed,official_catalog_and_pdf,not_imported,,https://wdown.ebsi.co.kr/W61001/01exam/20230906/go2/g_che1_hsj_GOX8ADAF.pdf
2023,2,9,school_mock,science,earth-science-1,question,manual_review,verified_pending_import,confirmed,official_catalog_and_pdf,not_imported,,https://wdown.ebsi.co.kr/W61001/01exam/20230906/go2/g_ear1_mun_N92Y16DL.pdf
2023,2,9,school_mock,science,earth-science-1,solution,manual_review,verified_pending_import,confirmed,official_catalog_and_pdf,not_imported,,https://wdown.ebsi.co.kr/W61001/01exam/20230906/go2/g_ear1_hsj_83Q45TP8.pdf
2023,2,9,school_mock,science,life-science-1,question,manual_review,verified_pending_import,confirmed,official_catalog_and_pdf,not_imported,,https://wdown.ebsi.co.kr/W61001/01exam/20230906/go2/g_bio1_mun_XN49O2S3.pdf
2023,2,9,school_mock,science,life-science-1,solution,manual_review,verified_pending_import,confirmed,official_catalog_and_pdf,not_imported,,https://wdown.ebsi.co.kr/W61001/01exam/20230906/go2/g_bio1_hsj_89F229YG.pdf
2023,2,9,school_mock,science,physics-1,question,manual_review,verified_pending_import,confirmed,official_catalog_and_pdf,not_imported,,https://wdown.ebsi.co.kr/W61001/01exam/20230906/go2/g_phy1_mun_768R4I61.pdf
2023,2,9,school_mock,science,physics-1,solution,manual_review,verified_pending_import,confirmed,official_catalog_and_pdf,not_imported,,https://wdown.ebsi.co.kr/W61001/01exam/20230906/go2/g_phy1_hsj_A1PA1PYC.pdf
2023,2,11,school_mock,korean,,question,manual_review,verified_pending_import,confirmed,official_catalog_and_pdf,not_imported,,https://wdown.ebsi.co.kr/W61001/01exam/20231219/go2/kor_mun_YE1S7AQC.pdf
2023,2,11,school_mock,korean,,solution,manual_review,verified_pending_import,confirmed,official_catalog_and_pdf,not_imported,,https://wdown.ebsi.co.kr/W61001/01exam/20231219/go2/kor_hsj_E51MQUG5.pdf
2023,2,11,school_mock,math,,question,manual_review,verified_pending_import,confirmed,official_catalog_and_pdf,not_imported,,https://wdown.ebsi.co.kr/W61001/01exam/20231219/go2/math_mun_Z195E913.pdf
2023,2,11,school_mock,math,,solution,manual_review,verified_pending_import,confirmed,official_catalog_and_pdf,not_imported,,https://wdown.ebsi.co.kr/W61001/01exam/20231219/go2/math_hsj_R4628G5Z.pdf
2023,2,11,school_mock,english,,question,manual_review,verified_pending_import,confirmed,official_catalog_and_pdf,not_imported,,https://wdown.ebsi.co.kr/W61001/01exam/20231219/go2/eng_mun_5Q3AY6AM.pdf
2023,2,11,school_mock,english,,solution,manual_review,verified_pending_import,confirmed,official_catalog_and_pdf,not_imported,,https://wdown.ebsi.co.kr/W61001/01exam/20231219/go2/eng_hsj_4715TA9B.pdf
2023,2,11,school_mock,history,,question,manual_review,verified_pending_import,confirmed,official_catalog_and_pdf,not_imported,,https://wdown.ebsi.co.kr/W61001/01exam/20231219/go2/s_his_mun_J8U8672O.pdf
2023,2,11,school_mock,history,,solution,manual_review,verified_pending_import,confirmed,official_catalog_and_pdf,not_imported,,https://wdown.ebsi.co.kr/W61001/01exam/20231219/go2/s_his_hsj_F6VZ774K.pdf
2023,2,11,school_mock,social,east-asian-history,question,manual_review,verified_pending_import,confirmed,official_catalog_and_pdf,not_imported,,https://wdown.ebsi.co.kr/W61001/01exam/20231219/go2/s_easta_mun_KF15N114.pdf
2023,2,11,school_mock,social,east-asian-history,solution,manual_review,verified_pending_import,confirmed,official_catalog_and_pdf,not_imported,,https://wdown.ebsi.co.kr/W61001/01exam/20231219/go2/s_easta_hsj_YX5K382Z.pdf
2023,2,11,school_mock,social,economics,question,manual_review,verified_pending_import,confirmed,official_catalog_and_pdf,not_imported,,https://wdown.ebsi.co.kr/W61001/01exam/20231219/go2/s_eco_mun_IDWS5Q4P.pdf
2023,2,11,school_mock,social,economics,solution,manual_review,verified_pending_import,confirmed,official_catalog_and_pdf,not_imported,,https://wdown.ebsi.co.kr/W61001/01exam/20231219/go2/s_eco_hsj_6RF2NW1N.pdf
2023,2,11,school_mock,social,ethics-and-thought,question,manual_review,verified_pending_import,confirmed,official_catalog_and_pdf,not_imported,,https://wdown.ebsi.co.kr/W61001/01exam/20231219/go2/s_yrnss_mun_9285547Z.pdf
2023,2,11,school_mock,social,ethics-and-thought,solution,manual_review,verified_pending_import,confirmed,official_catalog_and_pdf,not_imported,,https://wdown.ebsi.co.kr/W61001/01exam/20231219/go2/s_yrnss_hsj_IRFH8D6M.pdf
2023,2,11,school_mock,social,korean-geography,question,manual_review,verified_pending_import,confirmed,official_catalog_and_pdf,not_imported,,https://wdown.ebsi.co.kr/W61001/01exam/20231219/go2/s_hanji_mun_55815BBX.pdf
2023,2,11,school_mock,social,korean-geography,solution,manual_review,verified_pending_import,confirmed,official_catalog_and_pdf,not_imported,,https://wdown.ebsi.co.kr/W61001/01exam/20231219/go2/s_hanji_hsj_22R2AGP7.pdf
2023,2,11,school_mock,social,life-and-ethics,question,manual_review,verified_pending_import,confirmed,official_catalog_and_pdf,not_imported,,https://wdown.ebsi.co.kr/W61001/01exam/20231219/go2/s_ssnyr_mun_B6WLL2OE.pdf
2023,2,11,school_mock,social,life-and-ethics,solution,manual_review,verified_pending_import,confirmed,official_catalog_and_pdf,not_imported,,https://wdown.ebsi.co.kr/W61001/01exam/20231219/go2/s_ssnyr_hsj_KV7Z7KBA.pdf
2023,2,11,school_mock,social,politics-and-law,question,manual_review,verified_pending_import,confirmed,official_catalog_and_pdf,not_imported,,https://wdown.ebsi.co.kr/W61001/01exam/20231219/go2/s_bnj_mun_73LX81SI.pdf
2023,2,11,school_mock,social,politics-and-law,solution,manual_review,verified_pending_import,confirmed,official_catalog_and_pdf,not_imported,,https://wdown.ebsi.co.kr/W61001/01exam/20231219/go2/s_bnj_hsj_Y2539SP7.pdf
2023,2,11,school_mock,social,social-culture,question,manual_review,verified_pending_import,confirmed,official_catalog_and_pdf,not_imported,,https://wdown.ebsi.co.kr/W61001/01exam/20231219/go2/s_samun_mun_RS6NANAA.pdf
2023,2,11,school_mock,social,social-culture,solution,manual_review,verified_pending_import,confirmed,official_catalog_and_pdf,not_imported,,https://wdown.ebsi.co.kr/W61001/01exam/20231219/go2/s_samun_hsj_T68S6419.pdf
2023,2,11,school_mock,social,world-geography,question,manual_review,verified_pending_import,confirmed,official_catalog_and_pdf,not_imported,,https://wdown.ebsi.co.kr/W61001/01exam/20231219/go2/s_saeji_mun_2S77143K.pdf
2023,2,11,school_mock,social,world-geography,solution,manual_review,verified_pending_import,confirmed,official_catalog_and_pdf,not_imported,,https://wdown.ebsi.co.kr/W61001/01exam/20231219/go2/s_saeji_hsj_55VW1GG7.pdf
2023,2,11,school_mock,social,world-history,question,manual_review,verified_pending_import,confirmed,official_catalog_and_pdf,not_imported,,https://wdown.ebsi.co.kr/W61001/01exam/20231219/go2/s_sks_mun_5139W1V5.pdf
2023,2,11,school_mock,social,world-history,solution,manual_review,verified_pending_import,confirmed,official_catalog_and_pdf,not_imported,,https://wdown.ebsi.co.kr/W61001/01exam/20231219/go2/s_sks_hsj_6MX9O46H.pdf
2023,2,11,school_mock,science,chemistry-1,question,manual_review,verified_pending_import,confirmed,official_catalog_and_pdf,not_imported,,https://wdown.ebsi.co.kr/W61001/01exam/20231219/go2/g_che1_mun_BB58I1MZ.pdf
2023,2,11,school_mock,science,chemistry-1,solution,manual_review,verified_pending_import,confirmed,official_catalog_and_pdf,not_imported,,https://wdown.ebsi.co.kr/W61001/01exam/20231219/go2/g_che1_hsj_8BA48BH7.pdf
2023,2,11,school_mock,science,earth-science-1,question,manual_review,verified_pending_import,confirmed,official_catalog_and_pdf,not_imported,,https://wdown.ebsi.co.kr/W61001/01exam/20231219/go2/g_ear1_mun_27V829VW.pdf
2023,2,11,school_mock,science,earth-science-1,solution,manual_review,verified_pending_import,confirmed,official_catalog_and_pdf,not_imported,,https://wdown.ebsi.co.kr/W61001/01exam/20231219/go2/g_ear1_hsj_3XQUKGF7.pdf
2023,2,11,school_mock,science,life-science-1,question,manual_review,verified_pending_import,confirmed,official_catalog_and_pdf,not_imported,,https://wdown.ebsi.co.kr/W61001/01exam/20231219/go2/g_bio1_mun_Y37G7S85.pdf
2023,2,11,school_mock,science,life-science-1,solution,manual_review,verified_pending_import,confirmed,official_catalog_and_pdf,not_imported,,https://wdown.ebsi.co.kr/W61001/01exam/20231219/go2/g_bio1_hsj_YJ7G4QYT.pdf
2023,2,11,school_mock,science,physics-1,question,manual_review,verified_pending_import,confirmed,official_catalog_and_pdf,not_imported,,https://wdown.ebsi.co.kr/W61001/01exam/20231219/go2/g_phy1_mun_4812XEP4.pdf
2023,2,11,school_mock,science,physics-1,solution,manual_review,verified_pending_import,confirmed,official_catalog_and_pdf,not_imported,,https://wdown.ebsi.co.kr/W61001/01exam/20231219/go2/g_phy1_hsj_42OQW4K7.pdf
2023,2,11,school_mock,vocational,agriculture-basics,question,manual_review,verified_pending_import,confirmed,official_catalog_and_pdf,not_imported,,https://wdown.ebsi.co.kr/W61001/01exam/20231219/go2/J_nupgi_mun_5XH63U32.pdf
2023,2,11,school_mock,vocational,agriculture-basics,solution,manual_review,verified_pending_import,confirmed,official_catalog_and_pdf,not_imported,,https://wdown.ebsi.co.kr/W61001/01exam/20231219/go2/J_nupgi_hsj_8V2QNNQZ.pdf
2023,2,11,school_mock,vocational,commercial-economics,question,manual_review,verified_pending_import,confirmed,official_catalog_and_pdf,not_imported,,https://wdown.ebsi.co.kr/W61001/01exam/20231219/go2/J_sangup_mun_WS2M7V24.pdf
2023,2,11,school_mock,vocational,commercial-economics,solution,manual_review,verified_pending_import,confirmed,official_catalog_and_pdf,not_imported,,https://wdown.ebsi.co.kr/W61001/01exam/20231219/go2/J_sangup_hsj_86WE2X61.pdf
2023,2,11,school_mock,vocational,fisheries-and-shipping,question,manual_review,verified_pending_import,confirmed,official_catalog_and_pdf,not_imported,,https://wdown.ebsi.co.kr/W61001/01exam/20231219/go2/J_susan_mun_44EYCN17.pdf
2023,2,11,school_mock,vocational,fisheries-and-shipping,solution,manual_review,verified_pending_import,confirmed,official_catalog_and_pdf,not_imported,,https://wdown.ebsi.co.kr/W61001/01exam/20231219/go2/J_susan_hsj_257Y77EP.pdf
2023,2,11,school_mock,vocational,human-development,question,manual_review,verified_pending_import,confirmed,official_catalog_and_pdf,not_imported,,https://wdown.ebsi.co.kr/W61001/01exam/20231219/go2/J_inkan_mun_99N9618A.pdf
2023,2,11,school_mock,vocational,human-development,solution,manual_review,verified_pending_import,confirmed,official_catalog_and_pdf,not_imported,,https://wdown.ebsi.co.kr/W61001/01exam/20231219/go2/J_inkan_hsj_MAOG5JHK.pdf
2023,2,11,school_mock,vocational,industry-general,question,manual_review,verified_pending_import,confirmed,official_catalog_and_pdf,not_imported,,https://wdown.ebsi.co.kr/W61001/01exam/20231219/go2/J_gup_mun_9U771U9X.pdf
2023,2,11,school_mock,vocational,industry-general,solution,manual_review,verified_pending_import,confirmed,official_catalog_and_pdf,not_imported,,https://wdown.ebsi.co.kr/W61001/01exam/20231219/go2/J_gup_hsj_765UP15Z.pdf
2023,2,11,school_mock,vocational,successful-career-life,question,manual_review,verified_pending_import,confirmed,official_catalog_and_pdf,not_imported,,https://wdown.ebsi.co.kr/W61001/01exam/20231219/go2/J_sjl_mun_Q481I4J3.pdf
2023,2,11,school_mock,vocational,successful-career-life,solution,manual_review,verified_pending_import,confirmed,official_catalog_and_pdf,not_imported,,https://wdown.ebsi.co.kr/W61001/01exam/20231219/go2/J_sjl_hsj_A87HW9RS.pdf
2023,2,11,school_mock,second_language,chinese-1,question,manual_review,verified_pending_import,confirmed,official_catalog_and_pdf,not_imported,,https://wdown.ebsi.co.kr/W61001/01exam/20231219/go2/2nd_ch_mun_66457T7C.pdf
2023,2,11,school_mock,second_language,chinese-1,solution,manual_review,verified_pending_import,confirmed,official_catalog_and_pdf,not_imported,,https://wdown.ebsi.co.kr/W61001/01exam/20231219/go2/2nd_ch_hsj_ZQA4A917.pdf
2023,2,11,school_mock,second_language,classical-chinese-1,question,manual_review,verified_pending_import,confirmed,official_catalog_and_pdf,not_imported,,https://wdown.ebsi.co.kr/W61001/01exam/20231219/go2/2nd_han_mun_81H2U831.pdf
2023,2,11,school_mock,second_language,classical-chinese-1,solution,manual_review,verified_pending_import,confirmed,official_catalog_and_pdf,not_imported,,https://wdown.ebsi.co.kr/W61001/01exam/20231219/go2/2nd_han_hsj_CI1K3433.pdf
2023,2,11,school_mock,second_language,french-1,question,manual_review,verified_pending_import,confirmed,official_catalog_and_pdf,not_imported,,https://wdown.ebsi.co.kr/W61001/01exam/20231219/go2/2nd_fr_mun_LYXB19I1.pdf
2023,2,11,school_mock,second_language,french-1,solution,manual_review,verified_pending_import,confirmed,official_catalog_and_pdf,not_imported,,https://wdown.ebsi.co.kr/W61001/01exam/20231219/go2/2nd_fr_hsj_Z5G4FW3P.pdf
2023,2,11,school_mock,second_language,german-1,question,manual_review,verified_pending_import,confirmed,official_catalog_and_pdf,not_imported,,https://wdown.ebsi.co.kr/W61001/01exam/20231219/go2/2nd_gr_mun_7QY832L7.pdf
2023,2,11,school_mock,second_language,german-1,solution,manual_review,verified_pending_import,confirmed,official_catalog_and_pdf,not_imported,,https://wdown.ebsi.co.kr/W61001/01exam/20231219/go2/2nd_gr_hsj_5EIQ94F4.pdf
2023,2,11,school_mock,second_language,japanese-1,question,manual_review,verified_pending_import,confirmed,official_catalog_and_pdf,not_imported,,https://wdown.ebsi.co.kr/W61001/01exam/20231219/go2/2nd_ja_mun_7PDT37L5.pdf
2023,2,11,school_mock,second_language,japanese-1,solution,manual_review,verified_pending_import,confirmed,official_catalog_and_pdf,not_imported,,https://wdown.ebsi.co.kr/W61001/01exam/20231219/go2/2nd_ja_hsj_Q2CJ62D4.pdf
2023,2,11,school_mock,second_language,russian-1,question,manual_review,verified_pending_import,confirmed,official_catalog_and_pdf,not_imported,,https://wdown.ebsi.co.kr/W61001/01exam/20231219/go2/2nd_ru_mun_W7YXN72J.pdf
2023,2,11,school_mock,second_language,russian-1,solution,manual_review,verified_pending_import,confirmed,official_catalog_and_pdf,not_imported,,https://wdown.ebsi.co.kr/W61001/01exam/20231219/go2/2nd_ru_hsj_AD76S1JD.pdf
2023,2,11,school_mock,second_language,spanish-1,question,manual_review,verified_pending_import,confirmed,official_catalog_and_pdf,not_imported,,https://wdown.ebsi.co.kr/W61001/01exam/20231219/go2/2nd_sp_mun_19VH7AD3.pdf
2023,2,11,school_mock,second_language,spanish-1,solution,manual_review,verified_pending_import,confirmed,official_catalog_and_pdf,not_imported,,https://wdown.ebsi.co.kr/W61001/01exam/20231219/go2/2nd_sp_hsj_JJ14FM6M.pdf
2023,3,3,school_mock,korean,language-and-media,question,manual_review,verified_pending_import,confirmed,official_catalog_and_pdf,not_imported,,https://wdown.ebsi.co.kr/W61001/01exam/20230323/go3/korB_mun_FSW5AS6T.pdf
2023,3,3,school_mock,korean,language-and-media,solution,manual_review,verified_pending_import,confirmed,official_catalog_and_pdf,not_imported,,https://wdown.ebsi.co.kr/W61001/01exam/20230323/go3/korB_hsj_2CR296NN.pdf
2023,3,3,school_mock,korean,speech-and-writing,question,manual_review,verified_pending_import,confirmed,official_catalog_and_pdf,not_imported,,https://wdown.ebsi.co.kr/W61001/01exam/20230323/go3/korA_mun_95159EFF.pdf
2023,3,3,school_mock,korean,speech-and-writing,solution,manual_review,verified_pending_import,confirmed,official_catalog_and_pdf,not_imported,,https://wdown.ebsi.co.kr/W61001/01exam/20230323/go3/korA_hsj_EMEUX9J7.pdf
2023,3,3,school_mock,math,calculus,question,manual_review,verified_pending_import,confirmed,official_catalog_and_pdf,not_imported,,https://wdown.ebsi.co.kr/W61001/01exam/20230323/go3/mathB_mun_377Y1C61_1.pdf
2023,3,3,school_mock,math,calculus,solution,manual_review,verified_pending_import,confirmed,official_catalog_and_pdf,not_imported,,https://wdown.ebsi.co.kr/W61001/01exam/20230323/go3/mathB_hsj_NGV26641.pdf
2023,3,3,school_mock,math,geometry,question,manual_review,verified_pending_import,confirmed,official_catalog_and_pdf,not_imported,,https://wdown.ebsi.co.kr/W61001/01exam/20230323/go3/mathC_mun_6993RDCG.pdf
2023,3,3,school_mock,math,geometry,solution,manual_review,verified_pending_import,confirmed,official_catalog_and_pdf,not_imported,,https://wdown.ebsi.co.kr/W61001/01exam/20230323/go3/mathC_hsj_L33RT9CA.pdf
2023,3,3,school_mock,math,probability-and-statistics,question,manual_review,verified_pending_import,confirmed,official_catalog_and_pdf,not_imported,,https://wdown.ebsi.co.kr/W61001/01exam/20230323/go3/mathA_mun_4AS167HY.pdf
2023,3,3,school_mock,math,probability-and-statistics,solution,manual_review,verified_pending_import,confirmed,official_catalog_and_pdf,not_imported,,https://wdown.ebsi.co.kr/W61001/01exam/20230323/go3/mathA_hsj_H2582HAZ.pdf
2023,3,3,school_mock,english,,question,manual_review,verified_pending_import,confirmed,official_catalog_and_pdf,not_imported,,https://wdown.ebsi.co.kr/W61001/01exam/20230323/go3/eng_mun_PVYC829R.pdf
2023,3,3,school_mock,english,,solution,manual_review,1쪽·문서 전체에 시행 연도·월·학년 표기 없음 (영역·정답만 보임),confirmed,official_catalog_and_pdf,manual_review,,https://wdown.ebsi.co.kr/W61001/01exam/20230323/go3/eng_main_hsj_GFX3IXW9.pdf
2023,3,3,school_mock,history,,question,manual_review,verified_pending_import,confirmed,official_catalog_and_pdf,not_imported,,https://wdown.ebsi.co.kr/W61001/01exam/20230323/go3/s_his_mun_8U6U6L13.pdf
2023,3,3,school_mock,history,,solution,manual_review,verified_pending_import,confirmed,official_catalog_and_pdf,not_imported,,https://wdown.ebsi.co.kr/W61001/01exam/20230323/go3/s_his_hsj_7JI7ZKM6.pdf
2023,3,3,school_mock,social,east-asian-history,question,manual_review,verified_pending_import,confirmed,official_catalog_and_pdf,not_imported,,https://wdown.ebsi.co.kr/W61001/01exam/20230323/go3/s_easta_mun_6KVP2XS7.pdf
2023,3,3,school_mock,social,east-asian-history,solution,manual_review,verified_pending_import,confirmed,official_catalog_and_pdf,not_imported,,https://wdown.ebsi.co.kr/W61001/01exam/20230323/go3/s_easta_hsj_14MBT1ZS.pdf
2023,3,3,school_mock,social,economics,question,manual_review,verified_pending_import,confirmed,official_catalog_and_pdf,not_imported,,https://wdown.ebsi.co.kr/W61001/01exam/20230323/go3/s_eco_mun_P393RY86.pdf
2023,3,3,school_mock,social,economics,solution,manual_review,verified_pending_import,confirmed,official_catalog_and_pdf,not_imported,,https://wdown.ebsi.co.kr/W61001/01exam/20230323/go3/s_eco_hsj_A29J5271.pdf
2023,3,3,school_mock,social,ethics-and-thought,question,manual_review,verified_pending_import,confirmed,official_catalog_and_pdf,not_imported,,https://wdown.ebsi.co.kr/W61001/01exam/20230323/go3/s_yrnss_mun_66691FFU.pdf
2023,3,3,school_mock,social,ethics-and-thought,solution,manual_review,1쪽·문서 전체에 시행 연도·월·학년 표기 없음 (영역·정답만 보임),confirmed,official_catalog_and_pdf,manual_review,,https://wdown.ebsi.co.kr/W61001/01exam/20230323/go3/s_yrnss_hsj_ICVTPY41.pdf
2023,3,3,school_mock,social,korean-geography,question,manual_review,verified_pending_import,confirmed,official_catalog_and_pdf,not_imported,,https://wdown.ebsi.co.kr/W61001/01exam/20230323/go3/s_hanji_mun_56A9Z868.pdf
2023,3,3,school_mock,social,korean-geography,solution,manual_review,verified_pending_import,confirmed,official_catalog_and_pdf,not_imported,,https://wdown.ebsi.co.kr/W61001/01exam/20230323/go3/s_hanji_hsj_L2UK3428.pdf
2023,3,3,school_mock,social,life-and-ethics,question,manual_review,verified_pending_import,confirmed,official_catalog_and_pdf,not_imported,,https://wdown.ebsi.co.kr/W61001/01exam/20230323/go3/s_ssnyr_mun_69C993U8.pdf
2023,3,3,school_mock,social,life-and-ethics,solution,manual_review,verified_pending_import,confirmed,official_catalog_and_pdf,not_imported,,https://wdown.ebsi.co.kr/W61001/01exam/20230323/go3/s_ssnyr_hsj_37RI7333.pdf
2023,3,3,school_mock,social,politics-and-law,question,manual_review,verified_pending_import,confirmed,official_catalog_and_pdf,not_imported,,https://wdown.ebsi.co.kr/W61001/01exam/20230323/go3/s_bnj_mun_R3SR3F39.pdf
2023,3,3,school_mock,social,politics-and-law,solution,manual_review,verified_pending_import,confirmed,official_catalog_and_pdf,not_imported,,https://wdown.ebsi.co.kr/W61001/01exam/20230323/go3/s_bnj_hsj_5KJ29CIF.pdf
2023,3,3,school_mock,social,social-culture,question,manual_review,verified_pending_import,confirmed,official_catalog_and_pdf,not_imported,,https://wdown.ebsi.co.kr/W61001/01exam/20230323/go3/s_samun_mun_228U2193.pdf
2023,3,3,school_mock,social,social-culture,solution,manual_review,verified_pending_import,confirmed,official_catalog_and_pdf,not_imported,,https://wdown.ebsi.co.kr/W61001/01exam/20230323/go3/s_samun_hsj_R3I3F9E8.pdf
2023,3,3,school_mock,social,world-geography,question,manual_review,verified_pending_import,confirmed,official_catalog_and_pdf,not_imported,,https://wdown.ebsi.co.kr/W61001/01exam/20230323/go3/s_saeji_mun_6OOJ254F.pdf
2023,3,3,school_mock,social,world-geography,solution,manual_review,verified_pending_import,confirmed,official_catalog_and_pdf,not_imported,,https://wdown.ebsi.co.kr/W61001/01exam/20230323/go3/s_saeji_hsj_V66NZBHT.pdf
2023,3,3,school_mock,social,world-history,question,manual_review,verified_pending_import,confirmed,official_catalog_and_pdf,not_imported,,https://wdown.ebsi.co.kr/W61001/01exam/20230323/go3/s_sks_mun_481UN71D.pdf
2023,3,3,school_mock,social,world-history,solution,manual_review,verified_pending_import,confirmed,official_catalog_and_pdf,not_imported,,https://wdown.ebsi.co.kr/W61001/01exam/20230323/go3/s_sks_hsj_I567XI5P.pdf
2023,3,3,school_mock,science,chemistry-1,question,manual_review,verified_pending_import,confirmed,official_catalog_and_pdf,not_imported,,https://wdown.ebsi.co.kr/W61001/01exam/20230323/go3/g_che1_mun_7E78YWQ4.pdf
2023,3,3,school_mock,science,chemistry-1,solution,manual_review,verified_pending_import,confirmed,official_catalog_and_pdf,not_imported,,https://wdown.ebsi.co.kr/W61001/01exam/20230323/go3/g_che1_hsj_17J612S2.pdf
2023,3,3,school_mock,science,earth-science-1,question,manual_review,verified_pending_import,confirmed,official_catalog_and_pdf,not_imported,,https://wdown.ebsi.co.kr/W61001/01exam/20230323/go3/g_ear1_mun_Y9HD574W.pdf
2023,3,3,school_mock,science,earth-science-1,solution,manual_review,verified_pending_import,confirmed,official_catalog_and_pdf,not_imported,,https://wdown.ebsi.co.kr/W61001/01exam/20230323/go3/g_ear1_hsj_D8A7ZVPN.pdf
2023,3,3,school_mock,science,life-science-1,question,manual_review,verified_pending_import,confirmed,official_catalog_and_pdf,not_imported,,https://wdown.ebsi.co.kr/W61001/01exam/20230323/go3/g_bio1_mun_23M8ML65.pdf
2023,3,3,school_mock,science,life-science-1,solution,manual_review,verified_pending_import,confirmed,official_catalog_and_pdf,not_imported,,https://wdown.ebsi.co.kr/W61001/01exam/20230323/go3/g_bio1_hsj_Q8GOW9R8.pdf
2023,3,3,school_mock,science,physics-1,question,manual_review,verified_pending_import,confirmed,official_catalog_and_pdf,not_imported,,https://wdown.ebsi.co.kr/W61001/01exam/20230323/go3/g_phy1_mun_NQ4D27DO.pdf
2023,3,3,school_mock,science,physics-1,solution,manual_review,verified_pending_import,confirmed,official_catalog_and_pdf,not_imported,,https://wdown.ebsi.co.kr/W61001/01exam/20230323/go3/g_phy1_hsj_X762P436.pdf
2023,3,4,school_mock,korean,language-and-media,question,manual_review,verified_pending_import,confirmed,official_catalog_and_pdf,not_imported,,https://wdown.ebsi.co.kr/W61001/01exam/20230430/go3/korA_mun_68Z747BW.pdf
2023,3,4,school_mock,korean,language-and-media,solution,manual_review,verified_pending_import,confirmed,official_catalog_and_pdf,not_imported,,https://wdown.ebsi.co.kr/W61001/01exam/20230430/go3/korA_hsj_6PDI435H.pdf
2023,3,4,school_mock,korean,speech-and-writing,question,manual_review,verified_pending_import,confirmed,official_catalog_and_pdf,not_imported,,https://wdown.ebsi.co.kr/W61001/01exam/20230430/go3/korB_mun_56W23OV6.pdf
2023,3,4,school_mock,korean,speech-and-writing,solution,manual_review,verified_pending_import,confirmed,official_catalog_and_pdf,not_imported,,https://wdown.ebsi.co.kr/W61001/01exam/20230430/go3/korB_hsj_B7AUVP7V.pdf
2023,3,4,school_mock,math,calculus,question,manual_review,verified_pending_import,confirmed,official_catalog_and_pdf,not_imported,,https://wdown.ebsi.co.kr/W61001/01exam/20230430/go3/mathB_mun_IXA5VUKP.pdf
2023,3,4,school_mock,math,calculus,solution,manual_review,verified_pending_import,confirmed,official_catalog_and_pdf,not_imported,,https://wdown.ebsi.co.kr/W61001/01exam/20230430/go3/mathB_hsj_12C2773S.pdf
2023,3,4,school_mock,math,geometry,question,manual_review,verified_pending_import,confirmed,official_catalog_and_pdf,not_imported,,https://wdown.ebsi.co.kr/W61001/01exam/20230430/go3/mathC_mun_DBT728FB.pdf
2023,3,4,school_mock,math,geometry,solution,manual_review,verified_pending_import,confirmed,official_catalog_and_pdf,not_imported,,https://wdown.ebsi.co.kr/W61001/01exam/20230430/go3/mathC_hsj_S4195159.pdf
2023,3,4,school_mock,math,probability-and-statistics,question,manual_review,verified_pending_import,confirmed,official_catalog_and_pdf,not_imported,,https://wdown.ebsi.co.kr/W61001/01exam/20230430/go3/mathA_mun_1E25T671.pdf
2023,3,4,school_mock,math,probability-and-statistics,solution,manual_review,verified_pending_import,confirmed,official_catalog_and_pdf,not_imported,,https://wdown.ebsi.co.kr/W61001/01exam/20230430/go3/mathA_hsj_6AC5PBS7.pdf
2023,3,4,school_mock,english,,question,manual_review,verified_pending_import,confirmed,official_catalog_and_pdf,not_imported,,https://wdown.ebsi.co.kr/W61001/01exam/20230430/go3/eng_mun_44KP4694.pdf
2023,3,4,school_mock,english,,solution,manual_review,verified_pending_import,confirmed,official_catalog_and_pdf,not_imported,,https://wdown.ebsi.co.kr/W61001/01exam/20230430/go3/eng_hsj_26P5DAG3.pdf
2023,3,4,school_mock,history,,question,manual_review,verified_pending_import,confirmed,official_catalog_and_pdf,not_imported,,https://wdown.ebsi.co.kr/W61001/01exam/20230430/go3/s_his_mun_26UH65VI.pdf
2023,3,4,school_mock,history,,solution,manual_review,verified_pending_import,confirmed,official_catalog_and_pdf,not_imported,,https://wdown.ebsi.co.kr/W61001/01exam/20230430/go3/s_his_hsj_4A16Q831.pdf
2023,3,4,school_mock,social,east-asian-history,question,manual_review,verified_pending_import,confirmed,official_catalog_and_pdf,not_imported,,https://wdown.ebsi.co.kr/W61001/01exam/20230430/go3/s_easta_mun_35QY6AU7.pdf
2023,3,4,school_mock,social,east-asian-history,solution,manual_review,verified_pending_import,confirmed,official_catalog_and_pdf,not_imported,,https://wdown.ebsi.co.kr/W61001/01exam/20230430/go3/s_easta_hsj_XAVD689E.pdf
2023,3,4,school_mock,social,economics,question,manual_review,verified_pending_import,confirmed,official_catalog_and_pdf,not_imported,,https://wdown.ebsi.co.kr/W61001/01exam/20230430/go3/s_eco_mun_4Y34415R.pdf
2023,3,4,school_mock,social,economics,solution,manual_review,verified_pending_import,confirmed,official_catalog_and_pdf,not_imported,,https://wdown.ebsi.co.kr/W61001/01exam/20230430/go3/s_eco_hsj_126RK16N.pdf
2023,3,4,school_mock,social,ethics-and-thought,question,manual_review,verified_pending_import,confirmed,official_catalog_and_pdf,not_imported,,https://wdown.ebsi.co.kr/W61001/01exam/20230430/go3/s_yrnss_mun_96W5TS1S.pdf
2023,3,4,school_mock,social,ethics-and-thought,solution,manual_review,verified_pending_import,confirmed,official_catalog_and_pdf,not_imported,,https://wdown.ebsi.co.kr/W61001/01exam/20230430/go3/s_yrnss_hsj_M38GFO1J.pdf
2023,3,4,school_mock,social,korean-geography,question,manual_review,verified_pending_import,confirmed,official_catalog_and_pdf,not_imported,,https://wdown.ebsi.co.kr/W61001/01exam/20230430/go3/s_hanji_mun_6U931B1N.pdf
2023,3,4,school_mock,social,korean-geography,solution,manual_review,verified_pending_import,confirmed,official_catalog_and_pdf,not_imported,,https://wdown.ebsi.co.kr/W61001/01exam/20230430/go3/s_hanji_hsj_87EA35H1.pdf
2023,3,4,school_mock,social,life-and-ethics,question,manual_review,verified_pending_import,confirmed,official_catalog_and_pdf,not_imported,,https://wdown.ebsi.co.kr/W61001/01exam/20230430/go3/s_ssnyr_mun_9AA9KN42.pdf
2023,3,4,school_mock,social,life-and-ethics,solution,manual_review,verified_pending_import,confirmed,official_catalog_and_pdf,not_imported,,https://wdown.ebsi.co.kr/W61001/01exam/20230430/go3/s_ssnyr_hsj_8989874C.pdf
2023,3,4,school_mock,social,politics-and-law,question,manual_review,verified_pending_import,confirmed,official_catalog_and_pdf,not_imported,,https://wdown.ebsi.co.kr/W61001/01exam/20230430/go3/s_bnj_mun_A9254QKP.pdf
2023,3,4,school_mock,social,politics-and-law,solution,manual_review,verified_pending_import,confirmed,official_catalog_and_pdf,not_imported,,https://wdown.ebsi.co.kr/W61001/01exam/20230430/go3/s_bnj_hsj_QQL43DZS.pdf
2023,3,4,school_mock,social,social-culture,question,manual_review,verified_pending_import,confirmed,official_catalog_and_pdf,not_imported,,https://wdown.ebsi.co.kr/W61001/01exam/20230430/go3/s_samun_mun_ZIHAV371.pdf
2023,3,4,school_mock,social,social-culture,solution,manual_review,verified_pending_import,confirmed,official_catalog_and_pdf,not_imported,,https://wdown.ebsi.co.kr/W61001/01exam/20230430/go3/s_samun_hsj_AHY68598.pdf
2023,3,4,school_mock,social,world-geography,question,manual_review,verified_pending_import,confirmed,official_catalog_and_pdf,not_imported,,https://wdown.ebsi.co.kr/W61001/01exam/20230430/go3/s_saeji_mun_5X7R11BW.pdf
2023,3,4,school_mock,social,world-geography,solution,manual_review,verified_pending_import,confirmed,official_catalog_and_pdf,not_imported,,https://wdown.ebsi.co.kr/W61001/01exam/20230430/go3/s_saeji_hsj_5272JFWI.pdf
2023,3,4,school_mock,social,world-history,question,manual_review,verified_pending_import,confirmed,official_catalog_and_pdf,not_imported,,https://wdown.ebsi.co.kr/W61001/01exam/20230430/go3/s_sks_mun_FBS3515D.pdf
2023,3,4,school_mock,social,world-history,solution,manual_review,verified_pending_import,confirmed,official_catalog_and_pdf,not_imported,,https://wdown.ebsi.co.kr/W61001/01exam/20230430/go3/s_sks_hsj_8335E393.pdf
2023,3,4,school_mock,science,chemistry-1,question,manual_review,verified_pending_import,confirmed,official_catalog_and_pdf,not_imported,,https://wdown.ebsi.co.kr/W61001/01exam/20230430/go3/g_che1_mun_9N6B1OC7.pdf
2023,3,4,school_mock,science,chemistry-1,solution,manual_review,verified_pending_import,confirmed,official_catalog_and_pdf,not_imported,,https://wdown.ebsi.co.kr/W61001/01exam/20230430/go3/g_che1_hsj_O1431XY8.pdf
2023,3,4,school_mock,science,chemistry-2,question,manual_review,verified_pending_import,confirmed,official_catalog_and_pdf,not_imported,,https://wdown.ebsi.co.kr/W61001/01exam/20230430/go3/g_che2_mun_X5UHXO71.pdf
2023,3,4,school_mock,science,chemistry-2,solution,manual_review,verified_pending_import,confirmed,official_catalog_and_pdf,not_imported,,https://wdown.ebsi.co.kr/W61001/01exam/20230430/go3/g_che2_hsj_33C38812.pdf
2023,3,4,school_mock,science,earth-science-1,question,manual_review,verified_pending_import,confirmed,official_catalog_and_pdf,not_imported,,https://wdown.ebsi.co.kr/W61001/01exam/20230430/go3/g_ear1_mun_M1I1DAMO.pdf
2023,3,4,school_mock,science,earth-science-1,solution,manual_review,verified_pending_import,confirmed,official_catalog_and_pdf,not_imported,,https://wdown.ebsi.co.kr/W61001/01exam/20230430/go3/g_ear1_hsj_141W3529.pdf
2023,3,4,school_mock,science,earth-science-2,question,manual_review,verified_pending_import,confirmed,official_catalog_and_pdf,not_imported,,https://wdown.ebsi.co.kr/W61001/01exam/20230430/go3/g_ear2_mun_U7VIAWJ4.pdf
2023,3,4,school_mock,science,earth-science-2,solution,manual_review,verified_pending_import,confirmed,official_catalog_and_pdf,not_imported,,https://wdown.ebsi.co.kr/W61001/01exam/20230430/go3/g_ear2_hsj_D5Y1Y3F2.pdf
2023,3,4,school_mock,science,life-science-1,question,manual_review,verified_pending_import,confirmed,official_catalog_and_pdf,not_imported,,https://wdown.ebsi.co.kr/W61001/01exam/20230430/go3/g_bio1_mun_Z7QYO33V.pdf
2023,3,4,school_mock,science,life-science-1,solution,manual_review,verified_pending_import,confirmed,official_catalog_and_pdf,not_imported,,https://wdown.ebsi.co.kr/W61001/01exam/20230430/go3/g_bio1_hsj_R39NSY26.pdf
2023,3,4,school_mock,science,life-science-2,question,manual_review,verified_pending_import,confirmed,official_catalog_and_pdf,not_imported,,https://wdown.ebsi.co.kr/W61001/01exam/20230430/go3/g_bio2_mun_1OYHOOPU.pdf
2023,3,4,school_mock,science,life-science-2,solution,manual_review,verified_pending_import,confirmed,official_catalog_and_pdf,not_imported,,https://wdown.ebsi.co.kr/W61001/01exam/20230430/go3/g_bio2_hsj_M4T2M683.pdf
2023,3,4,school_mock,science,physics-1,question,manual_review,verified_pending_import,confirmed,official_catalog_and_pdf,not_imported,,https://wdown.ebsi.co.kr/W61001/01exam/20230430/go3/g_phy1_mun_56174D5N.pdf
2023,3,4,school_mock,science,physics-1,solution,manual_review,verified_pending_import,confirmed,official_catalog_and_pdf,not_imported,,https://wdown.ebsi.co.kr/W61001/01exam/20230430/go3/g_phy1_hsj_133TB847.pdf
2023,3,4,school_mock,science,physics-2,question,manual_review,verified_pending_import,confirmed,official_catalog_and_pdf,not_imported,,https://wdown.ebsi.co.kr/W61001/01exam/20230430/go3/g_phy2_mun_196996NZ.pdf
2023,3,4,school_mock,science,physics-2,solution,manual_review,verified_pending_import,confirmed,official_catalog_and_pdf,not_imported,,https://wdown.ebsi.co.kr/W61001/01exam/20230430/go3/g_phy2_hsj_D68A8791.pdf
2023,3,6,kice_mock,korean,language-and-media,question,manual_review,verified_pending_import,confirmed,official_catalog_and_pdf,not_imported,,https://wdown.ebsi.co.kr/W61001/01exam/20230601/go3/korB_mun_Y743R9KC.pdf
2023,3,6,kice_mock,korean,language-and-media,solution,manual_review,verified_pending_import,confirmed,official_catalog_and_pdf,not_imported,,https://wdown.ebsi.co.kr/W61001/01exam/20230601/go3/korB_hsj_X4TEL83Q_1.pdf
2023,3,6,kice_mock,korean,speech-and-writing,question,manual_review,verified_pending_import,confirmed,official_catalog_and_pdf,not_imported,,https://wdown.ebsi.co.kr/W61001/01exam/20230601/go3/korA_mun_5O441P6U.pdf
2023,3,6,kice_mock,korean,speech-and-writing,solution,manual_review,verified_pending_import,confirmed,official_catalog_and_pdf,not_imported,,https://wdown.ebsi.co.kr/W61001/01exam/20230601/go3/korA_hsj_92BU14Z2.pdf
2023,3,6,kice_mock,math,calculus,question,manual_review,verified_pending_import,confirmed,official_catalog_and_pdf,not_imported,,https://wdown.ebsi.co.kr/W61001/01exam/20230601/go3/mathB_mun_O9N21T69.pdf
2023,3,6,kice_mock,math,calculus,solution,manual_review,verified_pending_import,confirmed,official_catalog_and_pdf,not_imported,,https://wdown.ebsi.co.kr/W61001/01exam/20230601/go3/mathB_hsj_BXME26R8_1.pdf
2023,3,6,kice_mock,math,geometry,question,manual_review,verified_pending_import,confirmed,official_catalog_and_pdf,not_imported,,https://wdown.ebsi.co.kr/W61001/01exam/20230601/go3/mathC_mun_88778G2C.pdf
2023,3,6,kice_mock,math,geometry,solution,manual_review,verified_pending_import,confirmed,official_catalog_and_pdf,not_imported,,https://wdown.ebsi.co.kr/W61001/01exam/20230601/go3/mathC_hsj_4I7KTN5C_1.pdf
2023,3,6,kice_mock,math,probability-and-statistics,question,manual_review,verified_pending_import,confirmed,official_catalog_and_pdf,not_imported,,https://wdown.ebsi.co.kr/W61001/01exam/20230601/go3/mathA_mun_M88542QL.pdf
2023,3,6,kice_mock,math,probability-and-statistics,solution,manual_review,verified_pending_import,confirmed,official_catalog_and_pdf,not_imported,,https://wdown.ebsi.co.kr/W61001/01exam/20230601/go3/mathA_hsj_8C6481B3_1.pdf
2023,3,6,kice_mock,english,,question,manual_review,verified_pending_import,confirmed,official_catalog_and_pdf,not_imported,,https://wdown.ebsi.co.kr/W61001/01exam/20230601/go3/eng_mun_9ALEM3R5.pdf
2023,3,6,kice_mock,english,,solution,public_ready,approved_existing,confirmed,official_catalog_and_pdf,ready,,https://wdown.ebsi.co.kr/W61001/01exam/20230601/go3/eng_main_hsj_A8WUK8UA.pdf
2023,3,6,kice_mock,history,,question,public_ready,approved_existing,confirmed,official_catalog_and_pdf,ready,,https://wdown.ebsi.co.kr/W61001/01exam/20230601/go3/his_main_mun_2W157941.pdf
2023,3,6,kice_mock,history,,solution,public_ready,approved_existing,confirmed,official_catalog_and_pdf,ready,,https://wdown.ebsi.co.kr/W61001/01exam/20230601/go3/s_his_hsj_73EL54SQ.pdf
2023,3,6,kice_mock,social,east-asian-history,question,manual_review,verified_pending_import,confirmed,official_catalog_and_pdf,not_imported,,https://wdown.ebsi.co.kr/W61001/01exam/20230601/go3/s_easta_mun_6GJ54V33.pdf
2023,3,6,kice_mock,social,east-asian-history,solution,manual_review,verified_pending_import,confirmed,official_catalog_and_pdf,not_imported,,https://wdown.ebsi.co.kr/W61001/01exam/20230601/go3/s_easta_hsj_4D41MC7Q.pdf
2023,3,6,kice_mock,social,economics,question,manual_review,verified_pending_import,confirmed,official_catalog_and_pdf,not_imported,,https://wdown.ebsi.co.kr/W61001/01exam/20230601/go3/s_eco_mun_JGJECYHT.pdf
2023,3,6,kice_mock,social,economics,solution,manual_review,verified_pending_import,confirmed,official_catalog_and_pdf,not_imported,,https://wdown.ebsi.co.kr/W61001/01exam/20230601/go3/s_eco_hsj_87194X82.pdf
2023,3,6,kice_mock,social,ethics-and-thought,question,manual_review,verified_pending_import,confirmed,official_catalog_and_pdf,not_imported,,https://wdown.ebsi.co.kr/W61001/01exam/20230601/go3/s_yrnss_mun_W95PVT5L.pdf
2023,3,6,kice_mock,social,ethics-and-thought,solution,manual_review,verified_pending_import,confirmed,official_catalog_and_pdf,not_imported,,https://wdown.ebsi.co.kr/W61001/01exam/20230601/go3/s_yrnss_hsj_4I77G7BC.pdf
2023,3,6,kice_mock,social,korean-geography,question,manual_review,verified_pending_import,confirmed,official_catalog_and_pdf,not_imported,,https://wdown.ebsi.co.kr/W61001/01exam/20230601/go3/s_hanji_mun_91AQ8TII.pdf
2023,3,6,kice_mock,social,korean-geography,solution,manual_review,verified_pending_import,confirmed,official_catalog_and_pdf,not_imported,,https://wdown.ebsi.co.kr/W61001/01exam/20230601/go3/s_hanji_hsj_5165AS5M.pdf
2023,3,6,kice_mock,social,life-and-ethics,question,manual_review,verified_pending_import,confirmed,official_catalog_and_pdf,not_imported,,https://wdown.ebsi.co.kr/W61001/01exam/20230601/go3/s_ssnyr_mun_9NN4283H.pdf
2023,3,6,kice_mock,social,life-and-ethics,solution,public_ready,approved_existing,confirmed,official_catalog_and_pdf,ready,,https://wdown.ebsi.co.kr/W61001/01exam/20230601/go3/s_ssnyr_hsj_OWR666DA_1.pdf
2023,3,6,kice_mock,social,politics-and-law,question,manual_review,verified_pending_import,confirmed,official_catalog_and_pdf,not_imported,,https://wdown.ebsi.co.kr/W61001/01exam/20230601/go3/s_bnj_mun_1ZTP7J73.pdf
2023,3,6,kice_mock,social,politics-and-law,solution,manual_review,verified_pending_import,confirmed,official_catalog_and_pdf,not_imported,,https://wdown.ebsi.co.kr/W61001/01exam/20230601/go3/s_bnj_hsj_W4APFE98.pdf
2023,3,6,kice_mock,social,social-culture,question,manual_review,verified_pending_import,confirmed,official_catalog_and_pdf,not_imported,,https://wdown.ebsi.co.kr/W61001/01exam/20230601/go3/s_samun_mun_6HR5EGC8.pdf
2023,3,6,kice_mock,social,social-culture,solution,manual_review,verified_pending_import,confirmed,official_catalog_and_pdf,not_imported,,https://wdown.ebsi.co.kr/W61001/01exam/20230601/go3/s_samun_hsj_72Y5R13H.pdf
2023,3,6,kice_mock,social,world-geography,question,manual_review,verified_pending_import,confirmed,official_catalog_and_pdf,not_imported,,https://wdown.ebsi.co.kr/W61001/01exam/20230601/go3/s_saeji_mun_68PTY695.pdf
2023,3,6,kice_mock,social,world-geography,solution,manual_review,verified_pending_import,confirmed,official_catalog_and_pdf,not_imported,,https://wdown.ebsi.co.kr/W61001/01exam/20230601/go3/s_saeji_hsj_9P1N465A.pdf
2023,3,6,kice_mock,social,world-history,question,manual_review,verified_pending_import,confirmed,official_catalog_and_pdf,not_imported,,https://wdown.ebsi.co.kr/W61001/01exam/20230601/go3/s_sks_mun_AVY4HF16.pdf
2023,3,6,kice_mock,social,world-history,solution,manual_review,verified_pending_import,confirmed,official_catalog_and_pdf,not_imported,,https://wdown.ebsi.co.kr/W61001/01exam/20230601/go3/s_sks_hsj_J1K7949X.pdf
2023,3,6,kice_mock,science,chemistry-1,question,manual_review,verified_pending_import,confirmed,official_catalog_and_pdf,not_imported,,https://wdown.ebsi.co.kr/W61001/01exam/20230601/go3/g_che1_mun_D98IV6H1.pdf
2023,3,6,kice_mock,science,chemistry-1,solution,manual_review,verified_pending_import,confirmed,official_catalog_and_pdf,not_imported,,https://wdown.ebsi.co.kr/W61001/01exam/20230601/go3/g_che1_hsj_BI2U97E2_2.pdf
2023,3,6,kice_mock,science,chemistry-2,question,manual_review,verified_pending_import,confirmed,official_catalog_and_pdf,not_imported,,https://wdown.ebsi.co.kr/W61001/01exam/20230601/go3/g_che2_mun_Q82586E8_1.pdf
2023,3,6,kice_mock,science,chemistry-2,solution,manual_review,verified_pending_import,confirmed,official_catalog_and_pdf,not_imported,,https://wdown.ebsi.co.kr/W61001/01exam/20230601/go3/g_che2_hsj_CGCWT943_2.pdf
2023,3,6,kice_mock,science,earth-science-1,question,manual_review,verified_pending_import,confirmed,official_catalog_and_pdf,not_imported,,https://wdown.ebsi.co.kr/W61001/01exam/20230601/go3/g_ear1_mun_IYLOW74J.pdf
2023,3,6,kice_mock,science,earth-science-1,solution,public_ready,approved_existing,confirmed,official_catalog_and_pdf,ready,,https://wdown.ebsi.co.kr/W61001/01exam/20230601/go3/g_ear1_hsj_7RL2QG85_2.pdf
2023,3,6,kice_mock,science,earth-science-2,question,manual_review,verified_pending_import,confirmed,official_catalog_and_pdf,not_imported,,https://wdown.ebsi.co.kr/W61001/01exam/20230601/go3/g_ear2_mun_47EANL7L_1.pdf
2023,3,6,kice_mock,science,earth-science-2,solution,public_ready,approved_existing,confirmed,official_catalog_and_pdf,ready,,https://wdown.ebsi.co.kr/W61001/01exam/20230601/go3/g_ear2_hsj_93O83YH9_2.pdf
2023,3,6,kice_mock,science,life-science-1,question,manual_review,verified_pending_import,confirmed,official_catalog_and_pdf,not_imported,,https://wdown.ebsi.co.kr/W61001/01exam/20230601/go3/g_bio1_mun_4958C91G.pdf
2023,3,6,kice_mock,science,life-science-1,solution,manual_review,verified_pending_import,confirmed,official_catalog_and_pdf,not_imported,,https://wdown.ebsi.co.kr/W61001/01exam/20230601/go3/g_bio1_hsj_DZGRQAE7_2.pdf
2023,3,6,kice_mock,science,life-science-2,question,manual_review,verified_pending_import,confirmed,official_catalog_and_pdf,not_imported,,https://wdown.ebsi.co.kr/W61001/01exam/20230601/go3/g_bio2_mun_54AK3893_1.pdf
2023,3,6,kice_mock,science,life-science-2,solution,public_ready,approved_existing,confirmed,official_catalog_and_pdf,ready,,https://wdown.ebsi.co.kr/W61001/01exam/20230601/go3/g_bio2_hsj_167E95W3_2.pdf
2023,3,6,kice_mock,science,physics-1,question,manual_review,verified_pending_import,confirmed,official_catalog_and_pdf,not_imported,,https://wdown.ebsi.co.kr/W61001/01exam/20230601/go3/g_phy1_mun_4T225LEF.pdf
2023,3,6,kice_mock,science,physics-1,solution,manual_review,verified_pending_import,confirmed,official_catalog_and_pdf,not_imported,,https://wdown.ebsi.co.kr/W61001/01exam/20230601/go3/g_phy1_hsj_3F59LZ3L_1.pdf
2023,3,6,kice_mock,science,physics-2,question,manual_review,verified_pending_import,confirmed,official_catalog_and_pdf,not_imported,,https://wdown.ebsi.co.kr/W61001/01exam/20230601/go3/g_phy2_mun_7E71RO42_1.pdf
2023,3,6,kice_mock,science,physics-2,solution,public_ready,approved_existing,confirmed,official_catalog_and_pdf,ready,,https://wdown.ebsi.co.kr/W61001/01exam/20230601/go3/g_phy2_hsj_18Y87WG71.pdf
2023,3,6,kice_mock,vocational,agriculture-basics,question,manual_review,verified_pending_import,confirmed,official_catalog_and_pdf,not_imported,,https://wdown.ebsi.co.kr/W61001/01exam/20230601/go3/J_nupgi_mun_WC1HCBD3.pdf
2023,3,6,kice_mock,vocational,agriculture-basics,solution,manual_review,verified_pending_import,confirmed,official_catalog_and_pdf,not_imported,,https://wdown.ebsi.co.kr/W61001/01exam/20230601/go3/J_nupgi_hsj_AHQB6R9Z.pdf
2023,3,6,kice_mock,vocational,commercial-economics,question,public_ready,approved_existing,confirmed,official_catalog_and_pdf,ready,,https://wdown.ebsi.co.kr/W61001/01exam/20230601/go3/J_sangup_mun_65M619WK.pdf
2023,3,6,kice_mock,vocational,commercial-economics,solution,manual_review,verified_pending_import,confirmed,official_catalog_and_pdf,not_imported,,https://wdown.ebsi.co.kr/W61001/01exam/20230601/go3/J_sangup_hsj_4DZ8J9ZZ.pdf
2023,3,6,kice_mock,vocational,fisheries-and-shipping,question,manual_review,verified_pending_import,confirmed,official_catalog_and_pdf,not_imported,,https://wdown.ebsi.co.kr/W61001/01exam/20230601/go3/J_susan_mun_BDGO6L9A.pdf
2023,3,6,kice_mock,vocational,fisheries-and-shipping,solution,manual_review,verified_pending_import,confirmed,official_catalog_and_pdf,not_imported,,https://wdown.ebsi.co.kr/W61001/01exam/20230601/go3/J_susan_hsj_9SA7M146.pdf
2023,3,6,kice_mock,vocational,human-development,question,manual_review,verified_pending_import,confirmed,official_catalog_and_pdf,not_imported,,https://wdown.ebsi.co.kr/W61001/01exam/20230601/go3/J_inkan_mun_7YO3W3MG.pdf
2023,3,6,kice_mock,vocational,human-development,solution,manual_review,verified_pending_import,confirmed,official_catalog_and_pdf,not_imported,,https://wdown.ebsi.co.kr/W61001/01exam/20230601/go3/J_inkan_hsj_19UW137B.pdf
2023,3,6,kice_mock,vocational,industry-general,question,manual_review,verified_pending_import,confirmed,official_catalog_and_pdf,not_imported,,https://wdown.ebsi.co.kr/W61001/01exam/20230601/go3/J_gup_mun_28G9F3SQ.pdf
2023,3,6,kice_mock,vocational,industry-general,solution,manual_review,verified_pending_import,confirmed,official_catalog_and_pdf,not_imported,,https://wdown.ebsi.co.kr/W61001/01exam/20230601/go3/J_gup_hsj_T6L3JWAQ.pdf
2023,3,6,kice_mock,vocational,successful-career-life,question,manual_review,verified_pending_import,confirmed,official_catalog_and_pdf,not_imported,,https://wdown.ebsi.co.kr/W61001/01exam/20230601/go3/J_sjl_mun_S8T786DG.pdf
2023,3,6,kice_mock,vocational,successful-career-life,solution,manual_review,verified_pending_import,confirmed,official_catalog_and_pdf,not_imported,,https://wdown.ebsi.co.kr/W61001/01exam/20230601/go3/J_sjl_hsj_9T6H7281.pdf
2023,3,6,kice_mock,second_language,arabic-1,question,manual_review,verified_pending_import,confirmed,official_catalog_and_pdf,not_imported,,https://wdown.ebsi.co.kr/W61001/01exam/20230601/go3/2nd_ar_mun_FQB5WXRA.pdf
2023,3,6,kice_mock,second_language,arabic-1,solution,manual_review,verified_pending_import,confirmed,official_catalog_and_pdf,not_imported,,https://wdown.ebsi.co.kr/W61001/01exam/20230601/go3/2nd_ar_hsj_TY34JKJL.pdf
2023,3,6,kice_mock,second_language,chinese-1,question,public_ready,approved_existing,confirmed,official_catalog_and_pdf,ready,,https://wdown.ebsi.co.kr/W61001/01exam/20230601/go3/2nd_ch_mun_5HUP7VZ6.pdf
2023,3,6,kice_mock,second_language,chinese-1,solution,public_ready,approved_existing,confirmed,official_catalog_and_pdf,ready,,https://wdown.ebsi.co.kr/W61001/01exam/20230601/go3/2nd_ch_hsj_1B235H32.pdf
2023,3,6,kice_mock,second_language,classical-chinese-1,question,manual_review,verified_pending_import,confirmed,official_catalog_and_pdf,not_imported,,https://wdown.ebsi.co.kr/W61001/01exam/20230601/go3/2nd_han_mun_UTI7AO89.pdf
2023,3,6,kice_mock,second_language,classical-chinese-1,solution,manual_review,verified_pending_import,confirmed,official_catalog_and_pdf,not_imported,,https://wdown.ebsi.co.kr/W61001/01exam/20230601/go3/2nd_han_hsj_G5O49MPP.pdf
2023,3,6,kice_mock,second_language,french-1,question,manual_review,verified_pending_import,confirmed,official_catalog_and_pdf,not_imported,,https://wdown.ebsi.co.kr/W61001/01exam/20230601/go3/2nd_fr_mun_3WAY7C4W.pdf
2023,3,6,kice_mock,second_language,french-1,solution,public_ready,approved_existing,confirmed,official_catalog_and_pdf,ready,,https://wdown.ebsi.co.kr/W61001/01exam/20230601/go3/2nd_fr_hsj_2M5QVK57.pdf
2023,3,6,kice_mock,second_language,german-1,question,manual_review,verified_pending_import,confirmed,official_catalog_and_pdf,not_imported,,https://wdown.ebsi.co.kr/W61001/01exam/20230601/go3/2nd_gr_mun_4QE4RU1A.pdf
2023,3,6,kice_mock,second_language,german-1,solution,public_ready,approved_existing,confirmed,official_catalog_and_pdf,ready,,https://wdown.ebsi.co.kr/W61001/01exam/20230601/go3/2nd_gr_hsj_R8S45JB4_2.pdf
2023,3,6,kice_mock,second_language,japanese-1,question,manual_review,verified_pending_import,confirmed,official_catalog_and_pdf,not_imported,,https://wdown.ebsi.co.kr/W61001/01exam/20230601/go3/2nd_ja_mun_HA77Y2UN.pdf
2023,3,6,kice_mock,second_language,japanese-1,solution,public_ready,approved_existing,confirmed,official_catalog_and_pdf,ready,,https://wdown.ebsi.co.kr/W61001/01exam/20230601/go3/2nd_ja_hsj_W8142RB6.pdf
2023,3,6,kice_mock,second_language,russian-1,question,manual_review,verified_pending_import,confirmed,official_catalog_and_pdf,not_imported,,https://wdown.ebsi.co.kr/W61001/01exam/20230601/go3/2nd_ru_mun_36UAH4K6.pdf
2023,3,6,kice_mock,second_language,russian-1,solution,public_ready,approved_existing,confirmed,official_catalog_and_pdf,ready,,https://wdown.ebsi.co.kr/W61001/01exam/20230601/go3/2nd_ru_hsj_AL6Y4GT3.pdf
2023,3,6,kice_mock,second_language,spanish-1,question,manual_review,verified_pending_import,confirmed,official_catalog_and_pdf,not_imported,,https://wdown.ebsi.co.kr/W61001/01exam/20230601/go3/2nd_sp_mun_PCEA64U7.pdf
2023,3,6,kice_mock,second_language,spanish-1,solution,public_ready,approved_existing,confirmed,official_catalog_and_pdf,ready,,https://wdown.ebsi.co.kr/W61001/01exam/20230601/go3/2nd_sp_hsj_9ZH6BE5G.pdf
2023,3,6,kice_mock,second_language,vietnamese-1,question,public_ready,approved_existing,confirmed,official_catalog_and_pdf,ready,,https://wdown.ebsi.co.kr/W61001/01exam/20230601/go3/2nd_vit_mun_9T58U3BR.pdf
2023,3,6,kice_mock,second_language,vietnamese-1,solution,public_ready,approved_existing,confirmed,official_catalog_and_pdf,ready,,https://wdown.ebsi.co.kr/W61001/01exam/20230601/go3/2nd_vit_hsj_48I1A8VN.pdf
2023,3,7,school_mock,korean,language-and-media,question,manual_review,verified_pending_import,confirmed,official_catalog_and_pdf,not_imported,,https://wdown.ebsi.co.kr/W61001/01exam/20230711/go3/korB_mun_8K4766Q2.pdf
2023,3,7,school_mock,korean,language-and-media,solution,manual_review,verified_pending_import,confirmed,official_catalog_and_pdf,not_imported,,https://wdown.ebsi.co.kr/W61001/01exam/20230711/go3/korB_hsj_PC32R544_2.pdf
2023,3,7,school_mock,korean,speech-and-writing,question,manual_review,verified_pending_import,confirmed,official_catalog_and_pdf,not_imported,,https://wdown.ebsi.co.kr/W61001/01exam/20230711/go3/korA_mun_68RF6EB2.pdf
2023,3,7,school_mock,korean,speech-and-writing,solution,manual_review,verified_pending_import,confirmed,official_catalog_and_pdf,not_imported,,https://wdown.ebsi.co.kr/W61001/01exam/20230711/go3/korA_hsj_635O3197_2.pdf
2023,3,7,school_mock,math,calculus,question,manual_review,verified_pending_import,confirmed,official_catalog_and_pdf,not_imported,,https://wdown.ebsi.co.kr/W61001/01exam/20230711/go3/mathB_mun_349EFJS2.pdf
2023,3,7,school_mock,math,calculus,solution,manual_review,verified_pending_import,confirmed,official_catalog_and_pdf,not_imported,,https://wdown.ebsi.co.kr/W61001/01exam/20230711/go3/mathB_hsj_5S289599.pdf
2023,3,7,school_mock,math,geometry,question,manual_review,verified_pending_import,confirmed,official_catalog_and_pdf,not_imported,,https://wdown.ebsi.co.kr/W61001/01exam/20230711/go3/mathC_mun_QXH2TIWR.pdf
2023,3,7,school_mock,math,geometry,solution,manual_review,verified_pending_import,confirmed,official_catalog_and_pdf,not_imported,,https://wdown.ebsi.co.kr/W61001/01exam/20230711/go3/mathC_hsj_64C52474.pdf
2023,3,7,school_mock,math,probability-and-statistics,question,manual_review,verified_pending_import,confirmed,official_catalog_and_pdf,not_imported,,https://wdown.ebsi.co.kr/W61001/01exam/20230711/go3/mathA_mun_L658B2P1.pdf
2023,3,7,school_mock,math,probability-and-statistics,solution,manual_review,verified_pending_import,confirmed,official_catalog_and_pdf,not_imported,,https://wdown.ebsi.co.kr/W61001/01exam/20230711/go3/mathA_hsj_91481EL6.pdf
2023,3,7,school_mock,english,,question,manual_review,verified_pending_import,confirmed,official_catalog_and_pdf,not_imported,,https://wdown.ebsi.co.kr/W61001/01exam/20230711/go3/eng_mun_69G5Y9BA.pdf
2023,3,7,school_mock,english,,solution,public_ready,approved_existing,confirmed,official_catalog_and_pdf,ready,,https://wdown.ebsi.co.kr/W61001/01exam/20230711/go3/eng_main_hsj_AO16PA86.pdf
2023,3,7,school_mock,history,,question,public_ready,approved_existing,confirmed,official_catalog_and_pdf,ready,,https://wdown.ebsi.co.kr/W61001/01exam/20230711/go3/his_main_mun_SF3X56WS.pdf
2023,3,7,school_mock,history,,solution,manual_review,verified_pending_import,confirmed,official_catalog_and_pdf,not_imported,,https://wdown.ebsi.co.kr/W61001/01exam/20230711/go3/s_his_hsj_418AJ88F.pdf
2023,3,7,school_mock,social,east-asian-history,question,manual_review,verified_pending_import,confirmed,official_catalog_and_pdf,not_imported,,https://wdown.ebsi.co.kr/W61001/01exam/20230711/go3/s_easta_mun_4482U993.pdf
2023,3,7,school_mock,social,east-asian-history,solution,manual_review,verified_pending_import,confirmed,official_catalog_and_pdf,not_imported,,https://wdown.ebsi.co.kr/W61001/01exam/20230711/go3/s_easta_hsj_5EH1U2BK.pdf
2023,3,7,school_mock,social,economics,question,manual_review,verified_pending_import,confirmed,official_catalog_and_pdf,not_imported,,https://wdown.ebsi.co.kr/W61001/01exam/20230711/go3/s_eco_mun_I9168JIT.pdf
2023,3,7,school_mock,social,economics,solution,manual_review,verified_pending_import,confirmed,official_catalog_and_pdf,not_imported,,https://wdown.ebsi.co.kr/W61001/01exam/20230711/go3/s_eco_hsj_UI4I6OJ8.pdf
2023,3,7,school_mock,social,ethics-and-thought,question,manual_review,verified_pending_import,confirmed,official_catalog_and_pdf,not_imported,,https://wdown.ebsi.co.kr/W61001/01exam/20230711/go3/s_yrnss_mun_H92GZ442.pdf
2023,3,7,school_mock,social,ethics-and-thought,solution,manual_review,verified_pending_import,confirmed,official_catalog_and_pdf,not_imported,,https://wdown.ebsi.co.kr/W61001/01exam/20230711/go3/s_yrnss_hsj_13NKH26W.pdf
2023,3,7,school_mock,social,korean-geography,question,manual_review,verified_pending_import,confirmed,official_catalog_and_pdf,not_imported,,https://wdown.ebsi.co.kr/W61001/01exam/20230711/go3/s_hanji_mun_V5U5GTR8.pdf
2023,3,7,school_mock,social,korean-geography,solution,manual_review,verified_pending_import,confirmed,official_catalog_and_pdf,not_imported,,https://wdown.ebsi.co.kr/W61001/01exam/20230711/go3/s_hanji_hsj_YCX1JUQV.pdf
2023,3,7,school_mock,social,life-and-ethics,question,public_ready,approved_existing,confirmed,official_catalog_and_pdf,ready,,https://wdown.ebsi.co.kr/W61001/01exam/20230711/go3/s_ssnyr_mun_CUDAZF9Y.pdf
2023,3,7,school_mock,social,life-and-ethics,solution,manual_review,verified_pending_import,confirmed,official_catalog_and_pdf,not_imported,,https://wdown.ebsi.co.kr/W61001/01exam/20230711/go3/s_ssnyr_hsj_392E7213.pdf
2023,3,7,school_mock,social,politics-and-law,question,manual_review,verified_pending_import,confirmed,official_catalog_and_pdf,not_imported,,https://wdown.ebsi.co.kr/W61001/01exam/20230711/go3/s_bnj_mun_TW7B5FF4.pdf
2023,3,7,school_mock,social,politics-and-law,solution,manual_review,verified_pending_import,confirmed,official_catalog_and_pdf,not_imported,,https://wdown.ebsi.co.kr/W61001/01exam/20230711/go3/s_bnj_hsj_OPL8T93Q.pdf
2023,3,7,school_mock,social,social-culture,question,manual_review,verified_pending_import,confirmed,official_catalog_and_pdf,not_imported,,https://wdown.ebsi.co.kr/W61001/01exam/20230711/go3/s_samun_mun_AAAMKBBF.pdf
2023,3,7,school_mock,social,social-culture,solution,manual_review,verified_pending_import,confirmed,official_catalog_and_pdf,not_imported,,https://wdown.ebsi.co.kr/W61001/01exam/20230711/go3/s_samun_hsj_Y85TYC6L.pdf
2023,3,7,school_mock,social,world-geography,question,manual_review,verified_pending_import,confirmed,official_catalog_and_pdf,not_imported,,https://wdown.ebsi.co.kr/W61001/01exam/20230711/go3/s_saeji_mun_U8L153J2.pdf
2023,3,7,school_mock,social,world-geography,solution,manual_review,verified_pending_import,confirmed,official_catalog_and_pdf,not_imported,,https://wdown.ebsi.co.kr/W61001/01exam/20230711/go3/s_saeji_hsj_AGFVA63K.pdf
2023,3,7,school_mock,social,world-history,question,manual_review,verified_pending_import,confirmed,official_catalog_and_pdf,not_imported,,https://wdown.ebsi.co.kr/W61001/01exam/20230711/go3/s_sks_mun_LO4LV65B.pdf
2023,3,7,school_mock,social,world-history,solution,manual_review,verified_pending_import,confirmed,official_catalog_and_pdf,not_imported,,https://wdown.ebsi.co.kr/W61001/01exam/20230711/go3/s_sks_hsj_16592RM4.pdf
2023,3,7,school_mock,science,chemistry-1,question,manual_review,verified_pending_import,confirmed,official_catalog_and_pdf,not_imported,,https://wdown.ebsi.co.kr/W61001/01exam/20230711/go3/g_che1_mun_7F911A28.pdf
2023,3,7,school_mock,science,chemistry-1,solution,manual_review,verified_pending_import,confirmed,official_catalog_and_pdf,not_imported,,https://wdown.ebsi.co.kr/W61001/01exam/20230711/go3/g_che1_hsj_ANP2A368.pdf
2023,3,7,school_mock,science,chemistry-2,question,manual_review,verified_pending_import,confirmed,official_catalog_and_pdf,not_imported,,https://wdown.ebsi.co.kr/W61001/01exam/20230711/go3/g_che2_mun_8R3EHOG2.pdf
2023,3,7,school_mock,science,chemistry-2,solution,manual_review,verified_pending_import,confirmed,official_catalog_and_pdf,not_imported,,https://wdown.ebsi.co.kr/W61001/01exam/20230711/go3/g_che2_hsj_8BIWZ7Z7.pdf
2023,3,7,school_mock,science,earth-science-1,question,manual_review,verified_pending_import,confirmed,official_catalog_and_pdf,not_imported,,https://wdown.ebsi.co.kr/W61001/01exam/20230711/go3/g_ear1_mun_ONM73ITX.pdf
2023,3,7,school_mock,science,earth-science-1,solution,manual_review,verified_pending_import,confirmed,official_catalog_and_pdf,not_imported,,https://wdown.ebsi.co.kr/W61001/01exam/20230711/go3/g_ear1_hsj_M5Q6911A.pdf
2023,3,7,school_mock,science,earth-science-2,question,manual_review,verified_pending_import,confirmed,official_catalog_and_pdf,not_imported,,https://wdown.ebsi.co.kr/W61001/01exam/20230711/go3/g_ear2_mun_T9J936H2.pdf
2023,3,7,school_mock,science,earth-science-2,solution,manual_review,verified_pending_import,confirmed,official_catalog_and_pdf,not_imported,,https://wdown.ebsi.co.kr/W61001/01exam/20230711/go3/g_ear2_hsj_29N1ZU5J.pdf
2023,3,7,school_mock,science,life-science-1,question,manual_review,verified_pending_import,confirmed,official_catalog_and_pdf,not_imported,,https://wdown.ebsi.co.kr/W61001/01exam/20230711/go3/g_bio1_mun_1U4Q585A.pdf
2023,3,7,school_mock,science,life-science-1,solution,manual_review,verified_pending_import,confirmed,official_catalog_and_pdf,not_imported,,https://wdown.ebsi.co.kr/W61001/01exam/20230711/go3/g_bio1_hsj_2G9VSLR7.pdf
2023,3,7,school_mock,science,life-science-2,question,manual_review,verified_pending_import,confirmed,official_catalog_and_pdf,not_imported,,https://wdown.ebsi.co.kr/W61001/01exam/20230711/go3/g_bio2_mun_3223L434.pdf
2023,3,7,school_mock,science,life-science-2,solution,manual_review,verified_pending_import,confirmed,official_catalog_and_pdf,not_imported,,https://wdown.ebsi.co.kr/W61001/01exam/20230711/go3/g_bio2_hsj_B2GCU4F1.pdf
2023,3,7,school_mock,science,physics-1,question,manual_review,verified_pending_import,confirmed,official_catalog_and_pdf,not_imported,,https://wdown.ebsi.co.kr/W61001/01exam/20230711/go3/g_phy1_mun_DURJQ57A.pdf
2023,3,7,school_mock,science,physics-1,solution,manual_review,verified_pending_import,confirmed,official_catalog_and_pdf,not_imported,,https://wdown.ebsi.co.kr/W61001/01exam/20230711/go3/g_phy1_hsj_S4E6LQYA.pdf
2023,3,7,school_mock,science,physics-2,question,manual_review,verified_pending_import,confirmed,official_catalog_and_pdf,not_imported,,https://wdown.ebsi.co.kr/W61001/01exam/20230711/go3/g_phy2_mun_2UK4T81K.pdf
2023,3,7,school_mock,science,physics-2,solution,manual_review,verified_pending_import,confirmed,official_catalog_and_pdf,not_imported,,https://wdown.ebsi.co.kr/W61001/01exam/20230711/go3/g_phy2_hsj_ZLETH14M.pdf
2023,3,9,kice_mock,korean,language-and-media,question,manual_review,verified_pending_import,confirmed,official_catalog_and_pdf,not_imported,,https://wdown.ebsi.co.kr/W61001/01exam/20230906/go3/korB_mun_92KUL83H.pdf
2023,3,9,kice_mock,korean,language-and-media,solution,manual_review,verified_pending_import,confirmed,official_catalog_and_pdf,not_imported,,https://wdown.ebsi.co.kr/W61001/01exam/20230906/go3/korB_hsj_YZO3CT73_2.pdf
2023,3,9,kice_mock,korean,speech-and-writing,question,manual_review,verified_pending_import,confirmed,official_catalog_and_pdf,not_imported,,https://wdown.ebsi.co.kr/W61001/01exam/20230906/go3/korA_mun_R5S27JC2.pdf
2023,3,9,kice_mock,korean,speech-and-writing,solution,manual_review,verified_pending_import,confirmed,official_catalog_and_pdf,not_imported,,https://wdown.ebsi.co.kr/W61001/01exam/20230906/go3/korA_hsj_8DB5C9M5_2.pdf
2023,3,9,kice_mock,math,calculus,question,manual_review,verified_pending_import,confirmed,official_catalog_and_pdf,not_imported,,https://wdown.ebsi.co.kr/W61001/01exam/20230906/go3/mathB_mun_N662HNWO.pdf
2023,3,9,kice_mock,math,calculus,solution,manual_review,verified_pending_import,confirmed,official_catalog_and_pdf,not_imported,,https://wdown.ebsi.co.kr/W61001/01exam/20230906/go3/mathB_hsj_448NQCVA.pdf
2023,3,9,kice_mock,math,geometry,question,manual_review,verified_pending_import,confirmed,official_catalog_and_pdf,not_imported,,https://wdown.ebsi.co.kr/W61001/01exam/20230906/go3/mathC_mun_N91MHT39.pdf
2023,3,9,kice_mock,math,geometry,solution,manual_review,verified_pending_import,confirmed,official_catalog_and_pdf,not_imported,,https://wdown.ebsi.co.kr/W61001/01exam/20230906/go3/mathC_hsj_9XMZDW2R.pdf
2023,3,9,kice_mock,math,probability-and-statistics,question,manual_review,verified_pending_import,confirmed,official_catalog_and_pdf,not_imported,,https://wdown.ebsi.co.kr/W61001/01exam/20230906/go3/mathA_mun_M8115AW8.pdf
2023,3,9,kice_mock,math,probability-and-statistics,solution,manual_review,verified_pending_import,confirmed,official_catalog_and_pdf,not_imported,,https://wdown.ebsi.co.kr/W61001/01exam/20230906/go3/mathA_hsj_AL1EQBRA.pdf
2023,3,9,kice_mock,english,,question,manual_review,verified_pending_import,confirmed,official_catalog_and_pdf,not_imported,,https://wdown.ebsi.co.kr/W61001/01exam/20230906/go3/eng_mun_34BYO45U.pdf
2023,3,9,kice_mock,english,,solution,manual_review,verified_pending_import,confirmed,official_catalog_and_pdf,not_imported,,https://wdown.ebsi.co.kr/W61001/01exam/20230906/go3/eng_hsj_GA8I7278_1.pdf
2023,3,9,kice_mock,history,,question,public_ready,approved_existing,confirmed,official_catalog_and_pdf,ready,,https://wdown.ebsi.co.kr/W61001/01exam/20230906/go3/his_main_mun_533AA431.pdf
2023,3,9,kice_mock,history,,solution,manual_review,verified_pending_import,confirmed,official_catalog_and_pdf,not_imported,,https://wdown.ebsi.co.kr/W61001/01exam/20230906/go3/s_his_hsj_BWMBEJ4J.pdf
2023,3,9,kice_mock,social,east-asian-history,question,manual_review,verified_pending_import,confirmed,official_catalog_and_pdf,not_imported,,https://wdown.ebsi.co.kr/W61001/01exam/20230906/go3/s_easta_mun_7U9SV2AP.pdf
2023,3,9,kice_mock,social,east-asian-history,solution,manual_review,verified_pending_import,confirmed,official_catalog_and_pdf,not_imported,,https://wdown.ebsi.co.kr/W61001/01exam/20230906/go3/s_easta_hsj_J3SA1A82.pdf
2023,3,9,kice_mock,social,economics,question,manual_review,verified_pending_import,confirmed,official_catalog_and_pdf,not_imported,,https://wdown.ebsi.co.kr/W61001/01exam/20230906/go3/s_eco_mun_X465W5Y9.pdf
2023,3,9,kice_mock,social,economics,solution,manual_review,verified_pending_import,confirmed,official_catalog_and_pdf,not_imported,,https://wdown.ebsi.co.kr/W61001/01exam/20230906/go3/s_eco_hsj_78Y761Z5.pdf
2023,3,9,kice_mock,social,ethics-and-thought,question,manual_review,verified_pending_import,confirmed,official_catalog_and_pdf,not_imported,,https://wdown.ebsi.co.kr/W61001/01exam/20230906/go3/s_yrnss_mun_8E345TC8.pdf
2023,3,9,kice_mock,social,ethics-and-thought,solution,public_ready,approved_existing,confirmed,official_catalog_and_pdf,ready,,https://wdown.ebsi.co.kr/W61001/01exam/20230906/go3/s_yrnss_hsj_TE6U6Y6O.pdf
2023,3,9,kice_mock,social,korean-geography,question,manual_review,verified_pending_import,confirmed,official_catalog_and_pdf,not_imported,,https://wdown.ebsi.co.kr/W61001/01exam/20230906/go3/s_hanji_mun_46XK45PE.pdf
2023,3,9,kice_mock,social,korean-geography,solution,public_ready,approved_existing,confirmed,official_catalog_and_pdf,ready,,https://wdown.ebsi.co.kr/W61001/01exam/20230906/go3/s_hanji_hsj_PB99SA8U.pdf
2023,3,9,kice_mock,social,life-and-ethics,question,manual_review,verified_pending_import,confirmed,official_catalog_and_pdf,not_imported,,https://wdown.ebsi.co.kr/W61001/01exam/20230906/go3/s_ssnyr_mun_NVXILQAD.pdf
2023,3,9,kice_mock,social,life-and-ethics,solution,public_ready,approved_existing,confirmed,official_catalog_and_pdf,ready,,https://wdown.ebsi.co.kr/W61001/01exam/20230906/go3/s_ssnyr_hsj_23L6N2MZ.pdf
2023,3,9,kice_mock,social,politics-and-law,question,manual_review,verified_pending_import,confirmed,official_catalog_and_pdf,not_imported,,https://wdown.ebsi.co.kr/W61001/01exam/20230906/go3/s_bnj_mun_3V1UX2V4.pdf
2023,3,9,kice_mock,social,politics-and-law,solution,public_ready,approved_existing,confirmed,official_catalog_and_pdf,ready,,https://wdown.ebsi.co.kr/W61001/01exam/20230906/go3/s_bnj_hsj_41MZP9SM.pdf
2023,3,9,kice_mock,social,social-culture,question,manual_review,verified_pending_import,confirmed,official_catalog_and_pdf,not_imported,,https://wdown.ebsi.co.kr/W61001/01exam/20230906/go3/s_samun_mun_Y9RD53MZ.pdf
2023,3,9,kice_mock,social,social-culture,solution,public_ready,approved_existing,confirmed,official_catalog_and_pdf,ready,,https://wdown.ebsi.co.kr/W61001/01exam/20230906/go3/s_samun_hsj_59749N33_1.pdf
2023,3,9,kice_mock,social,world-geography,question,manual_review,verified_pending_import,confirmed,official_catalog_and_pdf,not_imported,,https://wdown.ebsi.co.kr/W61001/01exam/20230906/go3/s_saeji_mun_AF7UQ36T.pdf
2023,3,9,kice_mock,social,world-geography,solution,manual_review,verified_pending_import,confirmed,official_catalog_and_pdf,not_imported,,https://wdown.ebsi.co.kr/W61001/01exam/20230906/go3/s_saeji_hsj_74W64681.pdf
2023,3,9,kice_mock,social,world-history,question,manual_review,verified_pending_import,confirmed,official_catalog_and_pdf,not_imported,,https://wdown.ebsi.co.kr/W61001/01exam/20230906/go3/s_sks_mun_JKM4O556.pdf
2023,3,9,kice_mock,social,world-history,solution,manual_review,verified_pending_import,confirmed,official_catalog_and_pdf,not_imported,,https://wdown.ebsi.co.kr/W61001/01exam/20230906/go3/s_sks_hsj_17I1E79W.pdf
2023,3,9,kice_mock,science,chemistry-1,question,manual_review,verified_pending_import,confirmed,official_catalog_and_pdf,not_imported,,https://wdown.ebsi.co.kr/W61001/01exam/20230906/go3/g_che1_mun_ZSF1KQ67.pdf
2023,3,9,kice_mock,science,chemistry-1,solution,manual_review,verified_pending_import,confirmed,official_catalog_and_pdf,not_imported,,https://wdown.ebsi.co.kr/W61001/01exam/20230906/go3/g_che1_hsj_5391FDAK.pdf
2023,3,9,kice_mock,science,chemistry-2,question,manual_review,verified_pending_import,confirmed,official_catalog_and_pdf,not_imported,,https://wdown.ebsi.co.kr/W61001/01exam/20230906/go3/g_che2_mun_29JU42L5.pdf
2023,3,9,kice_mock,science,chemistry-2,solution,manual_review,verified_pending_import,confirmed,official_catalog_and_pdf,not_imported,,https://wdown.ebsi.co.kr/W61001/01exam/20230906/go3/g_che2_hsj_911R21ML_1.pdf
2023,3,9,kice_mock,science,earth-science-1,question,manual_review,verified_pending_import,confirmed,official_catalog_and_pdf,not_imported,,https://wdown.ebsi.co.kr/W61001/01exam/20230906/go3/g_ear1_mun_9761254Y.pdf
2023,3,9,kice_mock,science,earth-science-1,solution,manual_review,verified_pending_import,confirmed,official_catalog_and_pdf,not_imported,,https://wdown.ebsi.co.kr/W61001/01exam/20230906/go3/g_ear1_hsj_6TEG368M.pdf
2023,3,9,kice_mock,science,earth-science-2,question,manual_review,verified_pending_import,confirmed,official_catalog_and_pdf,not_imported,,https://wdown.ebsi.co.kr/W61001/01exam/20230906/go3/g_ear2_mun_47I647U2.pdf
2023,3,9,kice_mock,science,earth-science-2,solution,public_ready,approved_existing,confirmed,official_catalog_and_pdf,ready,,https://wdown.ebsi.co.kr/W61001/01exam/20230906/go3/g_ear2_hsj_29Q3WZRA.pdf
2023,3,9,kice_mock,science,life-science-1,question,manual_review,verified_pending_import,confirmed,official_catalog_and_pdf,not_imported,,https://wdown.ebsi.co.kr/W61001/01exam/20230906/go3/g_bio1_mun_SK43K29R.pdf
2023,3,9,kice_mock,science,life-science-1,solution,manual_review,verified_pending_import,confirmed,official_catalog_and_pdf,not_imported,,https://wdown.ebsi.co.kr/W61001/01exam/20230906/go3/g_bio1_hsj_89DVXD89_2.pdf
2023,3,9,kice_mock,science,life-science-2,question,manual_review,verified_pending_import,confirmed,official_catalog_and_pdf,not_imported,,https://wdown.ebsi.co.kr/W61001/01exam/20230906/go3/g_bio2_mun_5WYOS117.pdf
2023,3,9,kice_mock,science,life-science-2,solution,manual_review,verified_pending_import,confirmed,official_catalog_and_pdf,not_imported,,https://wdown.ebsi.co.kr/W61001/01exam/20230906/go3/g_bio2_hsj_4C33IP4A_1.pdf
2023,3,9,kice_mock,science,physics-1,question,public_ready,approved_existing,confirmed,official_catalog_and_pdf,ready,,https://wdown.ebsi.co.kr/W61001/01exam/20230906/go3/g_phy1_mun_7B247X68.pdf
2023,3,9,kice_mock,science,physics-1,solution,manual_review,verified_pending_import,confirmed,official_catalog_and_pdf,not_imported,,https://wdown.ebsi.co.kr/W61001/01exam/20230906/go3/g_phy1_hsj_37JHWX6N_1.pdf
2023,3,9,kice_mock,science,physics-2,question,manual_review,verified_pending_import,confirmed,official_catalog_and_pdf,not_imported,,https://wdown.ebsi.co.kr/W61001/01exam/20230906/go3/g_phy2_mun_8A7ZZS1A.pdf
2023,3,9,kice_mock,science,physics-2,solution,manual_review,verified_pending_import,confirmed,official_catalog_and_pdf,not_imported,,https://wdown.ebsi.co.kr/W61001/01exam/20230906/go3/g_phy2_hsj_D4XJ2ERK.pdf
2023,3,9,kice_mock,vocational,agriculture-basics,question,manual_review,verified_pending_import,confirmed,official_catalog_and_pdf,not_imported,,https://wdown.ebsi.co.kr/W61001/01exam/20230906/go3/J_nupgi_mun_WS436PS7.pdf
2023,3,9,kice_mock,vocational,agriculture-basics,solution,public_ready,approved_existing,confirmed,official_catalog_and_pdf,ready,,https://wdown.ebsi.co.kr/W61001/01exam/20230906/go3/J_nupgi_hsj_QG7DW3RZ.pdf
2023,3,9,kice_mock,vocational,commercial-economics,question,manual_review,verified_pending_import,confirmed,official_catalog_and_pdf,not_imported,,https://wdown.ebsi.co.kr/W61001/01exam/20230906/go3/J_sangup_mun_62V8E8HL.pdf
2023,3,9,kice_mock,vocational,commercial-economics,solution,manual_review,verified_pending_import,confirmed,official_catalog_and_pdf,not_imported,,https://wdown.ebsi.co.kr/W61001/01exam/20230906/go3/J_sangup_hsj_HW7357WW.pdf
2023,3,9,kice_mock,vocational,fisheries-and-shipping,question,manual_review,verified_pending_import,confirmed,official_catalog_and_pdf,not_imported,,https://wdown.ebsi.co.kr/W61001/01exam/20230906/go3/J_susan_mun_C2N44Q3L.pdf
2023,3,9,kice_mock,vocational,fisheries-and-shipping,solution,manual_review,verified_pending_import,confirmed,official_catalog_and_pdf,not_imported,,https://wdown.ebsi.co.kr/W61001/01exam/20230906/go3/J_susan_hsj_65VD8M5G.pdf
2023,3,9,kice_mock,vocational,human-development,question,manual_review,verified_pending_import,confirmed,official_catalog_and_pdf,not_imported,,https://wdown.ebsi.co.kr/W61001/01exam/20230906/go3/J_inkan_mun_SA6B3RY8.pdf
2023,3,9,kice_mock,vocational,human-development,solution,public_ready,approved_existing,confirmed,official_catalog_and_pdf,ready,,https://wdown.ebsi.co.kr/W61001/01exam/20230906/go3/J_inkan_hsj_5FUW6S44.pdf
2023,3,9,kice_mock,vocational,industry-general,question,manual_review,verified_pending_import,confirmed,official_catalog_and_pdf,not_imported,,https://wdown.ebsi.co.kr/W61001/01exam/20230906/go3/J_gup_mun_G7VU6913.pdf
2023,3,9,kice_mock,vocational,industry-general,solution,public_ready,approved_existing,confirmed,official_catalog_and_pdf,ready,,https://wdown.ebsi.co.kr/W61001/01exam/20230906/go3/J_gup_hsj_8OMWX734.pdf
2023,3,9,kice_mock,vocational,successful-career-life,question,manual_review,verified_pending_import,confirmed,official_catalog_and_pdf,not_imported,,https://wdown.ebsi.co.kr/W61001/01exam/20230906/go3/J_sjl_mun_G7357F9N.pdf
2023,3,9,kice_mock,vocational,successful-career-life,solution,manual_review,verified_pending_import,confirmed,official_catalog_and_pdf,not_imported,,https://wdown.ebsi.co.kr/W61001/01exam/20230906/go3/J_sjl_hsj_H9GBOJF9.pdf
2023,3,9,kice_mock,second_language,arabic-1,question,manual_review,verified_pending_import,confirmed,official_catalog_and_pdf,not_imported,,https://wdown.ebsi.co.kr/W61001/01exam/20230906/go3/2nd_ar_mun_9C7J77YT.pdf
2023,3,9,kice_mock,second_language,arabic-1,solution,manual_review,verified_pending_import,confirmed,official_catalog_and_pdf,not_imported,,https://wdown.ebsi.co.kr/W61001/01exam/20230906/go3/2nd_ar_hsj_RLP7AYJ5.pdf
2023,3,9,kice_mock,second_language,chinese-1,question,manual_review,verified_pending_import,confirmed,official_catalog_and_pdf,not_imported,,https://wdown.ebsi.co.kr/W61001/01exam/20230906/go3/2nd_ch_mun_GWGJ5R55.pdf
2023,3,9,kice_mock,second_language,chinese-1,solution,public_ready,approved_existing,confirmed,official_catalog_and_pdf,ready,,https://wdown.ebsi.co.kr/W61001/01exam/20230906/go3/2nd_ch_hsj_AJ1DRNAA.pdf
2023,3,9,kice_mock,second_language,classical-chinese-1,question,manual_review,verified_pending_import,confirmed,official_catalog_and_pdf,not_imported,,https://wdown.ebsi.co.kr/W61001/01exam/20230906/go3/2nd_han_mun_5BQJKITJ.pdf
2023,3,9,kice_mock,second_language,classical-chinese-1,solution,public_ready,approved_existing,confirmed,official_catalog_and_pdf,ready,,https://wdown.ebsi.co.kr/W61001/01exam/20230906/go3/2nd_han_hsj_38E67O7R.pdf
2023,3,9,kice_mock,second_language,french-1,question,manual_review,verified_pending_import,confirmed,official_catalog_and_pdf,not_imported,,https://wdown.ebsi.co.kr/W61001/01exam/20230906/go3/2nd_fr_mun_A9T74Z14.pdf
2023,3,9,kice_mock,second_language,french-1,solution,manual_review,verified_pending_import,confirmed,official_catalog_and_pdf,not_imported,,https://wdown.ebsi.co.kr/W61001/01exam/20230906/go3/2nd_fr_hsj_U5596Q2Z.pdf
2023,3,9,kice_mock,second_language,german-1,question,manual_review,verified_pending_import,confirmed,official_catalog_and_pdf,not_imported,,https://wdown.ebsi.co.kr/W61001/01exam/20230906/go3/2nd_gr_mun_7VXA2K56.pdf
2023,3,9,kice_mock,second_language,german-1,solution,public_ready,approved_existing,confirmed,official_catalog_and_pdf,ready,,https://wdown.ebsi.co.kr/W61001/01exam/20230906/go3/2nd_gr_hsj_ZUFECP8B.pdf
2023,3,9,kice_mock,second_language,japanese-1,question,manual_review,verified_pending_import,confirmed,official_catalog_and_pdf,not_imported,,https://wdown.ebsi.co.kr/W61001/01exam/20230906/go3/2nd_ja_mun_55FW35T8.pdf
2023,3,9,kice_mock,second_language,japanese-1,solution,manual_review,verified_pending_import,confirmed,official_catalog_and_pdf,not_imported,,https://wdown.ebsi.co.kr/W61001/01exam/20230906/go3/2nd_ja_hsj_X396VR9S.pdf
2023,3,9,kice_mock,second_language,russian-1,question,manual_review,verified_pending_import,confirmed,official_catalog_and_pdf,not_imported,,https://wdown.ebsi.co.kr/W61001/01exam/20230906/go3/2nd_ru_mun_8NC44UK2.pdf
2023,3,9,kice_mock,second_language,russian-1,solution,manual_review,verified_pending_import,confirmed,official_catalog_and_pdf,not_imported,,https://wdown.ebsi.co.kr/W61001/01exam/20230906/go3/2nd_ru_hsj_AOAEM6TP.pdf
2023,3,9,kice_mock,second_language,spanish-1,question,public_ready,approved_existing,confirmed,official_catalog_and_pdf,ready,,https://wdown.ebsi.co.kr/W61001/01exam/20230906/go3/2nd_sp_mun_WC4661N3.pdf
2023,3,9,kice_mock,second_language,spanish-1,solution,manual_review,verified_pending_import,confirmed,official_catalog_and_pdf,not_imported,,https://wdown.ebsi.co.kr/W61001/01exam/20230906/go3/2nd_sp_hsj_462VK7P1.pdf
2023,3,9,kice_mock,second_language,vietnamese-1,question,manual_review,verified_pending_import,confirmed,official_catalog_and_pdf,not_imported,,https://wdown.ebsi.co.kr/W61001/01exam/20230906/go3/2nd_vit_mun_4X9Y6WCZ.pdf
2023,3,9,kice_mock,second_language,vietnamese-1,solution,public_ready,approved_existing,confirmed,official_catalog_and_pdf,ready,,https://wdown.ebsi.co.kr/W61001/01exam/20230906/go3/2nd_vit_hsj_227KH546.pdf
2023,3,10,school_mock,korean,language-and-media,question,manual_review,verified_pending_import,confirmed,official_catalog_and_pdf,not_imported,,https://wdown.ebsi.co.kr/W61001/01exam/20231012/go3/korB_mun_7PW652HW.pdf
2023,3,10,school_mock,korean,language-and-media,solution,manual_review,verified_pending_import,confirmed,official_catalog_and_pdf,not_imported,,https://wdown.ebsi.co.kr/W61001/01exam/20231012/go3/korB_hsj_78I215FH.pdf
2023,3,10,school_mock,korean,speech-and-writing,question,manual_review,verified_pending_import,confirmed,official_catalog_and_pdf,not_imported,,https://wdown.ebsi.co.kr/W61001/01exam/20231012/go3/korA_mun_ZH5B6QE4.pdf
2023,3,10,school_mock,korean,speech-and-writing,solution,manual_review,verified_pending_import,confirmed,official_catalog_and_pdf,not_imported,,https://wdown.ebsi.co.kr/W61001/01exam/20231012/go3/korA_hsj_H95H2U17.pdf
2023,3,10,school_mock,math,calculus,question,manual_review,verified_pending_import,confirmed,official_catalog_and_pdf,not_imported,,https://wdown.ebsi.co.kr/W61001/01exam/20231012/go3/mathB_mun_4L97N2X9.pdf
2023,3,10,school_mock,math,calculus,solution,manual_review,verified_pending_import,confirmed,official_catalog_and_pdf,not_imported,,https://wdown.ebsi.co.kr/W61001/01exam/20231012/go3/mathB_hsj_SJ6A88WQ.pdf
2023,3,10,school_mock,math,geometry,question,manual_review,verified_pending_import,confirmed,official_catalog_and_pdf,not_imported,,https://wdown.ebsi.co.kr/W61001/01exam/20231012/go3/mathC_mun_5C6FK628.pdf
2023,3,10,school_mock,math,geometry,solution,manual_review,verified_pending_import,confirmed,official_catalog_and_pdf,not_imported,,https://wdown.ebsi.co.kr/W61001/01exam/20231012/go3/mathC_hsj_XWW987Q6.pdf
2023,3,10,school_mock,math,probability-and-statistics,question,manual_review,verified_pending_import,confirmed,official_catalog_and_pdf,not_imported,,https://wdown.ebsi.co.kr/W61001/01exam/20231012/go3/mathA_mun_6Q7B47N5.pdf
2023,3,10,school_mock,math,probability-and-statistics,solution,manual_review,verified_pending_import,confirmed,official_catalog_and_pdf,not_imported,,https://wdown.ebsi.co.kr/W61001/01exam/20231012/go3/mathA_hsj_8RY5PQG2.pdf
2023,3,10,school_mock,english,,question,manual_review,verified_pending_import,confirmed,official_catalog_and_pdf,not_imported,,https://wdown.ebsi.co.kr/W61001/01exam/20231012/go3/eng_mun_8DGJ2P59.pdf
2023,3,10,school_mock,english,,solution,manual_review,verified_pending_import,confirmed,official_catalog_and_pdf,not_imported,,https://wdown.ebsi.co.kr/W61001/01exam/20231012/go3/eng_hsj_M95KNA9J.pdf
2023,3,10,school_mock,history,,question,manual_review,verified_pending_import,confirmed,official_catalog_and_pdf,not_imported,,https://wdown.ebsi.co.kr/W61001/01exam/20231012/go3/s_his_mun_NYK63239.pdf
2023,3,10,school_mock,history,,solution,manual_review,verified_pending_import,confirmed,official_catalog_and_pdf,not_imported,,https://wdown.ebsi.co.kr/W61001/01exam/20231012/go3/s_his_hsj_1895LBK61.pdf
2023,3,10,school_mock,social,east-asian-history,question,manual_review,verified_pending_import,confirmed,official_catalog_and_pdf,not_imported,,https://wdown.ebsi.co.kr/W61001/01exam/20231012/go3/s_easta_mun_33V79P4H.pdf
2023,3,10,school_mock,social,east-asian-history,solution,manual_review,verified_pending_import,confirmed,official_catalog_and_pdf,not_imported,,https://wdown.ebsi.co.kr/W61001/01exam/20231012/go3/s_easta_hsj_D196871J.pdf
2023,3,10,school_mock,social,economics,question,manual_review,verified_pending_import,confirmed,official_catalog_and_pdf,not_imported,,https://wdown.ebsi.co.kr/W61001/01exam/20231012/go3/s_eco_mun_Z312YAH4.pdf
2023,3,10,school_mock,social,economics,solution,manual_review,verified_pending_import,confirmed,official_catalog_and_pdf,not_imported,,https://wdown.ebsi.co.kr/W61001/01exam/20231012/go3/s_eco_hsj_9T98NR42.pdf
2023,3,10,school_mock,social,ethics-and-thought,question,manual_review,verified_pending_import,confirmed,official_catalog_and_pdf,not_imported,,https://wdown.ebsi.co.kr/W61001/01exam/20231012/go3/s_yrnss_mun_G94U236J.pdf
2023,3,10,school_mock,social,ethics-and-thought,solution,manual_review,verified_pending_import,confirmed,official_catalog_and_pdf,not_imported,,https://wdown.ebsi.co.kr/W61001/01exam/20231012/go3/s_yrnss_hsj_M8J14K7R.pdf
2023,3,10,school_mock,social,korean-geography,question,manual_review,verified_pending_import,confirmed,official_catalog_and_pdf,not_imported,,https://wdown.ebsi.co.kr/W61001/01exam/20231012/go3/s_hanji_mun_N9A84934.pdf
2023,3,10,school_mock,social,korean-geography,solution,manual_review,verified_pending_import,confirmed,official_catalog_and_pdf,not_imported,,https://wdown.ebsi.co.kr/W61001/01exam/20231012/go3/s_hanji_hsj_Q9B941Z4.pdf
2023,3,10,school_mock,social,life-and-ethics,question,manual_review,verified_pending_import,confirmed,official_catalog_and_pdf,not_imported,,https://wdown.ebsi.co.kr/W61001/01exam/20231012/go3/s_ssnyr_mun_7OS14QJ2.pdf
2023,3,10,school_mock,social,life-and-ethics,solution,manual_review,verified_pending_import,confirmed,official_catalog_and_pdf,not_imported,,https://wdown.ebsi.co.kr/W61001/01exam/20231012/go3/s_ssnyr_hsj_HFKCV9Q1.pdf
2023,3,10,school_mock,social,politics-and-law,question,manual_review,verified_pending_import,confirmed,official_catalog_and_pdf,not_imported,,https://wdown.ebsi.co.kr/W61001/01exam/20231012/go3/s_bnj_mun_HVZ2Y38O.pdf
2023,3,10,school_mock,social,politics-and-law,solution,manual_review,verified_pending_import,confirmed,official_catalog_and_pdf,not_imported,,https://wdown.ebsi.co.kr/W61001/01exam/20231012/go3/s_bnj_hsj_IQAU7C4P.pdf
2023,3,10,school_mock,social,social-culture,question,manual_review,verified_pending_import,confirmed,official_catalog_and_pdf,not_imported,,https://wdown.ebsi.co.kr/W61001/01exam/20231012/go3/s_samun_mun_O87NAO7C.pdf
2023,3,10,school_mock,social,social-culture,solution,manual_review,verified_pending_import,confirmed,official_catalog_and_pdf,not_imported,,https://wdown.ebsi.co.kr/W61001/01exam/20231012/go3/s_samun_hsj_R2142NA3.pdf
2023,3,10,school_mock,social,world-geography,question,manual_review,verified_pending_import,confirmed,official_catalog_and_pdf,not_imported,,https://wdown.ebsi.co.kr/W61001/01exam/20231012/go3/s_saeji_mun_79GU941U.pdf
2023,3,10,school_mock,social,world-geography,solution,manual_review,verified_pending_import,confirmed,official_catalog_and_pdf,not_imported,,https://wdown.ebsi.co.kr/W61001/01exam/20231012/go3/s_saeji_hsj_5B6582A6.pdf
2023,3,10,school_mock,social,world-history,question,manual_review,verified_pending_import,confirmed,official_catalog_and_pdf,not_imported,,https://wdown.ebsi.co.kr/W61001/01exam/20231012/go3/s_sks_mun_S19MY1BK.pdf
2023,3,10,school_mock,social,world-history,solution,manual_review,verified_pending_import,confirmed,official_catalog_and_pdf,not_imported,,https://wdown.ebsi.co.kr/W61001/01exam/20231012/go3/s_sks_hsj_T49KAUM1.pdf
2023,3,10,school_mock,science,chemistry-1,question,manual_review,verified_pending_import,confirmed,official_catalog_and_pdf,not_imported,,https://wdown.ebsi.co.kr/W61001/01exam/20231012/go3/g_che1_mun_Q6X35T2Q.pdf
2023,3,10,school_mock,science,chemistry-1,solution,manual_review,verified_pending_import,confirmed,official_catalog_and_pdf,not_imported,,https://wdown.ebsi.co.kr/W61001/01exam/20231012/go3/g_che1_hsj_6F3YF3NX.pdf
2023,3,10,school_mock,science,chemistry-2,question,manual_review,verified_pending_import,confirmed,official_catalog_and_pdf,not_imported,,https://wdown.ebsi.co.kr/W61001/01exam/20231012/go3/g_che2_mun_53PO8888.pdf
2023,3,10,school_mock,science,chemistry-2,solution,manual_review,verified_pending_import,confirmed,official_catalog_and_pdf,not_imported,,https://wdown.ebsi.co.kr/W61001/01exam/20231012/go3/g_che2_hsj_3G35IG87.pdf
2023,3,10,school_mock,science,earth-science-1,question,manual_review,verified_pending_import,confirmed,official_catalog_and_pdf,not_imported,,https://wdown.ebsi.co.kr/W61001/01exam/20231012/go3/g_ear1_mun_MU981QSL.pdf
2023,3,10,school_mock,science,earth-science-1,solution,manual_review,verified_pending_import,confirmed,official_catalog_and_pdf,not_imported,,https://wdown.ebsi.co.kr/W61001/01exam/20231012/go3/g_ear1_hsj_G6QYNQJW.pdf
2023,3,10,school_mock,science,earth-science-2,question,manual_review,verified_pending_import,confirmed,official_catalog_and_pdf,not_imported,,https://wdown.ebsi.co.kr/W61001/01exam/20231012/go3/g_ear2_mun_77J5YAN3.pdf
2023,3,10,school_mock,science,earth-science-2,solution,manual_review,verified_pending_import,confirmed,official_catalog_and_pdf,not_imported,,https://wdown.ebsi.co.kr/W61001/01exam/20231012/go3/g_ear2_hsj_4886Y652.pdf
2023,3,10,school_mock,science,life-science-1,question,manual_review,verified_pending_import,confirmed,official_catalog_and_pdf,not_imported,,https://wdown.ebsi.co.kr/W61001/01exam/20231012/go3/g_bio1_mun_5G87BZSM.pdf
2023,3,10,school_mock,science,life-science-1,solution,manual_review,verified_pending_import,confirmed,official_catalog_and_pdf,not_imported,,https://wdown.ebsi.co.kr/W61001/01exam/20231012/go3/g_bio1_hsj_77DUF4XQ.pdf
2023,3,10,school_mock,science,life-science-2,question,manual_review,verified_pending_import,confirmed,official_catalog_and_pdf,not_imported,,https://wdown.ebsi.co.kr/W61001/01exam/20231012/go3/g_bio2_mun_VT2P919E.pdf
2023,3,10,school_mock,science,life-science-2,solution,manual_review,verified_pending_import,confirmed,official_catalog_and_pdf,not_imported,,https://wdown.ebsi.co.kr/W61001/01exam/20231012/go3/g_bio2_hsj_1WV316S5.pdf
2023,3,10,school_mock,science,physics-1,question,manual_review,verified_pending_import,confirmed,official_catalog_and_pdf,not_imported,,https://wdown.ebsi.co.kr/W61001/01exam/20231012/go3/g_phy1_mun_K61EA9M6.pdf
2023,3,10,school_mock,science,physics-1,solution,manual_review,verified_pending_import,confirmed,official_catalog_and_pdf,not_imported,,https://wdown.ebsi.co.kr/W61001/01exam/20231012/go3/g_phy1_hsj_422L5X4A.pdf
2023,3,10,school_mock,science,physics-2,question,manual_review,verified_pending_import,confirmed,official_catalog_and_pdf,not_imported,,https://wdown.ebsi.co.kr/W61001/01exam/20231012/go3/g_phy2_mun_F5B41844.pdf
2023,3,10,school_mock,science,physics-2,solution,manual_review,verified_pending_import,confirmed,official_catalog_and_pdf,not_imported,,https://wdown.ebsi.co.kr/W61001/01exam/20231012/go3/g_phy2_hsj_6W6229CZ.pdf
2023,3,10,school_mock,vocational,agriculture-basics,question,manual_review,verified_pending_import,confirmed,official_catalog_and_pdf,not_imported,,https://wdown.ebsi.co.kr/W61001/01exam/20231012/go3/J_nupgi_mun_M8M2PGE6.pdf
2023,3,10,school_mock,vocational,agriculture-basics,solution,manual_review,verified_pending_import,confirmed,official_catalog_and_pdf,not_imported,,https://wdown.ebsi.co.kr/W61001/01exam/20231012/go3/J_nupgi_hsj_HQSA218Q.pdf
2023,3,10,school_mock,vocational,commercial-economics,question,manual_review,verified_pending_import,confirmed,official_catalog_and_pdf,not_imported,,https://wdown.ebsi.co.kr/W61001/01exam/20231012/go3/J_sangup_mun_89X7E87Q.pdf
2023,3,10,school_mock,vocational,commercial-economics,solution,manual_review,verified_pending_import,confirmed,official_catalog_and_pdf,not_imported,,https://wdown.ebsi.co.kr/W61001/01exam/20231012/go3/J_sangup_hsj_L9N2QBZU.pdf
2023,3,10,school_mock,vocational,fisheries-and-shipping,question,manual_review,verified_pending_import,confirmed,official_catalog_and_pdf,not_imported,,https://wdown.ebsi.co.kr/W61001/01exam/20231012/go3/J_susan_mun_421335C6.pdf
2023,3,10,school_mock,vocational,fisheries-and-shipping,solution,manual_review,verified_pending_import,confirmed,official_catalog_and_pdf,not_imported,,https://wdown.ebsi.co.kr/W61001/01exam/20231012/go3/J_susan_hsj_N4T4YL3I.pdf
2023,3,10,school_mock,vocational,human-development,question,manual_review,verified_pending_import,confirmed,official_catalog_and_pdf,not_imported,,https://wdown.ebsi.co.kr/W61001/01exam/20231012/go3/J_inkan_mun_F1E6RN2X.pdf
2023,3,10,school_mock,vocational,human-development,solution,manual_review,verified_pending_import,confirmed,official_catalog_and_pdf,not_imported,,https://wdown.ebsi.co.kr/W61001/01exam/20231012/go3/J_inkan_hsj_VD487I5Q.pdf
2023,3,10,school_mock,vocational,industry-general,question,manual_review,verified_pending_import,confirmed,official_catalog_and_pdf,not_imported,,https://wdown.ebsi.co.kr/W61001/01exam/20231012/go3/J_gup_mun_27X4QNCK.pdf
2023,3,10,school_mock,vocational,industry-general,solution,manual_review,verified_pending_import,confirmed,official_catalog_and_pdf,not_imported,,https://wdown.ebsi.co.kr/W61001/01exam/20231012/go3/J_gup_hsj_VY6O1R56.pdf
2023,3,10,school_mock,vocational,successful-career-life,question,manual_review,verified_pending_import,confirmed,official_catalog_and_pdf,not_imported,,https://wdown.ebsi.co.kr/W61001/01exam/20231012/go3/J_sjl_mun_326VZ4LS.pdf
2023,3,10,school_mock,vocational,successful-career-life,solution,manual_review,verified_pending_import,confirmed,official_catalog_and_pdf,not_imported,,https://wdown.ebsi.co.kr/W61001/01exam/20231012/go3/J_sjl_hsj_38258TZ5.pdf
2023,3,10,school_mock,second_language,chinese-1,question,public_ready,approved_existing,confirmed,official_catalog_and_pdf,ready,,https://wdown.ebsi.co.kr/W61001/01exam/20231012/go3/2nd_ch_mun_9BN3L6FF.pdf
2023,3,10,school_mock,second_language,chinese-1,solution,manual_review,verified_pending_import,confirmed,official_catalog_and_pdf,not_imported,,https://wdown.ebsi.co.kr/W61001/01exam/20231012/go3/2nd_ch_hsj_II8IDMJ2.pdf
2023,3,10,school_mock,second_language,classical-chinese-1,question,manual_review,verified_pending_import,confirmed,official_catalog_and_pdf,not_imported,,https://wdown.ebsi.co.kr/W61001/01exam/20231012/go3/2nd_han_mun_J18YG982.pdf
2023,3,10,school_mock,second_language,classical-chinese-1,solution,manual_review,verified_pending_import,confirmed,official_catalog_and_pdf,not_imported,,https://wdown.ebsi.co.kr/W61001/01exam/20231012/go3/2nd_han_hsj_GI28X8D3.pdf
2023,3,10,school_mock,second_language,french-1,question,manual_review,verified_pending_import,confirmed,official_catalog_and_pdf,not_imported,,https://wdown.ebsi.co.kr/W61001/01exam/20231012/go3/2nd_fr_mun_7L2Q7I21.pdf
2023,3,10,school_mock,second_language,french-1,solution,manual_review,verified_pending_import,confirmed,official_catalog_and_pdf,not_imported,,https://wdown.ebsi.co.kr/W61001/01exam/20231012/go3/2nd_fr_hsj_FQ6S7O7L.pdf
2023,3,10,school_mock,second_language,german-1,question,manual_review,verified_pending_import,confirmed,official_catalog_and_pdf,not_imported,,https://wdown.ebsi.co.kr/W61001/01exam/20231012/go3/2nd_gr_mun_X813O34N.pdf
2023,3,10,school_mock,second_language,german-1,solution,manual_review,verified_pending_import,confirmed,official_catalog_and_pdf,not_imported,,https://wdown.ebsi.co.kr/W61001/01exam/20231012/go3/2nd_gr_hsj_7II75HP6.pdf
2023,3,10,school_mock,second_language,japanese-1,question,manual_review,verified_pending_import,confirmed,official_catalog_and_pdf,not_imported,,https://wdown.ebsi.co.kr/W61001/01exam/20231012/go3/2nd_ja_mun_F55YD4D5.pdf
2023,3,10,school_mock,second_language,japanese-1,solution,manual_review,verified_pending_import,confirmed,official_catalog_and_pdf,not_imported,,https://wdown.ebsi.co.kr/W61001/01exam/20231012/go3/2nd_ja_hsj_6532877E.pdf
2023,3,10,school_mock,second_language,russian-1,question,manual_review,verified_pending_import,confirmed,official_catalog_and_pdf,not_imported,,https://wdown.ebsi.co.kr/W61001/01exam/20231012/go3/2nd_ru_mun_Y9926A2N.pdf
2023,3,10,school_mock,second_language,russian-1,solution,manual_review,verified_pending_import,confirmed,official_catalog_and_pdf,not_imported,,https://wdown.ebsi.co.kr/W61001/01exam/20231012/go3/2nd_ru_hsj_UYTK28D6.pdf
2023,3,10,school_mock,second_language,spanish-1,question,manual_review,verified_pending_import,confirmed,official_catalog_and_pdf,not_imported,,https://wdown.ebsi.co.kr/W61001/01exam/20231012/go3/2nd_sp_mun_S3VBU12A.pdf
2023,3,10,school_mock,second_language,spanish-1,solution,manual_review,verified_pending_import,confirmed,official_catalog_and_pdf,not_imported,,https://wdown.ebsi.co.kr/W61001/01exam/20231012/go3/2nd_sp_hsj_A9VMJ387.pdf
2023,3,11,csat,korean,language-and-media,question,manual_review,verified_pending_import,confirmed,official_catalog_and_pdf,not_imported,,https://wdown.ebsi.co.kr/W61001/01exam/20231116/go3/korB_1_mun_16PWY9J3.pdf
2023,3,11,csat,korean,language-and-media,solution,manual_review,verified_pending_import,confirmed,official_catalog_and_pdf,not_imported,,https://wdown.ebsi.co.kr/W61001/01exam/20231116/go3/korB_1_hsj_9IT18Z3J_2.pdf
2023,3,11,csat,korean,speech-and-writing,question,manual_review,verified_pending_import,confirmed,official_catalog_and_pdf,not_imported,,https://wdown.ebsi.co.kr/W61001/01exam/20231116/go3/korA_1_mun_P486UVAY.pdf
2023,3,11,csat,korean,speech-and-writing,solution,manual_review,verified_pending_import,confirmed,official_catalog_and_pdf,not_imported,,https://wdown.ebsi.co.kr/W61001/01exam/20231116/go3/korA_1_hsj_6C96YO18.pdf
2023,3,11,csat,math,calculus,question,manual_review,verified_pending_import,confirmed,official_catalog_and_pdf,not_imported,,https://wdown.ebsi.co.kr/W61001/01exam/20231116/go3/mathB_1_mun_13GC1N8A.pdf
2023,3,11,csat,math,calculus,solution,manual_review,verified_pending_import,confirmed,official_catalog_and_pdf,not_imported,,https://wdown.ebsi.co.kr/W61001/01exam/20231116/go3/mathB_1_hsj_CF4SJVF9_2.pdf
2023,3,11,csat,math,geometry,question,manual_review,verified_pending_import,confirmed,official_catalog_and_pdf,not_imported,,https://wdown.ebsi.co.kr/W61001/01exam/20231116/go3/mathC_1_mun_82OX9UN1.pdf
2023,3,11,csat,math,geometry,solution,manual_review,verified_pending_import,confirmed,official_catalog_and_pdf,not_imported,,https://wdown.ebsi.co.kr/W61001/01exam/20231116/go3/mathC_1_hsj_431FE34Z_2.pdf
2023,3,11,csat,math,probability-and-statistics,question,manual_review,verified_pending_import,confirmed,official_catalog_and_pdf,not_imported,,https://wdown.ebsi.co.kr/W61001/01exam/20231116/go3/mathA_1_mun_Y38J49IY.pdf
2023,3,11,csat,math,probability-and-statistics,solution,manual_review,verified_pending_import,confirmed,official_catalog_and_pdf,not_imported,,https://wdown.ebsi.co.kr/W61001/01exam/20231116/go3/mathA_1_hsj_GTAPCV2P_3.pdf
2023,3,11,csat,english,,question,public_ready,approved_existing,confirmed,official_catalog_and_pdf,ready,,https://wdown.ebsi.co.kr/W61001/01exam/20231116/go3/eng_1_mun_A3KO1N22.pdf
2023,3,11,csat,english,,solution,public_ready,approved_existing,confirmed,official_catalog_and_pdf,ready,,https://wdown.ebsi.co.kr/W61001/01exam/20231116/go3/eng_1_hsj_YANDRG8A_1.pdf
2023,3,11,csat,history,,question,manual_review,verified_pending_import,confirmed,official_catalog_and_pdf,not_imported,,https://wdown.ebsi.co.kr/W61001/01exam/20231116/go3/s_his_1_mun_5SQSX862.pdf
2023,3,11,csat,history,,solution,public_ready,approved_existing,confirmed,official_catalog_and_pdf,ready,,https://wdown.ebsi.co.kr/W61001/01exam/20231116/go3/his_main_hsj_9M3K3K46.pdf
2023,3,11,csat,social,east-asian-history,question,manual_review,verified_pending_import,confirmed,official_catalog_and_pdf,not_imported,,https://wdown.ebsi.co.kr/W61001/01exam/20231116/go3/s_easta_mun_U822OB66.pdf
2023,3,11,csat,social,east-asian-history,solution,manual_review,verified_pending_import,confirmed,official_catalog_and_pdf,not_imported,,https://wdown.ebsi.co.kr/W61001/01exam/20231116/go3/s_easta_hsj_T2J19B92.pdf
2023,3,11,csat,social,economics,question,public_ready,approved_existing,confirmed,official_catalog_and_pdf,ready,,https://wdown.ebsi.co.kr/W61001/01exam/20231116/go3/s_eco_mun_J1X4X2ZA.pdf
2023,3,11,csat,social,economics,solution,manual_review,verified_pending_import,confirmed,official_catalog_and_pdf,not_imported,,https://wdown.ebsi.co.kr/W61001/01exam/20231116/go3/s_eco_hsj_FY6N4IIW.pdf
2023,3,11,csat,social,ethics-and-thought,question,manual_review,verified_pending_import,confirmed,official_catalog_and_pdf,not_imported,,https://wdown.ebsi.co.kr/W61001/01exam/20231116/go3/s_yrnss_mun_6KK24866.pdf
2023,3,11,csat,social,ethics-and-thought,solution,manual_review,verified_pending_import,confirmed,official_catalog_and_pdf,not_imported,,https://wdown.ebsi.co.kr/W61001/01exam/20231116/go3/s_yrnss_hsj_K5631DUM.pdf
2023,3,11,csat,social,korean-geography,question,manual_review,verified_pending_import,confirmed,official_catalog_and_pdf,not_imported,,https://wdown.ebsi.co.kr/W61001/01exam/20231116/go3/s_hanji_mun_FT13MD16.pdf
2023,3,11,csat,social,korean-geography,solution,public_ready,approved_existing,confirmed,official_catalog_and_pdf,ready,,https://wdown.ebsi.co.kr/W61001/01exam/20231116/go3/s_hanji_hsj_H7125998.pdf
2023,3,11,csat,social,life-and-ethics,question,manual_review,verified_pending_import,confirmed,official_catalog_and_pdf,not_imported,,https://wdown.ebsi.co.kr/W61001/01exam/20231116/go3/s_ssnyr_mun_P91LLN4B.pdf
2023,3,11,csat,social,life-and-ethics,solution,manual_review,verified_pending_import,confirmed,official_catalog_and_pdf,not_imported,,https://wdown.ebsi.co.kr/W61001/01exam/20231116/go3/s_ssnyr_hsj_32684H2S_3.pdf
2023,3,11,csat,social,politics-and-law,question,manual_review,verified_pending_import,confirmed,official_catalog_and_pdf,not_imported,,https://wdown.ebsi.co.kr/W61001/01exam/20231116/go3/s_bnj_mun_89DQ39R7.pdf
2023,3,11,csat,social,politics-and-law,solution,manual_review,verified_pending_import,confirmed,official_catalog_and_pdf,not_imported,,https://wdown.ebsi.co.kr/W61001/01exam/20231116/go3/s_bnj_hsj_S41FN5C5_1.pdf
2023,3,11,csat,social,social-culture,question,manual_review,verified_pending_import,confirmed,official_catalog_and_pdf,not_imported,,https://wdown.ebsi.co.kr/W61001/01exam/20231116/go3/s_samun_mun_5K4D2B7U.pdf
2023,3,11,csat,social,social-culture,solution,manual_review,verified_pending_import,confirmed,official_catalog_and_pdf,not_imported,,https://wdown.ebsi.co.kr/W61001/01exam/20231116/go3/s_samun_hsj_E9NAIDX8_1.pdf
2023,3,11,csat,social,world-geography,question,manual_review,verified_pending_import,confirmed,official_catalog_and_pdf,not_imported,,https://wdown.ebsi.co.kr/W61001/01exam/20231116/go3/s_saeji_mun_J2YQ6O4N.pdf
2023,3,11,csat,social,world-geography,solution,public_ready,approved_existing,confirmed,official_catalog_and_pdf,ready,,https://wdown.ebsi.co.kr/W61001/01exam/20231116/go3/s_saeji_hsj_3D7CDAA4.pdf
2023,3,11,csat,social,world-history,question,manual_review,verified_pending_import,confirmed,official_catalog_and_pdf,not_imported,,https://wdown.ebsi.co.kr/W61001/01exam/20231116/go3/s_sks_mun_2SUY8V92.pdf
2023,3,11,csat,social,world-history,solution,public_ready,approved_existing,confirmed,official_catalog_and_pdf,ready,,https://wdown.ebsi.co.kr/W61001/01exam/20231116/go3/s_sks_hsj_1FAWB361.pdf
2023,3,11,csat,science,chemistry-1,question,public_ready,approved_existing,confirmed,official_catalog_and_pdf,ready,,https://wdown.ebsi.co.kr/W61001/01exam/20231116/go3/g_che1_mun_WLN9X458.pdf
2023,3,11,csat,science,chemistry-1,solution,public_ready,approved_existing,confirmed,official_catalog_and_pdf,ready,,https://wdown.ebsi.co.kr/W61001/01exam/20231116/go3/g_che1_hsj_48WE1BB3.pdf
2023,3,11,csat,science,chemistry-2,question,manual_review,verified_pending_import,confirmed,official_catalog_and_pdf,not_imported,,https://wdown.ebsi.co.kr/W61001/01exam/20231116/go3/g_che2_mun_2Z7Q78S8.pdf
2023,3,11,csat,science,chemistry-2,solution,manual_review,verified_pending_import,confirmed,official_catalog_and_pdf,not_imported,,https://wdown.ebsi.co.kr/W61001/01exam/20231116/go3/g_che2_hsj_754KXN15.pdf
2023,3,11,csat,science,earth-science-1,question,manual_review,verified_pending_import,confirmed,official_catalog_and_pdf,not_imported,,https://wdown.ebsi.co.kr/W61001/01exam/20231116/go3/g_ear1_mun_6GUEO5VO.pdf
2023,3,11,csat,science,earth-science-1,solution,public_ready,approved_existing,confirmed,official_catalog_and_pdf,ready,,https://wdown.ebsi.co.kr/W61001/01exam/20231116/go3/g_ear1_hsj_WZKQQ2JF.pdf
2023,3,11,csat,science,earth-science-2,question,manual_review,verified_pending_import,confirmed,official_catalog_and_pdf,not_imported,,https://wdown.ebsi.co.kr/W61001/01exam/20231116/go3/g_ear2_mun_SSS6195T.pdf
2023,3,11,csat,science,earth-science-2,solution,public_ready,approved_existing,confirmed,official_catalog_and_pdf,ready,,https://wdown.ebsi.co.kr/W61001/01exam/20231116/go3/g_ear2_hsj_816ZK5W5.pdf
2023,3,11,csat,science,life-science-1,question,manual_review,verified_pending_import,confirmed,official_catalog_and_pdf,not_imported,,https://wdown.ebsi.co.kr/W61001/01exam/20231116/go3/g_bio1_mun_2RAKM6FK.pdf
2023,3,11,csat,science,life-science-1,solution,manual_review,verified_pending_import,confirmed,official_catalog_and_pdf,not_imported,,https://wdown.ebsi.co.kr/W61001/01exam/20231116/go3/g_bio1_hsj_823OKW17_1.pdf
2023,3,11,csat,science,life-science-2,question,manual_review,verified_pending_import,confirmed,official_catalog_and_pdf,not_imported,,https://wdown.ebsi.co.kr/W61001/01exam/20231116/go3/g_bio2_mun_3T77N1R6.pdf
2023,3,11,csat,science,life-science-2,solution,manual_review,verified_pending_import,confirmed,official_catalog_and_pdf,not_imported,,https://wdown.ebsi.co.kr/W61001/01exam/20231116/go3/g_bio2_hsj_T9968353_1.pdf
2023,3,11,csat,science,physics-1,question,public_ready,approved_existing,confirmed,official_catalog_and_pdf,ready,,https://wdown.ebsi.co.kr/W61001/01exam/20231116/go3/g_phy1_mun_79YM8687.pdf
2023,3,11,csat,science,physics-1,solution,manual_review,verified_pending_import,confirmed,official_catalog_and_pdf,not_imported,,https://wdown.ebsi.co.kr/W61001/01exam/20231116/go3/g_phy1_hsj_8V4K88TK.pdf
2023,3,11,csat,science,physics-2,question,manual_review,verified_pending_import,confirmed,official_catalog_and_pdf,not_imported,,https://wdown.ebsi.co.kr/W61001/01exam/20231116/go3/g_phy2_mun_9BUTLS8V.pdf
2023,3,11,csat,science,physics-2,solution,public_ready,approved_existing,confirmed,official_catalog_and_pdf,ready,,https://wdown.ebsi.co.kr/W61001/01exam/20231116/go3/g_phy2_hsj_468WNJ8X.pdf
2023,3,11,csat,vocational,agriculture-basics,question,manual_review,verified_pending_import,confirmed,official_catalog_and_pdf,not_imported,,https://wdown.ebsi.co.kr/W61001/01exam/20231116/go3/J_nupgi_mun_1378V1ET.pdf
2023,3,11,csat,vocational,agriculture-basics,solution,manual_review,verified_pending_import,confirmed,official_catalog_and_pdf,not_imported,,https://wdown.ebsi.co.kr/W61001/01exam/20231116/go3/J_nupgi_hsj_4A9H8RO7.pdf
2023,3,11,csat,vocational,commercial-economics,question,manual_review,verified_pending_import,confirmed,official_catalog_and_pdf,not_imported,,https://wdown.ebsi.co.kr/W61001/01exam/20231116/go3/J_sangup_mun_UK519SZ4.pdf
2023,3,11,csat,vocational,commercial-economics,solution,manual_review,verified_pending_import,confirmed,official_catalog_and_pdf,not_imported,,https://wdown.ebsi.co.kr/W61001/01exam/20231116/go3/J_sangup_hsj_LJT3V43A.pdf
2023,3,11,csat,vocational,fisheries-and-shipping,question,manual_review,verified_pending_import,confirmed,official_catalog_and_pdf,not_imported,,https://wdown.ebsi.co.kr/W61001/01exam/20231116/go3/J_susan_mun_P99YK22T.pdf
2023,3,11,csat,vocational,fisheries-and-shipping,solution,manual_review,verified_pending_import,confirmed,official_catalog_and_pdf,not_imported,,https://wdown.ebsi.co.kr/W61001/01exam/20231116/go3/J_susan_hsj_2JEO8ZUG.pdf
2023,3,11,csat,vocational,human-development,question,manual_review,verified_pending_import,confirmed,official_catalog_and_pdf,not_imported,,https://wdown.ebsi.co.kr/W61001/01exam/20231116/go3/J_inkan_mun_SK1G37UG.pdf
2023,3,11,csat,vocational,human-development,solution,public_ready,approved_existing,confirmed,official_catalog_and_pdf,ready,,https://wdown.ebsi.co.kr/W61001/01exam/20231116/go3/J_inkan_hsj_6KIG941G.pdf
2023,3,11,csat,vocational,industry-general,question,manual_review,verified_pending_import,confirmed,official_catalog_and_pdf,not_imported,,https://wdown.ebsi.co.kr/W61001/01exam/20231116/go3/J_gup_mun_6AEL88QT.pdf
2023,3,11,csat,vocational,industry-general,solution,manual_review,verified_pending_import,confirmed,official_catalog_and_pdf,not_imported,,https://wdown.ebsi.co.kr/W61001/01exam/20231116/go3/J_gup_hsj_SMV92RLY.pdf
2023,3,11,csat,vocational,successful-career-life,question,manual_review,verified_pending_import,confirmed,official_catalog_and_pdf,not_imported,,https://wdown.ebsi.co.kr/W61001/01exam/20231116/go3/J_sjl_mun_9898TM81.pdf
2023,3,11,csat,vocational,successful-career-life,solution,public_ready,approved_existing,confirmed,official_catalog_and_pdf,ready,,https://wdown.ebsi.co.kr/W61001/01exam/20231116/go3/J_sjl_hsj_EU5DXQ7W.pdf
2023,3,11,csat,second_language,arabic-1,question,manual_review,verified_pending_import,confirmed,official_catalog_and_pdf,not_imported,,https://wdown.ebsi.co.kr/W61001/01exam/20231116/go3/2nd_ar_mun_AB84DREN.pdf
2023,3,11,csat,second_language,arabic-1,solution,manual_review,verified_pending_import,confirmed,official_catalog_and_pdf,not_imported,,https://wdown.ebsi.co.kr/W61001/01exam/20231116/go3/2nd_ar_hsj_J11O1V4S.pdf
2023,3,11,csat,second_language,chinese-1,question,public_ready,approved_existing,confirmed,official_catalog_and_pdf,ready,,https://wdown.ebsi.co.kr/W61001/01exam/20231116/go3/2nd_ch_mun_67U5T2WP.pdf
2023,3,11,csat,second_language,chinese-1,solution,manual_review,verified_pending_import,confirmed,official_catalog_and_pdf,not_imported,,https://wdown.ebsi.co.kr/W61001/01exam/20231116/go3/2nd_ch_hsj_HELO3OG9_1.pdf
2023,3,11,csat,second_language,classical-chinese-1,question,manual_review,verified_pending_import,confirmed,official_catalog_and_pdf,not_imported,,https://wdown.ebsi.co.kr/W61001/01exam/20231116/go3/2nd_han_mun_22YL4P84.pdf
2023,3,11,csat,second_language,classical-chinese-1,solution,manual_review,verified_pending_import,confirmed,official_catalog_and_pdf,not_imported,,https://wdown.ebsi.co.kr/W61001/01exam/20231116/go3/2nd_han_hsj_2LVI67Q7.pdf
2023,3,11,csat,second_language,french-1,question,public_ready,approved_existing,confirmed,official_catalog_and_pdf,ready,,https://wdown.ebsi.co.kr/W61001/01exam/20231116/go3/2nd_fr_mun_CQPR2DHE.pdf
2023,3,11,csat,second_language,french-1,solution,manual_review,verified_pending_import,confirmed,official_catalog_and_pdf,not_imported,,https://wdown.ebsi.co.kr/W61001/01exam/20231116/go3/2nd_fr_hsj_356V1V6S.pdf
2023,3,11,csat,second_language,german-1,question,manual_review,verified_pending_import,confirmed,official_catalog_and_pdf,not_imported,,https://wdown.ebsi.co.kr/W61001/01exam/20231116/go3/2nd_gr_mun_79WZ2EU3.pdf
2023,3,11,csat,second_language,german-1,solution,manual_review,verified_pending_import,confirmed,official_catalog_and_pdf,not_imported,,https://wdown.ebsi.co.kr/W61001/01exam/20231116/go3/2nd_gr_hsj_U83Y5AVZ.pdf
2023,3,11,csat,second_language,japanese-1,question,manual_review,verified_pending_import,confirmed,official_catalog_and_pdf,not_imported,,https://wdown.ebsi.co.kr/W61001/01exam/20231116/go3/2nd_ja_mun_K5YDF796.pdf
2023,3,11,csat,second_language,japanese-1,solution,manual_review,verified_pending_import,confirmed,official_catalog_and_pdf,not_imported,,https://wdown.ebsi.co.kr/W61001/01exam/20231116/go3/2nd_ja_hsj_5EN526XA.pdf
2023,3,11,csat,second_language,russian-1,question,manual_review,verified_pending_import,confirmed,official_catalog_and_pdf,not_imported,,https://wdown.ebsi.co.kr/W61001/01exam/20231116/go3/2nd_ru_mun_45J213UQ.pdf
2023,3,11,csat,second_language,russian-1,solution,manual_review,verified_pending_import,confirmed,official_catalog_and_pdf,not_imported,,https://wdown.ebsi.co.kr/W61001/01exam/20231116/go3/2nd_ru_hsj_6H8UHDRH.pdf
2023,3,11,csat,second_language,spanish-1,question,manual_review,verified_pending_import,confirmed,official_catalog_and_pdf,not_imported,,https://wdown.ebsi.co.kr/W61001/01exam/20231116/go3/2nd_sp_mun_CP7A5836.pdf
2023,3,11,csat,second_language,spanish-1,solution,public_ready,approved_existing,confirmed,official_catalog_and_pdf,ready,,https://wdown.ebsi.co.kr/W61001/01exam/20231116/go3/2nd_sp_hsj_BOU4H47L.pdf
2023,3,11,csat,second_language,vietnamese-1,question,manual_review,verified_pending_import,confirmed,official_catalog_and_pdf,not_imported,,https://wdown.ebsi.co.kr/W61001/01exam/20231116/go3/2nd_vit_mun_5OS974Y3.pdf
2023,3,11,csat,second_language,vietnamese-1,solution,public_ready,approved_existing,confirmed,official_catalog_and_pdf,ready,,https://wdown.ebsi.co.kr/W61001/01exam/20231116/go3/2nd_vit_hsj_RS41648Q.pdf
