year,grade,month,exam_type,subject,course_code,file_type,status,reason,count_as_expected,expected_basis,db_status,public_file_id,official_url
2024,1,3,school_mock,korean,,question,public_ready,approved_existing,confirmed,official_catalog_and_pdf,ready,,https://wdown.ebsi.co.kr/W61001/01exam/20240328/go1/kor_main_mun_I53O6E94.pdf
2024,1,3,school_mock,korean,,solution,public_ready,approved_existing,confirmed,official_catalog_and_pdf,ready,,https://wdown.ebsi.co.kr/W61001/01exam/20240328/go1/kor_main_hsj_D242MH3O.pdf
2024,1,3,school_mock,math,,question,public_ready,approved_existing,confirmed,official_catalog_and_pdf,ready,,https://wdown.ebsi.co.kr/W61001/01exam/20240328/go1/math_main_mun_CV5REF31.pdf
2024,1,3,school_mock,math,,solution,manual_review,1쪽·문서 전체에 시행 연도·월·학년 표기 없음 (영역·정답만 보임),confirmed,official_catalog_and_pdf,manual_review,,https://wdown.ebsi.co.kr/W61001/01exam/20240328/go1/math_main_hsj_REEG3C39.pdf
2024,1,3,school_mock,english,,question,manual_review,verified_pending_import,confirmed,official_catalog_and_pdf,not_imported,,https://wdown.ebsi.co.kr/W61001/01exam/20240328/go1/eng_mun_1SJXFCM9.pdf
2024,1,3,school_mock,english,,solution,manual_review,1쪽·문서 전체에 시행 연도·월·학년 표기 없음 (영역·정답만 보임),confirmed,official_catalog_and_pdf,manual_review,,https://wdown.ebsi.co.kr/W61001/01exam/20240328/go1/eng_main_hsj_5OF854ID.pdf
2024,1,3,school_mock,history,,question,public_ready,approved_existing,confirmed,official_catalog_and_pdf,ready,,https://wdown.ebsi.co.kr/W61001/01exam/20240328/go1/his_main_mun_3FQ8IZ5K.pdf
2024,1,3,school_mock,history,,solution,manual_review,verified_pending_import,confirmed,official_catalog_and_pdf,not_imported,,https://wdown.ebsi.co.kr/W61001/01exam/20240328/go1/s_his_hsj_62SSXP51.pdf
2024,1,3,school_mock,social,integrated-social,question,manual_review,verified_pending_import,confirmed,official_catalog_and_pdf,not_imported,,https://wdown.ebsi.co.kr/W61001/01exam/20240328/go1/s_soc_mun_7MHACK3R.pdf
2024,1,3,school_mock,social,integrated-social,solution,manual_review,verified_pending_import,confirmed,official_catalog_and_pdf,not_imported,,https://wdown.ebsi.co.kr/W61001/01exam/20240328/go1/s_soc_hsj_F4214G5T.pdf
2024,1,3,school_mock,science,integrated-science,question,manual_review,과목 불일치: 문제지 표기 '탐구 영역(과학)' (고1 3월은 중학 과정) — CSV 의 통합과학(integrated-science) 과 다름,confirmed,official_catalog_and_pdf,manual_review,,https://wdown.ebsi.co.kr/W61001/01exam/20240328/go1/gat_main_mun_266Y98DR.pdf
2024,1,3,school_mock,science,integrated-science,solution,manual_review,verified_pending_import,confirmed,official_catalog_and_pdf,not_imported,,https://wdown.ebsi.co.kr/W61001/01exam/20240328/go1/g_sci_hsj_799FXX1J.pdf
2024,1,6,school_mock,korean,,question,public_ready,approved_existing,confirmed,official_catalog_and_pdf,ready,,https://wdown.ebsi.co.kr/W61001/01exam/20240604/go1/kor_main_mun_IQ4V881X.pdf
2024,1,6,school_mock,korean,,solution,public_ready,approved_existing,confirmed,official_catalog_and_pdf,ready,,https://wdown.ebsi.co.kr/W61001/01exam/20240604/go1/kor_main_hsj_BTAKQ5AO.pdf
2024,1,6,school_mock,math,,question,manual_review,verified_pending_import,confirmed,official_catalog_and_pdf,not_imported,,https://wdown.ebsi.co.kr/W61001/01exam/20240604/go1/math_mun_TV68W359.pdf
2024,1,6,school_mock,math,,solution,public_ready,approved_existing,confirmed,official_catalog_and_pdf,ready,,https://wdown.ebsi.co.kr/W61001/01exam/20240604/go1/math_main_hsj_7A567S56.pdf
2024,1,6,school_mock,english,,question,manual_review,verified_pending_import,confirmed,official_catalog_and_pdf,not_imported,,https://wdown.ebsi.co.kr/W61001/01exam/20240604/go1/eng_mun_659MN5Z2.pdf
2024,1,6,school_mock,english,,solution,manual_review,verified_pending_import,confirmed,official_catalog_and_pdf,not_imported,,https://wdown.ebsi.co.kr/W61001/01exam/20240604/go1/eng_hsj_Q99QR69A.pdf
2024,1,6,school_mock,history,,question,public_ready,approved_existing,confirmed,official_catalog_and_pdf,ready,,https://wdown.ebsi.co.kr/W61001/01exam/20240604/go1/his_main_mun_1XRC9522.pdf
2024,1,6,school_mock,history,,solution,manual_review,verified_pending_import,confirmed,official_catalog_and_pdf,not_imported,,https://wdown.ebsi.co.kr/W61001/01exam/20240604/go1/s_his_hsj_M57S8J5X.pdf
2024,1,6,school_mock,social,integrated-social,question,public_ready,approved_existing,confirmed,official_catalog_and_pdf,ready,,https://wdown.ebsi.co.kr/W61001/01exam/20240604/go1/sat_main_mun_Z3V9R89W.pdf
2024,1,6,school_mock,social,integrated-social,solution,manual_review,verified_pending_import,confirmed,official_catalog_and_pdf,not_imported,,https://wdown.ebsi.co.kr/W61001/01exam/20240604/go1/s_soc_hsj_J47A4N47.pdf
2024,1,6,school_mock,science,integrated-science,question,public_ready,approved_existing,confirmed,official_catalog_and_pdf,ready,,https://wdown.ebsi.co.kr/W61001/01exam/20240604/go1/gat_main_mun_C9PM7A84.pdf
2024,1,6,school_mock,science,integrated-science,solution,public_ready,approved_existing,confirmed,official_catalog_and_pdf,ready,,https://wdown.ebsi.co.kr/W61001/01exam/20240604/go1/gat_main_hsj_QFC15N17.pdf
2024,1,9,school_mock,korean,,question,manual_review,verified_pending_import,confirmed,official_catalog_and_pdf,not_imported,,https://wdown.ebsi.co.kr/W61001/01exam/20240904/go1/kor_mun_76DL7ZJ6.pdf
2024,1,9,school_mock,korean,,solution,manual_review,verified_pending_import,confirmed,official_catalog_and_pdf,not_imported,,https://wdown.ebsi.co.kr/W61001/01exam/20240904/go1/kor_hsj_W74UM25M.pdf
2024,1,9,school_mock,math,,question,manual_review,verified_pending_import,confirmed,official_catalog_and_pdf,not_imported,,https://wdown.ebsi.co.kr/W61001/01exam/20240904/go1/math_mun_OFN9IRIA.pdf
2024,1,9,school_mock,math,,solution,manual_review,verified_pending_import,confirmed,official_catalog_and_pdf,not_imported,,https://wdown.ebsi.co.kr/W61001/01exam/20240904/go1/math_hsj_4Y8289B8.pdf
2024,1,9,school_mock,english,,question,manual_review,verified_pending_import,confirmed,official_catalog_and_pdf,not_imported,,https://wdown.ebsi.co.kr/W61001/01exam/20240904/go1/eng_1_mun_74BN67EO.pdf
2024,1,9,school_mock,english,,solution,public_ready,approved_existing,confirmed,official_catalog_and_pdf,ready,,https://wdown.ebsi.co.kr/W61001/01exam/20240904/go1/eng_main_hsj_QH49KA8V.pdf
2024,1,9,school_mock,history,,question,manual_review,verified_pending_import,confirmed,official_catalog_and_pdf,not_imported,,https://wdown.ebsi.co.kr/W61001/01exam/20240904/go1/s_his_1_mun_1IEM74OA.pdf
2024,1,9,school_mock,history,,solution,public_ready,approved_existing,confirmed,official_catalog_and_pdf,ready,,https://wdown.ebsi.co.kr/W61001/01exam/20240904/go1/his_main_hsj_9712EG43.pdf
2024,1,9,school_mock,social,integrated-social,question,public_ready,approved_existing,confirmed,official_catalog_and_pdf,ready,,https://wdown.ebsi.co.kr/W61001/01exam/20240904/go1/sat_main_mun_C71RJ7QW.pdf
2024,1,9,school_mock,social,integrated-social,solution,manual_review,verified_pending_import,confirmed,official_catalog_and_pdf,not_imported,,https://wdown.ebsi.co.kr/W61001/01exam/20240904/go1/s_soc_hsj_M6A5179Z.pdf
2024,1,9,school_mock,science,integrated-science,question,manual_review,verified_pending_import,confirmed,official_catalog_and_pdf,not_imported,,https://wdown.ebsi.co.kr/W61001/01exam/20240904/go1/g_sci_mun_9C9CS868.pdf
2024,1,9,school_mock,science,integrated-science,solution,public_ready,approved_existing,confirmed,official_catalog_and_pdf,ready,,https://wdown.ebsi.co.kr/W61001/01exam/20240904/go1/gat_main_hsj_JI7665J7.pdf
2024,1,10,school_mock,korean,,question,public_ready,approved_existing,confirmed,official_catalog_and_pdf,ready,,https://wdown.ebsi.co.kr/W61001/01exam/20241015/go1/kor_main_mun_1A87P5PS.pdf
2024,1,10,school_mock,korean,,solution,manual_review,verified_pending_import,confirmed,official_catalog_and_pdf,not_imported,,https://wdown.ebsi.co.kr/W61001/01exam/20241015/go1/kor_hsj_M4258A7J.pdf
2024,1,10,school_mock,math,,question,public_ready,approved_existing,confirmed,official_catalog_and_pdf,ready,,https://wdown.ebsi.co.kr/W61001/01exam/20241015/go1/math_main_mun_1SC4HVA4.pdf
2024,1,10,school_mock,math,,solution,public_ready,approved_existing,confirmed,official_catalog_and_pdf,ready,,https://wdown.ebsi.co.kr/W61001/01exam/20241015/go1/math_main_hsj_89781QVZ.pdf
2024,1,10,school_mock,english,,question,manual_review,verified_pending_import,confirmed,official_catalog_and_pdf,not_imported,,https://wdown.ebsi.co.kr/W61001/01exam/20241015/go1/eng_1_mun_JE17ML5L.pdf
2024,1,10,school_mock,english,,solution,manual_review,verified_pending_import,confirmed,official_catalog_and_pdf,not_imported,,https://wdown.ebsi.co.kr/W61001/01exam/20241015/go1/eng_1_hsj_9HYL39WL.pdf
2024,1,10,school_mock,history,,question,manual_review,verified_pending_import,confirmed,official_catalog_and_pdf,not_imported,,https://wdown.ebsi.co.kr/W61001/01exam/20241015/go1/s_his_1_mun_PM88KQ72.pdf
2024,1,10,school_mock,history,,solution,manual_review,verified_pending_import,confirmed,official_catalog_and_pdf,not_imported,,https://wdown.ebsi.co.kr/W61001/01exam/20241015/go1/s_his_1_hsj_664KMLSL.pdf
2024,1,10,school_mock,social,integrated-social,question,public_ready,approved_existing,confirmed,official_catalog_and_pdf,ready,,https://wdown.ebsi.co.kr/W61001/01exam/20241015/go1/sat_main_mun_4A2PS99A.pdf
2024,1,10,school_mock,social,integrated-social,solution,manual_review,verified_pending_import,confirmed,official_catalog_and_pdf,not_imported,,https://wdown.ebsi.co.kr/W61001/01exam/20241015/go1/s_soc_hsj_E3IP933W.pdf
2024,1,10,school_mock,science,integrated-science,question,manual_review,verified_pending_import,confirmed,official_catalog_and_pdf,not_imported,,https://wdown.ebsi.co.kr/W61001/01exam/20241015/go1/g_sci_mun_MQXUM8PP.pdf
2024,1,10,school_mock,science,integrated-science,solution,public_ready,approved_existing,confirmed,official_catalog_and_pdf,ready,,https://wdown.ebsi.co.kr/W61001/01exam/20241015/go1/gat_main_hsj_9965V4NP.pdf
2024,2,3,school_mock,korean,,question,manual_review,verified_pending_import,confirmed,official_catalog_and_pdf,not_imported,,https://wdown.ebsi.co.kr/W61001/01exam/20240328/go2/kor_mun_28P1134K.pdf
2024,2,3,school_mock,korean,,solution,public_ready,approved_existing,confirmed,official_catalog_and_pdf,ready,,https://wdown.ebsi.co.kr/W61001/01exam/20240328/go2/kor_main_hsj_X9SVXB2G.pdf
2024,2,3,school_mock,math,,question,manual_review,verified_pending_import,confirmed,official_catalog_and_pdf,not_imported,,https://wdown.ebsi.co.kr/W61001/01exam/20240328/go2/math_mun_8JACA7D6.pdf
2024,2,3,school_mock,math,,solution,manual_review,verified_pending_import,confirmed,official_catalog_and_pdf,not_imported,,https://wdown.ebsi.co.kr/W61001/01exam/20240328/go2/math_hsj_SOANMMVV.pdf
2024,2,3,school_mock,english,,question,manual_review,verified_pending_import,confirmed,official_catalog_and_pdf,not_imported,,https://wdown.ebsi.co.kr/W61001/01exam/20240328/go2/eng_mun_HA42YF48.pdf
2024,2,3,school_mock,english,,solution,manual_review,1쪽·문서 전체에 시행 연도·월·학년 표기 없음 (영역·정답만 보임),confirmed,official_catalog_and_pdf,manual_review,,https://wdown.ebsi.co.kr/W61001/01exam/20240328/go2/eng_main_hsj_3446KN9J.pdf
2024,2,3,school_mock,history,,question,manual_review,verified_pending_import,confirmed,official_catalog_and_pdf,not_imported,,https://wdown.ebsi.co.kr/W61001/01exam/20240328/go2/s_his_mun_FGMHIT26.pdf
2024,2,3,school_mock,history,,solution,manual_review,verified_pending_import,confirmed,official_catalog_and_pdf,not_imported,,https://wdown.ebsi.co.kr/W61001/01exam/20240328/go2/s_his_hsj_9489SQDK.pdf
2024,2,3,school_mock,social,east-asian-history,question,manual_review,verified_pending_import,confirmed,official_catalog_and_pdf,not_imported,,https://wdown.ebsi.co.kr/W61001/01exam/20240328/go2/s_easta_mun_7VN4U48X.pdf
2024,2,3,school_mock,social,east-asian-history,solution,manual_review,verified_pending_import,confirmed,official_catalog_and_pdf,not_imported,,https://wdown.ebsi.co.kr/W61001/01exam/20240328/go2/s_easta_hsj_315DPSQ9.pdf
2024,2,3,school_mock,social,economics,question,manual_review,verified_pending_import,confirmed,official_catalog_and_pdf,not_imported,,https://wdown.ebsi.co.kr/W61001/01exam/20240328/go2/s_eco_mun_A6D746M2.pdf
2024,2,3,school_mock,social,economics,solution,manual_review,verified_pending_import,confirmed,official_catalog_and_pdf,not_imported,,https://wdown.ebsi.co.kr/W61001/01exam/20240328/go2/s_eco_hsj_QT31BBN1.pdf
2024,2,3,school_mock,social,ethics-and-thought,question,manual_review,verified_pending_import,confirmed,official_catalog_and_pdf,not_imported,,https://wdown.ebsi.co.kr/W61001/01exam/20240328/go2/s_yrnss_mun_ZT2MLI72.pdf
2024,2,3,school_mock,social,ethics-and-thought,solution,manual_review,1쪽·문서 전체에 시행 연도·월·학년 표기 없음 (영역·정답만 보임),confirmed,official_catalog_and_pdf,manual_review,,https://wdown.ebsi.co.kr/W61001/01exam/20240328/go2/s_yrnss_hsj_98F289CI.pdf
2024,2,3,school_mock,social,korean-geography,question,manual_review,verified_pending_import,confirmed,official_catalog_and_pdf,not_imported,,https://wdown.ebsi.co.kr/W61001/01exam/20240328/go2/s_hanji_mun_YORTJ8XJ.pdf
2024,2,3,school_mock,social,korean-geography,solution,manual_review,verified_pending_import,confirmed,official_catalog_and_pdf,not_imported,,https://wdown.ebsi.co.kr/W61001/01exam/20240328/go2/s_hanji_hsj_41BQ1B93.pdf
2024,2,3,school_mock,social,life-and-ethics,question,manual_review,verified_pending_import,confirmed,official_catalog_and_pdf,not_imported,,https://wdown.ebsi.co.kr/W61001/01exam/20240328/go2/s_ssnyr_mun_1897R938.pdf
2024,2,3,school_mock,social,life-and-ethics,solution,manual_review,verified_pending_import,confirmed,official_catalog_and_pdf,not_imported,,https://wdown.ebsi.co.kr/W61001/01exam/20240328/go2/s_ssnyr_hsj_KI44G4QM.pdf
2024,2,3,school_mock,social,politics-and-law,question,manual_review,verified_pending_import,confirmed,official_catalog_and_pdf,not_imported,,https://wdown.ebsi.co.kr/W61001/01exam/20240328/go2/s_bnj_mun_BA5SBM2D.pdf
2024,2,3,school_mock,social,politics-and-law,solution,manual_review,verified_pending_import,confirmed,official_catalog_and_pdf,not_imported,,https://wdown.ebsi.co.kr/W61001/01exam/20240328/go2/s_bnj_hsj_B11DKJR9.pdf
2024,2,3,school_mock,social,social-culture,question,manual_review,verified_pending_import,confirmed,official_catalog_and_pdf,not_imported,,https://wdown.ebsi.co.kr/W61001/01exam/20240328/go2/s_samun_mun_36XA1UP1.pdf
2024,2,3,school_mock,social,social-culture,solution,manual_review,verified_pending_import,confirmed,official_catalog_and_pdf,not_imported,,https://wdown.ebsi.co.kr/W61001/01exam/20240328/go2/s_samun_hsj_PRJ9E75U.pdf
2024,2,3,school_mock,social,world-geography,question,manual_review,verified_pending_import,confirmed,official_catalog_and_pdf,not_imported,,https://wdown.ebsi.co.kr/W61001/01exam/20240328/go2/s_saeji_mun_W1ZJ8R9A.pdf
2024,2,3,school_mock,social,world-geography,solution,manual_review,verified_pending_import,confirmed,official_catalog_and_pdf,not_imported,,https://wdown.ebsi.co.kr/W61001/01exam/20240328/go2/s_saeji_hsj_KBX1W87Q.pdf
2024,2,3,school_mock,social,world-history,question,manual_review,verified_pending_import,confirmed,official_catalog_and_pdf,not_imported,,https://wdown.ebsi.co.kr/W61001/01exam/20240328/go2/s_sks_mun_1D4BVHOT.pdf
2024,2,3,school_mock,social,world-history,solution,manual_review,verified_pending_import,confirmed,official_catalog_and_pdf,not_imported,,https://wdown.ebsi.co.kr/W61001/01exam/20240328/go2/s_sks_hsj_D2Z2K5AV.pdf
2024,2,3,school_mock,science,chemistry-1,question,manual_review,verified_pending_import,confirmed,official_catalog_and_pdf,not_imported,,https://wdown.ebsi.co.kr/W61001/01exam/20240328/go2/g_che1_mun_65HG45RL.pdf
2024,2,3,school_mock,science,chemistry-1,solution,manual_review,verified_pending_import,confirmed,official_catalog_and_pdf,not_imported,,https://wdown.ebsi.co.kr/W61001/01exam/20240328/go2/g_che1_hsj_JZM6795Y.pdf
2024,2,3,school_mock,science,earth-science-1,question,manual_review,verified_pending_import,confirmed,official_catalog_and_pdf,not_imported,,https://wdown.ebsi.co.kr/W61001/01exam/20240328/go2/g_ear1_mun_DY92E5UM.pdf
2024,2,3,school_mock,science,earth-science-1,solution,manual_review,verified_pending_import,confirmed,official_catalog_and_pdf,not_imported,,https://wdown.ebsi.co.kr/W61001/01exam/20240328/go2/g_ear1_hsj_X5F4T7L1.pdf
2024,2,3,school_mock,science,life-science-1,question,manual_review,verified_pending_import,confirmed,official_catalog_and_pdf,not_imported,,https://wdown.ebsi.co.kr/W61001/01exam/20240328/go2/g_bio1_mun_Z65E39NF.pdf
2024,2,3,school_mock,science,life-science-1,solution,manual_review,verified_pending_import,confirmed,official_catalog_and_pdf,not_imported,,https://wdown.ebsi.co.kr/W61001/01exam/20240328/go2/g_bio1_hsj_9IP1K612.pdf
2024,2,3,school_mock,science,physics-1,question,manual_review,verified_pending_import,confirmed,official_catalog_and_pdf,not_imported,,https://wdown.ebsi.co.kr/W61001/01exam/20240328/go2/g_phy1_mun_4B2WMS23.pdf
2024,2,3,school_mock,science,physics-1,solution,manual_review,verified_pending_import,confirmed,official_catalog_and_pdf,not_imported,,https://wdown.ebsi.co.kr/W61001/01exam/20240328/go2/g_phy1_hsj_37KBI472.pdf
2024,2,6,school_mock,korean,,question,public_ready,approved_existing,confirmed,official_catalog_and_pdf,ready,,https://wdown.ebsi.co.kr/W61001/01exam/20240604/go2/kor_main_mun_34C4848E.pdf
2024,2,6,school_mock,korean,,solution,manual_review,verified_pending_import,confirmed,official_catalog_and_pdf,not_imported,,https://wdown.ebsi.co.kr/W61001/01exam/20240604/go2/kor_hsj_K5T5L1W7.pdf
2024,2,6,school_mock,math,,question,public_ready,approved_existing,confirmed,official_catalog_and_pdf,ready,,https://wdown.ebsi.co.kr/W61001/01exam/20240604/go2/math_main_mun_R2I4456U.pdf
2024,2,6,school_mock,math,,solution,public_ready,approved_existing,confirmed,official_catalog_and_pdf,ready,,https://wdown.ebsi.co.kr/W61001/01exam/20240604/go2/math_main_hsj_2NSJOM37.pdf
2024,2,6,school_mock,english,,question,manual_review,verified_pending_import,confirmed,official_catalog_and_pdf,not_imported,,https://wdown.ebsi.co.kr/W61001/01exam/20240604/go2/eng_mun_K2745X79.pdf
2024,2,6,school_mock,english,,solution,public_ready,approved_existing,confirmed,official_catalog_and_pdf,ready,,https://wdown.ebsi.co.kr/W61001/01exam/20240604/go2/eng_main_hsj_155Y969V.pdf
2024,2,6,school_mock,history,,question,manual_review,verified_pending_import,confirmed,official_catalog_and_pdf,not_imported,,https://wdown.ebsi.co.kr/W61001/01exam/20240604/go2/s_his_mun_87PAU485.pdf
2024,2,6,school_mock,history,,solution,public_ready,approved_existing,confirmed,official_catalog_and_pdf,ready,,https://wdown.ebsi.co.kr/W61001/01exam/20240604/go2/his_main_hsj_H5UYJJ42.pdf
2024,2,6,school_mock,social,east-asian-history,question,manual_review,verified_pending_import,confirmed,official_catalog_and_pdf,not_imported,,https://wdown.ebsi.co.kr/W61001/01exam/20240604/go2/s_easta_mun_78P9WWLV.pdf
2024,2,6,school_mock,social,east-asian-history,solution,manual_review,verified_pending_import,confirmed,official_catalog_and_pdf,not_imported,,https://wdown.ebsi.co.kr/W61001/01exam/20240604/go2/s_easta_hsj_ISF7QJ76.pdf
2024,2,6,school_mock,social,economics,question,manual_review,verified_pending_import,confirmed,official_catalog_and_pdf,not_imported,,https://wdown.ebsi.co.kr/W61001/01exam/20240604/go2/s_eco_mun_QQY5VSAA.pdf
2024,2,6,school_mock,social,economics,solution,manual_review,verified_pending_import,confirmed,official_catalog_and_pdf,not_imported,,https://wdown.ebsi.co.kr/W61001/01exam/20240604/go2/s_eco_hsj_4SG71616.pdf
2024,2,6,school_mock,social,ethics-and-thought,question,manual_review,verified_pending_import,confirmed,official_catalog_and_pdf,not_imported,,https://wdown.ebsi.co.kr/W61001/01exam/20240604/go2/s_yrnss_mun_3HTKMQ9O.pdf
2024,2,6,school_mock,social,ethics-and-thought,solution,manual_review,verified_pending_import,confirmed,official_catalog_and_pdf,not_imported,,https://wdown.ebsi.co.kr/W61001/01exam/20240604/go2/s_yrnss_hsj_27195GQG.pdf
2024,2,6,school_mock,social,korean-geography,question,manual_review,verified_pending_import,confirmed,official_catalog_and_pdf,not_imported,,https://wdown.ebsi.co.kr/W61001/01exam/20240604/go2/s_hanji_mun_2LITBZOC.pdf
2024,2,6,school_mock,social,korean-geography,solution,manual_review,verified_pending_import,confirmed,official_catalog_and_pdf,not_imported,,https://wdown.ebsi.co.kr/W61001/01exam/20240604/go2/s_hanji_hsj_4T8DJF75.pdf
2024,2,6,school_mock,social,life-and-ethics,question,manual_review,verified_pending_import,confirmed,official_catalog_and_pdf,not_imported,,https://wdown.ebsi.co.kr/W61001/01exam/20240604/go2/s_ssnyr_mun_5V232BN6.pdf
2024,2,6,school_mock,social,life-and-ethics,solution,manual_review,verified_pending_import,confirmed,official_catalog_and_pdf,not_imported,,https://wdown.ebsi.co.kr/W61001/01exam/20240604/go2/s_ssnyr_hsj_FWORKJTQ.pdf
2024,2,6,school_mock,social,politics-and-law,question,public_ready,approved_existing,confirmed,official_catalog_and_pdf,ready,,https://wdown.ebsi.co.kr/W61001/01exam/20240604/go2/s_bnj_mun_B1618MAN.pdf
2024,2,6,school_mock,social,politics-and-law,solution,manual_review,verified_pending_import,confirmed,official_catalog_and_pdf,not_imported,,https://wdown.ebsi.co.kr/W61001/01exam/20240604/go2/s_bnj_hsj_V4JA86W2.pdf
2024,2,6,school_mock,social,social-culture,question,manual_review,verified_pending_import,confirmed,official_catalog_and_pdf,not_imported,,https://wdown.ebsi.co.kr/W61001/01exam/20240604/go2/s_samun_mun_EV8C5YHR.pdf
2024,2,6,school_mock,social,social-culture,solution,public_ready,approved_existing,confirmed,official_catalog_and_pdf,ready,,https://wdown.ebsi.co.kr/W61001/01exam/20240604/go2/s_samun_hsj_UOYU3Z2M.pdf
2024,2,6,school_mock,social,world-geography,question,manual_review,verified_pending_import,confirmed,official_catalog_and_pdf,not_imported,,https://wdown.ebsi.co.kr/W61001/01exam/20240604/go2/s_saeji_mun_MA4HTZ74.pdf
2024,2,6,school_mock,social,world-geography,solution,manual_review,verified_pending_import,confirmed,official_catalog_and_pdf,not_imported,,https://wdown.ebsi.co.kr/W61001/01exam/20240604/go2/s_saeji_hsj_12CA6KUQ.pdf
2024,2,6,school_mock,social,world-history,question,manual_review,verified_pending_import,confirmed,official_catalog_and_pdf,not_imported,,https://wdown.ebsi.co.kr/W61001/01exam/20240604/go2/s_sks_mun_81866OY3.pdf
2024,2,6,school_mock,social,world-history,solution,manual_review,verified_pending_import,confirmed,official_catalog_and_pdf,not_imported,,https://wdown.ebsi.co.kr/W61001/01exam/20240604/go2/s_sks_hsj_RL422R8A.pdf
2024,2,6,school_mock,science,chemistry-1,question,manual_review,verified_pending_import,confirmed,official_catalog_and_pdf,not_imported,,https://wdown.ebsi.co.kr/W61001/01exam/20240604/go2/g_che1_mun_99WPM548.pdf
2024,2,6,school_mock,science,chemistry-1,solution,manual_review,verified_pending_import,confirmed,official_catalog_and_pdf,not_imported,,https://wdown.ebsi.co.kr/W61001/01exam/20240604/go2/g_che1_hsj_6G364JJ5.pdf
2024,2,6,school_mock,science,earth-science-1,question,manual_review,verified_pending_import,confirmed,official_catalog_and_pdf,not_imported,,https://wdown.ebsi.co.kr/W61001/01exam/20240604/go2/g_ear1_mun_HK6ZI626.pdf
2024,2,6,school_mock,science,earth-science-1,solution,public_ready,approved_existing,confirmed,official_catalog_and_pdf,ready,,https://wdown.ebsi.co.kr/W61001/01exam/20240604/go2/g_ear1_hsj_O73I8655.pdf
2024,2,6,school_mock,science,life-science-1,question,manual_review,verified_pending_import,confirmed,official_catalog_and_pdf,not_imported,,https://wdown.ebsi.co.kr/W61001/01exam/20240604/go2/g_bio1_mun_317I45FV.pdf
2024,2,6,school_mock,science,life-science-1,solution,manual_review,verified_pending_import,confirmed,official_catalog_and_pdf,not_imported,,https://wdown.ebsi.co.kr/W61001/01exam/20240604/go2/g_bio1_hsj_U5233DK3.pdf
2024,2,6,school_mock,science,physics-1,question,manual_review,verified_pending_import,confirmed,official_catalog_and_pdf,not_imported,,https://wdown.ebsi.co.kr/W61001/01exam/20240604/go2/g_phy1_mun_KYRHIMFD.pdf
2024,2,6,school_mock,science,physics-1,solution,manual_review,verified_pending_import,confirmed,official_catalog_and_pdf,not_imported,,https://wdown.ebsi.co.kr/W61001/01exam/20240604/go2/g_phy1_hsj_4G63144U.pdf
2024,2,9,school_mock,korean,,question,public_ready,approved_existing,confirmed,official_catalog_and_pdf,ready,,https://wdown.ebsi.co.kr/W61001/01exam/20240904/go2/kor_main_mun_E162RF46.pdf
2024,2,9,school_mock,korean,,solution,public_ready,approved_existing,confirmed,official_catalog_and_pdf,ready,,https://wdown.ebsi.co.kr/W61001/01exam/20240904/go2/kor_main_hsj_G382E2Y2.pdf
2024,2,9,school_mock,math,,question,public_ready,approved_existing,confirmed,official_catalog_and_pdf,ready,,https://wdown.ebsi.co.kr/W61001/01exam/20240904/go2/math_main_mun_XR6P2569.pdf
2024,2,9,school_mock,math,,solution,manual_review,verified_pending_import,confirmed,official_catalog_and_pdf,not_imported,,https://wdown.ebsi.co.kr/W61001/01exam/20240904/go2/math_hsj_C52AP42O.pdf
2024,2,9,school_mock,english,,question,manual_review,verified_pending_import,confirmed,official_catalog_and_pdf,not_imported,,https://wdown.ebsi.co.kr/W61001/01exam/20240904/go2/eng_1_mun_6C3QQF3B.pdf
2024,2,9,school_mock,english,,solution,public_ready,approved_existing,confirmed,official_catalog_and_pdf,ready,,https://wdown.ebsi.co.kr/W61001/01exam/20240904/go2/eng_main_hsj_HA5TYRV4.pdf
2024,2,9,school_mock,history,,question,manual_review,verified_pending_import,confirmed,official_catalog_and_pdf,not_imported,,https://wdown.ebsi.co.kr/W61001/01exam/20240904/go2/s_his_1_mun_789339GN.pdf
2024,2,9,school_mock,history,,solution,public_ready,approved_existing,confirmed,official_catalog_and_pdf,ready,,https://wdown.ebsi.co.kr/W61001/01exam/20240904/go2/his_main_hsj_6617VHTM.pdf
2024,2,9,school_mock,social,east-asian-history,question,manual_review,verified_pending_import,confirmed,official_catalog_and_pdf,not_imported,,https://wdown.ebsi.co.kr/W61001/01exam/20240904/go2/s_easta_mun_7K7Z98Y4.pdf
2024,2,9,school_mock,social,east-asian-history,solution,manual_review,verified_pending_import,confirmed,official_catalog_and_pdf,not_imported,,https://wdown.ebsi.co.kr/W61001/01exam/20240904/go2/s_easta_hsj_QHAY162E.pdf
2024,2,9,school_mock,social,economics,question,manual_review,verified_pending_import,confirmed,official_catalog_and_pdf,not_imported,,https://wdown.ebsi.co.kr/W61001/01exam/20240904/go2/s_eco_mun_J2VPTW61.pdf
2024,2,9,school_mock,social,economics,solution,manual_review,verified_pending_import,confirmed,official_catalog_and_pdf,not_imported,,https://wdown.ebsi.co.kr/W61001/01exam/20240904/go2/s_eco_hsj_18423IMQ.pdf
2024,2,9,school_mock,social,ethics-and-thought,question,manual_review,verified_pending_import,confirmed,official_catalog_and_pdf,not_imported,,https://wdown.ebsi.co.kr/W61001/01exam/20240904/go2/s_yrnss_mun_P28A69IK.pdf
2024,2,9,school_mock,social,ethics-and-thought,solution,manual_review,verified_pending_import,confirmed,official_catalog_and_pdf,not_imported,,https://wdown.ebsi.co.kr/W61001/01exam/20240904/go2/s_yrnss_hsj_726938L1.pdf
2024,2,9,school_mock,social,korean-geography,question,manual_review,verified_pending_import,confirmed,official_catalog_and_pdf,not_imported,,https://wdown.ebsi.co.kr/W61001/01exam/20240904/go2/s_hanji_mun_22391K34.pdf
2024,2,9,school_mock,social,korean-geography,solution,manual_review,verified_pending_import,confirmed,official_catalog_and_pdf,not_imported,,https://wdown.ebsi.co.kr/W61001/01exam/20240904/go2/s_hanji_hsj_5AO58D77.pdf
2024,2,9,school_mock,social,life-and-ethics,question,manual_review,verified_pending_import,confirmed,official_catalog_and_pdf,not_imported,,https://wdown.ebsi.co.kr/W61001/01exam/20240904/go2/s_ssnyr_mun_XB8VXC84.pdf
2024,2,9,school_mock,social,life-and-ethics,solution,manual_review,verified_pending_import,confirmed,official_catalog_and_pdf,not_imported,,https://wdown.ebsi.co.kr/W61001/01exam/20240904/go2/s_ssnyr_hsj_9N9O2516.pdf
2024,2,9,school_mock,social,politics-and-law,question,manual_review,verified_pending_import,confirmed,official_catalog_and_pdf,not_imported,,https://wdown.ebsi.co.kr/W61001/01exam/20240904/go2/s_bnj_mun_5S335XP3.pdf
2024,2,9,school_mock,social,politics-and-law,solution,manual_review,verified_pending_import,confirmed,official_catalog_and_pdf,not_imported,,https://wdown.ebsi.co.kr/W61001/01exam/20240904/go2/s_bnj_hsj_5OJ6LQD8.pdf
2024,2,9,school_mock,social,social-culture,question,manual_review,verified_pending_import,confirmed,official_catalog_and_pdf,not_imported,,https://wdown.ebsi.co.kr/W61001/01exam/20240904/go2/s_samun_mun_79U8L1AG.pdf
2024,2,9,school_mock,social,social-culture,solution,public_ready,approved_existing,confirmed,official_catalog_and_pdf,ready,,https://wdown.ebsi.co.kr/W61001/01exam/20240904/go2/s_samun_hsj_4V58RNY1.pdf
2024,2,9,school_mock,social,world-geography,question,manual_review,verified_pending_import,confirmed,official_catalog_and_pdf,not_imported,,https://wdown.ebsi.co.kr/W61001/01exam/20240904/go2/s_saeji_mun_8N8974PA.pdf
2024,2,9,school_mock,social,world-geography,solution,manual_review,verified_pending_import,confirmed,official_catalog_and_pdf,not_imported,,https://wdown.ebsi.co.kr/W61001/01exam/20240904/go2/s_saeji_hsj_3P2Y6X72.pdf
2024,2,9,school_mock,social,world-history,question,manual_review,verified_pending_import,confirmed,official_catalog_and_pdf,not_imported,,https://wdown.ebsi.co.kr/W61001/01exam/20240904/go2/s_sks_mun_M3UXG61B.pdf
2024,2,9,school_mock,social,world-history,solution,manual_review,verified_pending_import,confirmed,official_catalog_and_pdf,not_imported,,https://wdown.ebsi.co.kr/W61001/01exam/20240904/go2/s_sks_hsj_8U699I6I.pdf
2024,2,9,school_mock,science,chemistry-1,question,manual_review,verified_pending_import,confirmed,official_catalog_and_pdf,not_imported,,https://wdown.ebsi.co.kr/W61001/01exam/20240904/go2/g_che1_mun_4H8652SF.pdf
2024,2,9,school_mock,science,chemistry-1,solution,manual_review,verified_pending_import,confirmed,official_catalog_and_pdf,not_imported,,https://wdown.ebsi.co.kr/W61001/01exam/20240904/go2/g_che1_hsj_7AQ161D3.pdf
2024,2,9,school_mock,science,earth-science-1,question,manual_review,verified_pending_import,confirmed,official_catalog_and_pdf,not_imported,,https://wdown.ebsi.co.kr/W61001/01exam/20240904/go2/g_ear1_mun_C665FU1O.pdf
2024,2,9,school_mock,science,earth-science-1,solution,manual_review,verified_pending_import,confirmed,official_catalog_and_pdf,not_imported,,https://wdown.ebsi.co.kr/W61001/01exam/20240904/go2/g_ear1_hsj_3I21W3B2.pdf
2024,2,9,school_mock,science,life-science-1,question,manual_review,verified_pending_import,confirmed,official_catalog_and_pdf,not_imported,,https://wdown.ebsi.co.kr/W61001/01exam/20240904/go2/g_bio1_mun_73BN2U8P.pdf
2024,2,9,school_mock,science,life-science-1,solution,manual_review,verified_pending_import,confirmed,official_catalog_and_pdf,not_imported,,https://wdown.ebsi.co.kr/W61001/01exam/20240904/go2/g_bio1_hsj_71AVNZ57.pdf
2024,2,9,school_mock,science,physics-1,question,manual_review,verified_pending_import,confirmed,official_catalog_and_pdf,not_imported,,https://wdown.ebsi.co.kr/W61001/01exam/20240904/go2/g_phy1_mun_YHZ6I3HH.pdf
2024,2,9,school_mock,science,physics-1,solution,manual_review,verified_pending_import,confirmed,official_catalog_and_pdf,not_imported,,https://wdown.ebsi.co.kr/W61001/01exam/20240904/go2/g_phy1_hsj_V56VVH8Y.pdf
2024,2,10,school_mock,korean,,question,public_ready,approved_existing,confirmed,official_catalog_and_pdf,ready,,https://wdown.ebsi.co.kr/W61001/01exam/20241015/go2/kor_main_mun_P8D4GS7W.pdf
2024,2,10,school_mock,korean,,solution,manual_review,verified_pending_import,confirmed,official_catalog_and_pdf,not_imported,,https://wdown.ebsi.co.kr/W61001/01exam/20241015/go2/kor_hsj_H2P1DE49.pdf
2024,2,10,school_mock,math,,question,public_ready,approved_existing,confirmed,official_catalog_and_pdf,ready,,https://wdown.ebsi.co.kr/W61001/01exam/20241015/go2/math_main_mun_959492W4.pdf
2024,2,10,school_mock,math,,solution,manual_review,verified_pending_import,confirmed,official_catalog_and_pdf,not_imported,,https://wdown.ebsi.co.kr/W61001/01exam/20241015/go2/math_hsj_Z59J87FB.pdf
2024,2,10,school_mock,english,,question,manual_review,verified_pending_import,confirmed,official_catalog_and_pdf,not_imported,,https://wdown.ebsi.co.kr/W61001/01exam/20241015/go2/eng_1_mun_7198AL2W.pdf
2024,2,10,school_mock,english,,solution,public_ready,approved_existing,confirmed,official_catalog_and_pdf,ready,,https://wdown.ebsi.co.kr/W61001/01exam/20241015/go2/eng_main_hsj_16429H26.pdf
2024,2,10,school_mock,history,,question,manual_review,verified_pending_import,confirmed,official_catalog_and_pdf,not_imported,,https://wdown.ebsi.co.kr/W61001/01exam/20241015/go2/s_his_1_mun_O6B68MYY.pdf
2024,2,10,school_mock,history,,solution,manual_review,verified_pending_import,confirmed,official_catalog_and_pdf,not_imported,,https://wdown.ebsi.co.kr/W61001/01exam/20241015/go2/s_his_1_hsj_7K217Z98.pdf
2024,2,10,school_mock,social,east-asian-history,question,manual_review,verified_pending_import,confirmed,official_catalog_and_pdf,not_imported,,https://wdown.ebsi.co.kr/W61001/01exam/20241015/go2/s_easta_mun_5A236K6H.pdf
2024,2,10,school_mock,social,east-asian-history,solution,manual_review,verified_pending_import,confirmed,official_catalog_and_pdf,not_imported,,https://wdown.ebsi.co.kr/W61001/01exam/20241015/go2/s_easta_hsj_4M75J697.pdf
2024,2,10,school_mock,social,economics,question,manual_review,verified_pending_import,confirmed,official_catalog_and_pdf,not_imported,,https://wdown.ebsi.co.kr/W61001/01exam/20241015/go2/s_eco_mun_396W7AFK.pdf
2024,2,10,school_mock,social,economics,solution,manual_review,verified_pending_import,confirmed,official_catalog_and_pdf,not_imported,,https://wdown.ebsi.co.kr/W61001/01exam/20241015/go2/s_eco_hsj_RLFGH4K9.pdf
2024,2,10,school_mock,social,ethics-and-thought,question,manual_review,verified_pending_import,confirmed,official_catalog_and_pdf,not_imported,,https://wdown.ebsi.co.kr/W61001/01exam/20241015/go2/s_yrnss_mun_37A1L4T8.pdf
2024,2,10,school_mock,social,ethics-and-thought,solution,manual_review,verified_pending_import,confirmed,official_catalog_and_pdf,not_imported,,https://wdown.ebsi.co.kr/W61001/01exam/20241015/go2/s_yrnss_hsj_B9161KPX.pdf
2024,2,10,school_mock,social,korean-geography,question,manual_review,verified_pending_import,confirmed,official_catalog_and_pdf,not_imported,,https://wdown.ebsi.co.kr/W61001/01exam/20241015/go2/s_hanji_mun_51BS2WQD.pdf
2024,2,10,school_mock,social,korean-geography,solution,manual_review,verified_pending_import,confirmed,official_catalog_and_pdf,not_imported,,https://wdown.ebsi.co.kr/W61001/01exam/20241015/go2/s_hanji_hsj_3F9368GZ.pdf
2024,2,10,school_mock,social,life-and-ethics,question,manual_review,verified_pending_import,confirmed,official_catalog_and_pdf,not_imported,,https://wdown.ebsi.co.kr/W61001/01exam/20241015/go2/s_ssnyr_mun_GJ5KAHA9.pdf
2024,2,10,school_mock,social,life-and-ethics,solution,public_ready,approved_existing,confirmed,official_catalog_and_pdf,ready,,https://wdown.ebsi.co.kr/W61001/01exam/20241015/go2/s_ssnyr_hsj_8B6B7HMU.pdf
2024,2,10,school_mock,social,politics-and-law,question,manual_review,verified_pending_import,confirmed,official_catalog_and_pdf,not_imported,,https://wdown.ebsi.co.kr/W61001/01exam/20241015/go2/s_bnj_mun_99E1729M.pdf
2024,2,10,school_mock,social,politics-and-law,solution,manual_review,verified_pending_import,confirmed,official_catalog_and_pdf,not_imported,,https://wdown.ebsi.co.kr/W61001/01exam/20241015/go2/s_bnj_hsj_7VG9RS9E.pdf
2024,2,10,school_mock,social,social-culture,question,manual_review,verified_pending_import,confirmed,official_catalog_and_pdf,not_imported,,https://wdown.ebsi.co.kr/W61001/01exam/20241015/go2/s_samun_mun_5M43PZ25.pdf
2024,2,10,school_mock,social,social-culture,solution,manual_review,verified_pending_import,confirmed,official_catalog_and_pdf,not_imported,,https://wdown.ebsi.co.kr/W61001/01exam/20241015/go2/s_samun_hsj_77JLH42N.pdf
2024,2,10,school_mock,social,world-geography,question,manual_review,verified_pending_import,confirmed,official_catalog_and_pdf,not_imported,,https://wdown.ebsi.co.kr/W61001/01exam/20241015/go2/s_saeji_mun_D1162N16.pdf
2024,2,10,school_mock,social,world-geography,solution,public_ready,approved_existing,confirmed,official_catalog_and_pdf,ready,,https://wdown.ebsi.co.kr/W61001/01exam/20241015/go2/s_saeji_hsj_F4M4RU8Y.pdf
2024,2,10,school_mock,social,world-history,question,manual_review,verified_pending_import,confirmed,official_catalog_and_pdf,not_imported,,https://wdown.ebsi.co.kr/W61001/01exam/20241015/go2/s_sks_mun_3JXW8XY7.pdf
2024,2,10,school_mock,social,world-history,solution,manual_review,verified_pending_import,confirmed,official_catalog_and_pdf,not_imported,,https://wdown.ebsi.co.kr/W61001/01exam/20241015/go2/s_sks_hsj_ST368A1I.pdf
2024,2,10,school_mock,science,chemistry-1,question,manual_review,verified_pending_import,confirmed,official_catalog_and_pdf,not_imported,,https://wdown.ebsi.co.kr/W61001/01exam/20241015/go2/g_che1_mun_ZY6UM761.pdf
2024,2,10,school_mock,science,chemistry-1,solution,manual_review,verified_pending_import,confirmed,official_catalog_and_pdf,not_imported,,https://wdown.ebsi.co.kr/W61001/01exam/20241015/go2/g_che1_hsj_63YK8Q2D.pdf
2024,2,10,school_mock,science,earth-science-1,question,manual_review,verified_pending_import,confirmed,official_catalog_and_pdf,not_imported,,https://wdown.ebsi.co.kr/W61001/01exam/20241015/go2/g_ear1_mun_83EH4A97.pdf
2024,2,10,school_mock,science,earth-science-1,solution,manual_review,verified_pending_import,confirmed,official_catalog_and_pdf,not_imported,,https://wdown.ebsi.co.kr/W61001/01exam/20241015/go2/g_ear1_hsj_FOVVW6VQ_1.pdf
2024,2,10,school_mock,science,life-science-1,question,manual_review,verified_pending_import,confirmed,official_catalog_and_pdf,not_imported,,https://wdown.ebsi.co.kr/W61001/01exam/20241015/go2/g_bio1_mun_VG26DK79.pdf
2024,2,10,school_mock,science,life-science-1,solution,public_ready,approved_existing,confirmed,official_catalog_and_pdf,ready,,https://wdown.ebsi.co.kr/W61001/01exam/20241015/go2/g_bio1_hsj_2N49MI6Q.pdf
2024,2,10,school_mock,science,physics-1,question,manual_review,verified_pending_import,confirmed,official_catalog_and_pdf,not_imported,,https://wdown.ebsi.co.kr/W61001/01exam/20241015/go2/g_phy1_mun_OU6XJSXK.pdf
2024,2,10,school_mock,science,physics-1,solution,manual_review,verified_pending_import,confirmed,official_catalog_and_pdf,not_imported,,https://wdown.ebsi.co.kr/W61001/01exam/20241015/go2/g_phy1_hsj_8CNYRY6H.pdf
2024,2,10,school_mock,vocational,agriculture-basics,question,manual_review,verified_pending_import,confirmed,official_catalog_and_pdf,not_imported,,https://wdown.ebsi.co.kr/W61001/01exam/20241015/go2/J_nupgi_mun_193RQ775.pdf
2024,2,10,school_mock,vocational,agriculture-basics,solution,manual_review,verified_pending_import,confirmed,official_catalog_and_pdf,not_imported,,https://wdown.ebsi.co.kr/W61001/01exam/20241015/go2/J_nupgi_hsj_E2CAEPG7.pdf
2024,2,10,school_mock,vocational,commercial-economics,question,manual_review,verified_pending_import,confirmed,official_catalog_and_pdf,not_imported,,https://wdown.ebsi.co.kr/W61001/01exam/20241015/go2/J_sangup_mun_1LQDSIEZ.pdf
2024,2,10,school_mock,vocational,commercial-economics,solution,manual_review,verified_pending_import,confirmed,official_catalog_and_pdf,not_imported,,https://wdown.ebsi.co.kr/W61001/01exam/20241015/go2/J_sangup_hsj_J5C41DJ4.pdf
2024,2,10,school_mock,vocational,fisheries-and-shipping,question,manual_review,verified_pending_import,confirmed,official_catalog_and_pdf,not_imported,,https://wdown.ebsi.co.kr/W61001/01exam/20241015/go2/J_susan_mun_5OO6L3YR.pdf
2024,2,10,school_mock,vocational,fisheries-and-shipping,solution,manual_review,verified_pending_import,confirmed,official_catalog_and_pdf,not_imported,,https://wdown.ebsi.co.kr/W61001/01exam/20241015/go2/J_susan_hsj_9F91DI92.pdf
2024,2,10,school_mock,vocational,human-development,question,manual_review,verified_pending_import,confirmed,official_catalog_and_pdf,not_imported,,https://wdown.ebsi.co.kr/W61001/01exam/20241015/go2/J_inkan_mun_I91655N6.pdf
2024,2,10,school_mock,vocational,human-development,solution,manual_review,verified_pending_import,confirmed,official_catalog_and_pdf,not_imported,,https://wdown.ebsi.co.kr/W61001/01exam/20241015/go2/J_inkan_hsj_2FAP4CZV.pdf
2024,2,10,school_mock,vocational,industry-general,question,manual_review,verified_pending_import,confirmed,official_catalog_and_pdf,not_imported,,https://wdown.ebsi.co.kr/W61001/01exam/20241015/go2/J_gup_mun_9LAKMJ6Y.pdf
2024,2,10,school_mock,vocational,industry-general,solution,manual_review,verified_pending_import,confirmed,official_catalog_and_pdf,not_imported,,https://wdown.ebsi.co.kr/W61001/01exam/20241015/go2/J_gup_hsj_194SC74H.pdf
2024,2,10,school_mock,vocational,successful-career-life,question,manual_review,verified_pending_import,confirmed,official_catalog_and_pdf,not_imported,,https://wdown.ebsi.co.kr/W61001/01exam/20241015/go2/J_sjl_mun_D46ARB61.pdf
2024,2,10,school_mock,vocational,successful-career-life,solution,manual_review,verified_pending_import,confirmed,official_catalog_and_pdf,not_imported,,https://wdown.ebsi.co.kr/W61001/01exam/20241015/go2/J_sjl_hsj_6541TLO6.pdf
2024,2,10,school_mock,second_language,chinese-1,question,public_ready,approved_existing,confirmed,official_catalog_and_pdf,ready,,https://wdown.ebsi.co.kr/W61001/01exam/20241015/go2/2nd_ch_mun_49VVPT9S.pdf
2024,2,10,school_mock,second_language,chinese-1,solution,manual_review,verified_pending_import,confirmed,official_catalog_and_pdf,not_imported,,https://wdown.ebsi.co.kr/W61001/01exam/20241015/go2/2nd_ch_hsj_98J166V4.pdf
2024,2,10,school_mock,second_language,classical-chinese-1,question,public_ready,approved_existing,confirmed,official_catalog_and_pdf,ready,,https://wdown.ebsi.co.kr/W61001/01exam/20241015/go2/2nd_han_mun_2HC6AK3C.pdf
2024,2,10,school_mock,second_language,classical-chinese-1,solution,manual_review,verified_pending_import,confirmed,official_catalog_and_pdf,not_imported,,https://wdown.ebsi.co.kr/W61001/01exam/20241015/go2/2nd_han_hsj_JA255KH4.pdf
2024,2,10,school_mock,second_language,french-1,question,manual_review,verified_pending_import,confirmed,official_catalog_and_pdf,not_imported,,https://wdown.ebsi.co.kr/W61001/01exam/20241015/go2/2nd_fr_mun_37DMG2B4.pdf
2024,2,10,school_mock,second_language,french-1,solution,manual_review,verified_pending_import,confirmed,official_catalog_and_pdf,not_imported,,https://wdown.ebsi.co.kr/W61001/01exam/20241015/go2/2nd_fr_hsj_49UE73NS.pdf
2024,2,10,school_mock,second_language,german-1,question,manual_review,verified_pending_import,confirmed,official_catalog_and_pdf,not_imported,,https://wdown.ebsi.co.kr/W61001/01exam/20241015/go2/2nd_gr_mun_W11L6Q3H.pdf
2024,2,10,school_mock,second_language,german-1,solution,manual_review,verified_pending_import,confirmed,official_catalog_and_pdf,not_imported,,https://wdown.ebsi.co.kr/W61001/01exam/20241015/go2/2nd_gr_hsj_5A2QR47J.pdf
2024,2,10,school_mock,second_language,japanese-1,question,manual_review,verified_pending_import,confirmed,official_catalog_and_pdf,not_imported,,https://wdown.ebsi.co.kr/W61001/01exam/20241015/go2/2nd_ja_mun_2W52422O.pdf
2024,2,10,school_mock,second_language,japanese-1,solution,public_ready,approved_existing,confirmed,official_catalog_and_pdf,ready,,https://wdown.ebsi.co.kr/W61001/01exam/20241015/go2/2nd_ja_hsj_JZU9L6AV.pdf
2024,2,10,school_mock,second_language,russian-1,question,manual_review,verified_pending_import,confirmed,official_catalog_and_pdf,not_imported,,https://wdown.ebsi.co.kr/W61001/01exam/20241015/go2/2nd_ru_mun_95S6AH5O.pdf
2024,2,10,school_mock,second_language,russian-1,solution,manual_review,verified_pending_import,confirmed,official_catalog_and_pdf,not_imported,,https://wdown.ebsi.co.kr/W61001/01exam/20241015/go2/2nd_ru_hsj_3883C5B4.pdf
2024,2,10,school_mock,second_language,spanish-1,question,public_ready,approved_existing,confirmed,official_catalog_and_pdf,ready,,https://wdown.ebsi.co.kr/W61001/01exam/20241015/go2/2nd_sp_mun_31675PCZ.pdf
2024,2,10,school_mock,second_language,spanish-1,solution,manual_review,verified_pending_import,confirmed,official_catalog_and_pdf,not_imported,,https://wdown.ebsi.co.kr/W61001/01exam/20241015/go2/2nd_sp_hsj_8Z5OF596.pdf
2024,3,3,school_mock,korean,language-and-media,question,manual_review,verified_pending_import,confirmed,official_catalog_and_pdf,not_imported,,https://wdown.ebsi.co.kr/W61001/01exam/20240328/go3/korB_mun_HE53W32S.pdf
2024,3,3,school_mock,korean,language-and-media,solution,manual_review,verified_pending_import,confirmed,official_catalog_and_pdf,not_imported,,https://wdown.ebsi.co.kr/W61001/01exam/20240328/go3/korB_hsj_JP141445.pdf
2024,3,3,school_mock,korean,speech-and-writing,question,manual_review,verified_pending_import,confirmed,official_catalog_and_pdf,not_imported,,https://wdown.ebsi.co.kr/W61001/01exam/20240328/go3/korA_mun_A5G74QYC.pdf
2024,3,3,school_mock,korean,speech-and-writing,solution,manual_review,verified_pending_import,confirmed,official_catalog_and_pdf,not_imported,,https://wdown.ebsi.co.kr/W61001/01exam/20240328/go3/korA_hsj_98TW78RI.pdf
2024,3,3,school_mock,math,calculus,question,manual_review,verified_pending_import,confirmed,official_catalog_and_pdf,not_imported,,https://wdown.ebsi.co.kr/W61001/01exam/20240328/go3/mathB_mun_39IF71M9.pdf
2024,3,3,school_mock,math,calculus,solution,manual_review,verified_pending_import,confirmed,official_catalog_and_pdf,not_imported,,https://wdown.ebsi.co.kr/W61001/01exam/20240328/go3/mathB_hsj_8KSAZ74U.pdf
2024,3,3,school_mock,math,geometry,question,manual_review,verified_pending_import,confirmed,official_catalog_and_pdf,not_imported,,https://wdown.ebsi.co.kr/W61001/01exam/20240328/go3/mathC_mun_C8WOR2HL.pdf
2024,3,3,school_mock,math,geometry,solution,manual_review,verified_pending_import,confirmed,official_catalog_and_pdf,not_imported,,https://wdown.ebsi.co.kr/W61001/01exam/20240328/go3/mathC_hsj_V8CAA16H.pdf
2024,3,3,school_mock,math,probability-and-statistics,question,manual_review,verified_pending_import,confirmed,official_catalog_and_pdf,not_imported,,https://wdown.ebsi.co.kr/W61001/01exam/20240328/go3/mathA_mun_U24V951P.pdf
2024,3,3,school_mock,math,probability-and-statistics,solution,manual_review,verified_pending_import,confirmed,official_catalog_and_pdf,not_imported,,https://wdown.ebsi.co.kr/W61001/01exam/20240328/go3/mathA_hsj_2T3B24VC.pdf
2024,3,3,school_mock,english,,question,public_ready,approved_existing,confirmed,official_catalog_and_pdf,ready,,https://wdown.ebsi.co.kr/W61001/01exam/20240328/go3/eng_mun_H7EDO6O9.pdf
2024,3,3,school_mock,english,,solution,manual_review,verified_pending_import,confirmed,official_catalog_and_pdf,not_imported,,https://wdown.ebsi.co.kr/W61001/01exam/20240328/go3/eng_hsj_3AK79UG6.pdf
2024,3,3,school_mock,history,,question,manual_review,verified_pending_import,confirmed,official_catalog_and_pdf,not_imported,,https://wdown.ebsi.co.kr/W61001/01exam/20240328/go3/s_his_mun_1KP1QO86.pdf
2024,3,3,school_mock,history,,solution,manual_review,verified_pending_import,confirmed,official_catalog_and_pdf,not_imported,,https://wdown.ebsi.co.kr/W61001/01exam/20240328/go3/s_his_hsj_56881N5A.pdf
2024,3,3,school_mock,social,east-asian-history,question,manual_review,verified_pending_import,confirmed,official_catalog_and_pdf,not_imported,,https://wdown.ebsi.co.kr/W61001/01exam/20240328/go3/s_easta_mun_G561VD81.pdf
2024,3,3,school_mock,social,east-asian-history,solution,manual_review,verified_pending_import,confirmed,official_catalog_and_pdf,not_imported,,https://wdown.ebsi.co.kr/W61001/01exam/20240328/go3/s_easta_hsj_1W4Y57KU.pdf
2024,3,3,school_mock,social,economics,question,manual_review,verified_pending_import,confirmed,official_catalog_and_pdf,not_imported,,https://wdown.ebsi.co.kr/W61001/01exam/20240328/go3/s_eco_mun_X8D5C53W.pdf
2024,3,3,school_mock,social,economics,solution,manual_review,verified_pending_import,confirmed,official_catalog_and_pdf,not_imported,,https://wdown.ebsi.co.kr/W61001/01exam/20240328/go3/s_eco_hsj_5KM93FYY.pdf
2024,3,3,school_mock,social,ethics-and-thought,question,public_ready,approved_existing,confirmed,official_catalog_and_pdf,ready,,https://wdown.ebsi.co.kr/W61001/01exam/20240328/go3/s_yrnss_mun_UE6T3A1H.pdf
2024,3,3,school_mock,social,ethics-and-thought,solution,manual_review,verified_pending_import,confirmed,official_catalog_and_pdf,not_imported,,https://wdown.ebsi.co.kr/W61001/01exam/20240328/go3/s_yrnss_hsj_27199E4W.pdf
2024,3,3,school_mock,social,korean-geography,question,manual_review,verified_pending_import,confirmed,official_catalog_and_pdf,not_imported,,https://wdown.ebsi.co.kr/W61001/01exam/20240328/go3/s_hanji_mun_444887L2.pdf
2024,3,3,school_mock,social,korean-geography,solution,manual_review,verified_pending_import,confirmed,official_catalog_and_pdf,not_imported,,https://wdown.ebsi.co.kr/W61001/01exam/20240328/go3/s_hanji_hsj_V41UDES6.pdf
2024,3,3,school_mock,social,life-and-ethics,question,manual_review,verified_pending_import,confirmed,official_catalog_and_pdf,not_imported,,https://wdown.ebsi.co.kr/W61001/01exam/20240328/go3/s_ssnyr_mun_36G2HNX7.pdf
2024,3,3,school_mock,social,life-and-ethics,solution,manual_review,verified_pending_import,confirmed,official_catalog_and_pdf,not_imported,,https://wdown.ebsi.co.kr/W61001/01exam/20240328/go3/s_ssnyr_hsj_7CNS11NV.pdf
2024,3,3,school_mock,social,politics-and-law,question,manual_review,verified_pending_import,confirmed,official_catalog_and_pdf,not_imported,,https://wdown.ebsi.co.kr/W61001/01exam/20240328/go3/s_bnj_mun_P6W6ZIXU.pdf
2024,3,3,school_mock,social,politics-and-law,solution,manual_review,verified_pending_import,confirmed,official_catalog_and_pdf,not_imported,,https://wdown.ebsi.co.kr/W61001/01exam/20240328/go3/s_bnj_hsj_19P2H9WW.pdf
2024,3,3,school_mock,social,social-culture,question,manual_review,verified_pending_import,confirmed,official_catalog_and_pdf,not_imported,,https://wdown.ebsi.co.kr/W61001/01exam/20240328/go3/s_samun_mun_491H8Z5F.pdf
2024,3,3,school_mock,social,social-culture,solution,manual_review,verified_pending_import,confirmed,official_catalog_and_pdf,not_imported,,https://wdown.ebsi.co.kr/W61001/01exam/20240328/go3/s_samun_hsj_1U5OZ24W.pdf
2024,3,3,school_mock,social,world-geography,question,manual_review,verified_pending_import,confirmed,official_catalog_and_pdf,not_imported,,https://wdown.ebsi.co.kr/W61001/01exam/20240328/go3/s_saeji_mun_2IEAXL52.pdf
2024,3,3,school_mock,social,world-geography,solution,manual_review,verified_pending_import,confirmed,official_catalog_and_pdf,not_imported,,https://wdown.ebsi.co.kr/W61001/01exam/20240328/go3/s_saeji_hsj_XN7FY846.pdf
2024,3,3,school_mock,social,world-history,question,manual_review,verified_pending_import,confirmed,official_catalog_and_pdf,not_imported,,https://wdown.ebsi.co.kr/W61001/01exam/20240328/go3/s_sks_mun_GU98N55B.pdf
2024,3,3,school_mock,social,world-history,solution,manual_review,verified_pending_import,confirmed,official_catalog_and_pdf,not_imported,,https://wdown.ebsi.co.kr/W61001/01exam/20240328/go3/s_sks_hsj_YK66H4U7.pdf
2024,3,3,school_mock,science,chemistry-1,question,manual_review,verified_pending_import,confirmed,official_catalog_and_pdf,not_imported,,https://wdown.ebsi.co.kr/W61001/01exam/20240328/go3/g_che1_mun_N5322382.pdf
2024,3,3,school_mock,science,chemistry-1,solution,manual_review,verified_pending_import,confirmed,official_catalog_and_pdf,not_imported,,https://wdown.ebsi.co.kr/W61001/01exam/20240328/go3/g_che1_hsj_K2XDF1I9.pdf
2024,3,3,school_mock,science,earth-science-1,question,manual_review,verified_pending_import,confirmed,official_catalog_and_pdf,not_imported,,https://wdown.ebsi.co.kr/W61001/01exam/20240328/go3/g_ear1_mun_3965N8L3.pdf
2024,3,3,school_mock,science,earth-science-1,solution,manual_review,1쪽·문서 전체에 시행 연도·월·학년 표기 없음 (영역·정답만 보임),confirmed,official_catalog_and_pdf,manual_review,,https://wdown.ebsi.co.kr/W61001/01exam/20240328/go3/g_ear1_hsj_4N874K3V.pdf
2024,3,3,school_mock,science,life-science-1,question,manual_review,verified_pending_import,confirmed,official_catalog_and_pdf,not_imported,,https://wdown.ebsi.co.kr/W61001/01exam/20240328/go3/g_bio1_mun_XEEBL3PR.pdf
2024,3,3,school_mock,science,life-science-1,solution,manual_review,verified_pending_import,confirmed,official_catalog_and_pdf,not_imported,,https://wdown.ebsi.co.kr/W61001/01exam/20240328/go3/g_bio1_hsj_8O53K4S5.pdf
2024,3,3,school_mock,science,physics-1,question,manual_review,verified_pending_import,confirmed,official_catalog_and_pdf,not_imported,,https://wdown.ebsi.co.kr/W61001/01exam/20240328/go3/g_phy1_mun_5JMU5Q35.pdf
2024,3,3,school_mock,science,physics-1,solution,manual_review,verified_pending_import,confirmed,official_catalog_and_pdf,not_imported,,https://wdown.ebsi.co.kr/W61001/01exam/20240328/go3/g_phy1_hsj_IJ184162.pdf
2024,3,5,school_mock,korean,language-and-media,question,manual_review,verified_pending_import,confirmed,official_catalog_and_pdf,not_imported,,https://wdown.ebsi.co.kr/W61001/01exam/20240430/go3/korB_mun_F32551Z1.pdf
2024,3,5,school_mock,korean,language-and-media,solution,manual_review,verified_pending_import,confirmed,official_catalog_and_pdf,not_imported,,https://wdown.ebsi.co.kr/W61001/01exam/20240430/go3/korB_hsj_2589O91H.pdf
2024,3,5,school_mock,korean,speech-and-writing,question,manual_review,verified_pending_import,confirmed,official_catalog_and_pdf,not_imported,,https://wdown.ebsi.co.kr/W61001/01exam/20240430/go3/korA_mun_7759JE67.pdf
2024,3,5,school_mock,korean,speech-and-writing,solution,manual_review,verified_pending_import,confirmed,official_catalog_and_pdf,not_imported,,https://wdown.ebsi.co.kr/W61001/01exam/20240430/go3/korA_hsj_787525BH.pdf
2024,3,5,school_mock,math,calculus,question,manual_review,verified_pending_import,confirmed,official_catalog_and_pdf,not_imported,,https://wdown.ebsi.co.kr/W61001/01exam/20240430/go3/mathB_mun_96BHEL27.pdf
2024,3,5,school_mock,math,calculus,solution,manual_review,verified_pending_import,confirmed,official_catalog_and_pdf,not_imported,,https://wdown.ebsi.co.kr/W61001/01exam/20240430/go3/mathB_hsj_668H21YS.pdf
2024,3,5,school_mock,math,geometry,question,manual_review,verified_pending_import,confirmed,official_catalog_and_pdf,not_imported,,https://wdown.ebsi.co.kr/W61001/01exam/20240430/go3/mathC_mun_ZMSCXV24.pdf
2024,3,5,school_mock,math,geometry,solution,manual_review,verified_pending_import,confirmed,official_catalog_and_pdf,not_imported,,https://wdown.ebsi.co.kr/W61001/01exam/20240430/go3/mathC_hsj_8JF9V6N5.pdf
2024,3,5,school_mock,math,probability-and-statistics,question,manual_review,verified_pending_import,confirmed,official_catalog_and_pdf,not_imported,,https://wdown.ebsi.co.kr/W61001/01exam/20240430/go3/mathA_mun_XA7H8B98.pdf
2024,3,5,school_mock,math,probability-and-statistics,solution,manual_review,verified_pending_import,confirmed,official_catalog_and_pdf,not_imported,,https://wdown.ebsi.co.kr/W61001/01exam/20240430/go3/mathA_hsj_W4K7T5P6.pdf
2024,3,5,school_mock,english,,question,manual_review,verified_pending_import,confirmed,official_catalog_and_pdf,not_imported,,https://wdown.ebsi.co.kr/W61001/01exam/20240430/go3/eng_mun_L56V751B.pdf
2024,3,5,school_mock,english,,solution,manual_review,verified_pending_import,confirmed,official_catalog_and_pdf,not_imported,,https://wdown.ebsi.co.kr/W61001/01exam/20240430/go3/eng_hsj_8BHI52ON.pdf
2024,3,5,school_mock,history,,question,manual_review,verified_pending_import,confirmed,official_catalog_and_pdf,not_imported,,https://wdown.ebsi.co.kr/W61001/01exam/20240430/go3/s_his_mun_P25G7LKA.pdf
2024,3,5,school_mock,history,,solution,manual_review,verified_pending_import,confirmed,official_catalog_and_pdf,not_imported,,https://wdown.ebsi.co.kr/W61001/01exam/20240430/go3/s_his_hsj_B25294TQ.pdf
2024,3,5,school_mock,social,east-asian-history,question,manual_review,verified_pending_import,confirmed,official_catalog_and_pdf,not_imported,,https://wdown.ebsi.co.kr/W61001/01exam/20240430/go3/s_easta_mun_52N97AQA.pdf
2024,3,5,school_mock,social,east-asian-history,solution,manual_review,verified_pending_import,confirmed,official_catalog_and_pdf,not_imported,,https://wdown.ebsi.co.kr/W61001/01exam/20240430/go3/s_easta_hsj_L9COUV62.pdf
2024,3,5,school_mock,social,economics,question,manual_review,verified_pending_import,confirmed,official_catalog_and_pdf,not_imported,,https://wdown.ebsi.co.kr/W61001/01exam/20240430/go3/s_eco_mun_5D72Z977.pdf
2024,3,5,school_mock,social,economics,solution,manual_review,verified_pending_import,confirmed,official_catalog_and_pdf,not_imported,,https://wdown.ebsi.co.kr/W61001/01exam/20240430/go3/s_eco_hsj_91P3SO3V.pdf
2024,3,5,school_mock,social,ethics-and-thought,question,manual_review,verified_pending_import,confirmed,official_catalog_and_pdf,not_imported,,https://wdown.ebsi.co.kr/W61001/01exam/20240430/go3/s_yrnss_mun_65YFD83B.pdf
2024,3,5,school_mock,social,ethics-and-thought,solution,manual_review,verified_pending_import,confirmed,official_catalog_and_pdf,not_imported,,https://wdown.ebsi.co.kr/W61001/01exam/20240430/go3/s_yrnss_hsj_Q8LC8138.pdf
2024,3,5,school_mock,social,korean-geography,question,manual_review,verified_pending_import,confirmed,official_catalog_and_pdf,not_imported,,https://wdown.ebsi.co.kr/W61001/01exam/20240430/go3/s_hanji_mun_F7HG4VP3.pdf
2024,3,5,school_mock,social,korean-geography,solution,manual_review,verified_pending_import,confirmed,official_catalog_and_pdf,not_imported,,https://wdown.ebsi.co.kr/W61001/01exam/20240430/go3/s_hanji_hsj_7WRK6M8D.pdf
2024,3,5,school_mock,social,life-and-ethics,question,manual_review,verified_pending_import,confirmed,official_catalog_and_pdf,not_imported,,https://wdown.ebsi.co.kr/W61001/01exam/20240430/go3/s_ssnyr_mun_44J152SN.pdf
2024,3,5,school_mock,social,life-and-ethics,solution,manual_review,verified_pending_import,confirmed,official_catalog_and_pdf,not_imported,,https://wdown.ebsi.co.kr/W61001/01exam/20240430/go3/s_ssnyr_hsj_6TL416CM.pdf
2024,3,5,school_mock,social,politics-and-law,question,manual_review,verified_pending_import,confirmed,official_catalog_and_pdf,not_imported,,https://wdown.ebsi.co.kr/W61001/01exam/20240430/go3/s_bnj_mun_6UFE2A51.pdf
2024,3,5,school_mock,social,politics-and-law,solution,manual_review,verified_pending_import,confirmed,official_catalog_and_pdf,not_imported,,https://wdown.ebsi.co.kr/W61001/01exam/20240430/go3/s_bnj_hsj_MY2KC4ED.pdf
2024,3,5,school_mock,social,social-culture,question,manual_review,verified_pending_import,confirmed,official_catalog_and_pdf,not_imported,,https://wdown.ebsi.co.kr/W61001/01exam/20240430/go3/s_samun_mun_OE14IR36.pdf
2024,3,5,school_mock,social,social-culture,solution,manual_review,verified_pending_import,confirmed,official_catalog_and_pdf,not_imported,,https://wdown.ebsi.co.kr/W61001/01exam/20240430/go3/s_samun_hsj_9D6NL26A.pdf
2024,3,5,school_mock,social,world-geography,question,manual_review,verified_pending_import,confirmed,official_catalog_and_pdf,not_imported,,https://wdown.ebsi.co.kr/W61001/01exam/20240430/go3/s_saeji_mun_5UT3F78F.pdf
2024,3,5,school_mock,social,world-geography,solution,manual_review,verified_pending_import,confirmed,official_catalog_and_pdf,not_imported,,https://wdown.ebsi.co.kr/W61001/01exam/20240430/go3/s_saeji_hsj_12A819O6.pdf
2024,3,5,school_mock,social,world-history,question,manual_review,verified_pending_import,confirmed,official_catalog_and_pdf,not_imported,,https://wdown.ebsi.co.kr/W61001/01exam/20240430/go3/s_sks_mun_2ZK6ARL3.pdf
2024,3,5,school_mock,social,world-history,solution,manual_review,verified_pending_import,confirmed,official_catalog_and_pdf,not_imported,,https://wdown.ebsi.co.kr/W61001/01exam/20240430/go3/s_sks_hsj_CL466688.pdf
2024,3,5,school_mock,science,chemistry-1,question,manual_review,verified_pending_import,confirmed,official_catalog_and_pdf,not_imported,,https://wdown.ebsi.co.kr/W61001/01exam/20240430/go3/g_che1_mun_AX311FK6.pdf
2024,3,5,school_mock,science,chemistry-1,solution,manual_review,verified_pending_import,confirmed,official_catalog_and_pdf,not_imported,,https://wdown.ebsi.co.kr/W61001/01exam/20240430/go3/g_che1_hsj_AHNLJ3ZA.pdf
2024,3,5,school_mock,science,chemistry-2,question,manual_review,verified_pending_import,confirmed,official_catalog_and_pdf,not_imported,,https://wdown.ebsi.co.kr/W61001/01exam/20240430/go3/g_che2_mun_45GT44W5.pdf
2024,3,5,school_mock,science,chemistry-2,solution,manual_review,verified_pending_import,confirmed,official_catalog_and_pdf,not_imported,,https://wdown.ebsi.co.kr/W61001/01exam/20240430/go3/g_che2_hsj_GG2LJX4A.pdf
2024,3,5,school_mock,science,earth-science-1,question,manual_review,verified_pending_import,confirmed,official_catalog_and_pdf,not_imported,,https://wdown.ebsi.co.kr/W61001/01exam/20240430/go3/g_ear1_mun_HK322RM8.pdf
2024,3,5,school_mock,science,earth-science-1,solution,manual_review,verified_pending_import,confirmed,official_catalog_and_pdf,not_imported,,https://wdown.ebsi.co.kr/W61001/01exam/20240430/go3/g_ear1_hsj_V1RBA5BB.pdf
2024,3,5,school_mock,science,earth-science-2,question,manual_review,verified_pending_import,confirmed,official_catalog_and_pdf,not_imported,,https://wdown.ebsi.co.kr/W61001/01exam/20240430/go3/g_ear2_mun_HM8PFWF3.pdf
2024,3,5,school_mock,science,earth-science-2,solution,manual_review,verified_pending_import,confirmed,official_catalog_and_pdf,not_imported,,https://wdown.ebsi.co.kr/W61001/01exam/20240430/go3/g_ear2_hsj_2EG7LKF5.pdf
2024,3,5,school_mock,science,life-science-1,question,manual_review,verified_pending_import,confirmed,official_catalog_and_pdf,not_imported,,https://wdown.ebsi.co.kr/W61001/01exam/20240430/go3/g_bio1_mun_OW4OA4Y7.pdf
2024,3,5,school_mock,science,life-science-1,solution,manual_review,verified_pending_import,confirmed,official_catalog_and_pdf,not_imported,,https://wdown.ebsi.co.kr/W61001/01exam/20240430/go3/g_bio1_hsj_R6EY4SVA.pdf
2024,3,5,school_mock,science,life-science-2,question,manual_review,verified_pending_import,confirmed,official_catalog_and_pdf,not_imported,,https://wdown.ebsi.co.kr/W61001/01exam/20240430/go3/g_bio2_mun_FF61T16F.pdf
2024,3,5,school_mock,science,life-science-2,solution,manual_review,verified_pending_import,confirmed,official_catalog_and_pdf,not_imported,,https://wdown.ebsi.co.kr/W61001/01exam/20240430/go3/g_bio2_hsj_M7132SV2.pdf
2024,3,5,school_mock,science,physics-1,question,manual_review,verified_pending_import,confirmed,official_catalog_and_pdf,not_imported,,https://wdown.ebsi.co.kr/W61001/01exam/20240430/go3/g_phy1_mun_OOJ71Q5A.pdf
2024,3,5,school_mock,science,physics-1,solution,manual_review,verified_pending_import,confirmed,official_catalog_and_pdf,not_imported,,https://wdown.ebsi.co.kr/W61001/01exam/20240430/go3/g_phy1_hsj_1JSW3S8H.pdf
2024,3,5,school_mock,science,physics-2,question,manual_review,verified_pending_import,confirmed,official_catalog_and_pdf,not_imported,,https://wdown.ebsi.co.kr/W61001/01exam/20240430/go3/g_phy2_mun_MXYA24F4.pdf
2024,3,5,school_mock,science,physics-2,solution,manual_review,verified_pending_import,confirmed,official_catalog_and_pdf,not_imported,,https://wdown.ebsi.co.kr/W61001/01exam/20240430/go3/g_phy2_hsj_3HG2L89V.pdf
2024,3,6,kice_mock,korean,language-and-media,question,manual_review,verified_pending_import,confirmed,official_catalog_and_pdf,not_imported,,https://wdown.ebsi.co.kr/W61001/01exam/20240604/go3/korB_mun_BARMEM1B.pdf
2024,3,6,kice_mock,korean,language-and-media,solution,manual_review,verified_pending_import,confirmed,official_catalog_and_pdf,not_imported,,https://wdown.ebsi.co.kr/W61001/01exam/20240604/go3/korB_hsj_PV487SE9_3.pdf
2024,3,6,kice_mock,korean,speech-and-writing,question,manual_review,verified_pending_import,confirmed,official_catalog_and_pdf,not_imported,,https://wdown.ebsi.co.kr/W61001/01exam/20240604/go3/korA_mun_D67QO1N1.pdf
2024,3,6,kice_mock,korean,speech-and-writing,solution,manual_review,verified_pending_import,confirmed,official_catalog_and_pdf,not_imported,,https://wdown.ebsi.co.kr/W61001/01exam/20240604/go3/korA_hsj_8165L195_4.pdf
2024,3,6,kice_mock,math,calculus,question,manual_review,verified_pending_import,confirmed,official_catalog_and_pdf,not_imported,,https://wdown.ebsi.co.kr/W61001/01exam/20240604/go3/mathB_mun_K182RAU2.pdf
2024,3,6,kice_mock,math,calculus,solution,manual_review,verified_pending_import,confirmed,official_catalog_and_pdf,not_imported,,https://wdown.ebsi.co.kr/W61001/01exam/20240604/go3/mathB_hsj_B25F637O_4.pdf
2024,3,6,kice_mock,math,geometry,question,manual_review,verified_pending_import,confirmed,official_catalog_and_pdf,not_imported,,https://wdown.ebsi.co.kr/W61001/01exam/20240604/go3/mathC_mun_3E675C9N.pdf
2024,3,6,kice_mock,math,geometry,solution,manual_review,verified_pending_import,confirmed,official_catalog_and_pdf,not_imported,,https://wdown.ebsi.co.kr/W61001/01exam/20240604/go3/mathC_hsj_FSR34YY4_4.pdf
2024,3,6,kice_mock,math,probability-and-statistics,question,manual_review,verified_pending_import,confirmed,official_catalog_and_pdf,not_imported,,https://wdown.ebsi.co.kr/W61001/01exam/20240604/go3/mathA_mun_3H8YZ7W6.pdf
2024,3,6,kice_mock,math,probability-and-statistics,solution,manual_review,verified_pending_import,confirmed,official_catalog_and_pdf,not_imported,,https://wdown.ebsi.co.kr/W61001/01exam/20240604/go3/mathA_hsj_89BY2IQ8_5.pdf
2024,3,6,kice_mock,english,,question,manual_review,verified_pending_import,confirmed,official_catalog_and_pdf,not_imported,,https://wdown.ebsi.co.kr/W61001/01exam/20240604/go3/eng_mun_9NH1T355.pdf
2024,3,6,kice_mock,english,,solution,public_ready,approved_existing,confirmed,official_catalog_and_pdf,ready,,https://wdown.ebsi.co.kr/W61001/01exam/20240604/go3/eng_main_hsj_567T9S7T_1.pdf
2024,3,6,kice_mock,history,,question,public_ready,approved_existing,confirmed,official_catalog_and_pdf,ready,,https://wdown.ebsi.co.kr/W61001/01exam/20240604/go3/his_main_mun_N68K68HC.pdf
2024,3,6,kice_mock,history,,solution,manual_review,verified_pending_import,confirmed,official_catalog_and_pdf,not_imported,,https://wdown.ebsi.co.kr/W61001/01exam/20240604/go3/s_his_hsj_864QR8RF.pdf
2024,3,6,kice_mock,social,east-asian-history,question,manual_review,verified_pending_import,confirmed,official_catalog_and_pdf,not_imported,,https://wdown.ebsi.co.kr/W61001/01exam/20240604/go3/s_easta_mun_U8OBJ265.pdf
2024,3,6,kice_mock,social,east-asian-history,solution,public_ready,approved_existing,confirmed,official_catalog_and_pdf,ready,,https://wdown.ebsi.co.kr/W61001/01exam/20240604/go3/s_easta_hsj_7Y28UCIC.pdf
2024,3,6,kice_mock,social,economics,question,manual_review,verified_pending_import,confirmed,official_catalog_and_pdf,not_imported,,https://wdown.ebsi.co.kr/W61001/01exam/20240604/go3/s_eco_mun_RMQ7G585.pdf
2024,3,6,kice_mock,social,economics,solution,manual_review,verified_pending_import,confirmed,official_catalog_and_pdf,not_imported,,https://wdown.ebsi.co.kr/W61001/01exam/20240604/go3/s_eco_hsj_N1234UK2.pdf
2024,3,6,kice_mock,social,ethics-and-thought,question,manual_review,verified_pending_import,confirmed,official_catalog_and_pdf,not_imported,,https://wdown.ebsi.co.kr/W61001/01exam/20240604/go3/s_yrnss_mun_S63F5E62.pdf
2024,3,6,kice_mock,social,ethics-and-thought,solution,manual_review,verified_pending_import,confirmed,official_catalog_and_pdf,not_imported,,https://wdown.ebsi.co.kr/W61001/01exam/20240604/go3/s_yrnss_hsj_187D371C.pdf
2024,3,6,kice_mock,social,korean-geography,question,manual_review,verified_pending_import,confirmed,official_catalog_and_pdf,not_imported,,https://wdown.ebsi.co.kr/W61001/01exam/20240604/go3/s_hanji_mun_9QIB4P74.pdf
2024,3,6,kice_mock,social,korean-geography,solution,public_ready,approved_existing,confirmed,official_catalog_and_pdf,ready,,https://wdown.ebsi.co.kr/W61001/01exam/20240604/go3/s_hanji_hsj_THMUGZA1.pdf
2024,3,6,kice_mock,social,life-and-ethics,question,manual_review,verified_pending_import,confirmed,official_catalog_and_pdf,not_imported,,https://wdown.ebsi.co.kr/W61001/01exam/20240604/go3/s_ssnyr_mun_843YU95A.pdf
2024,3,6,kice_mock,social,life-and-ethics,solution,manual_review,verified_pending_import,confirmed,official_catalog_and_pdf,not_imported,,https://wdown.ebsi.co.kr/W61001/01exam/20240604/go3/s_ssnyr_hsj_U1FS9U17.pdf
2024,3,6,kice_mock,social,politics-and-law,question,manual_review,verified_pending_import,confirmed,official_catalog_and_pdf,not_imported,,https://wdown.ebsi.co.kr/W61001/01exam/20240604/go3/s_bnj_mun_OZY4B749.pdf
2024,3,6,kice_mock,social,politics-and-law,solution,manual_review,verified_pending_import,confirmed,official_catalog_and_pdf,not_imported,,https://wdown.ebsi.co.kr/W61001/01exam/20240604/go3/s_bnj_hsj_X4BAP8A7_1.pdf
2024,3,6,kice_mock,social,social-culture,question,manual_review,verified_pending_import,confirmed,official_catalog_and_pdf,not_imported,,https://wdown.ebsi.co.kr/W61001/01exam/20240604/go3/s_samun_mun_Z9485W6X.pdf
2024,3,6,kice_mock,social,social-culture,solution,public_ready,approved_existing,confirmed,official_catalog_and_pdf,ready,,https://wdown.ebsi.co.kr/W61001/01exam/20240604/go3/s_samun_hsj_A1247T9H.pdf
2024,3,6,kice_mock,social,world-geography,question,manual_review,verified_pending_import,confirmed,official_catalog_and_pdf,not_imported,,https://wdown.ebsi.co.kr/W61001/01exam/20240604/go3/s_saeji_mun_D2K162KX.pdf
2024,3,6,kice_mock,social,world-geography,solution,manual_review,verified_pending_import,confirmed,official_catalog_and_pdf,not_imported,,https://wdown.ebsi.co.kr/W61001/01exam/20240604/go3/s_saeji_hsj_X8Q25WB1.pdf
2024,3,6,kice_mock,social,world-history,question,manual_review,verified_pending_import,confirmed,official_catalog_and_pdf,not_imported,,https://wdown.ebsi.co.kr/W61001/01exam/20240604/go3/s_sks_mun_O3349R22.pdf
2024,3,6,kice_mock,social,world-history,solution,public_ready,approved_existing,confirmed,official_catalog_and_pdf,ready,,https://wdown.ebsi.co.kr/W61001/01exam/20240604/go3/s_sks_hsj_9UKDHWHB.pdf
2024,3,6,kice_mock,science,chemistry-1,question,manual_review,verified_pending_import,confirmed,official_catalog_and_pdf,not_imported,,https://wdown.ebsi.co.kr/W61001/01exam/20240604/go3/g_che1_mun_8G36553Z.pdf
2024,3,6,kice_mock,science,chemistry-1,solution,manual_review,verified_pending_import,confirmed,official_catalog_and_pdf,not_imported,,https://wdown.ebsi.co.kr/W61001/01exam/20240604/go3/g_che1_hsj_AIG86LOC.pdf
2024,3,6,kice_mock,science,chemistry-2,question,manual_review,verified_pending_import,confirmed,official_catalog_and_pdf,not_imported,,https://wdown.ebsi.co.kr/W61001/01exam/20240604/go3/g_che2_mun_CDM2SOG8.pdf
2024,3,6,kice_mock,science,chemistry-2,solution,manual_review,verified_pending_import,confirmed,official_catalog_and_pdf,not_imported,,https://wdown.ebsi.co.kr/W61001/01exam/20240604/go3/g_che2_hsj_633J6EV4.pdf
2024,3,6,kice_mock,science,earth-science-1,question,manual_review,verified_pending_import,confirmed,official_catalog_and_pdf,not_imported,,https://wdown.ebsi.co.kr/W61001/01exam/20240604/go3/g_ear1_mun_9SU942VC.pdf
2024,3,6,kice_mock,science,earth-science-1,solution,manual_review,verified_pending_import,confirmed,official_catalog_and_pdf,not_imported,,https://wdown.ebsi.co.kr/W61001/01exam/20240604/go3/g_ear1_hsj_Q483579K.pdf
2024,3,6,kice_mock,science,earth-science-2,question,manual_review,verified_pending_import,confirmed,official_catalog_and_pdf,not_imported,,https://wdown.ebsi.co.kr/W61001/01exam/20240604/go3/g_ear2_mun_U1584B5F.pdf
2024,3,6,kice_mock,science,earth-science-2,solution,public_ready,approved_existing,confirmed,official_catalog_and_pdf,ready,,https://wdown.ebsi.co.kr/W61001/01exam/20240604/go3/g_ear2_hsj_52KIM9PL.pdf
2024,3,6,kice_mock,science,life-science-1,question,manual_review,verified_pending_import,confirmed,official_catalog_and_pdf,not_imported,,https://wdown.ebsi.co.kr/W61001/01exam/20240604/go3/g_bio1_mun_82A699MO.pdf
2024,3,6,kice_mock,science,life-science-1,solution,manual_review,verified_pending_import,confirmed,official_catalog_and_pdf,not_imported,,https://wdown.ebsi.co.kr/W61001/01exam/20240604/go3/g_bio1_hsj_8666PWJ2_1.pdf
2024,3,6,kice_mock,science,life-science-2,question,manual_review,verified_pending_import,confirmed,official_catalog_and_pdf,not_imported,,https://wdown.ebsi.co.kr/W61001/01exam/20240604/go3/g_bio2_mun_S5AK2H5J.pdf
2024,3,6,kice_mock,science,life-science-2,solution,public_ready,approved_existing,confirmed,official_catalog_and_pdf,ready,,https://wdown.ebsi.co.kr/W61001/01exam/20240604/go3/g_bio2_hsj_8738T5HD.pdf
2024,3,6,kice_mock,science,physics-1,question,manual_review,verified_pending_import,confirmed,official_catalog_and_pdf,not_imported,,https://wdown.ebsi.co.kr/W61001/01exam/20240604/go3/g_phy1_mun_9X6M5XWZ.pdf
2024,3,6,kice_mock,science,physics-1,solution,manual_review,verified_pending_import,confirmed,official_catalog_and_pdf,not_imported,,https://wdown.ebsi.co.kr/W61001/01exam/20240604/go3/g_phy1_hsj_84H8221G_2.pdf
2024,3,6,kice_mock,science,physics-2,question,manual_review,verified_pending_import,confirmed,official_catalog_and_pdf,not_imported,,https://wdown.ebsi.co.kr/W61001/01exam/20240604/go3/g_phy2_mun_CRF97XXF.pdf
2024,3,6,kice_mock,science,physics-2,solution,manual_review,verified_pending_import,confirmed,official_catalog_and_pdf,not_imported,,https://wdown.ebsi.co.kr/W61001/01exam/20240604/go3/g_phy2_hsj_XHUWETV2.pdf
2024,3,6,kice_mock,vocational,agriculture-basics,question,manual_review,verified_pending_import,confirmed,official_catalog_and_pdf,not_imported,,https://wdown.ebsi.co.kr/W61001/01exam/20240604/go3/J_nupgi_mun_ROITRIG9.pdf
2024,3,6,kice_mock,vocational,agriculture-basics,solution,manual_review,verified_pending_import,confirmed,official_catalog_and_pdf,not_imported,,https://wdown.ebsi.co.kr/W61001/01exam/20240604/go3/J_nupgi_hsj_EA57H114.pdf
2024,3,6,kice_mock,vocational,commercial-economics,question,public_ready,approved_existing,confirmed,official_catalog_and_pdf,ready,,https://wdown.ebsi.co.kr/W61001/01exam/20240604/go3/J_sangup_mun_NH42XHNS.pdf
2024,3,6,kice_mock,vocational,commercial-economics,solution,manual_review,verified_pending_import,confirmed,official_catalog_and_pdf,not_imported,,https://wdown.ebsi.co.kr/W61001/01exam/20240604/go3/J_sangup_hsj_JK9CB42E.pdf
2024,3,6,kice_mock,vocational,fisheries-and-shipping,question,manual_review,verified_pending_import,confirmed,official_catalog_and_pdf,not_imported,,https://wdown.ebsi.co.kr/W61001/01exam/20240604/go3/J_susan_mun_7QM79GO6.pdf
2024,3,6,kice_mock,vocational,fisheries-and-shipping,solution,manual_review,verified_pending_import,confirmed,official_catalog_and_pdf,not_imported,,https://wdown.ebsi.co.kr/W61001/01exam/20240604/go3/J_susan_hsj_29ZY8615.pdf
2024,3,6,kice_mock,vocational,human-development,question,manual_review,verified_pending_import,confirmed,official_catalog_and_pdf,not_imported,,https://wdown.ebsi.co.kr/W61001/01exam/20240604/go3/J_inkan_mun_1ZL4IL99.pdf
2024,3,6,kice_mock,vocational,human-development,solution,manual_review,verified_pending_import,confirmed,official_catalog_and_pdf,not_imported,,https://wdown.ebsi.co.kr/W61001/01exam/20240604/go3/J_inkan_hsj_IP488XBA.pdf
2024,3,6,kice_mock,vocational,industry-general,question,manual_review,verified_pending_import,confirmed,official_catalog_and_pdf,not_imported,,https://wdown.ebsi.co.kr/W61001/01exam/20240604/go3/J_gup_mun_E46D9162.pdf
2024,3,6,kice_mock,vocational,industry-general,solution,public_ready,approved_existing,confirmed,official_catalog_and_pdf,ready,,https://wdown.ebsi.co.kr/W61001/01exam/20240604/go3/J_gup_hsj_RRYAIE1I.pdf
2024,3,6,kice_mock,vocational,successful-career-life,question,manual_review,verified_pending_import,confirmed,official_catalog_and_pdf,not_imported,,https://wdown.ebsi.co.kr/W61001/01exam/20240604/go3/J_sjl_mun_8143EXGQ.pdf
2024,3,6,kice_mock,vocational,successful-career-life,solution,manual_review,verified_pending_import,confirmed,official_catalog_and_pdf,not_imported,,https://wdown.ebsi.co.kr/W61001/01exam/20240604/go3/J_sjl_hsj_7G5782X2_1.pdf
2024,3,6,kice_mock,second_language,arabic-1,question,manual_review,verified_pending_import,confirmed,official_catalog_and_pdf,not_imported,,https://wdown.ebsi.co.kr/W61001/01exam/20240604/go3/2nd_ar_mun_6OF4Z7YE.pdf
2024,3,6,kice_mock,second_language,arabic-1,solution,manual_review,verified_pending_import,confirmed,official_catalog_and_pdf,not_imported,,https://wdown.ebsi.co.kr/W61001/01exam/20240604/go3/2nd_ar_hsj_F5H97EMS.pdf
2024,3,6,kice_mock,second_language,chinese-1,question,public_ready,approved_existing,confirmed,official_catalog_and_pdf,ready,,https://wdown.ebsi.co.kr/W61001/01exam/20240604/go3/2nd_ch_mun_A4IJ3E7G.pdf
2024,3,6,kice_mock,second_language,chinese-1,solution,manual_review,verified_pending_import,confirmed,official_catalog_and_pdf,not_imported,,https://wdown.ebsi.co.kr/W61001/01exam/20240604/go3/2nd_ch_hsj_M3WS7941.pdf
2024,3,6,kice_mock,second_language,classical-chinese-1,question,manual_review,verified_pending_import,confirmed,official_catalog_and_pdf,not_imported,,https://wdown.ebsi.co.kr/W61001/01exam/20240604/go3/2nd_han_mun_UHKW1V3M.pdf
2024,3,6,kice_mock,second_language,classical-chinese-1,solution,manual_review,verified_pending_import,confirmed,official_catalog_and_pdf,not_imported,,https://wdown.ebsi.co.kr/W61001/01exam/20240604/go3/2nd_han_hsj_3RTR5WH8.pdf
2024,3,6,kice_mock,second_language,french-1,question,manual_review,verified_pending_import,confirmed,official_catalog_and_pdf,not_imported,,https://wdown.ebsi.co.kr/W61001/01exam/20240604/go3/2nd_fr_mun_3C3X573N.pdf
2024,3,6,kice_mock,second_language,french-1,solution,manual_review,verified_pending_import,confirmed,official_catalog_and_pdf,not_imported,,https://wdown.ebsi.co.kr/W61001/01exam/20240604/go3/2nd_fr_hsj_B5774539.pdf
2024,3,6,kice_mock,second_language,german-1,question,public_ready,approved_existing,confirmed,official_catalog_and_pdf,ready,,https://wdown.ebsi.co.kr/W61001/01exam/20240604/go3/2nd_gr_mun_5417L3I6.pdf
2024,3,6,kice_mock,second_language,german-1,solution,public_ready,approved_existing,confirmed,official_catalog_and_pdf,ready,,https://wdown.ebsi.co.kr/W61001/01exam/20240604/go3/2nd_gr_hsj_MT63KLWQ.pdf
2024,3,6,kice_mock,second_language,japanese-1,question,manual_review,verified_pending_import,confirmed,official_catalog_and_pdf,not_imported,,https://wdown.ebsi.co.kr/W61001/01exam/20240604/go3/2nd_ja_mun_278W5G7N.pdf
2024,3,6,kice_mock,second_language,japanese-1,solution,public_ready,approved_existing,confirmed,official_catalog_and_pdf,ready,,https://wdown.ebsi.co.kr/W61001/01exam/20240604/go3/2nd_ja_hsj_785EEJ42.pdf
2024,3,6,kice_mock,second_language,russian-1,question,manual_review,verified_pending_import,confirmed,official_catalog_and_pdf,not_imported,,https://wdown.ebsi.co.kr/W61001/01exam/20240604/go3/2nd_ru_mun_JW1YV48O.pdf
2024,3,6,kice_mock,second_language,russian-1,solution,manual_review,verified_pending_import,confirmed,official_catalog_and_pdf,not_imported,,https://wdown.ebsi.co.kr/W61001/01exam/20240604/go3/2nd_ru_hsj_71553RDV.pdf
2024,3,6,kice_mock,second_language,spanish-1,question,manual_review,verified_pending_import,confirmed,official_catalog_and_pdf,not_imported,,https://wdown.ebsi.co.kr/W61001/01exam/20240604/go3/2nd_sp_mun_KU3U13MI.pdf
2024,3,6,kice_mock,second_language,spanish-1,solution,manual_review,verified_pending_import,confirmed,official_catalog_and_pdf,not_imported,,https://wdown.ebsi.co.kr/W61001/01exam/20240604/go3/2nd_sp_hsj_QJAK3758.pdf
2024,3,6,kice_mock,second_language,vietnamese-1,question,public_ready,approved_existing,confirmed,official_catalog_and_pdf,ready,,https://wdown.ebsi.co.kr/W61001/01exam/20240604/go3/2nd_vit_mun_1AVM966Z.pdf
2024,3,6,kice_mock,second_language,vietnamese-1,solution,manual_review,verified_pending_import,confirmed,official_catalog_and_pdf,not_imported,,https://wdown.ebsi.co.kr/W61001/01exam/20240604/go3/2nd_vit_hsj_XYOTQ7SK.pdf
2024,3,7,school_mock,korean,language-and-media,question,manual_review,verified_pending_import,confirmed,official_catalog_and_pdf,not_imported,,https://wdown.ebsi.co.kr/W61001/01exam/20240711/go3/korB_1_mun_JKM6IB42.pdf
2024,3,7,school_mock,korean,language-and-media,solution,manual_review,verified_pending_import,confirmed,official_catalog_and_pdf,not_imported,,https://wdown.ebsi.co.kr/W61001/01exam/20240711/go3/korB_1_hsj_43ZL9MV8.pdf
2024,3,7,school_mock,korean,speech-and-writing,question,manual_review,verified_pending_import,confirmed,official_catalog_and_pdf,not_imported,,https://wdown.ebsi.co.kr/W61001/01exam/20240711/go3/korA_1_mun_RXG65M96.pdf
2024,3,7,school_mock,korean,speech-and-writing,solution,manual_review,verified_pending_import,confirmed,official_catalog_and_pdf,not_imported,,https://wdown.ebsi.co.kr/W61001/01exam/20240711/go3/korA_1_hsj_1P42X9B5.pdf
2024,3,7,school_mock,math,calculus,question,manual_review,verified_pending_import,confirmed,official_catalog_and_pdf,not_imported,,https://wdown.ebsi.co.kr/W61001/01exam/20240711/go3/mathB_1_mun_6147N81S.pdf
2024,3,7,school_mock,math,calculus,solution,manual_review,verified_pending_import,confirmed,official_catalog_and_pdf,not_imported,,https://wdown.ebsi.co.kr/W61001/01exam/20240711/go3/mathB_1_hsj_62WWG4U8.pdf
2024,3,7,school_mock,math,geometry,question,manual_review,verified_pending_import,confirmed,official_catalog_and_pdf,not_imported,,https://wdown.ebsi.co.kr/W61001/01exam/20240711/go3/mathC_1_mun_YW2LUEA2.pdf
2024,3,7,school_mock,math,geometry,solution,manual_review,verified_pending_import,confirmed,official_catalog_and_pdf,not_imported,,https://wdown.ebsi.co.kr/W61001/01exam/20240711/go3/mathC_1_hsj_E9589XSK.pdf
2024,3,7,school_mock,math,probability-and-statistics,question,manual_review,verified_pending_import,confirmed,official_catalog_and_pdf,not_imported,,https://wdown.ebsi.co.kr/W61001/01exam/20240711/go3/mathA_1_mun_ZBJ9GM1I.pdf
2024,3,7,school_mock,math,probability-and-statistics,solution,manual_review,verified_pending_import,confirmed,official_catalog_and_pdf,not_imported,,https://wdown.ebsi.co.kr/W61001/01exam/20240711/go3/mathA_1_hsj_5G45M97A.pdf
2024,3,7,school_mock,english,,question,manual_review,verified_pending_import,confirmed,official_catalog_and_pdf,not_imported,,https://wdown.ebsi.co.kr/W61001/01exam/20240711/go3/eng_1_mun_E37P4JAZ.pdf
2024,3,7,school_mock,english,,solution,public_ready,approved_existing,confirmed,official_catalog_and_pdf,ready,,https://wdown.ebsi.co.kr/W61001/01exam/20240711/go3/eng_main_hsj_5IJS69J3.pdf
2024,3,7,school_mock,history,,question,manual_review,verified_pending_import,confirmed,official_catalog_and_pdf,not_imported,,https://wdown.ebsi.co.kr/W61001/01exam/20240711/go3/s_his_1_mun_GR33432R.pdf
2024,3,7,school_mock,history,,solution,manual_review,verified_pending_import,confirmed,official_catalog_and_pdf,not_imported,,https://wdown.ebsi.co.kr/W61001/01exam/20240711/go3/s_his_1_hsj_34B6W46O.pdf
2024,3,7,school_mock,social,east-asian-history,question,manual_review,verified_pending_import,confirmed,official_catalog_and_pdf,not_imported,,https://wdown.ebsi.co.kr/W61001/01exam/20240711/go3/s_easta_mun_AH46UN7F.pdf
2024,3,7,school_mock,social,east-asian-history,solution,manual_review,verified_pending_import,confirmed,official_catalog_and_pdf,not_imported,,https://wdown.ebsi.co.kr/W61001/01exam/20240711/go3/s_easta_hsj_X8J31789.pdf
2024,3,7,school_mock,social,economics,question,manual_review,verified_pending_import,confirmed,official_catalog_and_pdf,not_imported,,https://wdown.ebsi.co.kr/W61001/01exam/20240711/go3/s_eco_mun_B9L583JG.pdf
2024,3,7,school_mock,social,economics,solution,manual_review,verified_pending_import,confirmed,official_catalog_and_pdf,not_imported,,https://wdown.ebsi.co.kr/W61001/01exam/20240711/go3/s_eco_hsj_KSHP17TE.pdf
2024,3,7,school_mock,social,ethics-and-thought,question,manual_review,verified_pending_import,confirmed,official_catalog_and_pdf,not_imported,,https://wdown.ebsi.co.kr/W61001/01exam/20240711/go3/s_yrnss_mun_3249HADO.pdf
2024,3,7,school_mock,social,ethics-and-thought,solution,manual_review,verified_pending_import,confirmed,official_catalog_and_pdf,not_imported,,https://wdown.ebsi.co.kr/W61001/01exam/20240711/go3/s_yrnss_hsj_D812CKF6.pdf
2024,3,7,school_mock,social,korean-geography,question,manual_review,verified_pending_import,confirmed,official_catalog_and_pdf,not_imported,,https://wdown.ebsi.co.kr/W61001/01exam/20240711/go3/s_hanji_mun_5C3K7S68.pdf
2024,3,7,school_mock,social,korean-geography,solution,manual_review,verified_pending_import,confirmed,official_catalog_and_pdf,not_imported,,https://wdown.ebsi.co.kr/W61001/01exam/20240711/go3/s_hanji_hsj_49BA9613.pdf
2024,3,7,school_mock,social,life-and-ethics,question,manual_review,verified_pending_import,confirmed,official_catalog_and_pdf,not_imported,,https://wdown.ebsi.co.kr/W61001/01exam/20240711/go3/s_ssnyr_mun_9O45U671.pdf
2024,3,7,school_mock,social,life-and-ethics,solution,manual_review,verified_pending_import,confirmed,official_catalog_and_pdf,not_imported,,https://wdown.ebsi.co.kr/W61001/01exam/20240711/go3/s_ssnyr_hsj_211863L6.pdf
2024,3,7,school_mock,social,politics-and-law,question,manual_review,verified_pending_import,confirmed,official_catalog_and_pdf,not_imported,,https://wdown.ebsi.co.kr/W61001/01exam/20240711/go3/s_bnj_mun_UA57VX21.pdf
2024,3,7,school_mock,social,politics-and-law,solution,manual_review,verified_pending_import,confirmed,official_catalog_and_pdf,not_imported,,https://wdown.ebsi.co.kr/W61001/01exam/20240711/go3/s_bnj_hsj_LDSA2H4B.pdf
2024,3,7,school_mock,social,social-culture,question,manual_review,verified_pending_import,confirmed,official_catalog_and_pdf,not_imported,,https://wdown.ebsi.co.kr/W61001/01exam/20240711/go3/s_samun_mun_7WVIZRZE.pdf
2024,3,7,school_mock,social,social-culture,solution,manual_review,verified_pending_import,confirmed,official_catalog_and_pdf,not_imported,,https://wdown.ebsi.co.kr/W61001/01exam/20240711/go3/s_samun_hsj_M444HVJE.pdf
2024,3,7,school_mock,social,world-geography,question,manual_review,verified_pending_import,confirmed,official_catalog_and_pdf,not_imported,,https://wdown.ebsi.co.kr/W61001/01exam/20240711/go3/s_saeji_mun_KP58BX4E.pdf
2024,3,7,school_mock,social,world-geography,solution,manual_review,verified_pending_import,confirmed,official_catalog_and_pdf,not_imported,,https://wdown.ebsi.co.kr/W61001/01exam/20240711/go3/s_saeji_hsj_751CRBVZ.pdf
2024,3,7,school_mock,social,world-history,question,manual_review,verified_pending_import,confirmed,official_catalog_and_pdf,not_imported,,https://wdown.ebsi.co.kr/W61001/01exam/20240711/go3/s_sks_mun_B17M79YO.pdf
2024,3,7,school_mock,social,world-history,solution,manual_review,verified_pending_import,confirmed,official_catalog_and_pdf,not_imported,,https://wdown.ebsi.co.kr/W61001/01exam/20240711/go3/s_sks_hsj_LAR7213A.pdf
2024,3,7,school_mock,science,chemistry-1,question,manual_review,verified_pending_import,confirmed,official_catalog_and_pdf,not_imported,,https://wdown.ebsi.co.kr/W61001/01exam/20240711/go3/g_che1_mun_RP2IJ5LA.pdf
2024,3,7,school_mock,science,chemistry-1,solution,manual_review,verified_pending_import,confirmed,official_catalog_and_pdf,not_imported,,https://wdown.ebsi.co.kr/W61001/01exam/20240711/go3/g_che1_hsj_X8E59DF8.pdf
2024,3,7,school_mock,science,chemistry-2,question,manual_review,verified_pending_import,confirmed,official_catalog_and_pdf,not_imported,,https://wdown.ebsi.co.kr/W61001/01exam/20240711/go3/g_che2_mun_XO7V43F8.pdf
2024,3,7,school_mock,science,chemistry-2,solution,manual_review,verified_pending_import,confirmed,official_catalog_and_pdf,not_imported,,https://wdown.ebsi.co.kr/W61001/01exam/20240711/go3/g_che2_hsj_18F65HZP.pdf
2024,3,7,school_mock,science,earth-science-1,question,manual_review,verified_pending_import,confirmed,official_catalog_and_pdf,not_imported,,https://wdown.ebsi.co.kr/W61001/01exam/20240711/go3/g_ear1_mun_35RJAS1W.pdf
2024,3,7,school_mock,science,earth-science-1,solution,public_ready,approved_existing,confirmed,official_catalog_and_pdf,ready,,https://wdown.ebsi.co.kr/W61001/01exam/20240711/go3/g_ear1_hsj_L26J5847.pdf
2024,3,7,school_mock,science,earth-science-2,question,manual_review,verified_pending_import,confirmed,official_catalog_and_pdf,not_imported,,https://wdown.ebsi.co.kr/W61001/01exam/20240711/go3/g_ear2_mun_875A13U6.pdf
2024,3,7,school_mock,science,earth-science-2,solution,manual_review,verified_pending_import,confirmed,official_catalog_and_pdf,not_imported,,https://wdown.ebsi.co.kr/W61001/01exam/20240711/go3/g_ear2_hsj_29HLAH6Y.pdf
2024,3,7,school_mock,science,life-science-1,question,manual_review,verified_pending_import,confirmed,official_catalog_and_pdf,not_imported,,https://wdown.ebsi.co.kr/W61001/01exam/20240711/go3/g_bio1_mun_YV412299.pdf
2024,3,7,school_mock,science,life-science-1,solution,manual_review,verified_pending_import,confirmed,official_catalog_and_pdf,not_imported,,https://wdown.ebsi.co.kr/W61001/01exam/20240711/go3/g_bio1_hsj_N4LV46K2.pdf
2024,3,7,school_mock,science,life-science-2,question,manual_review,verified_pending_import,confirmed,official_catalog_and_pdf,not_imported,,https://wdown.ebsi.co.kr/W61001/01exam/20240711/go3/g_bio2_mun_V33Y58W3.pdf
2024,3,7,school_mock,science,life-science-2,solution,manual_review,verified_pending_import,confirmed,official_catalog_and_pdf,not_imported,,https://wdown.ebsi.co.kr/W61001/01exam/20240711/go3/g_bio2_hsj_Z58A9616.pdf
2024,3,7,school_mock,science,physics-1,question,manual_review,verified_pending_import,confirmed,official_catalog_and_pdf,not_imported,,https://wdown.ebsi.co.kr/W61001/01exam/20240711/go3/g_phy1_mun_93TEV63N.pdf
2024,3,7,school_mock,science,physics-1,solution,manual_review,verified_pending_import,confirmed,official_catalog_and_pdf,not_imported,,https://wdown.ebsi.co.kr/W61001/01exam/20240711/go3/g_phy1_hsj_2MY9ABJ2.pdf
2024,3,7,school_mock,science,physics-2,question,manual_review,verified_pending_import,confirmed,official_catalog_and_pdf,not_imported,,https://wdown.ebsi.co.kr/W61001/01exam/20240711/go3/g_phy2_mun_4Z33KN65.pdf
2024,3,7,school_mock,science,physics-2,solution,manual_review,verified_pending_import,confirmed,official_catalog_and_pdf,not_imported,,https://wdown.ebsi.co.kr/W61001/01exam/20240711/go3/g_phy2_hsj_S7P1L2V7.pdf
2024,3,9,kice_mock,korean,language-and-media,question,manual_review,verified_pending_import,confirmed,official_catalog_and_pdf,not_imported,,https://wdown.ebsi.co.kr/W61001/01exam/20240904/go3/korB_1_mun_4II3M1ST_1.pdf
2024,3,9,kice_mock,korean,language-and-media,solution,manual_review,verified_pending_import,confirmed,official_catalog_and_pdf,not_imported,,https://wdown.ebsi.co.kr/W61001/01exam/20240904/go3/korB_1_hsj_1P5Q6LIA_1.pdf
2024,3,9,kice_mock,korean,speech-and-writing,question,manual_review,verified_pending_import,confirmed,official_catalog_and_pdf,not_imported,,https://wdown.ebsi.co.kr/W61001/01exam/20240904/go3/korA_1_mun_W7D6W226_1.pdf
2024,3,9,kice_mock,korean,speech-and-writing,solution,manual_review,verified_pending_import,confirmed,official_catalog_and_pdf,not_imported,,https://wdown.ebsi.co.kr/W61001/01exam/20240904/go3/korA_1_hsj_2A7H1YW8_1.pdf
2024,3,9,kice_mock,math,calculus,question,manual_review,verified_pending_import,confirmed,official_catalog_and_pdf,not_imported,,https://wdown.ebsi.co.kr/W61001/01exam/20240904/go3/mathB_1_mun_9623W768_1.pdf
2024,3,9,kice_mock,math,calculus,solution,manual_review,verified_pending_import,confirmed,official_catalog_and_pdf,not_imported,,https://wdown.ebsi.co.kr/W61001/01exam/20240904/go3/mathB_1_hsj_Q369Z2K7.pdf
2024,3,9,kice_mock,math,geometry,question,manual_review,verified_pending_import,confirmed,official_catalog_and_pdf,not_imported,,https://wdown.ebsi.co.kr/W61001/01exam/20240904/go3/mathC_1_mun_KBE8I7A8_1.pdf
2024,3,9,kice_mock,math,geometry,solution,manual_review,verified_pending_import,confirmed,official_catalog_and_pdf,not_imported,,https://wdown.ebsi.co.kr/W61001/01exam/20240904/go3/mathC_1_hsj_JL774492.pdf
2024,3,9,kice_mock,math,probability-and-statistics,question,manual_review,verified_pending_import,confirmed,official_catalog_and_pdf,not_imported,,https://wdown.ebsi.co.kr/W61001/01exam/20240904/go3/mathA_1_mun_122RDH64_1.pdf
2024,3,9,kice_mock,math,probability-and-statistics,solution,manual_review,verified_pending_import,confirmed,official_catalog_and_pdf,not_imported,,https://wdown.ebsi.co.kr/W61001/01exam/20240904/go3/mathA_1_hsj_9DOE5Q44.pdf
2024,3,9,kice_mock,english,,question,manual_review,verified_pending_import,confirmed,official_catalog_and_pdf,not_imported,,https://wdown.ebsi.co.kr/W61001/01exam/20240904/go3/eng_1_mun_7A2L4V1X.pdf
2024,3,9,kice_mock,english,,solution,manual_review,verified_pending_import,confirmed,official_catalog_and_pdf,not_imported,,https://wdown.ebsi.co.kr/W61001/01exam/20240904/go3/eng_main_hsj_N5791Z56_1.pdf
2024,3,9,kice_mock,history,,question,manual_review,verified_pending_import,confirmed,official_catalog_and_pdf,not_imported,,https://wdown.ebsi.co.kr/W61001/01exam/20240904/go3/s_his_1_mun_Z655M233.pdf
2024,3,9,kice_mock,history,,solution,public_ready,approved_existing,confirmed,official_catalog_and_pdf,ready,,https://wdown.ebsi.co.kr/W61001/01exam/20240904/go3/his_main_hsj_FYDO1724.pdf
2024,3,9,kice_mock,social,east-asian-history,question,manual_review,verified_pending_import,confirmed,official_catalog_and_pdf,not_imported,,https://wdown.ebsi.co.kr/W61001/01exam/20240904/go3/s_easta_mun_63844LRN.pdf
2024,3,9,kice_mock,social,east-asian-history,solution,manual_review,verified_pending_import,confirmed,official_catalog_and_pdf,not_imported,,https://wdown.ebsi.co.kr/W61001/01exam/20240904/go3/s_easta_hsj_S2464Z2I.pdf
2024,3,9,kice_mock,social,economics,question,manual_review,verified_pending_import,confirmed,official_catalog_and_pdf,not_imported,,https://wdown.ebsi.co.kr/W61001/01exam/20240904/go3/s_eco_mun_5P644W54.pdf
2024,3,9,kice_mock,social,economics,solution,manual_review,verified_pending_import,confirmed,official_catalog_and_pdf,not_imported,,https://wdown.ebsi.co.kr/W61001/01exam/20240904/go3/s_eco_hsj_835VD9HH.pdf
2024,3,9,kice_mock,social,ethics-and-thought,question,manual_review,verified_pending_import,confirmed,official_catalog_and_pdf,not_imported,,https://wdown.ebsi.co.kr/W61001/01exam/20240904/go3/s_yrnss_mun_3K8799Q9.pdf
2024,3,9,kice_mock,social,ethics-and-thought,solution,manual_review,verified_pending_import,confirmed,official_catalog_and_pdf,not_imported,,https://wdown.ebsi.co.kr/W61001/01exam/20240904/go3/s_yrnss_hsj_EVHRSRA1_1.pdf
2024,3,9,kice_mock,social,korean-geography,question,manual_review,verified_pending_import,confirmed,official_catalog_and_pdf,not_imported,,https://wdown.ebsi.co.kr/W61001/01exam/20240904/go3/s_hanji_mun_4786685T.pdf
2024,3,9,kice_mock,social,korean-geography,solution,manual_review,verified_pending_import,confirmed,official_catalog_and_pdf,not_imported,,https://wdown.ebsi.co.kr/W61001/01exam/20240904/go3/s_hanji_hsj_3PJWTD66.pdf
2024,3,9,kice_mock,social,life-and-ethics,question,public_ready,approved_existing,confirmed,official_catalog_and_pdf,ready,,https://wdown.ebsi.co.kr/W61001/01exam/20240904/go3/s_ssnyr_mun_5S9RG5H5.pdf
2024,3,9,kice_mock,social,life-and-ethics,solution,public_ready,approved_existing,confirmed,official_catalog_and_pdf,ready,,https://wdown.ebsi.co.kr/W61001/01exam/20240904/go3/s_ssnyr_hsj_IS842ND8.pdf
2024,3,9,kice_mock,social,politics-and-law,question,manual_review,verified_pending_import,confirmed,official_catalog_and_pdf,not_imported,,https://wdown.ebsi.co.kr/W61001/01exam/20240904/go3/s_bnj_mun_XQ8FAR45.pdf
2024,3,9,kice_mock,social,politics-and-law,solution,public_ready,approved_existing,confirmed,official_catalog_and_pdf,ready,,https://wdown.ebsi.co.kr/W61001/01exam/20240904/go3/s_bnj_hsj_ZNB851CD.pdf
2024,3,9,kice_mock,social,social-culture,question,manual_review,verified_pending_import,confirmed,official_catalog_and_pdf,not_imported,,https://wdown.ebsi.co.kr/W61001/01exam/20240904/go3/s_samun_mun_S8B75S3G.pdf
2024,3,9,kice_mock,social,social-culture,solution,public_ready,approved_existing,confirmed,official_catalog_and_pdf,ready,,https://wdown.ebsi.co.kr/W61001/01exam/20240904/go3/s_samun_hsj_7AEIZRKU_1.pdf
2024,3,9,kice_mock,social,world-geography,question,manual_review,verified_pending_import,confirmed,official_catalog_and_pdf,not_imported,,https://wdown.ebsi.co.kr/W61001/01exam/20240904/go3/s_saeji_mun_CLH326W3.pdf
2024,3,9,kice_mock,social,world-geography,solution,public_ready,approved_existing,confirmed,official_catalog_and_pdf,ready,,https://wdown.ebsi.co.kr/W61001/01exam/20240904/go3/s_saeji_hsj_TFQ32A59.pdf
2024,3,9,kice_mock,social,world-history,question,manual_review,verified_pending_import,confirmed,official_catalog_and_pdf,not_imported,,https://wdown.ebsi.co.kr/W61001/01exam/20240904/go3/s_sks_mun_9CF9Z923.pdf
2024,3,9,kice_mock,social,world-history,solution,manual_review,verified_pending_import,confirmed,official_catalog_and_pdf,not_imported,,https://wdown.ebsi.co.kr/W61001/01exam/20240904/go3/s_sks_hsj_F3Y6A3F2.pdf
2024,3,9,kice_mock,science,chemistry-1,question,public_ready,approved_existing,confirmed,official_catalog_and_pdf,ready,,https://wdown.ebsi.co.kr/W61001/01exam/20240904/go3/g_che1_mun_Y26WRJ73.pdf
2024,3,9,kice_mock,science,chemistry-1,solution,manual_review,verified_pending_import,confirmed,official_catalog_and_pdf,not_imported,,https://wdown.ebsi.co.kr/W61001/01exam/20240904/go3/g_che1_hsj_49HN69T9.pdf
2024,3,9,kice_mock,science,chemistry-2,question,manual_review,verified_pending_import,confirmed,official_catalog_and_pdf,not_imported,,https://wdown.ebsi.co.kr/W61001/01exam/20240904/go3/g_che2_mun_422P16Y1.pdf
2024,3,9,kice_mock,science,chemistry-2,solution,manual_review,verified_pending_import,confirmed,official_catalog_and_pdf,not_imported,,https://wdown.ebsi.co.kr/W61001/01exam/20240904/go3/g_che2_hsj_2ADFBXM4.pdf
2024,3,9,kice_mock,science,earth-science-1,question,manual_review,verified_pending_import,confirmed,official_catalog_and_pdf,not_imported,,https://wdown.ebsi.co.kr/W61001/01exam/20240904/go3/g_ear1_mun_EP6B78OS.pdf
2024,3,9,kice_mock,science,earth-science-1,solution,public_ready,approved_existing,confirmed,official_catalog_and_pdf,ready,,https://wdown.ebsi.co.kr/W61001/01exam/20240904/go3/g_ear1_hsj_733F23PS.pdf
2024,3,9,kice_mock,science,earth-science-2,question,manual_review,verified_pending_import,confirmed,official_catalog_and_pdf,not_imported,,https://wdown.ebsi.co.kr/W61001/01exam/20240904/go3/g_ear2_mun_8TYI9363.pdf
2024,3,9,kice_mock,science,earth-science-2,solution,manual_review,verified_pending_import,confirmed,official_catalog_and_pdf,not_imported,,https://wdown.ebsi.co.kr/W61001/01exam/20240904/go3/g_ear2_hsj_N1565X8R.pdf
2024,3,9,kice_mock,science,life-science-1,question,public_ready,approved_existing,confirmed,official_catalog_and_pdf,ready,,https://wdown.ebsi.co.kr/W61001/01exam/20240904/go3/g_bio1_mun_32DG4E36.pdf
2024,3,9,kice_mock,science,life-science-1,solution,manual_review,verified_pending_import,confirmed,official_catalog_and_pdf,not_imported,,https://wdown.ebsi.co.kr/W61001/01exam/20240904/go3/g_bio1_hsj_ZQ43TFY7_2.pdf
2024,3,9,kice_mock,science,life-science-2,question,manual_review,verified_pending_import,confirmed,official_catalog_and_pdf,not_imported,,https://wdown.ebsi.co.kr/W61001/01exam/20240904/go3/g_bio2_mun_2SSMU3SI.pdf
2024,3,9,kice_mock,science,life-science-2,solution,manual_review,verified_pending_import,confirmed,official_catalog_and_pdf,not_imported,,https://wdown.ebsi.co.kr/W61001/01exam/20240904/go3/g_bio2_hsj_8Q86IBXY_2.pdf
2024,3,9,kice_mock,science,physics-1,question,manual_review,verified_pending_import,confirmed,official_catalog_and_pdf,not_imported,,https://wdown.ebsi.co.kr/W61001/01exam/20240904/go3/g_phy1_mun_E4238TAZ.pdf
2024,3,9,kice_mock,science,physics-1,solution,manual_review,verified_pending_import,confirmed,official_catalog_and_pdf,not_imported,,https://wdown.ebsi.co.kr/W61001/01exam/20240904/go3/g_phy1_hsj_T8F7NQD1.pdf
2024,3,9,kice_mock,science,physics-2,question,manual_review,verified_pending_import,confirmed,official_catalog_and_pdf,not_imported,,https://wdown.ebsi.co.kr/W61001/01exam/20240904/go3/g_phy2_mun_OY61N788.pdf
2024,3,9,kice_mock,science,physics-2,solution,manual_review,verified_pending_import,confirmed,official_catalog_and_pdf,not_imported,,https://wdown.ebsi.co.kr/W61001/01exam/20240904/go3/g_phy2_hsj_3J796UYC.pdf
2024,3,9,kice_mock,vocational,agriculture-basics,question,manual_review,verified_pending_import,confirmed,official_catalog_and_pdf,not_imported,,https://wdown.ebsi.co.kr/W61001/01exam/20240904/go3/J_nupgi_mun_95349O53.pdf
2024,3,9,kice_mock,vocational,agriculture-basics,solution,public_ready,approved_existing,confirmed,official_catalog_and_pdf,ready,,https://wdown.ebsi.co.kr/W61001/01exam/20240904/go3/J_nupgi_hsj_N31HUOG6.pdf
2024,3,9,kice_mock,vocational,commercial-economics,question,manual_review,verified_pending_import,confirmed,official_catalog_and_pdf,not_imported,,https://wdown.ebsi.co.kr/W61001/01exam/20240904/go3/J_sangup_mun_756L6265.pdf
2024,3,9,kice_mock,vocational,commercial-economics,solution,manual_review,verified_pending_import,confirmed,official_catalog_and_pdf,not_imported,,https://wdown.ebsi.co.kr/W61001/01exam/20240904/go3/J_sangup_hsj_W89EZZ7D_1.pdf
2024,3,9,kice_mock,vocational,fisheries-and-shipping,question,manual_review,verified_pending_import,confirmed,official_catalog_and_pdf,not_imported,,https://wdown.ebsi.co.kr/W61001/01exam/20240904/go3/J_susan_mun_3C76ECU8.pdf
2024,3,9,kice_mock,vocational,fisheries-and-shipping,solution,manual_review,verified_pending_import,confirmed,official_catalog_and_pdf,not_imported,,https://wdown.ebsi.co.kr/W61001/01exam/20240904/go3/J_susan_hsj_P78SP63O.pdf
2024,3,9,kice_mock,vocational,human-development,question,manual_review,verified_pending_import,confirmed,official_catalog_and_pdf,not_imported,,https://wdown.ebsi.co.kr/W61001/01exam/20240904/go3/J_inkan_mun_144G2467.pdf
2024,3,9,kice_mock,vocational,human-development,solution,manual_review,verified_pending_import,confirmed,official_catalog_and_pdf,not_imported,,https://wdown.ebsi.co.kr/W61001/01exam/20240904/go3/J_inkan_hsj_8TPNOPH4.pdf
2024,3,9,kice_mock,vocational,industry-general,question,manual_review,verified_pending_import,confirmed,official_catalog_and_pdf,not_imported,,https://wdown.ebsi.co.kr/W61001/01exam/20240904/go3/J_gup_mun_QFK5V78Q.pdf
2024,3,9,kice_mock,vocational,industry-general,solution,manual_review,verified_pending_import,confirmed,official_catalog_and_pdf,not_imported,,https://wdown.ebsi.co.kr/W61001/01exam/20240904/go3/J_gup_hsj_1UN45ELT.pdf
2024,3,9,kice_mock,vocational,successful-career-life,question,public_ready,approved_existing,confirmed,official_catalog_and_pdf,ready,,https://wdown.ebsi.co.kr/W61001/01exam/20240904/go3/J_sjl_mun_67698C9H.pdf
2024,3,9,kice_mock,vocational,successful-career-life,solution,public_ready,approved_existing,confirmed,official_catalog_and_pdf,ready,,https://wdown.ebsi.co.kr/W61001/01exam/20240904/go3/J_sjl_hsj_G4BJLEXO_1.pdf
2024,3,9,kice_mock,second_language,arabic-1,question,manual_review,verified_pending_import,confirmed,official_catalog_and_pdf,not_imported,,https://wdown.ebsi.co.kr/W61001/01exam/20240904/go3/2nd_ar_mun_N4Q641YN.pdf
2024,3,9,kice_mock,second_language,arabic-1,solution,manual_review,verified_pending_import,confirmed,official_catalog_and_pdf,not_imported,,https://wdown.ebsi.co.kr/W61001/01exam/20240904/go3/2nd_ar_hsj_7586I844.pdf
2024,3,9,kice_mock,second_language,chinese-1,question,manual_review,verified_pending_import,confirmed,official_catalog_and_pdf,not_imported,,https://wdown.ebsi.co.kr/W61001/01exam/20240904/go3/2nd_ch_mun_TL6O1CW1.pdf
2024,3,9,kice_mock,second_language,chinese-1,solution,manual_review,verified_pending_import,confirmed,official_catalog_and_pdf,not_imported,,https://wdown.ebsi.co.kr/W61001/01exam/20240904/go3/2nd_ch_hsj_6CT5L633.pdf
2024,3,9,kice_mock,second_language,classical-chinese-1,question,manual_review,verified_pending_import,confirmed,official_catalog_and_pdf,not_imported,,https://wdown.ebsi.co.kr/W61001/01exam/20240904/go3/2nd_han_mun_83EJ7584.pdf
2024,3,9,kice_mock,second_language,classical-chinese-1,solution,public_ready,approved_existing,confirmed,official_catalog_and_pdf,ready,,https://wdown.ebsi.co.kr/W61001/01exam/20240904/go3/2nd_han_hsj_Z5F22613.pdf
2024,3,9,kice_mock,second_language,french-1,question,manual_review,verified_pending_import,confirmed,official_catalog_and_pdf,not_imported,,https://wdown.ebsi.co.kr/W61001/01exam/20240904/go3/2nd_fr_mun_CGNV7P22.pdf
2024,3,9,kice_mock,second_language,french-1,solution,manual_review,verified_pending_import,confirmed,official_catalog_and_pdf,not_imported,,https://wdown.ebsi.co.kr/W61001/01exam/20240904/go3/2nd_fr_hsj_73A57T5K.pdf
2024,3,9,kice_mock,second_language,german-1,question,manual_review,verified_pending_import,confirmed,official_catalog_and_pdf,not_imported,,https://wdown.ebsi.co.kr/W61001/01exam/20240904/go3/2nd_gr_mun_Y916I6L3.pdf
2024,3,9,kice_mock,second_language,german-1,solution,public_ready,approved_existing,confirmed,official_catalog_and_pdf,ready,,https://wdown.ebsi.co.kr/W61001/01exam/20240904/go3/2nd_gr_hsj_Y1TL5P95.pdf
2024,3,9,kice_mock,second_language,japanese-1,question,manual_review,verified_pending_import,confirmed,official_catalog_and_pdf,not_imported,,https://wdown.ebsi.co.kr/W61001/01exam/20240904/go3/2nd_ja_mun_8573Z35A.pdf
2024,3,9,kice_mock,second_language,japanese-1,solution,public_ready,approved_existing,confirmed,official_catalog_and_pdf,ready,,https://wdown.ebsi.co.kr/W61001/01exam/20240904/go3/2nd_ja_hsj_EP2Z1386.pdf
2024,3,9,kice_mock,second_language,russian-1,question,manual_review,verified_pending_import,confirmed,official_catalog_and_pdf,not_imported,,https://wdown.ebsi.co.kr/W61001/01exam/20240904/go3/2nd_ru_mun_YW6H7164.pdf
2024,3,9,kice_mock,second_language,russian-1,solution,manual_review,verified_pending_import,confirmed,official_catalog_and_pdf,not_imported,,https://wdown.ebsi.co.kr/W61001/01exam/20240904/go3/2nd_ru_hsj_195Y11C5.pdf
2024,3,9,kice_mock,second_language,spanish-1,question,manual_review,verified_pending_import,confirmed,official_catalog_and_pdf,not_imported,,https://wdown.ebsi.co.kr/W61001/01exam/20240904/go3/2nd_sp_mun_OP8465UP.pdf
2024,3,9,kice_mock,second_language,spanish-1,solution,manual_review,verified_pending_import,confirmed,official_catalog_and_pdf,not_imported,,https://wdown.ebsi.co.kr/W61001/01exam/20240904/go3/2nd_sp_hsj_1GAWZ783.pdf
2024,3,9,kice_mock,second_language,vietnamese-1,question,manual_review,verified_pending_import,confirmed,official_catalog_and_pdf,not_imported,,https://wdown.ebsi.co.kr/W61001/01exam/20240904/go3/2nd_vit_mun_TF6614I1.pdf
2024,3,9,kice_mock,second_language,vietnamese-1,solution,public_ready,approved_existing,confirmed,official_catalog_and_pdf,ready,,https://wdown.ebsi.co.kr/W61001/01exam/20240904/go3/2nd_vit_hsj_LE89553D.pdf
2024,3,10,school_mock,korean,language-and-media,question,manual_review,verified_pending_import,confirmed,official_catalog_and_pdf,not_imported,,https://wdown.ebsi.co.kr/W61001/01exam/20241015/go3/korB_1_mun_6XCL7212.pdf
2024,3,10,school_mock,korean,language-and-media,solution,manual_review,verified_pending_import,confirmed,official_catalog_and_pdf,not_imported,,https://wdown.ebsi.co.kr/W61001/01exam/20241015/go3/korB_1_hsj_Z62463WQ.pdf
2024,3,10,school_mock,korean,speech-and-writing,question,manual_review,verified_pending_import,confirmed,official_catalog_and_pdf,not_imported,,https://wdown.ebsi.co.kr/W61001/01exam/20241015/go3/korA_1_mun_HV75568Z.pdf
2024,3,10,school_mock,korean,speech-and-writing,solution,manual_review,verified_pending_import,confirmed,official_catalog_and_pdf,not_imported,,https://wdown.ebsi.co.kr/W61001/01exam/20241015/go3/korA_1_hsj_KQ8744A1.pdf
2024,3,10,school_mock,math,calculus,question,manual_review,verified_pending_import,confirmed,official_catalog_and_pdf,not_imported,,https://wdown.ebsi.co.kr/W61001/01exam/20241015/go3/mathB_1_mun_6QY672N8.pdf
2024,3,10,school_mock,math,calculus,solution,manual_review,verified_pending_import,confirmed,official_catalog_and_pdf,not_imported,,https://wdown.ebsi.co.kr/W61001/01exam/20241015/go3/mathB_1_hsj_3UZ7CMSB.pdf
2024,3,10,school_mock,math,geometry,question,manual_review,verified_pending_import,confirmed,official_catalog_and_pdf,not_imported,,https://wdown.ebsi.co.kr/W61001/01exam/20241015/go3/mathC_1_mun_AIMQUZAB.pdf
2024,3,10,school_mock,math,geometry,solution,manual_review,verified_pending_import,confirmed,official_catalog_and_pdf,not_imported,,https://wdown.ebsi.co.kr/W61001/01exam/20241015/go3/mathC_1_hsj_3X52WC7H.pdf
2024,3,10,school_mock,math,probability-and-statistics,question,manual_review,verified_pending_import,confirmed,official_catalog_and_pdf,not_imported,,https://wdown.ebsi.co.kr/W61001/01exam/20241015/go3/mathA_1_mun_SMWKIF68.pdf
2024,3,10,school_mock,math,probability-and-statistics,solution,manual_review,verified_pending_import,confirmed,official_catalog_and_pdf,not_imported,,https://wdown.ebsi.co.kr/W61001/01exam/20241015/go3/mathA_1_hsj_AU4P3I1U.pdf
2024,3,10,school_mock,english,,question,manual_review,verified_pending_import,confirmed,official_catalog_and_pdf,not_imported,,https://wdown.ebsi.co.kr/W61001/01exam/20241015/go3/eng_1_mun_4AYRN8Z8.pdf
2024,3,10,school_mock,english,,solution,public_ready,approved_existing,confirmed,official_catalog_and_pdf,ready,,https://wdown.ebsi.co.kr/W61001/01exam/20241015/go3/eng_main_hsj_4D73AY21.pdf
2024,3,10,school_mock,history,,question,manual_review,verified_pending_import,confirmed,official_catalog_and_pdf,not_imported,,https://wdown.ebsi.co.kr/W61001/01exam/20241015/go3/s_his_1_mun_UYB85395.pdf
2024,3,10,school_mock,history,,solution,manual_review,verified_pending_import,confirmed,official_catalog_and_pdf,not_imported,,https://wdown.ebsi.co.kr/W61001/01exam/20241015/go3/s_his_1_hsj_4Y27611H.pdf
2024,3,10,school_mock,social,east-asian-history,question,manual_review,verified_pending_import,confirmed,official_catalog_and_pdf,not_imported,,https://wdown.ebsi.co.kr/W61001/01exam/20241015/go3/s_easta_mun_L6588SVA.pdf
2024,3,10,school_mock,social,east-asian-history,solution,manual_review,verified_pending_import,confirmed,official_catalog_and_pdf,not_imported,,https://wdown.ebsi.co.kr/W61001/01exam/20241015/go3/s_easta_hsj_83K8JHK5.pdf
2024,3,10,school_mock,social,economics,question,manual_review,verified_pending_import,confirmed,official_catalog_and_pdf,not_imported,,https://wdown.ebsi.co.kr/W61001/01exam/20241015/go3/s_eco_mun_PITDD6AR.pdf
2024,3,10,school_mock,social,economics,solution,public_ready,approved_existing,confirmed,official_catalog_and_pdf,ready,,https://wdown.ebsi.co.kr/W61001/01exam/20241015/go3/s_eco_hsj_WCC49K2W.pdf
2024,3,10,school_mock,social,ethics-and-thought,question,manual_review,verified_pending_import,confirmed,official_catalog_and_pdf,not_imported,,https://wdown.ebsi.co.kr/W61001/01exam/20241015/go3/s_yrnss_mun_8T828C72.pdf
2024,3,10,school_mock,social,ethics-and-thought,solution,manual_review,verified_pending_import,confirmed,official_catalog_and_pdf,not_imported,,https://wdown.ebsi.co.kr/W61001/01exam/20241015/go3/s_yrnss_hsj_E69252Z9.pdf
2024,3,10,school_mock,social,korean-geography,question,manual_review,verified_pending_import,confirmed,official_catalog_and_pdf,not_imported,,https://wdown.ebsi.co.kr/W61001/01exam/20241015/go3/s_hanji_mun_91J7H4G7.pdf
2024,3,10,school_mock,social,korean-geography,solution,manual_review,verified_pending_import,confirmed,official_catalog_and_pdf,not_imported,,https://wdown.ebsi.co.kr/W61001/01exam/20241015/go3/s_hanji_hsj_RXL7233U.pdf
2024,3,10,school_mock,social,life-and-ethics,question,manual_review,verified_pending_import,confirmed,official_catalog_and_pdf,not_imported,,https://wdown.ebsi.co.kr/W61001/01exam/20241015/go3/s_ssnyr_mun_8NN9AF62.pdf
2024,3,10,school_mock,social,life-and-ethics,solution,manual_review,verified_pending_import,confirmed,official_catalog_and_pdf,not_imported,,https://wdown.ebsi.co.kr/W61001/01exam/20241015/go3/s_ssnyr_hsj_V3523PQA.pdf
2024,3,10,school_mock,social,politics-and-law,question,manual_review,verified_pending_import,confirmed,official_catalog_and_pdf,not_imported,,https://wdown.ebsi.co.kr/W61001/01exam/20241015/go3/s_bnj_mun_3R6HM7G1.pdf
2024,3,10,school_mock,social,politics-and-law,solution,manual_review,verified_pending_import,confirmed,official_catalog_and_pdf,not_imported,,https://wdown.ebsi.co.kr/W61001/01exam/20241015/go3/s_bnj_hsj_QP43NU17.pdf
2024,3,10,school_mock,social,social-culture,question,manual_review,verified_pending_import,confirmed,official_catalog_and_pdf,not_imported,,https://wdown.ebsi.co.kr/W61001/01exam/20241015/go3/s_samun_mun_9PXN2UJ5.pdf
2024,3,10,school_mock,social,social-culture,solution,public_ready,approved_existing,confirmed,official_catalog_and_pdf,ready,,https://wdown.ebsi.co.kr/W61001/01exam/20241015/go3/s_samun_hsj_2I6831D2.pdf
2024,3,10,school_mock,social,world-geography,question,public_ready,approved_existing,confirmed,official_catalog_and_pdf,ready,,https://wdown.ebsi.co.kr/W61001/01exam/20241015/go3/s_saeji_mun_ADN55B3G.pdf
2024,3,10,school_mock,social,world-geography,solution,public_ready,approved_existing,confirmed,official_catalog_and_pdf,ready,,https://wdown.ebsi.co.kr/W61001/01exam/20241015/go3/s_saeji_hsj_TKC4639K.pdf
2024,3,10,school_mock,social,world-history,question,manual_review,verified_pending_import,confirmed,official_catalog_and_pdf,not_imported,,https://wdown.ebsi.co.kr/W61001/01exam/20241015/go3/s_sks_mun_7JJ67CU3.pdf
2024,3,10,school_mock,social,world-history,solution,manual_review,verified_pending_import,confirmed,official_catalog_and_pdf,not_imported,,https://wdown.ebsi.co.kr/W61001/01exam/20241015/go3/s_sks_hsj_3PLVT37F.pdf
2024,3,10,school_mock,science,chemistry-1,question,manual_review,verified_pending_import,confirmed,official_catalog_and_pdf,not_imported,,https://wdown.ebsi.co.kr/W61001/01exam/20241015/go3/g_che1_mun_9F4M1TGQ.pdf
2024,3,10,school_mock,science,chemistry-1,solution,public_ready,approved_existing,confirmed,official_catalog_and_pdf,ready,,https://wdown.ebsi.co.kr/W61001/01exam/20241015/go3/g_che1_hsj_O796Q2PJ.pdf
2024,3,10,school_mock,science,chemistry-2,question,manual_review,verified_pending_import,confirmed,official_catalog_and_pdf,not_imported,,https://wdown.ebsi.co.kr/W61001/01exam/20241015/go3/g_che2_mun_19VUV6W6.pdf
2024,3,10,school_mock,science,chemistry-2,solution,manual_review,verified_pending_import,confirmed,official_catalog_and_pdf,not_imported,,https://wdown.ebsi.co.kr/W61001/01exam/20241015/go3/g_che2_hsj_1KLHZJ76.pdf
2024,3,10,school_mock,science,earth-science-1,question,manual_review,verified_pending_import,confirmed,official_catalog_and_pdf,not_imported,,https://wdown.ebsi.co.kr/W61001/01exam/20241015/go3/g_ear1_mun_714P9V49.pdf
2024,3,10,school_mock,science,earth-science-1,solution,public_ready,approved_existing,confirmed,official_catalog_and_pdf,ready,,https://wdown.ebsi.co.kr/W61001/01exam/20241015/go3/g_ear1_hsj_BN84T897.pdf
2024,3,10,school_mock,science,earth-science-2,question,manual_review,verified_pending_import,confirmed,official_catalog_and_pdf,not_imported,,https://wdown.ebsi.co.kr/W61001/01exam/20241015/go3/g_ear2_mun_9R12AG29.pdf
2024,3,10,school_mock,science,earth-science-2,solution,public_ready,approved_existing,confirmed,official_catalog_and_pdf,ready,,https://wdown.ebsi.co.kr/W61001/01exam/20241015/go3/g_ear2_hsj_42Y3ZQPA.pdf
2024,3,10,school_mock,science,life-science-1,question,manual_review,verified_pending_import,confirmed,official_catalog_and_pdf,not_imported,,https://wdown.ebsi.co.kr/W61001/01exam/20241015/go3/g_bio1_mun_V5PG5AFW.pdf
2024,3,10,school_mock,science,life-science-1,solution,manual_review,verified_pending_import,confirmed,official_catalog_and_pdf,not_imported,,https://wdown.ebsi.co.kr/W61001/01exam/20241015/go3/g_bio1_hsj_8O3S6E14.pdf
2024,3,10,school_mock,science,life-science-2,question,manual_review,verified_pending_import,confirmed,official_catalog_and_pdf,not_imported,,https://wdown.ebsi.co.kr/W61001/01exam/20241015/go3/g_bio2_mun_O4IVCMIG.pdf
2024,3,10,school_mock,science,life-science-2,solution,manual_review,verified_pending_import,confirmed,official_catalog_and_pdf,not_imported,,https://wdown.ebsi.co.kr/W61001/01exam/20241015/go3/g_bio2_hsj_6U637985.pdf
2024,3,10,school_mock,science,physics-1,question,public_ready,approved_existing,confirmed,official_catalog_and_pdf,ready,,https://wdown.ebsi.co.kr/W61001/01exam/20241015/go3/g_phy1_mun_K5E66352.pdf
2024,3,10,school_mock,science,physics-1,solution,manual_review,verified_pending_import,confirmed,official_catalog_and_pdf,not_imported,,https://wdown.ebsi.co.kr/W61001/01exam/20241015/go3/g_phy1_hsj_8M181815.pdf
2024,3,10,school_mock,science,physics-2,question,manual_review,verified_pending_import,confirmed,official_catalog_and_pdf,not_imported,,https://wdown.ebsi.co.kr/W61001/01exam/20241015/go3/g_phy2_mun_IKKGL7P7.pdf
2024,3,10,school_mock,science,physics-2,solution,manual_review,verified_pending_import,confirmed,official_catalog_and_pdf,not_imported,,https://wdown.ebsi.co.kr/W61001/01exam/20241015/go3/g_phy2_hsj_V497BS2A.pdf
2024,3,10,school_mock,vocational,agriculture-basics,question,manual_review,verified_pending_import,confirmed,official_catalog_and_pdf,not_imported,,https://wdown.ebsi.co.kr/W61001/01exam/20241015/go3/J_nupgi_mun_4K7Z6JQZ.pdf
2024,3,10,school_mock,vocational,agriculture-basics,solution,manual_review,verified_pending_import,confirmed,official_catalog_and_pdf,not_imported,,https://wdown.ebsi.co.kr/W61001/01exam/20241015/go3/J_nupgi_hsj_D17A3M1Z.pdf
2024,3,10,school_mock,vocational,commercial-economics,question,manual_review,verified_pending_import,confirmed,official_catalog_and_pdf,not_imported,,https://wdown.ebsi.co.kr/W61001/01exam/20241015/go3/J_sangup_mun_B8187YIQ.pdf
2024,3,10,school_mock,vocational,commercial-economics,solution,manual_review,verified_pending_import,confirmed,official_catalog_and_pdf,not_imported,,https://wdown.ebsi.co.kr/W61001/01exam/20241015/go3/J_sangup_hsj_XNY6D28M.pdf
2024,3,10,school_mock,vocational,fisheries-and-shipping,question,manual_review,verified_pending_import,confirmed,official_catalog_and_pdf,not_imported,,https://wdown.ebsi.co.kr/W61001/01exam/20241015/go3/J_susan_mun_9J93T3UY.pdf
2024,3,10,school_mock,vocational,fisheries-and-shipping,solution,manual_review,verified_pending_import,confirmed,official_catalog_and_pdf,not_imported,,https://wdown.ebsi.co.kr/W61001/01exam/20241015/go3/J_susan_hsj_595ABW64.pdf
2024,3,10,school_mock,vocational,human-development,question,manual_review,verified_pending_import,confirmed,official_catalog_and_pdf,not_imported,,https://wdown.ebsi.co.kr/W61001/01exam/20241015/go3/J_inkan_mun_CSTACG59.pdf
2024,3,10,school_mock,vocational,human-development,solution,manual_review,verified_pending_import,confirmed,official_catalog_and_pdf,not_imported,,https://wdown.ebsi.co.kr/W61001/01exam/20241015/go3/J_inkan_hsj_5711L325.pdf
2024,3,10,school_mock,vocational,industry-general,question,manual_review,verified_pending_import,confirmed,official_catalog_and_pdf,not_imported,,https://wdown.ebsi.co.kr/W61001/01exam/20241015/go3/J_gup_mun_E5J2G29J.pdf
2024,3,10,school_mock,vocational,industry-general,solution,manual_review,verified_pending_import,confirmed,official_catalog_and_pdf,not_imported,,https://wdown.ebsi.co.kr/W61001/01exam/20241015/go3/J_gup_hsj_OTSSM6LR.pdf
2024,3,10,school_mock,vocational,successful-career-life,question,manual_review,verified_pending_import,confirmed,official_catalog_and_pdf,not_imported,,https://wdown.ebsi.co.kr/W61001/01exam/20241015/go3/J_sjl_mun_IJV183XQ.pdf
2024,3,10,school_mock,vocational,successful-career-life,solution,manual_review,verified_pending_import,confirmed,official_catalog_and_pdf,not_imported,,https://wdown.ebsi.co.kr/W61001/01exam/20241015/go3/J_sjl_hsj_D6271IIX.pdf
2024,3,10,school_mock,second_language,chinese-1,question,public_ready,approved_existing,confirmed,official_catalog_and_pdf,ready,,https://wdown.ebsi.co.kr/W61001/01exam/20241015/go3/2nd_ch_mun_35CT6799.pdf
2024,3,10,school_mock,second_language,chinese-1,solution,manual_review,verified_pending_import,confirmed,official_catalog_and_pdf,not_imported,,https://wdown.ebsi.co.kr/W61001/01exam/20241015/go3/2nd_ch_hsj_8HF64A6A.pdf
2024,3,10,school_mock,second_language,classical-chinese-1,question,manual_review,verified_pending_import,confirmed,official_catalog_and_pdf,not_imported,,https://wdown.ebsi.co.kr/W61001/01exam/20241015/go3/2nd_han_mun_85859CQZ.pdf
2024,3,10,school_mock,second_language,classical-chinese-1,solution,manual_review,verified_pending_import,confirmed,official_catalog_and_pdf,not_imported,,https://wdown.ebsi.co.kr/W61001/01exam/20241015/go3/2nd_han_hsj_SK94JCYP.pdf
2024,3,10,school_mock,second_language,french-1,question,manual_review,verified_pending_import,confirmed,official_catalog_and_pdf,not_imported,,https://wdown.ebsi.co.kr/W61001/01exam/20241015/go3/2nd_fr_mun_3W4V77AQ.pdf
2024,3,10,school_mock,second_language,french-1,solution,manual_review,verified_pending_import,confirmed,official_catalog_and_pdf,not_imported,,https://wdown.ebsi.co.kr/W61001/01exam/20241015/go3/2nd_fr_hsj_R8A738BP.pdf
2024,3,10,school_mock,second_language,german-1,question,manual_review,verified_pending_import,confirmed,official_catalog_and_pdf,not_imported,,https://wdown.ebsi.co.kr/W61001/01exam/20241015/go3/2nd_gr_mun_4J272O59.pdf
2024,3,10,school_mock,second_language,german-1,solution,public_ready,approved_existing,confirmed,official_catalog_and_pdf,ready,,https://wdown.ebsi.co.kr/W61001/01exam/20241015/go3/2nd_gr_hsj_KCFUZJIZ.pdf
2024,3,10,school_mock,second_language,japanese-1,question,manual_review,verified_pending_import,confirmed,official_catalog_and_pdf,not_imported,,https://wdown.ebsi.co.kr/W61001/01exam/20241015/go3/2nd_ja_mun_58621456.pdf
2024,3,10,school_mock,second_language,japanese-1,solution,manual_review,verified_pending_import,confirmed,official_catalog_and_pdf,not_imported,,https://wdown.ebsi.co.kr/W61001/01exam/20241015/go3/2nd_ja_hsj_OF85DD9A.pdf
2024,3,10,school_mock,second_language,russian-1,question,manual_review,verified_pending_import,confirmed,official_catalog_and_pdf,not_imported,,https://wdown.ebsi.co.kr/W61001/01exam/20241015/go3/2nd_ru_mun_LIQ9P392.pdf
2024,3,10,school_mock,second_language,russian-1,solution,manual_review,verified_pending_import,confirmed,official_catalog_and_pdf,not_imported,,https://wdown.ebsi.co.kr/W61001/01exam/20241015/go3/2nd_ru_hsj_AW7616P7.pdf
2024,3,10,school_mock,second_language,spanish-1,question,manual_review,verified_pending_import,confirmed,official_catalog_and_pdf,not_imported,,https://wdown.ebsi.co.kr/W61001/01exam/20241015/go3/2nd_sp_mun_7E84S76I.pdf
2024,3,10,school_mock,second_language,spanish-1,solution,manual_review,verified_pending_import,confirmed,official_catalog_and_pdf,not_imported,,https://wdown.ebsi.co.kr/W61001/01exam/20241015/go3/2nd_sp_hsj_QYAREOAH.pdf
2024,3,11,csat,korean,language-and-media,question,manual_review,verified_pending_import,confirmed,official_catalog_and_pdf,not_imported,,https://wdown.ebsi.co.kr/W61001/01exam/20241114/go3/korB_1_mun_Y6RJMQA1_1.pdf
2024,3,11,csat,korean,language-and-media,solution,manual_review,verified_pending_import,confirmed,official_catalog_and_pdf,not_imported,,https://wdown.ebsi.co.kr/W61001/01exam/20241114/go3/korB_1_hsj_XE2T11IT_2.pdf
2024,3,11,csat,korean,speech-and-writing,question,manual_review,verified_pending_import,confirmed,official_catalog_and_pdf,not_imported,,https://wdown.ebsi.co.kr/W61001/01exam/20241114/go3/korA_1_mun_F2IKMTXY.pdf
2024,3,11,csat,korean,speech-and-writing,solution,manual_review,verified_pending_import,confirmed,official_catalog_and_pdf,not_imported,,https://wdown.ebsi.co.kr/W61001/01exam/20241114/go3/korA_1_hsj_SK51UK16_3.pdf
2024,3,11,csat,math,calculus,question,manual_review,verified_pending_import,confirmed,official_catalog_and_pdf,not_imported,,https://wdown.ebsi.co.kr/W61001/01exam/20241114/go3/mathB_1_mun_3L5TEL35.pdf
2024,3,11,csat,math,calculus,solution,manual_review,verified_pending_import,confirmed,official_catalog_and_pdf,not_imported,,https://wdown.ebsi.co.kr/W61001/01exam/20241114/go3/mathB_1_hsj_3U164HN8_2.pdf
2024,3,11,csat,math,geometry,question,manual_review,verified_pending_import,confirmed,official_catalog_and_pdf,not_imported,,https://wdown.ebsi.co.kr/W61001/01exam/20241114/go3/mathC_1_mun_E718C7I4.pdf
2024,3,11,csat,math,geometry,solution,manual_review,verified_pending_import,confirmed,official_catalog_and_pdf,not_imported,,https://wdown.ebsi.co.kr/W61001/01exam/20241114/go3/mathC_1_hsj_RLY383PK_2.pdf
2024,3,11,csat,math,probability-and-statistics,question,manual_review,verified_pending_import,confirmed,official_catalog_and_pdf,not_imported,,https://wdown.ebsi.co.kr/W61001/01exam/20241114/go3/mathA_1_mun_A3993KL9.pdf
2024,3,11,csat,math,probability-and-statistics,solution,manual_review,verified_pending_import,confirmed,official_catalog_and_pdf,not_imported,,https://wdown.ebsi.co.kr/W61001/01exam/20241114/go3/mathA_1_hsj_GWKYX493_2.pdf
2024,3,11,csat,english,,question,manual_review,verified_pending_import,confirmed,official_catalog_and_pdf,not_imported,,https://wdown.ebsi.co.kr/W61001/01exam/20241114/go3/eng_1_mun_ZAJ67FV9_1.pdf
2024,3,11,csat,english,,solution,manual_review,verified_pending_import,confirmed,official_catalog_and_pdf,not_imported,,https://wdown.ebsi.co.kr/W61001/01exam/20241114/go3/eng_1_hsj_A2H869V6_3.pdf
2024,3,11,csat,history,,question,manual_review,verified_pending_import,confirmed,official_catalog_and_pdf,not_imported,,https://wdown.ebsi.co.kr/W61001/01exam/20241114/go3/s_his_1_mun_Z22E43F4.pdf
2024,3,11,csat,history,,solution,manual_review,verified_pending_import,confirmed,official_catalog_and_pdf,not_imported,,https://wdown.ebsi.co.kr/W61001/01exam/20241114/go3/s_his_1_hsj_OORJLDN6.pdf
2024,3,11,csat,social,east-asian-history,question,manual_review,verified_pending_import,confirmed,official_catalog_and_pdf,not_imported,,https://wdown.ebsi.co.kr/W61001/01exam/20241114/go3/s_easta_mun_36D3M8P5.pdf
2024,3,11,csat,social,east-asian-history,solution,manual_review,verified_pending_import,confirmed,official_catalog_and_pdf,not_imported,,https://wdown.ebsi.co.kr/W61001/01exam/20241114/go3/s_easta_hsj_IMA9MB2F.pdf
2024,3,11,csat,social,economics,question,manual_review,verified_pending_import,confirmed,official_catalog_and_pdf,not_imported,,https://wdown.ebsi.co.kr/W61001/01exam/20241114/go3/s_eco_mun_1Y68YZLD.pdf
2024,3,11,csat,social,economics,solution,public_ready,approved_existing,confirmed,official_catalog_and_pdf,ready,,https://wdown.ebsi.co.kr/W61001/01exam/20241114/go3/s_eco_hsj_7333FSAA.pdf
2024,3,11,csat,social,ethics-and-thought,question,manual_review,verified_pending_import,confirmed,official_catalog_and_pdf,not_imported,,https://wdown.ebsi.co.kr/W61001/01exam/20241114/go3/s_yrnss_mun_93XDVIC7.pdf
2024,3,11,csat,social,ethics-and-thought,solution,manual_review,verified_pending_import,confirmed,official_catalog_and_pdf,not_imported,,https://wdown.ebsi.co.kr/W61001/01exam/20241114/go3/s_yrnss_hsj_EF9ML1U1.pdf
2024,3,11,csat,social,korean-geography,question,manual_review,verified_pending_import,confirmed,official_catalog_and_pdf,not_imported,,https://wdown.ebsi.co.kr/W61001/01exam/20241114/go3/s_hanji_mun_5W5PC7L9.pdf
2024,3,11,csat,social,korean-geography,solution,manual_review,verified_pending_import,confirmed,official_catalog_and_pdf,not_imported,,https://wdown.ebsi.co.kr/W61001/01exam/20241114/go3/s_hanji_hsj_S5QA1XXC.pdf
2024,3,11,csat,social,life-and-ethics,question,manual_review,verified_pending_import,confirmed,official_catalog_and_pdf,not_imported,,https://wdown.ebsi.co.kr/W61001/01exam/20241114/go3/s_ssnyr_mun_I38A547Y.pdf
2024,3,11,csat,social,life-and-ethics,solution,manual_review,verified_pending_import,confirmed,official_catalog_and_pdf,not_imported,,https://wdown.ebsi.co.kr/W61001/01exam/20241114/go3/s_ssnyr_hsj_SH9TIQ7S.pdf
2024,3,11,csat,social,politics-and-law,question,manual_review,verified_pending_import,confirmed,official_catalog_and_pdf,not_imported,,https://wdown.ebsi.co.kr/W61001/01exam/20241114/go3/s_bnj_mun_C4238651_1.pdf
2024,3,11,csat,social,politics-and-law,solution,manual_review,verified_pending_import,confirmed,official_catalog_and_pdf,not_imported,,https://wdown.ebsi.co.kr/W61001/01exam/20241114/go3/s_bnj_hsj_TWJJX2X9.pdf
2024,3,11,csat,social,social-culture,question,manual_review,verified_pending_import,confirmed,official_catalog_and_pdf,not_imported,,https://wdown.ebsi.co.kr/W61001/01exam/20241114/go3/s_samun_mun_K3CIY5SR.pdf
2024,3,11,csat,social,social-culture,solution,manual_review,verified_pending_import,confirmed,official_catalog_and_pdf,not_imported,,https://wdown.ebsi.co.kr/W61001/01exam/20241114/go3/s_samun_hsj_CT8ZH769_1.pdf
2024,3,11,csat,social,world-geography,question,manual_review,verified_pending_import,confirmed,official_catalog_and_pdf,not_imported,,https://wdown.ebsi.co.kr/W61001/01exam/20241114/go3/s_saeji_mun_H3TM55Q8.pdf
2024,3,11,csat,social,world-geography,solution,manual_review,verified_pending_import,confirmed,official_catalog_and_pdf,not_imported,,https://wdown.ebsi.co.kr/W61001/01exam/20241114/go3/s_saeji_hsj_45867TE6_1.pdf
2024,3,11,csat,social,world-history,question,manual_review,verified_pending_import,confirmed,official_catalog_and_pdf,not_imported,,https://wdown.ebsi.co.kr/W61001/01exam/20241114/go3/s_sks_mun_9O96H9B5.pdf
2024,3,11,csat,social,world-history,solution,public_ready,approved_existing,confirmed,official_catalog_and_pdf,ready,,https://wdown.ebsi.co.kr/W61001/01exam/20241114/go3/s_sks_hsj_594NJ636.pdf
2024,3,11,csat,science,chemistry-1,question,manual_review,verified_pending_import,confirmed,official_catalog_and_pdf,not_imported,,https://wdown.ebsi.co.kr/W61001/01exam/20241114/go3/g_che1_mun_7GXKG633.pdf
2024,3,11,csat,science,chemistry-1,solution,public_ready,approved_existing,confirmed,official_catalog_and_pdf,ready,,https://wdown.ebsi.co.kr/W61001/01exam/20241114/go3/g_che1_hsj_W83T1JLD.pdf
2024,3,11,csat,science,chemistry-2,question,manual_review,verified_pending_import,confirmed,official_catalog_and_pdf,not_imported,,https://wdown.ebsi.co.kr/W61001/01exam/20241114/go3/g_che2_mun_D9EENCGX.pdf
2024,3,11,csat,science,chemistry-2,solution,manual_review,verified_pending_import,confirmed,official_catalog_and_pdf,not_imported,,https://wdown.ebsi.co.kr/W61001/01exam/20241114/go3/g_che2_hsj_63LTZ2C2.pdf
2024,3,11,csat,science,earth-science-1,question,manual_review,verified_pending_import,confirmed,official_catalog_and_pdf,not_imported,,https://wdown.ebsi.co.kr/W61001/01exam/20241114/go3/g_ear1_mun_6DB343J7.pdf
2024,3,11,csat,science,earth-science-1,solution,public_ready,approved_existing,confirmed,official_catalog_and_pdf,ready,,https://wdown.ebsi.co.kr/W61001/01exam/20241114/go3/g_ear1_hsj_22288OPX.pdf
2024,3,11,csat,science,earth-science-2,question,manual_review,verified_pending_import,confirmed,official_catalog_and_pdf,not_imported,,https://wdown.ebsi.co.kr/W61001/01exam/20241114/go3/g_ear2_mun_CCF61AOD.pdf
2024,3,11,csat,science,earth-science-2,solution,manual_review,verified_pending_import,confirmed,official_catalog_and_pdf,not_imported,,https://wdown.ebsi.co.kr/W61001/01exam/20241114/go3/g_ear2_hsj_UHE92I17.pdf
2024,3,11,csat,science,life-science-1,question,manual_review,verified_pending_import,confirmed,official_catalog_and_pdf,not_imported,,https://wdown.ebsi.co.kr/W61001/01exam/20241114/go3/g_bio1_mun_3WDW7H97.pdf
2024,3,11,csat,science,life-science-1,solution,manual_review,verified_pending_import,confirmed,official_catalog_and_pdf,not_imported,,https://wdown.ebsi.co.kr/W61001/01exam/20241114/go3/g_bio1_hsj_278K1386_1.pdf
2024,3,11,csat,science,life-science-2,question,manual_review,verified_pending_import,confirmed,official_catalog_and_pdf,not_imported,,https://wdown.ebsi.co.kr/W61001/01exam/20241114/go3/g_bio2_mun_9O3D2D1K.pdf
2024,3,11,csat,science,life-science-2,solution,manual_review,verified_pending_import,confirmed,official_catalog_and_pdf,not_imported,,https://wdown.ebsi.co.kr/W61001/01exam/20241114/go3/g_bio2_hsj_4MP99V3O_1.pdf
2024,3,11,csat,science,physics-1,question,manual_review,verified_pending_import,confirmed,official_catalog_and_pdf,not_imported,,https://wdown.ebsi.co.kr/W61001/01exam/20241114/go3/g_phy1_mun_42922F6J.pdf
2024,3,11,csat,science,physics-1,solution,manual_review,verified_pending_import,confirmed,official_catalog_and_pdf,not_imported,,https://wdown.ebsi.co.kr/W61001/01exam/20241114/go3/g_phy1_hsj_O15AZ1S4.pdf
2024,3,11,csat,science,physics-2,question,manual_review,verified_pending_import,confirmed,official_catalog_and_pdf,not_imported,,https://wdown.ebsi.co.kr/W61001/01exam/20241114/go3/g_phy2_mun_6SGKP193.pdf
2024,3,11,csat,science,physics-2,solution,manual_review,verified_pending_import,confirmed,official_catalog_and_pdf,not_imported,,https://wdown.ebsi.co.kr/W61001/01exam/20241114/go3/g_phy2_hsj_42SAATPD.pdf
2024,3,11,csat,vocational,agriculture-basics,question,manual_review,verified_pending_import,confirmed,official_catalog_and_pdf,not_imported,,https://wdown.ebsi.co.kr/W61001/01exam/20241114/go3/J_nupgi_mun_5XA4C5Q8.pdf
2024,3,11,csat,vocational,agriculture-basics,solution,public_ready,approved_existing,confirmed,official_catalog_and_pdf,ready,,https://wdown.ebsi.co.kr/W61001/01exam/20241114/go3/J_nupgi_hsj_N968TTF3.pdf
2024,3,11,csat,vocational,commercial-economics,question,manual_review,verified_pending_import,confirmed,official_catalog_and_pdf,not_imported,,https://wdown.ebsi.co.kr/W61001/01exam/20241114/go3/J_sangup_mun_I84SSE36.pdf
2024,3,11,csat,vocational,commercial-economics,solution,manual_review,verified_pending_import,confirmed,official_catalog_and_pdf,not_imported,,https://wdown.ebsi.co.kr/W61001/01exam/20241114/go3/J_sangup_hsj_7621WA5K.pdf
2024,3,11,csat,vocational,fisheries-and-shipping,question,manual_review,verified_pending_import,confirmed,official_catalog_and_pdf,not_imported,,https://wdown.ebsi.co.kr/W61001/01exam/20241114/go3/J_susan_mun_R3O4IIXA.pdf
2024,3,11,csat,vocational,fisheries-and-shipping,solution,public_ready,approved_existing,confirmed,official_catalog_and_pdf,ready,,https://wdown.ebsi.co.kr/W61001/01exam/20241114/go3/J_susan_hsj_W183BEPK.pdf
2024,3,11,csat,vocational,human-development,question,manual_review,verified_pending_import,confirmed,official_catalog_and_pdf,not_imported,,https://wdown.ebsi.co.kr/W61001/01exam/20241114/go3/J_inkan_mun_79B12VH4.pdf
2024,3,11,csat,vocational,human-development,solution,manual_review,verified_pending_import,confirmed,official_catalog_and_pdf,not_imported,,https://wdown.ebsi.co.kr/W61001/01exam/20241114/go3/J_inkan_hsj_73ZDHOZQ.pdf
2024,3,11,csat,vocational,industry-general,question,manual_review,verified_pending_import,confirmed,official_catalog_and_pdf,not_imported,,https://wdown.ebsi.co.kr/W61001/01exam/20241114/go3/J_gup_mun_8DSA592A.pdf
2024,3,11,csat,vocational,industry-general,solution,manual_review,verified_pending_import,confirmed,official_catalog_and_pdf,not_imported,,https://wdown.ebsi.co.kr/W61001/01exam/20241114/go3/J_gup_hsj_3F8X6538.pdf
2024,3,11,csat,vocational,successful-career-life,question,manual_review,verified_pending_import,confirmed,official_catalog_and_pdf,not_imported,,https://wdown.ebsi.co.kr/W61001/01exam/20241114/go3/J_sjl_mun_G628995C.pdf
2024,3,11,csat,vocational,successful-career-life,solution,manual_review,verified_pending_import,confirmed,official_catalog_and_pdf,not_imported,,https://wdown.ebsi.co.kr/W61001/01exam/20241114/go3/J_sjl_hsj_2JAPC86T_1.pdf
2024,3,11,csat,second_language,arabic-1,question,manual_review,verified_pending_import,confirmed,official_catalog_and_pdf,not_imported,,https://wdown.ebsi.co.kr/W61001/01exam/20241114/go3/2nd_ar_mun_3Y84RB74.pdf
2024,3,11,csat,second_language,arabic-1,solution,public_ready,approved_existing,confirmed,official_catalog_and_pdf,ready,,https://wdown.ebsi.co.kr/W61001/01exam/20241114/go3/2nd_ar_hsj_28ZHADK9.pdf
2024,3,11,csat,second_language,chinese-1,question,manual_review,verified_pending_import,confirmed,official_catalog_and_pdf,not_imported,,https://wdown.ebsi.co.kr/W61001/01exam/20241114/go3/2nd_ch_mun_B2CA515Y.pdf
2024,3,11,csat,second_language,chinese-1,solution,public_ready,approved_existing,confirmed,official_catalog_and_pdf,ready,,https://wdown.ebsi.co.kr/W61001/01exam/20241114/go3/2nd_ch_hsj_YA4XWY27.pdf
2024,3,11,csat,second_language,classical-chinese-1,question,manual_review,verified_pending_import,confirmed,official_catalog_and_pdf,not_imported,,https://wdown.ebsi.co.kr/W61001/01exam/20241114/go3/2nd_han_mun_97S24P87.pdf
2024,3,11,csat,second_language,classical-chinese-1,solution,manual_review,verified_pending_import,confirmed,official_catalog_and_pdf,not_imported,,https://wdown.ebsi.co.kr/W61001/01exam/20241114/go3/2nd_han_hsj_XXOI5OTS.pdf
2024,3,11,csat,second_language,french-1,question,manual_review,verified_pending_import,confirmed,official_catalog_and_pdf,not_imported,,https://wdown.ebsi.co.kr/W61001/01exam/20241114/go3/2nd_fr_mun_37C18W3D.pdf
2024,3,11,csat,second_language,french-1,solution,manual_review,verified_pending_import,confirmed,official_catalog_and_pdf,not_imported,,https://wdown.ebsi.co.kr/W61001/01exam/20241114/go3/2nd_fr_hsj_8TO7ZM66.pdf
2024,3,11,csat,second_language,german-1,question,manual_review,verified_pending_import,confirmed,official_catalog_and_pdf,not_imported,,https://wdown.ebsi.co.kr/W61001/01exam/20241114/go3/2nd_gr_mun_D7T1HN7C.pdf
2024,3,11,csat,second_language,german-1,solution,manual_review,verified_pending_import,confirmed,official_catalog_and_pdf,not_imported,,https://wdown.ebsi.co.kr/W61001/01exam/20241114/go3/2nd_gr_hsj_7S1W6B11.pdf
2024,3,11,csat,second_language,japanese-1,question,manual_review,verified_pending_import,confirmed,official_catalog_and_pdf,not_imported,,https://wdown.ebsi.co.kr/W61001/01exam/20241114/go3/2nd_ja_mun_8A48M45S.pdf
2024,3,11,csat,second_language,japanese-1,solution,manual_review,verified_pending_import,confirmed,official_catalog_and_pdf,not_imported,,https://wdown.ebsi.co.kr/W61001/01exam/20241114/go3/2nd_ja_hsj_V6R9Z81Q.pdf
2024,3,11,csat,second_language,russian-1,question,manual_review,verified_pending_import,confirmed,official_catalog_and_pdf,not_imported,,https://wdown.ebsi.co.kr/W61001/01exam/20241114/go3/2nd_ru_mun_7JJ49BY4.pdf
2024,3,11,csat,second_language,russian-1,solution,public_ready,approved_existing,confirmed,official_catalog_and_pdf,ready,,https://wdown.ebsi.co.kr/W61001/01exam/20241114/go3/2nd_ru_hsj_ORR6229O.pdf
2024,3,11,csat,second_language,spanish-1,question,manual_review,verified_pending_import,confirmed,official_catalog_and_pdf,not_imported,,https://wdown.ebsi.co.kr/W61001/01exam/20241114/go3/2nd_sp_mun_37P4925O.pdf
2024,3,11,csat,second_language,spanish-1,solution,manual_review,verified_pending_import,confirmed,official_catalog_and_pdf,not_imported,,https://wdown.ebsi.co.kr/W61001/01exam/20241114/go3/2nd_sp_hsj_R61I7Z38.pdf
2024,3,11,csat,second_language,vietnamese-1,question,manual_review,verified_pending_import,confirmed,official_catalog_and_pdf,not_imported,,https://wdown.ebsi.co.kr/W61001/01exam/20241114/go3/2nd_vit_mun_1851XKV3.pdf
2024,3,11,csat,second_language,vietnamese-1,solution,public_ready,approved_existing,confirmed,official_catalog_and_pdf,ready,,https://wdown.ebsi.co.kr/W61001/01exam/20241114/go3/2nd_vit_hsj_974BVD1T.pdf
