year,grade,month,exam_type,subject,course_code,file_type,status,reason,count_as_expected,expected_basis,db_status,public_file_id,official_url
2025,1,3,school_mock,english,,listening_audio,missing,expected_slot_uncertain,uncertain,official_availability_unconfirmed,,,
2025,1,3,school_mock,english,,listening_script,manual_review,verified_pending_import,confirmed,official_pdf_contents,not_imported,,https://wdown.ebsi.co.kr/W61001/01exam/20250326/go1/eng_scr_Q8S67L3Y.pdf
2025,1,3,school_mock,english,,question,manual_review,verified_pending_import,confirmed,official_pdf_contents,not_imported,,https://wdown.ebsi.co.kr/W61001/01exam/20250326/go1/eng_mun_WH6N75BN.pdf
2025,1,3,school_mock,english,,solution,manual_review,identity_unverifiable,confirmed,official_scope,manual_review,,https://wdown.ebsi.co.kr/W61001/01exam/20250326/go1/eng_main_hsj_W6D54ZP4_1.pdf
2025,1,3,school_mock,history,,question,manual_review,verified_pending_import,confirmed,official_scope,not_imported,,https://wdown.ebsi.co.kr/W61001/01exam/20250326/go1/s_his_mun_EE8QT7XX.pdf
2025,1,3,school_mock,history,,solution,manual_review,identity_unverifiable,confirmed,official_scope,manual_review,,https://wdown.ebsi.co.kr/W61001/01exam/20250326/go1/his_main_hsj_461Y98HN.pdf
2025,1,3,school_mock,korean,,question,public_ready,,confirmed,official_scope,ready,00df67ec-0200-4937-b410-31d6d916e699,https://wdown.ebsi.co.kr/W61001/01exam/20250326/go1/kor_mun_55A7H57F.pdf
2025,1,3,school_mock,korean,,solution,manual_review,verified_pending_import,confirmed,official_scope,not_imported,,https://wdown.ebsi.co.kr/W61001/01exam/20250326/go1/kor_hsj_1V99HKS3.pdf
2025,1,3,school_mock,math,,question,public_ready,,confirmed,official_scope,ready,d58efd1d-1e89-443e-94bc-e459db705501,https://wdown.ebsi.co.kr/W61001/01exam/20250326/go1/math_main_mun_1Z1WK7R9_1.pdf
2025,1,3,school_mock,math,,solution,manual_review,identity_unverifiable,confirmed,official_scope,manual_review,,https://wdown.ebsi.co.kr/W61001/01exam/20250326/go1/math_main_hsj_3P67AC54.pdf
2025,1,3,school_mock,science,integrated-science,question,manual_review,verified_pending_import,confirmed,official_pdf_contents,not_imported,,https://wdown.ebsi.co.kr/W61001/01exam/20250326/go1/g_sci_mun_NA5L3D8R.pdf
2025,1,3,school_mock,science,integrated-science,solution,manual_review,verified_pending_import,confirmed,official_pdf_contents,not_imported,,https://wdown.ebsi.co.kr/W61001/01exam/20250326/go1/g_sci_hsj_M8L14DEN.pdf
2025,1,3,school_mock,social,integrated-social,question,manual_review,verified_pending_import,confirmed,official_pdf_contents,not_imported,,https://wdown.ebsi.co.kr/W61001/01exam/20250326/go1/s_soc_mun_853LV882.pdf
2025,1,3,school_mock,social,integrated-social,solution,manual_review,verified_pending_import,confirmed,official_pdf_contents,not_imported,,https://wdown.ebsi.co.kr/W61001/01exam/20250326/go1/s_soc_hsj_F8FAU198.pdf
2025,1,6,school_mock,english,,listening_audio,missing,expected_slot_uncertain,uncertain,official_availability_unconfirmed,,,
2025,1,6,school_mock,english,,listening_script,manual_review,verified_pending_import,confirmed,official_pdf_contents,not_imported,,https://wdown.ebsi.co.kr/W61001/01exam/20250604/go1/eng_1_scr_5KS2R8O8.pdf
2025,1,6,school_mock,english,,question,manual_review,verified_pending_import,confirmed,official_pdf_contents,not_imported,,https://wdown.ebsi.co.kr/W61001/01exam/20250604/go1/eng_1_mun_DMO2Z7PD.pdf
2025,1,6,school_mock,english,,solution,public_ready,,confirmed,official_scope,ready,8e4bc937-c4cf-4b9b-872e-1f1512d352dd,https://wdown.ebsi.co.kr/W61001/01exam/20250604/go1/eng_main_hsj_2FVA49I8_2.pdf
2025,1,6,school_mock,history,,question,manual_review,verified_pending_import,confirmed,official_scope,not_imported,,https://wdown.ebsi.co.kr/W61001/01exam/20250604/go1/his_main_mun_KVMP5Q8Y.pdf
2025,1,6,school_mock,history,,solution,public_ready,,confirmed,official_scope,ready,4290ed98-3dcc-4e8a-bd16-8a206518d8ee,https://wdown.ebsi.co.kr/W61001/01exam/20250604/go1/his_main_hsj_4538K65W.pdf
2025,1,6,school_mock,korean,,question,public_ready,,confirmed,official_scope,ready,ff1e1170-f776-41ad-91fe-64c045d18e3c,https://wdown.ebsi.co.kr/W61001/01exam/20250604/go1/kor_main_mun_PY1V7PAD_1.pdf
2025,1,6,school_mock,korean,,solution,manual_review,verified_pending_import,confirmed,official_scope,not_imported,,https://wdown.ebsi.co.kr/W61001/01exam/20250604/go1/kor_main_hsj_LL3TWV88_2.pdf
2025,1,6,school_mock,math,,question,manual_review,verified_pending_import,confirmed,official_scope,not_imported,,https://wdown.ebsi.co.kr/W61001/01exam/20250604/go1/math_main_mun_6E4Z19XN_1.pdf
2025,1,6,school_mock,math,,solution,public_ready,,confirmed,official_scope,ready,b36e53e4-d5a9-44e3-b2a4-f7b8e4f72974,https://wdown.ebsi.co.kr/W61001/01exam/20250604/go1/math_main_hsj_74Z57396_2.pdf
2025,1,6,school_mock,science,integrated-science,question,manual_review,verified_pending_import,confirmed,official_pdf_contents,not_imported,,https://wdown.ebsi.co.kr/W61001/01exam/20250604/go1/g_sci_mun_K8H97769.pdf
2025,1,6,school_mock,science,integrated-science,solution,manual_review,verified_pending_import,confirmed,official_pdf_contents,not_imported,,https://wdown.ebsi.co.kr/W61001/01exam/20250604/go1/g_sci_hsj_2OC55L9Z.pdf
2025,1,6,school_mock,social,integrated-social,question,public_ready,,confirmed,official_scope,ready,fbdff877-47fd-4620-8b5f-a086119a8a1d,https://wdown.ebsi.co.kr/W61001/01exam/20250604/go1/sat_main_mun_936R24LR.pdf
2025,1,6,school_mock,social,integrated-social,solution,manual_review,verified_pending_import,confirmed,official_pdf_contents,not_imported,,https://wdown.ebsi.co.kr/W61001/01exam/20250604/go1/s_soc_hsj_R9XFK188.pdf
2025,1,9,school_mock,english,,listening_audio,missing,expected_slot_uncertain,uncertain,official_availability_unconfirmed,,,
2025,1,9,school_mock,english,,listening_script,missing,expected_slot_uncertain,uncertain,official_availability_unconfirmed,,,
2025,1,9,school_mock,english,,question,public_ready,,confirmed,official_scope,ready,fcbb7324-ab99-47a4-9560-330dcf6afa64,https://wdown.ebsi.co.kr/W61001/01exam/20250903/go1/eng_1_mun_11LNMPIC.pdf
2025,1,9,school_mock,english,,solution,manual_review,verified_pending_import,confirmed,official_scope,not_imported,,https://wdown.ebsi.co.kr/W61001/01exam/20250903/go1/eng_main_hsj_3K658M5G.pdf
2025,1,9,school_mock,history,,question,manual_review,verified_pending_import,confirmed,official_scope,not_imported,,https://wdown.ebsi.co.kr/W61001/01exam/20250903/go1/his_main_mun_7PMF19F6.pdf
2025,1,9,school_mock,history,,solution,manual_review,verified_pending_import,confirmed,official_scope,not_imported,,https://wdown.ebsi.co.kr/W61001/01exam/20250903/go1/his_main_hsj_595VUMDH_1.pdf
2025,1,9,school_mock,korean,,question,public_ready,,confirmed,official_scope,ready,00099da0-e96f-4a20-9853-54ebb935a577,https://wdown.ebsi.co.kr/W61001/01exam/20250903/go1/kor_main_mun_77F7745C.pdf
2025,1,9,school_mock,korean,,solution,manual_review,verified_pending_import,confirmed,official_scope,not_imported,,https://wdown.ebsi.co.kr/W61001/01exam/20250903/go1/kor_main_hsj_B23YFET9.pdf
2025,1,9,school_mock,math,,question,public_ready,,confirmed,official_scope,ready,6ecfdcd2-1e62-4ac5-ad0e-d66e5c63fc3c,https://wdown.ebsi.co.kr/W61001/01exam/20250903/go1/math_main_mun_8KC62N33_1.pdf
2025,1,9,school_mock,math,,solution,manual_review,verified_pending_import,confirmed,official_scope,not_imported,,https://wdown.ebsi.co.kr/W61001/01exam/20250903/go1/math_hsj_TB7SZM6U_1.pdf
2025,1,9,school_mock,science,integrated-science,question,public_ready,,confirmed,official_scope,ready,d7764324-7fcd-4a17-9a61-454697c22fc8,https://wdown.ebsi.co.kr/W61001/01exam/20250903/go1/gat_main_mun_66784PDJ.pdf
2025,1,9,school_mock,science,integrated-science,solution,manual_review,verified_pending_import,confirmed,official_pdf_contents,not_imported,,https://wdown.ebsi.co.kr/W61001/01exam/20250903/go1/g_sci_hsj_8P7RA2O4_1.pdf
2025,1,9,school_mock,social,integrated-social,question,manual_review,verified_pending_import,confirmed,official_pdf_contents,not_imported,,https://wdown.ebsi.co.kr/W61001/01exam/20250903/go1/s_soc_mun_D21CIK67_1.pdf
2025,1,9,school_mock,social,integrated-social,solution,manual_review,verified_pending_import,confirmed,official_pdf_contents,not_imported,,https://wdown.ebsi.co.kr/W61001/01exam/20250903/go1/s_soc_hsj_81697BTR_1.pdf
2025,1,10,school_mock,english,,listening_audio,missing,expected_slot_uncertain,uncertain,official_availability_unconfirmed,,,
2025,1,10,school_mock,english,,listening_script,missing,expected_slot_uncertain,uncertain,official_availability_unconfirmed,,,
2025,1,10,school_mock,english,,question,manual_review,verified_pending_import,confirmed,official_pdf_contents,not_imported,,https://wdown.ebsi.co.kr/W61001/01exam/20251014/go1/eng_1_mun_DUBNHSWI.pdf
2025,1,10,school_mock,english,,solution,public_ready,,confirmed,official_scope,ready,dd29f26e-6c90-4b5b-a5bb-ab79edb2c835,https://wdown.ebsi.co.kr/W61001/01exam/20251014/go1/eng_main_hsj_A4O6G2F5.pdf
2025,1,10,school_mock,history,,question,manual_review,verified_pending_import,confirmed,official_scope,not_imported,,https://wdown.ebsi.co.kr/W61001/01exam/20251014/go1/his_main_mun_LJHX22ZY.pdf
2025,1,10,school_mock,history,,solution,manual_review,verified_pending_import,confirmed,official_scope,not_imported,,https://wdown.ebsi.co.kr/W61001/01exam/20251014/go1/his_main_hsj_2C1K8D2V.pdf
2025,1,10,school_mock,korean,,question,public_ready,,confirmed,official_scope,ready,16c4b125-9571-4438-a472-d9f99b696f67,https://wdown.ebsi.co.kr/W61001/01exam/20251014/go1/kor_main_mun_Y2Y66383.pdf
2025,1,10,school_mock,korean,,solution,manual_review,verified_pending_import,confirmed,official_scope,not_imported,,https://wdown.ebsi.co.kr/W61001/01exam/20251014/go1/kor_main_hsj_LUXZAHR7.pdf
2025,1,10,school_mock,math,,question,manual_review,verified_pending_import,confirmed,official_pdf_contents,not_imported,,https://wdown.ebsi.co.kr/W61001/01exam/20251014/go1/math_mun_84GC4OM3.pdf
2025,1,10,school_mock,math,,solution,manual_review,verified_pending_import,confirmed,official_scope,not_imported,,https://wdown.ebsi.co.kr/W61001/01exam/20251014/go1/math_main_hsj_32A7C5C9.pdf
2025,1,10,school_mock,science,integrated-science,question,manual_review,verified_pending_import,confirmed,official_pdf_contents,not_imported,,https://wdown.ebsi.co.kr/W61001/01exam/20251014/go1/g_sci_mun_E55AW383.pdf
2025,1,10,school_mock,science,integrated-science,solution,public_ready,,confirmed,official_scope,ready,04109d9d-5153-4541-bd2b-107cd3afe8b4,https://wdown.ebsi.co.kr/W61001/01exam/20251014/go1/gat_main_hsj_B9HQ8H65.pdf
2025,1,10,school_mock,social,integrated-social,question,manual_review,verified_pending_import,confirmed,official_pdf_contents,not_imported,,https://wdown.ebsi.co.kr/W61001/01exam/20251014/go1/s_soc_mun_B2LWS32Q_1.pdf
2025,1,10,school_mock,social,integrated-social,solution,public_ready,,confirmed,official_scope,ready,9e5c2bb8-4dd0-4048-acd6-e3f26df17115,https://wdown.ebsi.co.kr/W61001/01exam/20251014/go1/sat_main_hsj_N751JM45.pdf
2025,2,3,school_mock,english,,listening_audio,missing,expected_slot_uncertain,uncertain,official_availability_unconfirmed,,,
2025,2,3,school_mock,english,,listening_script,manual_review,verified_pending_import,confirmed,official_pdf_contents,not_imported,,https://wdown.ebsi.co.kr/W61001/01exam/20250326/go2/eng_scr_RD4QHL9N.pdf
2025,2,3,school_mock,english,,question,manual_review,verified_pending_import,confirmed,official_pdf_contents,not_imported,,https://wdown.ebsi.co.kr/W61001/01exam/20250326/go2/eng_mun_7OKM3R1J.pdf
2025,2,3,school_mock,english,,solution,manual_review,identity_unverifiable,confirmed,official_scope,manual_review,,https://wdown.ebsi.co.kr/W61001/01exam/20250326/go2/eng_main_hsj_8RKR7M1W.pdf
2025,2,3,school_mock,history,,question,manual_review,verified_pending_import,confirmed,official_scope,not_imported,,https://wdown.ebsi.co.kr/W61001/01exam/20250326/go2/his_main_mun_HUXC317E.pdf
2025,2,3,school_mock,history,,solution,manual_review,verified_pending_import,confirmed,official_pdf_contents,not_imported,,https://wdown.ebsi.co.kr/W61001/01exam/20250326/go2/s_his_hsj_A7425461.pdf
2025,2,3,school_mock,korean,,question,public_ready,,confirmed,official_scope,ready,093fa225-35d9-476a-ace2-ae40bf9b23ed,https://wdown.ebsi.co.kr/W61001/01exam/20250326/go2/kor_main_mun_JBJ4R7WR.pdf
2025,2,3,school_mock,korean,,solution,public_ready,,confirmed,official_scope,ready,4e5e02db-38b5-480a-ac1d-6d7790a5f495,https://wdown.ebsi.co.kr/W61001/01exam/20250326/go2/kor_main_hsj_9MR565V3.pdf
2025,2,3,school_mock,math,,question,manual_review,verified_pending_import,confirmed,official_scope,not_imported,,https://wdown.ebsi.co.kr/W61001/01exam/20250326/go2/math_main_mun_3P387AML.pdf
2025,2,3,school_mock,math,,solution,manual_review,verified_pending_import,confirmed,official_pdf_contents,not_imported,,https://wdown.ebsi.co.kr/W61001/01exam/20250326/go2/math_hsj_JAO8KFRU.pdf
2025,2,3,school_mock,science,chemistry-1,question,manual_review,verified_pending_import,confirmed,official_pdf_contents,not_imported,,https://wdown.ebsi.co.kr/W61001/01exam/20250326/go2/g_che1_mun_E7XACJL2.pdf
2025,2,3,school_mock,science,chemistry-1,solution,manual_review,identity_unverifiable,confirmed,official_scope,manual_review,,https://wdown.ebsi.co.kr/W61001/01exam/20250326/go2/g_che1_hsj_3Z3EUA27.pdf
2025,2,3,school_mock,science,earth-science-1,question,manual_review,verified_pending_import,confirmed,official_pdf_contents,not_imported,,https://wdown.ebsi.co.kr/W61001/01exam/20250326/go2/g_ear1_mun_AMO7ZJSH.pdf
2025,2,3,school_mock,science,earth-science-1,solution,manual_review,identity_unverifiable,confirmed,official_scope,manual_review,,https://wdown.ebsi.co.kr/W61001/01exam/20250326/go2/g_ear1_hsj_868X54WI.pdf
2025,2,3,school_mock,science,life-science-1,question,manual_review,verified_pending_import,confirmed,official_pdf_contents,not_imported,,https://wdown.ebsi.co.kr/W61001/01exam/20250326/go2/g_bio1_mun_EXO81C92.pdf
2025,2,3,school_mock,science,life-science-1,solution,manual_review,identity_unverifiable,confirmed,official_scope,manual_review,,https://wdown.ebsi.co.kr/W61001/01exam/20250326/go2/g_bio1_hsj_YS6CK7I6.pdf
2025,2,3,school_mock,science,physics-1,question,manual_review,verified_pending_import,confirmed,official_pdf_contents,not_imported,,https://wdown.ebsi.co.kr/W61001/01exam/20250326/go2/g_phy1_mun_N3TUF4KD.pdf
2025,2,3,school_mock,science,physics-1,solution,manual_review,verified_pending_import,confirmed,official_pdf_contents,not_imported,,https://wdown.ebsi.co.kr/W61001/01exam/20250326/go2/g_phy1_hsj_356273E9.pdf
2025,2,3,school_mock,social,east-asian-history,question,manual_review,verified_pending_import,confirmed,official_pdf_contents,not_imported,,https://wdown.ebsi.co.kr/W61001/01exam/20250326/go2/s_easta_mun_QW8683GU.pdf
2025,2,3,school_mock,social,east-asian-history,solution,manual_review,verified_pending_import,confirmed,official_pdf_contents,not_imported,,https://wdown.ebsi.co.kr/W61001/01exam/20250326/go2/s_easta_hsj_214S1O66.pdf
2025,2,3,school_mock,social,economics,question,manual_review,verified_pending_import,confirmed,official_pdf_contents,not_imported,,https://wdown.ebsi.co.kr/W61001/01exam/20250326/go2/s_eco_mun_EI9U122B.pdf
2025,2,3,school_mock,social,economics,solution,manual_review,verified_pending_import,confirmed,official_pdf_contents,not_imported,,https://wdown.ebsi.co.kr/W61001/01exam/20250326/go2/s_eco_hsj_8BU3R4KK.pdf
2025,2,3,school_mock,social,ethics-and-thought,question,manual_review,verified_pending_import,confirmed,official_pdf_contents,not_imported,,https://wdown.ebsi.co.kr/W61001/01exam/20250326/go2/s_yrnss_mun_2216RA6V.pdf
2025,2,3,school_mock,social,ethics-and-thought,solution,manual_review,identity_unverifiable,confirmed,official_scope,manual_review,,https://wdown.ebsi.co.kr/W61001/01exam/20250326/go2/s_yrnss_hsj_1FUMJPZ3.pdf
2025,2,3,school_mock,social,korean-geography,question,manual_review,verified_pending_import,confirmed,official_pdf_contents,not_imported,,https://wdown.ebsi.co.kr/W61001/01exam/20250326/go2/s_hanji_mun_4V75L2G9.pdf
2025,2,3,school_mock,social,korean-geography,solution,manual_review,verified_pending_import,confirmed,official_pdf_contents,not_imported,,https://wdown.ebsi.co.kr/W61001/01exam/20250326/go2/s_hanji_hsj_48S4N866.pdf
2025,2,3,school_mock,social,life-and-ethics,question,manual_review,verified_pending_import,confirmed,official_pdf_contents,not_imported,,https://wdown.ebsi.co.kr/W61001/01exam/20250326/go2/s_ssnyr_mun_37WN3162.pdf
2025,2,3,school_mock,social,life-and-ethics,solution,manual_review,verified_pending_import,confirmed,official_pdf_contents,not_imported,,https://wdown.ebsi.co.kr/W61001/01exam/20250326/go2/s_ssnyr_hsj_1M594A5J.pdf
2025,2,3,school_mock,social,politics-and-law,question,manual_review,verified_pending_import,confirmed,official_pdf_contents,not_imported,,https://wdown.ebsi.co.kr/W61001/01exam/20250326/go2/s_bnj_mun_46999765.pdf
2025,2,3,school_mock,social,politics-and-law,solution,manual_review,verified_pending_import,confirmed,official_pdf_contents,not_imported,,https://wdown.ebsi.co.kr/W61001/01exam/20250326/go2/s_bnj_hsj_58138M6P.pdf
2025,2,3,school_mock,social,social-culture,question,manual_review,verified_pending_import,confirmed,official_pdf_contents,not_imported,,https://wdown.ebsi.co.kr/W61001/01exam/20250326/go2/s_samun_mun_ZMR81WQ2.pdf
2025,2,3,school_mock,social,social-culture,solution,manual_review,verified_pending_import,confirmed,official_pdf_contents,not_imported,,https://wdown.ebsi.co.kr/W61001/01exam/20250326/go2/s_samun_hsj_YA66Q5F5.pdf
2025,2,3,school_mock,social,world-geography,question,manual_review,verified_pending_import,confirmed,official_pdf_contents,not_imported,,https://wdown.ebsi.co.kr/W61001/01exam/20250326/go2/s_saeji_mun_9B141AXK.pdf
2025,2,3,school_mock,social,world-geography,solution,manual_review,verified_pending_import,confirmed,official_pdf_contents,not_imported,,https://wdown.ebsi.co.kr/W61001/01exam/20250326/go2/s_saeji_hsj_2F2Y63T8.pdf
2025,2,3,school_mock,social,world-history,question,manual_review,verified_pending_import,confirmed,official_pdf_contents,not_imported,,https://wdown.ebsi.co.kr/W61001/01exam/20250326/go2/s_sks_mun_4MJRX476.pdf
2025,2,3,school_mock,social,world-history,solution,manual_review,verified_pending_import,confirmed,official_pdf_contents,not_imported,,https://wdown.ebsi.co.kr/W61001/01exam/20250326/go2/s_sks_hsj_JNCUO8YV.pdf
2025,2,6,school_mock,english,,listening_audio,missing,expected_slot_uncertain,uncertain,official_availability_unconfirmed,,,
2025,2,6,school_mock,english,,listening_script,missing,expected_slot_uncertain,uncertain,official_availability_unconfirmed,,,
2025,2,6,school_mock,english,,question,manual_review,verified_pending_import,confirmed,official_pdf_contents,not_imported,,https://wdown.ebsi.co.kr/W61001/01exam/20250604/go2/eng_1_mun_29E7I1V8.pdf
2025,2,6,school_mock,english,,solution,public_ready,,confirmed,official_scope,ready,ec8c1895-8198-4f2f-a090-5838a98a22a8,https://wdown.ebsi.co.kr/W61001/01exam/20250604/go2/eng_main_hsj_4A53HZ97_1.pdf
2025,2,6,school_mock,history,,question,manual_review,verified_pending_import,confirmed,official_scope,not_imported,,https://wdown.ebsi.co.kr/W61001/01exam/20250604/go2/his_main_mun_F9J67AC5.pdf
2025,2,6,school_mock,history,,solution,manual_review,verified_pending_import,confirmed,official_scope,not_imported,,https://wdown.ebsi.co.kr/W61001/01exam/20250604/go2/his_main_hsj_E8371JE3_1.pdf
2025,2,6,school_mock,korean,,question,public_ready,,confirmed,official_scope,ready,d57c7543-49d5-4400-8634-c1f5313eadc3,https://wdown.ebsi.co.kr/W61001/01exam/20250604/go2/kor_main_mun_6WZU5Z12_1.pdf
2025,2,6,school_mock,korean,,solution,manual_review,verified_pending_import,confirmed,official_scope,not_imported,,https://wdown.ebsi.co.kr/W61001/01exam/20250604/go2/kor_main_hsj_21JM1LKF_1.pdf
2025,2,6,school_mock,math,,question,manual_review,verified_pending_import,confirmed,official_pdf_contents,not_imported,,https://wdown.ebsi.co.kr/W61001/01exam/20250604/go2/math_mun_229I8ERM.pdf
2025,2,6,school_mock,math,,solution,public_ready,,confirmed,official_scope,ready,ab8c47ac-e5f1-4296-8104-795eb2dc266a,https://wdown.ebsi.co.kr/W61001/01exam/20250604/go2/math_main_hsj_8QV88PI4_1.pdf
2025,2,6,school_mock,science,chemistry-1,question,manual_review,verified_pending_import,confirmed,official_pdf_contents,not_imported,,https://wdown.ebsi.co.kr/W61001/01exam/20250604/go2/g_che1_mun_H596NV3A.pdf
2025,2,6,school_mock,science,chemistry-1,solution,manual_review,verified_pending_import,confirmed,official_pdf_contents,not_imported,,https://wdown.ebsi.co.kr/W61001/01exam/20250604/go2/g_che1_hsj_4MI6488G.pdf
2025,2,6,school_mock,science,earth-science-1,question,manual_review,verified_pending_import,confirmed,official_pdf_contents,not_imported,,https://wdown.ebsi.co.kr/W61001/01exam/20250604/go2/g_ear1_mun_341A288K.pdf
2025,2,6,school_mock,science,earth-science-1,solution,manual_review,verified_pending_import,confirmed,official_pdf_contents,not_imported,,https://wdown.ebsi.co.kr/W61001/01exam/20250604/go2/g_ear1_hsj_3I6G2A69.pdf
2025,2,6,school_mock,science,life-science-1,question,manual_review,verified_pending_import,confirmed,official_pdf_contents,not_imported,,https://wdown.ebsi.co.kr/W61001/01exam/20250604/go2/g_bio1_mun_A39CG49A.pdf
2025,2,6,school_mock,science,life-science-1,solution,manual_review,verified_pending_import,confirmed,official_pdf_contents,not_imported,,https://wdown.ebsi.co.kr/W61001/01exam/20250604/go2/g_bio1_hsj_U3419P29.pdf
2025,2,6,school_mock,science,physics-1,question,manual_review,verified_pending_import,confirmed,official_pdf_contents,not_imported,,https://wdown.ebsi.co.kr/W61001/01exam/20250604/go2/g_phy1_mun_QIY1919K.pdf
2025,2,6,school_mock,science,physics-1,solution,manual_review,verified_pending_import,confirmed,official_pdf_contents,not_imported,,https://wdown.ebsi.co.kr/W61001/01exam/20250604/go2/g_phy1_hsj_R84GC29E.pdf
2025,2,6,school_mock,social,east-asian-history,question,manual_review,verified_pending_import,confirmed,official_pdf_contents,not_imported,,https://wdown.ebsi.co.kr/W61001/01exam/20250604/go2/s_easta_mun_64IY5A17.pdf
2025,2,6,school_mock,social,east-asian-history,solution,public_ready,,confirmed,official_scope,ready,7913c4e6-e206-4122-a80d-1079e81de9d5,https://wdown.ebsi.co.kr/W61001/01exam/20250604/go2/s_easta_hsj_3DECJW6P.pdf
2025,2,6,school_mock,social,economics,question,manual_review,verified_pending_import,confirmed,official_pdf_contents,not_imported,,https://wdown.ebsi.co.kr/W61001/01exam/20250604/go2/s_eco_mun_KU1M195F.pdf
2025,2,6,school_mock,social,economics,solution,manual_review,verified_pending_import,confirmed,official_pdf_contents,not_imported,,https://wdown.ebsi.co.kr/W61001/01exam/20250604/go2/s_eco_hsj_W82H8H64.pdf
2025,2,6,school_mock,social,ethics-and-thought,question,manual_review,verified_pending_import,confirmed,official_pdf_contents,not_imported,,https://wdown.ebsi.co.kr/W61001/01exam/20250604/go2/s_yrnss_mun_CZ77D2JG.pdf
2025,2,6,school_mock,social,ethics-and-thought,solution,public_ready,,confirmed,official_scope,ready,cd066497-b8ee-4329-a3e9-ab4aa2ac328d,https://wdown.ebsi.co.kr/W61001/01exam/20250604/go2/s_yrnss_hsj_344M4K63.pdf
2025,2,6,school_mock,social,korean-geography,question,manual_review,verified_pending_import,confirmed,official_pdf_contents,not_imported,,https://wdown.ebsi.co.kr/W61001/01exam/20250604/go2/s_hanji_mun_173JTUIS.pdf
2025,2,6,school_mock,social,korean-geography,solution,public_ready,,confirmed,official_scope,ready,0153d296-e004-4aa1-9f21-3fe5eb11629b,https://wdown.ebsi.co.kr/W61001/01exam/20250604/go2/s_hanji_hsj_JE4VGBT2.pdf
2025,2,6,school_mock,social,life-and-ethics,question,manual_review,verified_pending_import,confirmed,official_pdf_contents,not_imported,,https://wdown.ebsi.co.kr/W61001/01exam/20250604/go2/s_ssnyr_mun_X65IQO71_1.pdf
2025,2,6,school_mock,social,life-and-ethics,solution,manual_review,verified_pending_import,confirmed,official_pdf_contents,not_imported,,https://wdown.ebsi.co.kr/W61001/01exam/20250604/go2/s_ssnyr_hsj_D1GA573M.pdf
2025,2,6,school_mock,social,politics-and-law,question,manual_review,verified_pending_import,confirmed,official_pdf_contents,not_imported,,https://wdown.ebsi.co.kr/W61001/01exam/20250604/go2/s_bnj_mun_TU64Q7Q3.pdf
2025,2,6,school_mock,social,politics-and-law,solution,manual_review,verified_pending_import,confirmed,official_pdf_contents,not_imported,,https://wdown.ebsi.co.kr/W61001/01exam/20250604/go2/s_bnj_hsj_O2N52VQ4.pdf
2025,2,6,school_mock,social,social-culture,question,manual_review,verified_pending_import,confirmed,official_pdf_contents,not_imported,,https://wdown.ebsi.co.kr/W61001/01exam/20250604/go2/s_samun_mun_U548DG59_1.pdf
2025,2,6,school_mock,social,social-culture,solution,public_ready,,confirmed,official_scope,ready,0e73c4f5-38d2-49b1-b1e2-396f0ea350ec,https://wdown.ebsi.co.kr/W61001/01exam/20250604/go2/s_samun_hsj_8B84IONP.pdf
2025,2,6,school_mock,social,world-geography,question,manual_review,verified_pending_import,confirmed,official_pdf_contents,not_imported,,https://wdown.ebsi.co.kr/W61001/01exam/20250604/go2/s_saeji_mun_1T89GI2Z.pdf
2025,2,6,school_mock,social,world-geography,solution,manual_review,verified_pending_import,confirmed,official_pdf_contents,not_imported,,https://wdown.ebsi.co.kr/W61001/01exam/20250604/go2/s_saeji_hsj_2X9868RF.pdf
2025,2,6,school_mock,social,world-history,question,manual_review,verified_pending_import,confirmed,official_pdf_contents,not_imported,,https://wdown.ebsi.co.kr/W61001/01exam/20250604/go2/s_sks_mun_ZA822Q45.pdf
2025,2,6,school_mock,social,world-history,solution,manual_review,verified_pending_import,confirmed,official_pdf_contents,not_imported,,https://wdown.ebsi.co.kr/W61001/01exam/20250604/go2/s_sks_hsj_2W235Y99.pdf
2025,2,9,school_mock,english,,listening_audio,missing,expected_slot_uncertain,uncertain,official_availability_unconfirmed,,,
2025,2,9,school_mock,english,,listening_script,manual_review,verified_pending_import,uncertain,official_availability_unconfirmed,not_imported,,https://wdown.ebsi.co.kr/W61001/01exam/20250903/go2/eng_1_scr_RHJCR561.pdf
2025,2,9,school_mock,english,,question,manual_review,verified_pending_import,confirmed,official_pdf_contents,not_imported,,https://wdown.ebsi.co.kr/W61001/01exam/20250903/go2/eng_1_mun_97CFC6XF_1.pdf
2025,2,9,school_mock,english,,solution,public_ready,,confirmed,official_scope,ready,1b68e289-91c3-4ba5-81a1-b52e2bdf3634,https://wdown.ebsi.co.kr/W61001/01exam/20250903/go2/eng_main_hsj_868C9E84.pdf
2025,2,9,school_mock,history,,question,public_ready,,confirmed,official_scope,ready,88606735-4585-4876-8122-f17e2f35f4f3,https://wdown.ebsi.co.kr/W61001/01exam/20250903/go2/his_main_mun_Z12G5685_1.pdf
2025,2,9,school_mock,history,,solution,manual_review,verified_pending_import,confirmed,official_pdf_contents,not_imported,,https://wdown.ebsi.co.kr/W61001/01exam/20250903/go2/s_his_1_hsj_454R3914_1.pdf
2025,2,9,school_mock,korean,,question,public_ready,,confirmed,official_scope,ready,55137205-4215-4cf3-8921-c97b1de389c7,https://wdown.ebsi.co.kr/W61001/01exam/20250903/go2/kor_main_mun_ZKNW6ZSE.pdf
2025,2,9,school_mock,korean,,solution,public_ready,,confirmed,official_scope,ready,710b8b3e-bddd-4f7f-b623-9e323eec4214,https://wdown.ebsi.co.kr/W61001/01exam/20250903/go2/kor_main_hsj_B4X88PV5.pdf
2025,2,9,school_mock,math,,question,manual_review,verified_pending_import,confirmed,official_pdf_contents,not_imported,,https://wdown.ebsi.co.kr/W61001/01exam/20250903/go2/math_mun_ZGRLPIL7_1.pdf
2025,2,9,school_mock,math,,solution,public_ready,,confirmed,official_scope,ready,13688fa5-7fd2-4eaa-ab2f-2b90c1e1cba2,https://wdown.ebsi.co.kr/W61001/01exam/20250903/go2/math_main_hsj_Z95Y88V4_1.pdf
2025,2,9,school_mock,science,chemistry-1,question,manual_review,verified_pending_import,confirmed,official_pdf_contents,not_imported,,https://wdown.ebsi.co.kr/W61001/01exam/20250903/go2/g_che1_mun_Y9S52O7E_1.pdf
2025,2,9,school_mock,science,chemistry-1,solution,manual_review,verified_pending_import,confirmed,official_pdf_contents,not_imported,,https://wdown.ebsi.co.kr/W61001/01exam/20250903/go2/g_che1_hsj_2AT28QTK_1.pdf
2025,2,9,school_mock,science,earth-science-1,question,manual_review,verified_pending_import,confirmed,official_pdf_contents,not_imported,,https://wdown.ebsi.co.kr/W61001/01exam/20250903/go2/g_ear1_mun_4357846H_1.pdf
2025,2,9,school_mock,science,earth-science-1,solution,manual_review,verified_pending_import,confirmed,official_pdf_contents,not_imported,,https://wdown.ebsi.co.kr/W61001/01exam/20250903/go2/g_ear1_hsj_1W62V97B_1.pdf
2025,2,9,school_mock,science,life-science-1,question,manual_review,verified_pending_import,confirmed,official_pdf_contents,not_imported,,https://wdown.ebsi.co.kr/W61001/01exam/20250903/go2/g_bio1_mun_WU8WVW81_1.pdf
2025,2,9,school_mock,science,life-science-1,solution,manual_review,verified_pending_import,confirmed,official_pdf_contents,not_imported,,https://wdown.ebsi.co.kr/W61001/01exam/20250903/go2/g_bio1_hsj_U5IQ3YCS_1.pdf
2025,2,9,school_mock,science,physics-1,question,manual_review,verified_pending_import,confirmed,official_pdf_contents,not_imported,,https://wdown.ebsi.co.kr/W61001/01exam/20250903/go2/g_phy1_mun_4AMJQG2L_1.pdf
2025,2,9,school_mock,science,physics-1,solution,manual_review,verified_pending_import,confirmed,official_pdf_contents,not_imported,,https://wdown.ebsi.co.kr/W61001/01exam/20250903/go2/g_phy1_hsj_U86J3E6S_1.pdf
2025,2,9,school_mock,social,east-asian-history,question,manual_review,verified_pending_import,confirmed,official_pdf_contents,not_imported,,https://wdown.ebsi.co.kr/W61001/01exam/20250903/go2/s_easta_mun_3474PVA2.pdf
2025,2,9,school_mock,social,east-asian-history,solution,manual_review,verified_pending_import,confirmed,official_pdf_contents,not_imported,,https://wdown.ebsi.co.kr/W61001/01exam/20250903/go2/s_easta_hsj_R5K3BY7W.pdf
2025,2,9,school_mock,social,economics,question,manual_review,verified_pending_import,confirmed,official_pdf_contents,not_imported,,https://wdown.ebsi.co.kr/W61001/01exam/20250903/go2/s_eco_mun_JZV7GKR5.pdf
2025,2,9,school_mock,social,economics,solution,manual_review,verified_pending_import,confirmed,official_pdf_contents,not_imported,,https://wdown.ebsi.co.kr/W61001/01exam/20250903/go2/s_eco_hsj_YULQ42X4.pdf
2025,2,9,school_mock,social,ethics-and-thought,question,manual_review,verified_pending_import,confirmed,official_pdf_contents,not_imported,,https://wdown.ebsi.co.kr/W61001/01exam/20250903/go2/s_yrnss_mun_9MV2KCXP.pdf
2025,2,9,school_mock,social,ethics-and-thought,solution,manual_review,verified_pending_import,confirmed,official_pdf_contents,not_imported,,https://wdown.ebsi.co.kr/W61001/01exam/20250903/go2/s_yrnss_hsj_M512TU7G.pdf
2025,2,9,school_mock,social,korean-geography,question,manual_review,verified_pending_import,confirmed,official_pdf_contents,not_imported,,https://wdown.ebsi.co.kr/W61001/01exam/20250903/go2/s_hanji_mun_JOBKLX5M.pdf
2025,2,9,school_mock,social,korean-geography,solution,manual_review,verified_pending_import,confirmed,official_scope,not_imported,,https://wdown.ebsi.co.kr/W61001/01exam/20250903/go2/s_hanji_hsj_9IVLW41Q.pdf
2025,2,9,school_mock,social,life-and-ethics,question,manual_review,verified_pending_import,confirmed,official_pdf_contents,not_imported,,https://wdown.ebsi.co.kr/W61001/01exam/20250903/go2/s_ssnyr_mun_6E31K54M.pdf
2025,2,9,school_mock,social,life-and-ethics,solution,manual_review,verified_pending_import,confirmed,official_pdf_contents,not_imported,,https://wdown.ebsi.co.kr/W61001/01exam/20250903/go2/s_ssnyr_hsj_JUY74MZ2.pdf
2025,2,9,school_mock,social,politics-and-law,question,manual_review,verified_pending_import,confirmed,official_pdf_contents,not_imported,,https://wdown.ebsi.co.kr/W61001/01exam/20250903/go2/s_bnj_mun_6DO437Y9.pdf
2025,2,9,school_mock,social,politics-and-law,solution,manual_review,verified_pending_import,confirmed,official_pdf_contents,not_imported,,https://wdown.ebsi.co.kr/W61001/01exam/20250903/go2/s_bnj_hsj_NBRQ668V.pdf
2025,2,9,school_mock,social,social-culture,question,manual_review,verified_pending_import,confirmed,official_pdf_contents,not_imported,,https://wdown.ebsi.co.kr/W61001/01exam/20250903/go2/s_samun_mun_ECBD66W7.pdf
2025,2,9,school_mock,social,social-culture,solution,manual_review,verified_pending_import,confirmed,official_pdf_contents,not_imported,,https://wdown.ebsi.co.kr/W61001/01exam/20250903/go2/s_samun_hsj_83677AU2.pdf
2025,2,9,school_mock,social,world-geography,question,manual_review,verified_pending_import,confirmed,official_pdf_contents,not_imported,,https://wdown.ebsi.co.kr/W61001/01exam/20250903/go2/s_saeji_mun_4FGE987T.pdf
2025,2,9,school_mock,social,world-geography,solution,manual_review,verified_pending_import,confirmed,official_scope,not_imported,,https://wdown.ebsi.co.kr/W61001/01exam/20250903/go2/s_saeji_hsj_A4HB4ZTU.pdf
2025,2,9,school_mock,social,world-history,question,manual_review,verified_pending_import,confirmed,official_pdf_contents,not_imported,,https://wdown.ebsi.co.kr/W61001/01exam/20250903/go2/s_sks_mun_3438ATY4.pdf
2025,2,9,school_mock,social,world-history,solution,manual_review,verified_pending_import,confirmed,official_pdf_contents,not_imported,,https://wdown.ebsi.co.kr/W61001/01exam/20250903/go2/s_sks_hsj_KES8W694.pdf
2025,2,10,school_mock,english,,listening_audio,missing,expected_slot_uncertain,uncertain,official_availability_unconfirmed,,,
2025,2,10,school_mock,english,,listening_script,missing,expected_slot_uncertain,uncertain,official_availability_unconfirmed,,,
2025,2,10,school_mock,english,,question,manual_review,verified_pending_import,confirmed,official_pdf_contents,not_imported,,https://wdown.ebsi.co.kr/W61001/01exam/20251014/go2/eng_1_mun_9W5644SI_1.pdf
2025,2,10,school_mock,english,,solution,public_ready,,confirmed,official_scope,ready,539c06da-50ec-4f17-8f11-e97906ee71f2,https://wdown.ebsi.co.kr/W61001/01exam/20251014/go2/eng_main_hsj_LS66F3HV.pdf
2025,2,10,school_mock,history,,question,manual_review,verified_pending_import,confirmed,official_scope,not_imported,,https://wdown.ebsi.co.kr/W61001/01exam/20251014/go2/his_main_mun_SI1LR68F.pdf
2025,2,10,school_mock,history,,solution,manual_review,verified_pending_import,confirmed,official_scope,not_imported,,https://wdown.ebsi.co.kr/W61001/01exam/20251014/go2/his_main_hsj_W2STJB54.pdf
2025,2,10,school_mock,korean,,question,public_ready,,confirmed,official_scope,ready,be841642-7150-4149-8a40-a940284db011,https://wdown.ebsi.co.kr/W61001/01exam/20251014/go2/kor_main_mun_43243P8X.pdf
2025,2,10,school_mock,korean,,solution,public_ready,,confirmed,official_scope,ready,3fa0f964-0589-4b4b-b59f-f309e0752c7a,https://wdown.ebsi.co.kr/W61001/01exam/20251014/go2/kor_main_hsj_CN1Z96XN.pdf
2025,2,10,school_mock,math,,question,manual_review,verified_pending_import,confirmed,official_scope,not_imported,,https://wdown.ebsi.co.kr/W61001/01exam/20251014/go2/math_main_mun_D118477Y.pdf
2025,2,10,school_mock,math,,solution,public_ready,,confirmed,official_scope,ready,19460d64-9a9c-47f0-9a51-441fb747464e,https://wdown.ebsi.co.kr/W61001/01exam/20251014/go2/math_main_hsj_6DW94788.pdf
2025,2,10,school_mock,science,chemistry-1,question,manual_review,verified_pending_import,confirmed,official_pdf_contents,not_imported,,https://wdown.ebsi.co.kr/W61001/01exam/20251014/go2/g_che1_mun_9W9G22S9.pdf
2025,2,10,school_mock,science,chemistry-1,solution,manual_review,verified_pending_import,confirmed,official_pdf_contents,not_imported,,https://wdown.ebsi.co.kr/W61001/01exam/20251014/go2/g_che1_hsj_VUN2T4GH.pdf
2025,2,10,school_mock,science,earth-science-1,question,manual_review,verified_pending_import,confirmed,official_pdf_contents,not_imported,,https://wdown.ebsi.co.kr/W61001/01exam/20251014/go2/g_ear1_mun_WGB1M74A.pdf
2025,2,10,school_mock,science,earth-science-1,solution,manual_review,verified_pending_import,confirmed,official_pdf_contents,not_imported,,https://wdown.ebsi.co.kr/W61001/01exam/20251014/go2/g_ear1_hsj_3ZV36PTX.pdf
2025,2,10,school_mock,science,life-science-1,question,manual_review,verified_pending_import,confirmed,official_pdf_contents,not_imported,,https://wdown.ebsi.co.kr/W61001/01exam/20251014/go2/g_bio1_mun_R8822Z79.pdf
2025,2,10,school_mock,science,life-science-1,solution,manual_review,verified_pending_import,confirmed,official_pdf_contents,not_imported,,https://wdown.ebsi.co.kr/W61001/01exam/20251014/go2/g_bio1_hsj_7LHK17PW.pdf
2025,2,10,school_mock,science,physics-1,question,manual_review,verified_pending_import,confirmed,official_pdf_contents,not_imported,,https://wdown.ebsi.co.kr/W61001/01exam/20251014/go2/g_phy1_mun_AIU65286.pdf
2025,2,10,school_mock,science,physics-1,solution,manual_review,verified_pending_import,confirmed,official_pdf_contents,not_imported,,https://wdown.ebsi.co.kr/W61001/01exam/20251014/go2/g_phy1_hsj_21D8B26I.pdf
2025,2,10,school_mock,second_language,chinese-1,question,manual_review,verified_pending_import,confirmed,official_pdf_contents,not_imported,,https://wdown.ebsi.co.kr/W61001/01exam/20251014/go2/2nd_ch_mun_6127OPVA.pdf
2025,2,10,school_mock,second_language,chinese-1,solution,manual_review,verified_pending_import,confirmed,official_pdf_contents,not_imported,,https://wdown.ebsi.co.kr/W61001/01exam/20251014/go2/2nd_ch_hsj_YIH5G6D8.pdf
2025,2,10,school_mock,second_language,classical-chinese-1,question,manual_review,verified_pending_import,confirmed,official_pdf_contents,not_imported,,https://wdown.ebsi.co.kr/W61001/01exam/20251014/go2/2nd_han_mun_885ASY31.pdf
2025,2,10,school_mock,second_language,classical-chinese-1,solution,manual_review,verified_pending_import,confirmed,official_pdf_contents,not_imported,,https://wdown.ebsi.co.kr/W61001/01exam/20251014/go2/2nd_han_hsj_D32PGY26.pdf
2025,2,10,school_mock,second_language,french-1,question,manual_review,verified_pending_import,confirmed,official_pdf_contents,not_imported,,https://wdown.ebsi.co.kr/W61001/01exam/20251014/go2/2nd_fr_mun_124J937M.pdf
2025,2,10,school_mock,second_language,french-1,solution,manual_review,verified_pending_import,confirmed,official_pdf_contents,not_imported,,https://wdown.ebsi.co.kr/W61001/01exam/20251014/go2/2nd_fr_hsj_N4C958M7.pdf
2025,2,10,school_mock,second_language,german-1,question,manual_review,verified_pending_import,confirmed,official_pdf_contents,not_imported,,https://wdown.ebsi.co.kr/W61001/01exam/20251014/go2/2nd_gr_mun_K276AS82.pdf
2025,2,10,school_mock,second_language,german-1,solution,manual_review,verified_pending_import,confirmed,official_pdf_contents,not_imported,,https://wdown.ebsi.co.kr/W61001/01exam/20251014/go2/2nd_gr_hsj_O2OAS87K.pdf
2025,2,10,school_mock,second_language,japanese-1,question,manual_review,verified_pending_import,confirmed,official_pdf_contents,not_imported,,https://wdown.ebsi.co.kr/W61001/01exam/20251014/go2/2nd_ja_mun_I47LB75K.pdf
2025,2,10,school_mock,second_language,japanese-1,solution,manual_review,verified_pending_import,confirmed,official_pdf_contents,not_imported,,https://wdown.ebsi.co.kr/W61001/01exam/20251014/go2/2nd_ja_hsj_DJABL58A.pdf
2025,2,10,school_mock,second_language,russian-1,question,manual_review,verified_pending_import,confirmed,official_pdf_contents,not_imported,,https://wdown.ebsi.co.kr/W61001/01exam/20251014/go2/2nd_ru_mun_886811Y4.pdf
2025,2,10,school_mock,second_language,russian-1,solution,manual_review,verified_pending_import,confirmed,official_pdf_contents,not_imported,,https://wdown.ebsi.co.kr/W61001/01exam/20251014/go2/2nd_ru_hsj_217R6V7I.pdf
2025,2,10,school_mock,second_language,spanish-1,question,manual_review,verified_pending_import,confirmed,official_pdf_contents,not_imported,,https://wdown.ebsi.co.kr/W61001/01exam/20251014/go2/2nd_sp_mun_YL3D5F88.pdf
2025,2,10,school_mock,second_language,spanish-1,solution,manual_review,verified_pending_import,confirmed,official_pdf_contents,not_imported,,https://wdown.ebsi.co.kr/W61001/01exam/20251014/go2/2nd_sp_hsj_M1HH8333.pdf
2025,2,10,school_mock,social,east-asian-history,question,manual_review,verified_pending_import,confirmed,official_pdf_contents,not_imported,,https://wdown.ebsi.co.kr/W61001/01exam/20251014/go2/s_easta_mun_26XF9K5X.pdf
2025,2,10,school_mock,social,east-asian-history,solution,manual_review,verified_pending_import,confirmed,official_pdf_contents,not_imported,,https://wdown.ebsi.co.kr/W61001/01exam/20251014/go2/s_easta_hsj_2Y41165L.pdf
2025,2,10,school_mock,social,economics,question,manual_review,verified_pending_import,confirmed,official_pdf_contents,not_imported,,https://wdown.ebsi.co.kr/W61001/01exam/20251014/go2/s_eco_mun_US253E2S.pdf
2025,2,10,school_mock,social,economics,solution,manual_review,verified_pending_import,confirmed,official_pdf_contents,not_imported,,https://wdown.ebsi.co.kr/W61001/01exam/20251014/go2/s_eco_hsj_3941P5W1.pdf
2025,2,10,school_mock,social,ethics-and-thought,question,manual_review,verified_pending_import,confirmed,official_pdf_contents,not_imported,,https://wdown.ebsi.co.kr/W61001/01exam/20251014/go2/s_yrnss_mun_EB744165.pdf
2025,2,10,school_mock,social,ethics-and-thought,solution,manual_review,verified_pending_import,confirmed,official_pdf_contents,not_imported,,https://wdown.ebsi.co.kr/W61001/01exam/20251014/go2/s_yrnss_hsj_LO3JN399.pdf
2025,2,10,school_mock,social,korean-geography,question,manual_review,verified_pending_import,confirmed,official_pdf_contents,not_imported,,https://wdown.ebsi.co.kr/W61001/01exam/20251014/go2/s_hanji_mun_I1NAIDMK.pdf
2025,2,10,school_mock,social,korean-geography,solution,manual_review,verified_pending_import,confirmed,official_pdf_contents,not_imported,,https://wdown.ebsi.co.kr/W61001/01exam/20251014/go2/s_hanji_hsj_32B73PYP.pdf
2025,2,10,school_mock,social,life-and-ethics,question,manual_review,verified_pending_import,confirmed,official_pdf_contents,not_imported,,https://wdown.ebsi.co.kr/W61001/01exam/20251014/go2/s_ssnyr_mun_T5493DR5.pdf
2025,2,10,school_mock,social,life-and-ethics,solution,manual_review,verified_pending_import,confirmed,official_pdf_contents,not_imported,,https://wdown.ebsi.co.kr/W61001/01exam/20251014/go2/s_ssnyr_hsj_3556YM2G.pdf
2025,2,10,school_mock,social,politics-and-law,question,manual_review,verified_pending_import,confirmed,official_pdf_contents,not_imported,,https://wdown.ebsi.co.kr/W61001/01exam/20251014/go2/s_bnj_mun_A19S47JR.pdf
2025,2,10,school_mock,social,politics-and-law,solution,manual_review,verified_pending_import,confirmed,official_pdf_contents,not_imported,,https://wdown.ebsi.co.kr/W61001/01exam/20251014/go2/s_bnj_hsj_J1F8461U.pdf
2025,2,10,school_mock,social,social-culture,question,manual_review,verified_pending_import,confirmed,official_pdf_contents,not_imported,,https://wdown.ebsi.co.kr/W61001/01exam/20251014/go2/s_samun_mun_6V17KAS8.pdf
2025,2,10,school_mock,social,social-culture,solution,manual_review,verified_pending_import,confirmed,official_pdf_contents,not_imported,,https://wdown.ebsi.co.kr/W61001/01exam/20251014/go2/s_samun_hsj_8UF99QG1.pdf
2025,2,10,school_mock,social,world-geography,question,manual_review,verified_pending_import,confirmed,official_pdf_contents,not_imported,,https://wdown.ebsi.co.kr/W61001/01exam/20251014/go2/s_saeji_mun_AM23HZKF.pdf
2025,2,10,school_mock,social,world-geography,solution,manual_review,verified_pending_import,confirmed,official_pdf_contents,not_imported,,https://wdown.ebsi.co.kr/W61001/01exam/20251014/go2/s_saeji_hsj_3179415P.pdf
2025,2,10,school_mock,social,world-history,question,manual_review,verified_pending_import,confirmed,official_pdf_contents,not_imported,,https://wdown.ebsi.co.kr/W61001/01exam/20251014/go2/s_sks_mun_29DLES36.pdf
2025,2,10,school_mock,social,world-history,solution,manual_review,verified_pending_import,confirmed,official_pdf_contents,not_imported,,https://wdown.ebsi.co.kr/W61001/01exam/20251014/go2/s_sks_hsj_9WFJ8P16.pdf
2025,2,10,school_mock,vocational,agriculture-basics,question,manual_review,verified_pending_import,confirmed,official_pdf_contents,not_imported,,https://wdown.ebsi.co.kr/W61001/01exam/20251014/go2/J_nupgi_mun_NXBY6713.pdf
2025,2,10,school_mock,vocational,agriculture-basics,solution,manual_review,verified_pending_import,confirmed,official_pdf_contents,not_imported,,https://wdown.ebsi.co.kr/W61001/01exam/20251014/go2/J_nupgi_hsj_81AU6NRW.pdf
2025,2,10,school_mock,vocational,commercial-economics,question,manual_review,verified_pending_import,confirmed,official_pdf_contents,not_imported,,https://wdown.ebsi.co.kr/W61001/01exam/20251014/go2/J_sangup_mun_4W61U4MX.pdf
2025,2,10,school_mock,vocational,commercial-economics,solution,manual_review,verified_pending_import,confirmed,official_pdf_contents,not_imported,,https://wdown.ebsi.co.kr/W61001/01exam/20251014/go2/J_sangup_hsj_7XAD113P.pdf
2025,2,10,school_mock,vocational,fisheries-and-shipping,question,manual_review,verified_pending_import,confirmed,official_pdf_contents,not_imported,,https://wdown.ebsi.co.kr/W61001/01exam/20251014/go2/J_susan_mun_3WW14L3A.pdf
2025,2,10,school_mock,vocational,fisheries-and-shipping,solution,manual_review,verified_pending_import,confirmed,official_pdf_contents,not_imported,,https://wdown.ebsi.co.kr/W61001/01exam/20251014/go2/J_susan_hsj_ONMX6UW7.pdf
2025,2,10,school_mock,vocational,human-development,question,manual_review,verified_pending_import,confirmed,official_pdf_contents,not_imported,,https://wdown.ebsi.co.kr/W61001/01exam/20251014/go2/J_inkan_mun_23V18235.pdf
2025,2,10,school_mock,vocational,human-development,solution,manual_review,verified_pending_import,confirmed,official_pdf_contents,not_imported,,https://wdown.ebsi.co.kr/W61001/01exam/20251014/go2/J_inkan_hsj_9L1K1274.pdf
2025,2,10,school_mock,vocational,industry-general,question,manual_review,verified_pending_import,confirmed,official_pdf_contents,not_imported,,https://wdown.ebsi.co.kr/W61001/01exam/20251014/go2/J_gup_mun_3RM5VEKD.pdf
2025,2,10,school_mock,vocational,industry-general,solution,manual_review,verified_pending_import,confirmed,official_pdf_contents,not_imported,,https://wdown.ebsi.co.kr/W61001/01exam/20251014/go2/J_gup_hsj_Q9S9UPUV.pdf
2025,2,10,school_mock,vocational,successful-career-life,question,manual_review,verified_pending_import,confirmed,official_pdf_contents,not_imported,,https://wdown.ebsi.co.kr/W61001/01exam/20251014/go2/J_sjl_mun_YW1VQI1K.pdf
2025,2,10,school_mock,vocational,successful-career-life,solution,manual_review,verified_pending_import,confirmed,official_pdf_contents,not_imported,,https://wdown.ebsi.co.kr/W61001/01exam/20251014/go2/J_sjl_hsj_VGNKNL29.pdf
2025,3,3,school_mock,english,,listening_audio,missing,expected_slot_uncertain,uncertain,official_availability_unconfirmed,,,
2025,3,3,school_mock,english,,listening_script,manual_review,verified_pending_import,confirmed,official_pdf_contents,not_imported,,https://wdown.ebsi.co.kr/W61001/01exam/20250326/go3/eng_scr_8O2866EF.pdf
2025,3,3,school_mock,english,,question,manual_review,verified_pending_import,confirmed,official_pdf_contents,not_imported,,https://wdown.ebsi.co.kr/W61001/01exam/20250326/go3/eng_mun_EH21D6QP.pdf
2025,3,3,school_mock,english,,solution,manual_review,identity_unverifiable,confirmed,official_scope,manual_review,,https://wdown.ebsi.co.kr/W61001/01exam/20250326/go3/eng_main_hsj_66I8PI22.pdf
2025,3,3,school_mock,history,,question,manual_review,verified_pending_import,confirmed,official_scope,not_imported,,https://wdown.ebsi.co.kr/W61001/01exam/20250326/go3/his_main_mun_N44UN5N3.pdf
2025,3,3,school_mock,history,,solution,manual_review,verified_pending_import,confirmed,official_pdf_contents,not_imported,,https://wdown.ebsi.co.kr/W61001/01exam/20250326/go3/s_his_hsj_26A66369.pdf
2025,3,3,school_mock,korean,,solution,public_ready,,confirmed,official_scope_choice_layout,ready,88071573-2317-4585-8f9f-4af193bd3331,https://wdown.ebsi.co.kr/W61001/01exam/20250326/go3/kor_main_hsj_5J8MI931.pdf
2025,3,3,school_mock,korean,language-and-media,question,manual_review,verified_pending_import,confirmed,official_pdf_contents,not_imported,,https://wdown.ebsi.co.kr/W61001/01exam/20250326/go3/korB_mun_79OHAI8N.pdf
2025,3,3,school_mock,korean,speech-and-writing,question,manual_review,verified_pending_import,confirmed,official_pdf_contents,not_imported,,https://wdown.ebsi.co.kr/W61001/01exam/20250326/go3/korA_mun_52K1U8L8.pdf
2025,3,3,school_mock,math,,solution,missing,official_url_not_found,scope_provisional,official_scope_choice_layout,,,
2025,3,3,school_mock,math,calculus,question,manual_review,verified_pending_import,confirmed,official_pdf_contents,not_imported,,https://wdown.ebsi.co.kr/W61001/01exam/20250326/go3/mathB_mun_SS558TO2.pdf
2025,3,3,school_mock,math,geometry,question,manual_review,verified_pending_import,confirmed,official_pdf_contents,not_imported,,https://wdown.ebsi.co.kr/W61001/01exam/20250326/go3/mathC_mun_2I9GVB8F.pdf
2025,3,3,school_mock,math,probability-and-statistics,question,manual_review,verified_pending_import,confirmed,official_pdf_contents,not_imported,,https://wdown.ebsi.co.kr/W61001/01exam/20250326/go3/mathA_mun_C3LS7VF1.pdf
2025,3,3,school_mock,science,chemistry-1,question,manual_review,verified_pending_import,confirmed,official_pdf_contents,not_imported,,https://wdown.ebsi.co.kr/W61001/01exam/20250326/go3/g_che1_mun_N3N888IF.pdf
2025,3,3,school_mock,science,chemistry-1,solution,manual_review,verified_pending_import,confirmed,official_pdf_contents,not_imported,,https://wdown.ebsi.co.kr/W61001/01exam/20250326/go3/g_che1_hsj_8Z3576U9.pdf
2025,3,3,school_mock,science,earth-science-1,question,manual_review,verified_pending_import,confirmed,official_pdf_contents,not_imported,,https://wdown.ebsi.co.kr/W61001/01exam/20250326/go3/g_ear1_mun_494A32K6.pdf
2025,3,3,school_mock,science,earth-science-1,solution,manual_review,verified_pending_import,confirmed,official_pdf_contents,not_imported,,https://wdown.ebsi.co.kr/W61001/01exam/20250326/go3/g_ear1_hsj_4H6P7C92.pdf
2025,3,3,school_mock,science,life-science-1,question,manual_review,verified_pending_import,confirmed,official_pdf_contents,not_imported,,https://wdown.ebsi.co.kr/W61001/01exam/20250326/go3/g_bio1_mun_88WE7671.pdf
2025,3,3,school_mock,science,life-science-1,solution,manual_review,verified_pending_import,confirmed,official_pdf_contents,not_imported,,https://wdown.ebsi.co.kr/W61001/01exam/20250326/go3/g_bio1_hsj_23KDIUZM.pdf
2025,3,3,school_mock,science,physics-1,question,public_ready,,confirmed,official_scope,ready,eb158c23-9d7d-458c-b770-0dd2f8822117,https://wdown.ebsi.co.kr/W61001/01exam/20250326/go3/g_phy1_mun_C172K36V.pdf
2025,3,3,school_mock,science,physics-1,solution,manual_review,verified_pending_import,confirmed,official_pdf_contents,not_imported,,https://wdown.ebsi.co.kr/W61001/01exam/20250326/go3/g_phy1_hsj_UVS9FJMZ.pdf
2025,3,3,school_mock,social,east-asian-history,question,manual_review,verified_pending_import,confirmed,official_pdf_contents,not_imported,,https://wdown.ebsi.co.kr/W61001/01exam/20250326/go3/s_easta_mun_KSVI75GK.pdf
2025,3,3,school_mock,social,east-asian-history,solution,manual_review,verified_pending_import,confirmed,official_pdf_contents,not_imported,,https://wdown.ebsi.co.kr/W61001/01exam/20250326/go3/s_easta_hsj_VRQK1M68.pdf
2025,3,3,school_mock,social,economics,question,manual_review,verified_pending_import,confirmed,official_pdf_contents,not_imported,,https://wdown.ebsi.co.kr/W61001/01exam/20250326/go3/s_eco_mun_8ZV1343C.pdf
2025,3,3,school_mock,social,economics,solution,manual_review,identity_unverifiable,confirmed,official_scope,manual_review,,https://wdown.ebsi.co.kr/W61001/01exam/20250326/go3/s_eco_hsj_9K76CA5W.pdf
2025,3,3,school_mock,social,ethics-and-thought,question,manual_review,verified_pending_import,confirmed,official_pdf_contents,not_imported,,https://wdown.ebsi.co.kr/W61001/01exam/20250326/go3/s_yrnss_mun_CCK82H3B.pdf
2025,3,3,school_mock,social,ethics-and-thought,solution,manual_review,verified_pending_import,confirmed,official_pdf_contents,not_imported,,https://wdown.ebsi.co.kr/W61001/01exam/20250326/go3/s_yrnss_hsj_92959183.pdf
2025,3,3,school_mock,social,korean-geography,question,manual_review,verified_pending_import,confirmed,official_pdf_contents,not_imported,,https://wdown.ebsi.co.kr/W61001/01exam/20250326/go3/s_hanji_mun_47XACI9K.pdf
2025,3,3,school_mock,social,korean-geography,solution,manual_review,verified_pending_import,confirmed,official_pdf_contents,not_imported,,https://wdown.ebsi.co.kr/W61001/01exam/20250326/go3/s_hanji_hsj_73JNNFLL.pdf
2025,3,3,school_mock,social,life-and-ethics,question,manual_review,verified_pending_import,confirmed,official_pdf_contents,not_imported,,https://wdown.ebsi.co.kr/W61001/01exam/20250326/go3/s_ssnyr_mun_H5VE2Q89.pdf
2025,3,3,school_mock,social,life-and-ethics,solution,manual_review,verified_pending_import,confirmed,official_pdf_contents,not_imported,,https://wdown.ebsi.co.kr/W61001/01exam/20250326/go3/s_ssnyr_hsj_9Q5661C7.pdf
2025,3,3,school_mock,social,politics-and-law,question,manual_review,verified_pending_import,confirmed,official_pdf_contents,not_imported,,https://wdown.ebsi.co.kr/W61001/01exam/20250326/go3/s_bnj_mun_T5P96G69.pdf
2025,3,3,school_mock,social,politics-and-law,solution,manual_review,verified_pending_import,confirmed,official_pdf_contents,not_imported,,https://wdown.ebsi.co.kr/W61001/01exam/20250326/go3/s_bnj_hsj_59943992.pdf
2025,3,3,school_mock,social,social-culture,question,manual_review,verified_pending_import,confirmed,official_pdf_contents,not_imported,,https://wdown.ebsi.co.kr/W61001/01exam/20250326/go3/s_samun_mun_UE48RL12.pdf
2025,3,3,school_mock,social,social-culture,solution,manual_review,verified_pending_import,confirmed,official_pdf_contents,not_imported,,https://wdown.ebsi.co.kr/W61001/01exam/20250326/go3/s_samun_hsj_F5391T6R.pdf
2025,3,3,school_mock,social,world-geography,question,manual_review,verified_pending_import,confirmed,official_pdf_contents,not_imported,,https://wdown.ebsi.co.kr/W61001/01exam/20250326/go3/s_saeji_mun_21U8BL46.pdf
2025,3,3,school_mock,social,world-geography,solution,manual_review,verified_pending_import,confirmed,official_pdf_contents,not_imported,,https://wdown.ebsi.co.kr/W61001/01exam/20250326/go3/s_saeji_hsj_78X32B7F.pdf
2025,3,3,school_mock,social,world-history,question,manual_review,verified_pending_import,confirmed,official_pdf_contents,not_imported,,https://wdown.ebsi.co.kr/W61001/01exam/20250326/go3/s_sks_mun_P3KO1452.pdf
2025,3,3,school_mock,social,world-history,solution,manual_review,identity_unverifiable,confirmed,official_scope,manual_review,,https://wdown.ebsi.co.kr/W61001/01exam/20250326/go3/s_sks_hsj_97E3796O.pdf
2025,3,5,school_mock,english,,listening_audio,missing,expected_slot_uncertain,uncertain,official_availability_unconfirmed,,,
2025,3,5,school_mock,english,,listening_script,missing,expected_slot_uncertain,uncertain,official_availability_unconfirmed,,,
2025,3,5,school_mock,english,,question,manual_review,verified_pending_import,confirmed,official_scope,not_imported,,https://wdown.ebsi.co.kr/W61001/01exam/20250430/go3/eng_mun_QF7SR4UI_1.pdf
2025,3,5,school_mock,english,,solution,manual_review,verified_pending_import,confirmed,official_scope,not_imported,,https://wdown.ebsi.co.kr/W61001/01exam/20250430/go3/eng_main_hsj_9F17V8QR.pdf
2025,3,5,school_mock,history,,question,manual_review,verified_pending_import,confirmed,official_scope,not_imported,,https://wdown.ebsi.co.kr/W61001/01exam/20250430/go3/his_main_mun_47X6ME1Q_1.pdf
2025,3,5,school_mock,history,,solution,manual_review,verified_pending_import,confirmed,official_scope,not_imported,,https://wdown.ebsi.co.kr/W61001/01exam/20250430/go3/his_main_hsj_9NDOHJIB.pdf
2025,3,5,school_mock,korean,,solution,manual_review,verified_pending_import,confirmed,official_scope_choice_layout,not_imported,,https://wdown.ebsi.co.kr/W61001/01exam/20250430/go3/kor_main_hsj_4R8V482P.pdf
2025,3,5,school_mock,korean,language-and-media,question,manual_review,verified_pending_import,confirmed,official_scope_choice_layout,not_imported,,https://wdown.ebsi.co.kr/W61001/01exam/20250430/go3/korB_mun_A9NKF76H_1.pdf
2025,3,5,school_mock,korean,speech-and-writing,question,manual_review,verified_pending_import,confirmed,official_scope_choice_layout,not_imported,,https://wdown.ebsi.co.kr/W61001/01exam/20250430/go3/korA_mun_II5D2218_1.pdf
2025,3,5,school_mock,math,,solution,manual_review,verified_pending_import,confirmed,official_scope_choice_layout,not_imported,,https://wdown.ebsi.co.kr/W61001/01exam/20250430/go3/math_main_hsj_MDQC6SUB_1.pdf
2025,3,5,school_mock,math,calculus,question,manual_review,verified_pending_import,confirmed,official_scope_choice_layout,not_imported,,https://wdown.ebsi.co.kr/W61001/01exam/20250430/go3/mathB_mun_GA28GGRA_1.pdf
2025,3,5,school_mock,math,geometry,question,manual_review,verified_pending_import,confirmed,official_scope_choice_layout,not_imported,,https://wdown.ebsi.co.kr/W61001/01exam/20250430/go3/mathC_mun_ZZ27C83W_1.pdf
2025,3,5,school_mock,math,probability-and-statistics,question,manual_review,verified_pending_import,confirmed,official_scope_choice_layout,not_imported,,https://wdown.ebsi.co.kr/W61001/01exam/20250430/go3/mathA_mun_56C5OA73_1.pdf
2025,3,5,school_mock,science,chemistry-1,question,manual_review,verified_pending_import,confirmed,official_scope,not_imported,,https://wdown.ebsi.co.kr/W61001/01exam/20250430/go3/g_che1_mun_HP28TZI1.pdf
2025,3,5,school_mock,science,chemistry-1,solution,manual_review,verified_pending_import,confirmed,official_scope,not_imported,,https://wdown.ebsi.co.kr/W61001/01exam/20250430/go3/g_che1_hsj_M53MW834.pdf
2025,3,5,school_mock,science,chemistry-2,question,manual_review,verified_pending_import,confirmed,official_scope,not_imported,,https://wdown.ebsi.co.kr/W61001/01exam/20250430/go3/g_che2_mun_6674I668.pdf
2025,3,5,school_mock,science,chemistry-2,solution,manual_review,verified_pending_import,confirmed,official_scope,not_imported,,https://wdown.ebsi.co.kr/W61001/01exam/20250430/go3/g_che2_hsj_Y3217E8Q.pdf
2025,3,5,school_mock,science,earth-science-1,question,manual_review,verified_pending_import,confirmed,official_scope,not_imported,,https://wdown.ebsi.co.kr/W61001/01exam/20250430/go3/g_ear1_mun_5T642G3X.pdf
2025,3,5,school_mock,science,earth-science-1,solution,manual_review,verified_pending_import,confirmed,official_scope,not_imported,,https://wdown.ebsi.co.kr/W61001/01exam/20250430/go3/g_ear1_hsj_6N12OXNG.pdf
2025,3,5,school_mock,science,earth-science-2,question,manual_review,verified_pending_import,confirmed,official_scope,not_imported,,https://wdown.ebsi.co.kr/W61001/01exam/20250430/go3/g_ear2_mun_8ERUB7DA.pdf
2025,3,5,school_mock,science,earth-science-2,solution,manual_review,verified_pending_import,confirmed,official_scope,not_imported,,https://wdown.ebsi.co.kr/W61001/01exam/20250430/go3/g_ear2_hsj_QPLYWDPN.pdf
2025,3,5,school_mock,science,life-science-1,question,manual_review,verified_pending_import,confirmed,official_pdf_contents,not_imported,,https://wdown.ebsi.co.kr/W61001/01exam/20250430/go3/g_bio1_mun_ZPP9T934.pdf
2025,3,5,school_mock,science,life-science-1,solution,manual_review,verified_pending_import,confirmed,official_scope,not_imported,,https://wdown.ebsi.co.kr/W61001/01exam/20250430/go3/g_bio1_hsj_8Y841P3J.pdf
2025,3,5,school_mock,science,life-science-2,question,manual_review,verified_pending_import,confirmed,official_pdf_contents,not_imported,,https://wdown.ebsi.co.kr/W61001/01exam/20250430/go3/g_bio2_mun_W84F5285.pdf
2025,3,5,school_mock,science,life-science-2,solution,manual_review,verified_pending_import,confirmed,official_scope,not_imported,,https://wdown.ebsi.co.kr/W61001/01exam/20250430/go3/g_bio2_hsj_YHRQ5ZV2.pdf
2025,3,5,school_mock,science,physics-1,question,manual_review,verified_pending_import,confirmed,official_scope,not_imported,,https://wdown.ebsi.co.kr/W61001/01exam/20250430/go3/g_phy1_mun_V31KRCC9.pdf
2025,3,5,school_mock,science,physics-1,solution,manual_review,verified_pending_import,confirmed,official_scope,not_imported,,https://wdown.ebsi.co.kr/W61001/01exam/20250430/go3/g_phy1_hsj_3A52AD68.pdf
2025,3,5,school_mock,science,physics-2,question,manual_review,verified_pending_import,confirmed,official_scope,not_imported,,https://wdown.ebsi.co.kr/W61001/01exam/20250430/go3/g_phy2_mun_V9MHVHZF.pdf
2025,3,5,school_mock,science,physics-2,solution,manual_review,verified_pending_import,confirmed,official_scope,not_imported,,https://wdown.ebsi.co.kr/W61001/01exam/20250430/go3/g_phy2_hsj_9C51FA2L.pdf
2025,3,5,school_mock,social,east-asian-history,question,manual_review,verified_pending_import,confirmed,official_scope,not_imported,,https://wdown.ebsi.co.kr/W61001/01exam/20250430/go3/s_easta_mun_H8U6Z633.pdf
2025,3,5,school_mock,social,east-asian-history,solution,manual_review,verified_pending_import,confirmed,official_pdf_contents,not_imported,,https://wdown.ebsi.co.kr/W61001/01exam/20250430/go3/s_easta_hsj_I3N7WM9Y.pdf
2025,3,5,school_mock,social,economics,question,manual_review,verified_pending_import,confirmed,official_scope,not_imported,,https://wdown.ebsi.co.kr/W61001/01exam/20250430/go3/s_eco_mun_HFU99E4H.pdf
2025,3,5,school_mock,social,economics,solution,manual_review,verified_pending_import,confirmed,official_pdf_contents,not_imported,,https://wdown.ebsi.co.kr/W61001/01exam/20250430/go3/s_eco_hsj_V4Q5UD9Y.pdf
2025,3,5,school_mock,social,ethics-and-thought,question,manual_review,verified_pending_import,confirmed,official_pdf_contents,not_imported,,https://wdown.ebsi.co.kr/W61001/01exam/20250430/go3/s_yrnss_mun_S29RRK1I.pdf
2025,3,5,school_mock,social,ethics-and-thought,solution,manual_review,verified_pending_import,confirmed,official_scope,not_imported,,https://wdown.ebsi.co.kr/W61001/01exam/20250430/go3/s_yrnss_hsj_J5987L53.pdf
2025,3,5,school_mock,social,korean-geography,question,manual_review,verified_pending_import,confirmed,official_pdf_contents,not_imported,,https://wdown.ebsi.co.kr/W61001/01exam/20250430/go3/s_hanji_mun_9U2Q97EA.pdf
2025,3,5,school_mock,social,korean-geography,solution,manual_review,verified_pending_import,confirmed,official_scope,not_imported,,https://wdown.ebsi.co.kr/W61001/01exam/20250430/go3/s_hanji_hsj_72KVY4LT.pdf
2025,3,5,school_mock,social,life-and-ethics,question,manual_review,verified_pending_import,confirmed,official_scope,not_imported,,https://wdown.ebsi.co.kr/W61001/01exam/20250430/go3/s_ssnyr_mun_7P3Q39S7.pdf
2025,3,5,school_mock,social,life-and-ethics,solution,manual_review,verified_pending_import,confirmed,official_scope,not_imported,,https://wdown.ebsi.co.kr/W61001/01exam/20250430/go3/s_ssnyr_hsj_72WW1U95.pdf
2025,3,5,school_mock,social,politics-and-law,question,manual_review,verified_pending_import,confirmed,official_scope,not_imported,,https://wdown.ebsi.co.kr/W61001/01exam/20250430/go3/s_bnj_mun_T59BK2A1.pdf
2025,3,5,school_mock,social,politics-and-law,solution,manual_review,verified_pending_import,confirmed,official_scope,not_imported,,https://wdown.ebsi.co.kr/W61001/01exam/20250430/go3/s_bnj_hsj_W4T6HS2S.pdf
2025,3,5,school_mock,social,social-culture,question,manual_review,verified_pending_import,confirmed,official_pdf_contents,not_imported,,https://wdown.ebsi.co.kr/W61001/01exam/20250430/go3/s_samun_mun_7OK9HAL8.pdf
2025,3,5,school_mock,social,social-culture,solution,manual_review,verified_pending_import,confirmed,official_pdf_contents,not_imported,,https://wdown.ebsi.co.kr/W61001/01exam/20250430/go3/s_samun_hsj_84NH472I.pdf
2025,3,5,school_mock,social,world-geography,question,manual_review,verified_pending_import,confirmed,official_scope,not_imported,,https://wdown.ebsi.co.kr/W61001/01exam/20250430/go3/s_saeji_mun_7K844F89.pdf
2025,3,5,school_mock,social,world-geography,solution,manual_review,verified_pending_import,confirmed,official_scope,not_imported,,https://wdown.ebsi.co.kr/W61001/01exam/20250430/go3/s_saeji_hsj_K16BA783.pdf
2025,3,5,school_mock,social,world-history,question,manual_review,verified_pending_import,confirmed,official_scope,not_imported,,https://wdown.ebsi.co.kr/W61001/01exam/20250430/go3/s_sks_mun_LT45867W.pdf
2025,3,5,school_mock,social,world-history,solution,manual_review,verified_pending_import,confirmed,official_scope,not_imported,,https://wdown.ebsi.co.kr/W61001/01exam/20250430/go3/s_sks_hsj_3UL7W438.pdf
2025,3,6,kice_mock,english,,listening_audio,missing,expected_slot_uncertain,uncertain,official_availability_unconfirmed,,,
2025,3,6,kice_mock,english,,listening_script,manual_review,verified_pending_import,confirmed,official_pdf_contents,not_imported,,https://wdown.ebsi.co.kr/W61001/01exam/20250604/go3/eng_1_scr_L72GG4E2.pdf
2025,3,6,kice_mock,english,,question,manual_review,verified_pending_import,confirmed,official_pdf_contents,not_imported,file_sa_kice_2025h3_06_eng_q,https://wdown.ebsi.co.kr/W61001/01exam/20250604/go3/eng_1_mun_B6TBU193.pdf
2025,3,6,kice_mock,english,,solution,missing,dead_link,confirmed,official_scope,ready,file_sa_kice_2025h3_06_eng_a,https://wdown.ebsi.co.kr/W61001/01exam/20250604/go3/eng_main_hsj_7E1O8247.pdf
2025,3,6,kice_mock,history,,question,manual_review,verified_pending_import,confirmed,official_pdf_contents,not_imported,,https://wdown.ebsi.co.kr/W61001/01exam/20250604/go3/s_his_1_mun_62236256.pdf
2025,3,6,kice_mock,history,,solution,manual_review,verified_pending_import,confirmed,official_pdf_contents,not_imported,,https://wdown.ebsi.co.kr/W61001/01exam/20250604/go3/s_his_1_hsj_86ZMI796.pdf
2025,3,6,kice_mock,korean,,solution,public_ready,,confirmed,official_scope_choice_layout,ready,427d48f6-471c-4c40-8a3e-3a99b681cce3,https://wdown.ebsi.co.kr/W61001/01exam/20250604/go3/kor_main_hsj_J154F7J1_2.pdf
2025,3,6,kice_mock,korean,language-and-media,question,manual_review,verified_pending_import,confirmed,official_pdf_contents,not_imported,,https://wdown.ebsi.co.kr/W61001/01exam/20250604/go3/korB_1_mun_34L3Q845_1.pdf
2025,3,6,kice_mock,korean,speech-and-writing,question,manual_review,verified_pending_import,confirmed,official_pdf_contents,not_imported,,https://wdown.ebsi.co.kr/W61001/01exam/20250604/go3/korA_1_mun_N8NYU3TH_3.pdf
2025,3,6,kice_mock,math,,question,missing,dead_link,confirmed,observed_official_file_or_public_slot,,file_sa_kice_2025h3_06_math_q,
2025,3,6,kice_mock,math,,solution,missing,dead_link,confirmed,official_scope_choice_layout,,file_sa_kice_2025h3_06_math_a,
2025,3,6,kice_mock,math,calculus,question,manual_review,verified_pending_import,confirmed,official_pdf_bundle_contents,not_imported,,https://wdown.ebsi.co.kr/W61001/01exam/20250604/go3/mathB_1_mun_821MR5A6_1.pdf
2025,3,6,kice_mock,math,geometry,question,manual_review,verified_pending_import,confirmed,official_pdf_bundle_contents,not_imported,,https://wdown.ebsi.co.kr/W61001/01exam/20250604/go3/mathC_1_mun_X67RO4JH_1.pdf
2025,3,6,kice_mock,math,probability-and-statistics,question,manual_review,verified_pending_import,confirmed,official_pdf_bundle_contents,not_imported,,https://wdown.ebsi.co.kr/W61001/01exam/20250604/go3/mathA_1_mun_37S3Q4A8_1.pdf
2025,3,6,kice_mock,science,chemistry-1,question,manual_review,verified_pending_import,confirmed,official_pdf_contents,not_imported,,https://wdown.ebsi.co.kr/W61001/01exam/20250604/go3/g_che1_mun_JRQWJDEI.pdf
2025,3,6,kice_mock,science,chemistry-1,solution,public_ready,,confirmed,official_scope,ready,051f6f67-aa81-42e7-8cfe-8f3f91dea425,https://wdown.ebsi.co.kr/W61001/01exam/20250604/go3/g_che1_hsj_4WY39517.pdf
2025,3,6,kice_mock,science,chemistry-2,question,manual_review,verified_pending_import,confirmed,official_pdf_contents,not_imported,,https://wdown.ebsi.co.kr/W61001/01exam/20250604/go3/g_che2_mun_AP63GDA1.pdf
2025,3,6,kice_mock,science,chemistry-2,solution,manual_review,verified_pending_import,confirmed,official_pdf_contents,not_imported,,https://wdown.ebsi.co.kr/W61001/01exam/20250604/go3/g_che2_hsj_P2JAGJ44.pdf
2025,3,6,kice_mock,science,earth-science-1,question,manual_review,verified_pending_import,confirmed,official_pdf_contents,not_imported,,https://wdown.ebsi.co.kr/W61001/01exam/20250604/go3/g_ear1_mun_AML9K987.pdf
2025,3,6,kice_mock,science,earth-science-1,solution,public_ready,,confirmed,official_scope,ready,ae24bc6d-97a5-459b-919d-aa946f1dd4fc,https://wdown.ebsi.co.kr/W61001/01exam/20250604/go3/g_ear1_hsj_FO82JKZW.pdf
2025,3,6,kice_mock,science,earth-science-2,question,manual_review,verified_pending_import,confirmed,official_pdf_contents,not_imported,,https://wdown.ebsi.co.kr/W61001/01exam/20250604/go3/g_ear2_mun_863J9EAL.pdf
2025,3,6,kice_mock,science,earth-science-2,solution,public_ready,,confirmed,official_scope,ready,98224212-eceb-4ef5-81b7-5a0fa5c3711a,https://wdown.ebsi.co.kr/W61001/01exam/20250604/go3/g_ear2_hsj_F4SP1Q8S.pdf
2025,3,6,kice_mock,science,life-science-1,question,manual_review,verified_pending_import,confirmed,official_pdf_contents,not_imported,,https://wdown.ebsi.co.kr/W61001/01exam/20250604/go3/g_bio1_mun_P1T4GAQ4.pdf
2025,3,6,kice_mock,science,life-science-1,solution,manual_review,verified_pending_import,confirmed,official_pdf_contents,not_imported,,https://wdown.ebsi.co.kr/W61001/01exam/20250604/go3/g_bio1_hsj_8P1XEYDT_1.pdf
2025,3,6,kice_mock,science,life-science-2,question,manual_review,verified_pending_import,confirmed,official_pdf_contents,not_imported,,https://wdown.ebsi.co.kr/W61001/01exam/20250604/go3/g_bio2_mun_19LY2738.pdf
2025,3,6,kice_mock,science,life-science-2,solution,manual_review,verified_pending_import,confirmed,official_pdf_contents,not_imported,,https://wdown.ebsi.co.kr/W61001/01exam/20250604/go3/g_bio2_hsj_WFI8375X.pdf
2025,3,6,kice_mock,science,physics-1,question,manual_review,verified_pending_import,confirmed,official_pdf_contents,not_imported,,https://wdown.ebsi.co.kr/W61001/01exam/20250604/go3/g_phy1_mun_2HLBT82U.pdf
2025,3,6,kice_mock,science,physics-1,solution,public_ready,,confirmed,official_scope,ready,5eab367c-7b49-4189-bf3d-f102a7fc41d4,https://wdown.ebsi.co.kr/W61001/01exam/20250604/go3/g_phy1_hsj_6868P113.pdf
2025,3,6,kice_mock,science,physics-2,question,manual_review,verified_pending_import,confirmed,official_pdf_contents,not_imported,,https://wdown.ebsi.co.kr/W61001/01exam/20250604/go3/g_phy2_mun_1N4Y63GZ.pdf
2025,3,6,kice_mock,science,physics-2,solution,manual_review,verified_pending_import,confirmed,official_pdf_contents,not_imported,,https://wdown.ebsi.co.kr/W61001/01exam/20250604/go3/g_phy2_hsj_JH3RYZ8X.pdf
2025,3,6,kice_mock,second_language,arabic-1,question,manual_review,verified_pending_import,confirmed,official_pdf_contents,not_imported,,https://wdown.ebsi.co.kr/W61001/01exam/20250604/go3/2nd_ar_mun_DXWP68AO.pdf
2025,3,6,kice_mock,second_language,arabic-1,solution,manual_review,verified_pending_import,confirmed,official_pdf_contents,not_imported,,https://wdown.ebsi.co.kr/W61001/01exam/20250604/go3/2nd_ar_hsj_A26R4V1B.pdf
2025,3,6,kice_mock,second_language,chinese-1,question,public_ready,,confirmed,official_scope,ready,ae586ccc-e13e-449f-8f2a-ff3f80f6cc8a,https://wdown.ebsi.co.kr/W61001/01exam/20250604/go3/2nd_ch_mun_VIR855V1.pdf
2025,3,6,kice_mock,second_language,chinese-1,solution,public_ready,,confirmed,official_scope,ready,66e8e8c4-bf69-4962-aad4-319c7447419f,https://wdown.ebsi.co.kr/W61001/01exam/20250604/go3/2nd_ch_hsj_2ZPB5YRI_1.pdf
2025,3,6,kice_mock,second_language,classical-chinese-1,question,manual_review,verified_pending_import,confirmed,official_pdf_contents,not_imported,,https://wdown.ebsi.co.kr/W61001/01exam/20250604/go3/2nd_han_mun_3E36P1ZL.pdf
2025,3,6,kice_mock,second_language,classical-chinese-1,solution,public_ready,,confirmed,official_scope,ready,6880b8aa-a2bc-4882-bb58-8a8e12086386,https://wdown.ebsi.co.kr/W61001/01exam/20250604/go3/2nd_han_hsj_IEUC367X.pdf
2025,3,6,kice_mock,second_language,french-1,question,manual_review,verified_pending_import,confirmed,official_pdf_contents,not_imported,,https://wdown.ebsi.co.kr/W61001/01exam/20250604/go3/2nd_fr_mun_T68KO73Q.pdf
2025,3,6,kice_mock,second_language,french-1,solution,manual_review,verified_pending_import,confirmed,official_pdf_contents,not_imported,,https://wdown.ebsi.co.kr/W61001/01exam/20250604/go3/2nd_fr_hsj_4X5KA4K2.pdf
2025,3,6,kice_mock,second_language,german-1,question,manual_review,verified_pending_import,confirmed,official_pdf_contents,not_imported,,https://wdown.ebsi.co.kr/W61001/01exam/20250604/go3/2nd_gr_mun_4543A8FQ.pdf
2025,3,6,kice_mock,second_language,german-1,solution,manual_review,verified_pending_import,confirmed,official_pdf_contents,not_imported,,https://wdown.ebsi.co.kr/W61001/01exam/20250604/go3/2nd_gr_hsj_637556G3.pdf
2025,3,6,kice_mock,second_language,japanese-1,question,manual_review,verified_pending_import,confirmed,official_pdf_contents,not_imported,,https://wdown.ebsi.co.kr/W61001/01exam/20250604/go3/2nd_ja_mun_B345FJ64.pdf
2025,3,6,kice_mock,second_language,japanese-1,solution,public_ready,,confirmed,official_scope,ready,f949d2ce-db21-49ff-a2c2-e3c2de6e661f,https://wdown.ebsi.co.kr/W61001/01exam/20250604/go3/2nd_ja_hsj_868Z41K2.pdf
2025,3,6,kice_mock,second_language,russian-1,question,public_ready,,confirmed,official_scope,ready,095d40a2-639a-456e-ab67-9840a7e20496,https://wdown.ebsi.co.kr/W61001/01exam/20250604/go3/2nd_ru_mun_188QC4G1.pdf
2025,3,6,kice_mock,second_language,russian-1,solution,manual_review,verified_pending_import,confirmed,official_pdf_contents,not_imported,,https://wdown.ebsi.co.kr/W61001/01exam/20250604/go3/2nd_ru_hsj_R58116AR.pdf
2025,3,6,kice_mock,second_language,spanish-1,question,manual_review,verified_pending_import,confirmed,official_pdf_contents,not_imported,,https://wdown.ebsi.co.kr/W61001/01exam/20250604/go3/2nd_sp_mun_155QSDLL.pdf
2025,3,6,kice_mock,second_language,spanish-1,solution,manual_review,verified_pending_import,confirmed,official_pdf_contents,not_imported,,https://wdown.ebsi.co.kr/W61001/01exam/20250604/go3/2nd_sp_hsj_38I5856L.pdf
2025,3,6,kice_mock,second_language,vietnamese-1,question,manual_review,verified_pending_import,confirmed,official_pdf_contents,not_imported,,https://wdown.ebsi.co.kr/W61001/01exam/20250604/go3/2nd_vit_mun_214KBFV7.pdf
2025,3,6,kice_mock,second_language,vietnamese-1,solution,public_ready,,confirmed,official_scope,ready,cc804f97-11b9-4720-89b6-68bcac8b85ba,https://wdown.ebsi.co.kr/W61001/01exam/20250604/go3/2nd_vit_hsj_F95MB761.pdf
2025,3,6,kice_mock,social,east-asian-history,question,manual_review,verified_pending_import,confirmed,official_pdf_contents,not_imported,,https://wdown.ebsi.co.kr/W61001/01exam/20250604/go3/s_easta_mun_S27E1QN3.pdf
2025,3,6,kice_mock,social,east-asian-history,solution,manual_review,verified_pending_import,confirmed,official_pdf_contents,not_imported,,https://wdown.ebsi.co.kr/W61001/01exam/20250604/go3/s_easta_hsj_47O35512.pdf
2025,3,6,kice_mock,social,economics,question,manual_review,verified_pending_import,confirmed,official_pdf_contents,not_imported,,https://wdown.ebsi.co.kr/W61001/01exam/20250604/go3/s_eco_mun_65O3OPG6.pdf
2025,3,6,kice_mock,social,economics,solution,manual_review,verified_pending_import,confirmed,official_pdf_contents,not_imported,,https://wdown.ebsi.co.kr/W61001/01exam/20250604/go3/s_eco_hsj_A5GL2JE5.pdf
2025,3,6,kice_mock,social,ethics-and-thought,question,manual_review,verified_pending_import,confirmed,official_pdf_contents,not_imported,,https://wdown.ebsi.co.kr/W61001/01exam/20250604/go3/s_yrnss_mun_LN19ZTHL.pdf
2025,3,6,kice_mock,social,ethics-and-thought,solution,manual_review,verified_pending_import,confirmed,official_pdf_contents,not_imported,,https://wdown.ebsi.co.kr/W61001/01exam/20250604/go3/s_yrnss_hsj_3HF35C61.pdf
2025,3,6,kice_mock,social,korean-geography,question,manual_review,verified_pending_import,confirmed,official_pdf_contents,not_imported,,https://wdown.ebsi.co.kr/W61001/01exam/20250604/go3/s_hanji_mun_P564H72Q.pdf
2025,3,6,kice_mock,social,korean-geography,solution,public_ready,,confirmed,official_scope,ready,3bf310fc-35d7-4c1c-8ef3-e890551e2279,https://wdown.ebsi.co.kr/W61001/01exam/20250604/go3/s_hanji_hsj_B9X85I2O.pdf
2025,3,6,kice_mock,social,life-and-ethics,question,manual_review,verified_pending_import,confirmed,official_pdf_contents,not_imported,,https://wdown.ebsi.co.kr/W61001/01exam/20250604/go3/s_ssnyr_mun_UN977LP2.pdf
2025,3,6,kice_mock,social,life-and-ethics,solution,public_ready,,confirmed,official_scope,ready,b5d7f776-ba9c-4350-ab55-d84dc6bddb61,https://wdown.ebsi.co.kr/W61001/01exam/20250604/go3/s_ssnyr_hsj_RMN3I722.pdf
2025,3,6,kice_mock,social,politics-and-law,question,manual_review,verified_pending_import,confirmed,official_pdf_contents,not_imported,,https://wdown.ebsi.co.kr/W61001/01exam/20250604/go3/s_bnj_mun_NAE1683U.pdf
2025,3,6,kice_mock,social,politics-and-law,solution,manual_review,verified_pending_import,confirmed,official_pdf_contents,not_imported,,https://wdown.ebsi.co.kr/W61001/01exam/20250604/go3/s_bnj_hsj_ZOE5A22A.pdf
2025,3,6,kice_mock,social,social-culture,question,manual_review,verified_pending_import,confirmed,official_pdf_contents,not_imported,,https://wdown.ebsi.co.kr/W61001/01exam/20250604/go3/s_samun_mun_6W95K32Y.pdf
2025,3,6,kice_mock,social,social-culture,solution,public_ready,,confirmed,official_scope,ready,86f00c9e-58d2-4ef4-98a1-57d681793f79,https://wdown.ebsi.co.kr/W61001/01exam/20250604/go3/s_samun_hsj_522O36I8.pdf
2025,3,6,kice_mock,social,world-geography,question,manual_review,verified_pending_import,confirmed,official_pdf_contents,not_imported,,https://wdown.ebsi.co.kr/W61001/01exam/20250604/go3/s_saeji_mun_82N5CS8O.pdf
2025,3,6,kice_mock,social,world-geography,solution,public_ready,,confirmed,official_scope,ready,883f0285-3bea-410a-866b-1b67a9ba9771,https://wdown.ebsi.co.kr/W61001/01exam/20250604/go3/s_saeji_hsj_YVJWO279.pdf
2025,3,6,kice_mock,social,world-history,question,manual_review,verified_pending_import,confirmed,official_pdf_contents,not_imported,,https://wdown.ebsi.co.kr/W61001/01exam/20250604/go3/s_sks_mun_61JT3E2O.pdf
2025,3,6,kice_mock,social,world-history,solution,manual_review,verified_pending_import,confirmed,official_pdf_contents,not_imported,,https://wdown.ebsi.co.kr/W61001/01exam/20250604/go3/s_sks_hsj_758C81A6.pdf
2025,3,6,kice_mock,vocational,agriculture-basics,question,manual_review,verified_pending_import,confirmed,official_pdf_contents,not_imported,,https://wdown.ebsi.co.kr/W61001/01exam/20250604/go3/J_nupgi_mun_J9H364PP.pdf
2025,3,6,kice_mock,vocational,agriculture-basics,solution,manual_review,verified_pending_import,confirmed,official_pdf_contents,not_imported,,https://wdown.ebsi.co.kr/W61001/01exam/20250604/go3/J_nupgi_hsj_P118P15R.pdf
2025,3,6,kice_mock,vocational,commercial-economics,question,manual_review,verified_pending_import,confirmed,official_pdf_contents,not_imported,,https://wdown.ebsi.co.kr/W61001/01exam/20250604/go3/J_sangup_mun_3W71J1D9.pdf
2025,3,6,kice_mock,vocational,commercial-economics,solution,manual_review,verified_pending_import,confirmed,official_pdf_contents,not_imported,,https://wdown.ebsi.co.kr/W61001/01exam/20250604/go3/J_sangup_hsj_G9V12S36_4.pdf
2025,3,6,kice_mock,vocational,fisheries-and-shipping,question,manual_review,verified_pending_import,confirmed,official_pdf_contents,not_imported,,https://wdown.ebsi.co.kr/W61001/01exam/20250604/go3/J_susan_mun_6IJ7QN1W.pdf
2025,3,6,kice_mock,vocational,fisheries-and-shipping,solution,manual_review,verified_pending_import,confirmed,official_pdf_contents,not_imported,,https://wdown.ebsi.co.kr/W61001/01exam/20250604/go3/J_susan_hsj_36MA6N9F.pdf
2025,3,6,kice_mock,vocational,human-development,question,manual_review,verified_pending_import,confirmed,official_pdf_contents,not_imported,,https://wdown.ebsi.co.kr/W61001/01exam/20250604/go3/J_inkan_mun_1T597B58.pdf
2025,3,6,kice_mock,vocational,human-development,solution,manual_review,verified_pending_import,confirmed,official_pdf_contents,not_imported,,https://wdown.ebsi.co.kr/W61001/01exam/20250604/go3/J_inkan_hsj_4HF2QX6A.pdf
2025,3,6,kice_mock,vocational,industry-general,question,manual_review,verified_pending_import,confirmed,official_pdf_contents,not_imported,,https://wdown.ebsi.co.kr/W61001/01exam/20250604/go3/J_gup_mun_984C7AK2.pdf
2025,3,6,kice_mock,vocational,industry-general,solution,public_ready,,confirmed,official_scope,ready,49090e29-c96b-4b0a-bbfd-0c3ed354f435,https://wdown.ebsi.co.kr/W61001/01exam/20250604/go3/J_gup_hsj_8K4Z7256.pdf
2025,3,6,kice_mock,vocational,successful-career-life,question,manual_review,verified_pending_import,confirmed,official_pdf_contents,not_imported,,https://wdown.ebsi.co.kr/W61001/01exam/20250604/go3/J_sjl_mun_896P835Z.pdf
2025,3,6,kice_mock,vocational,successful-career-life,solution,public_ready,,confirmed,official_scope,ready,ba0093fa-8173-4a30-9375-e029a9cca709,https://wdown.ebsi.co.kr/W61001/01exam/20250604/go3/J_sjl_hsj_2MKRK4Z9_2.pdf
2025,3,7,school_mock,english,,listening_audio,missing,expected_slot_uncertain,uncertain,official_availability_unconfirmed,,,
2025,3,7,school_mock,english,,listening_script,manual_review,verified_pending_import,uncertain,official_availability_unconfirmed,not_imported,,https://wdown.ebsi.co.kr/W61001/01exam/20250710/go3/eng_1_scr_AI5MMODB.pdf
2025,3,7,school_mock,english,,question,manual_review,verified_pending_import,confirmed,official_pdf_contents,not_imported,,https://wdown.ebsi.co.kr/W61001/01exam/20250710/go3/eng_1_mun_4328TGTW.pdf
2025,3,7,school_mock,english,,solution,manual_review,verified_pending_import,confirmed,official_pdf_contents,not_imported,,https://wdown.ebsi.co.kr/W61001/01exam/20250710/go3/eng_1_hsj_7GURW85A_2.pdf
2025,3,7,school_mock,history,,question,manual_review,verified_pending_import,confirmed,official_scope,not_imported,,https://wdown.ebsi.co.kr/W61001/01exam/20250710/go3/his_main_mun_P6BHEC4T.pdf
2025,3,7,school_mock,history,,solution,manual_review,verified_pending_import,confirmed,official_scope,not_imported,,https://wdown.ebsi.co.kr/W61001/01exam/20250710/go3/his_main_hsj_JW33AO3Z.pdf
2025,3,7,school_mock,korean,,question,public_ready,,confirmed,observed_official_file_or_public_slot,ready,c2394525-9a6d-4a8a-8951-ae4244093874,https://wdown.ebsi.co.kr/W61001/01exam/20250710/go3/kor_main_mun_3FVD5KG6_1.pdf
2025,3,7,school_mock,korean,,solution,public_ready,,confirmed,official_scope_choice_layout,ready,f4040abb-ab36-4474-9feb-a600f3deb188,https://wdown.ebsi.co.kr/W61001/01exam/20250710/go3/kor_main_hsj_BK6Q7H9T.pdf
2025,3,7,school_mock,korean,language-and-media,question,manual_review,verified_pending_import,confirmed,official_pdf_bundle_contents,not_imported,,https://wdown.ebsi.co.kr/W61001/01exam/20250710/go3/kor_main_mun_3FVD5KG6_1.pdf
2025,3,7,school_mock,korean,speech-and-writing,question,manual_review,verified_pending_import,confirmed,official_pdf_bundle_contents,not_imported,,https://wdown.ebsi.co.kr/W61001/01exam/20250710/go3/kor_main_mun_3FVD5KG6_1.pdf
2025,3,7,school_mock,math,,solution,missing,official_url_not_found,scope_provisional,official_scope_choice_layout,,,
2025,3,7,school_mock,math,calculus,question,manual_review,verified_pending_import,confirmed,official_pdf_contents,not_imported,,https://wdown.ebsi.co.kr/W61001/01exam/20250710/go3/mathB_1_mun_38S3CNAS_1.pdf
2025,3,7,school_mock,math,geometry,question,manual_review,verified_pending_import,confirmed,official_scope_choice_layout,not_imported,,https://wdown.ebsi.co.kr/W61001/01exam/20250710/go3/mathC_1_mun_BPY515AT_1.pdf
2025,3,7,school_mock,math,probability-and-statistics,question,manual_review,verified_pending_import,confirmed,official_pdf_contents,not_imported,,https://wdown.ebsi.co.kr/W61001/01exam/20250710/go3/mathA_1_mun_23TG4654_11.pdf
2025,3,7,school_mock,science,chemistry-1,question,manual_review,verified_pending_import,confirmed,official_pdf_contents,not_imported,,https://wdown.ebsi.co.kr/W61001/01exam/20250710/go3/g_che1_mun_B427XT98_11.pdf
2025,3,7,school_mock,science,chemistry-1,solution,manual_review,verified_pending_import,confirmed,official_pdf_contents,not_imported,,https://wdown.ebsi.co.kr/W61001/01exam/20250710/go3/g_che1_hsj_7PZ58S6G1.pdf
2025,3,7,school_mock,science,chemistry-2,question,manual_review,verified_pending_import,confirmed,official_pdf_contents,not_imported,,https://wdown.ebsi.co.kr/W61001/01exam/20250710/go3/g_che2_mun_7BMJ1976_11.pdf
2025,3,7,school_mock,science,chemistry-2,solution,manual_review,verified_pending_import,confirmed,official_pdf_contents,not_imported,,https://wdown.ebsi.co.kr/W61001/01exam/20250710/go3/g_che2_hsj_YG9128821.pdf
2025,3,7,school_mock,science,earth-science-1,question,manual_review,verified_pending_import,confirmed,official_pdf_contents,not_imported,,https://wdown.ebsi.co.kr/W61001/01exam/20250710/go3/g_ear1_mun_S5BBWPP6_11.pdf
2025,3,7,school_mock,science,earth-science-1,solution,manual_review,verified_pending_import,confirmed,official_pdf_contents,not_imported,,https://wdown.ebsi.co.kr/W61001/01exam/20250710/go3/g_ear1_hsj_CVKZZSAE_11.pdf
2025,3,7,school_mock,science,earth-science-2,question,manual_review,verified_pending_import,confirmed,official_pdf_contents,not_imported,,https://wdown.ebsi.co.kr/W61001/01exam/20250710/go3/g_ear2_mun_FW9ZBBC7_11.pdf
2025,3,7,school_mock,science,earth-science-2,solution,manual_review,verified_pending_import,confirmed,official_pdf_contents,not_imported,,https://wdown.ebsi.co.kr/W61001/01exam/20250710/go3/g_ear2_hsj_42ETPA171.pdf
2025,3,7,school_mock,science,life-science-1,question,manual_review,verified_pending_import,confirmed,official_pdf_contents,not_imported,,https://wdown.ebsi.co.kr/W61001/01exam/20250710/go3/g_bio1_mun_219682R7_11.pdf
2025,3,7,school_mock,science,life-science-1,solution,manual_review,verified_pending_import,confirmed,official_pdf_contents,not_imported,,https://wdown.ebsi.co.kr/W61001/01exam/20250710/go3/g_bio1_hsj_56MPF4Q91.pdf
2025,3,7,school_mock,science,life-science-2,question,manual_review,verified_pending_import,confirmed,official_pdf_contents,not_imported,,https://wdown.ebsi.co.kr/W61001/01exam/20250710/go3/g_bio2_mun_461HF11K_11.pdf
2025,3,7,school_mock,science,life-science-2,solution,manual_review,verified_pending_import,confirmed,official_pdf_contents,not_imported,,https://wdown.ebsi.co.kr/W61001/01exam/20250710/go3/g_bio2_hsj_SB72TWA61.pdf
2025,3,7,school_mock,science,physics-1,question,manual_review,verified_pending_import,confirmed,official_pdf_contents,not_imported,,https://wdown.ebsi.co.kr/W61001/01exam/20250710/go3/g_phy1_mun_7G6Q1667_11.pdf
2025,3,7,school_mock,science,physics-1,solution,manual_review,verified_pending_import,confirmed,official_pdf_contents,not_imported,,https://wdown.ebsi.co.kr/W61001/01exam/20250710/go3/g_phy1_hsj_2PO3C7YM_11.pdf
2025,3,7,school_mock,science,physics-2,question,manual_review,verified_pending_import,confirmed,official_pdf_contents,not_imported,,https://wdown.ebsi.co.kr/W61001/01exam/20250710/go3/g_phy2_mun_D25G2RVJ_11.pdf
2025,3,7,school_mock,science,physics-2,solution,manual_review,verified_pending_import,confirmed,official_pdf_contents,not_imported,,https://wdown.ebsi.co.kr/W61001/01exam/20250710/go3/g_phy2_hsj_6675B5TS2.pdf
2025,3,7,school_mock,social,east-asian-history,question,manual_review,verified_pending_import,confirmed,official_pdf_contents,not_imported,,https://wdown.ebsi.co.kr/W61001/01exam/20250710/go3/s_easta_mun_TCU3AQ5W.pdf
2025,3,7,school_mock,social,east-asian-history,solution,manual_review,verified_pending_import,confirmed,official_pdf_contents,not_imported,,https://wdown.ebsi.co.kr/W61001/01exam/20250710/go3/s_easta_hsj_4841G87D.pdf
2025,3,7,school_mock,social,economics,question,manual_review,verified_pending_import,confirmed,official_pdf_contents,not_imported,,https://wdown.ebsi.co.kr/W61001/01exam/20250710/go3/s_eco_mun_24756VJO.pdf
2025,3,7,school_mock,social,economics,solution,manual_review,verified_pending_import,confirmed,official_pdf_contents,not_imported,,https://wdown.ebsi.co.kr/W61001/01exam/20250710/go3/s_eco_hsj_9QI6J527.pdf
2025,3,7,school_mock,social,ethics-and-thought,question,manual_review,verified_pending_import,confirmed,official_pdf_contents,not_imported,,https://wdown.ebsi.co.kr/W61001/01exam/20250710/go3/s_yrnss_mun_77TYA4SM.pdf
2025,3,7,school_mock,social,ethics-and-thought,solution,manual_review,verified_pending_import,confirmed,official_pdf_contents,not_imported,,https://wdown.ebsi.co.kr/W61001/01exam/20250710/go3/s_yrnss_hsj_N273236D.pdf
2025,3,7,school_mock,social,korean-geography,question,manual_review,verified_pending_import,confirmed,official_pdf_contents,not_imported,,https://wdown.ebsi.co.kr/W61001/01exam/20250710/go3/s_hanji_mun_Q6XXIA9P.pdf
2025,3,7,school_mock,social,korean-geography,solution,manual_review,verified_pending_import,confirmed,official_pdf_contents,not_imported,,https://wdown.ebsi.co.kr/W61001/01exam/20250710/go3/s_hanji_hsj_F23F5BC2.pdf
2025,3,7,school_mock,social,life-and-ethics,question,manual_review,verified_pending_import,confirmed,official_pdf_contents,not_imported,,https://wdown.ebsi.co.kr/W61001/01exam/20250710/go3/s_ssnyr_mun_5D81KO97.pdf
2025,3,7,school_mock,social,life-and-ethics,solution,manual_review,verified_pending_import,confirmed,official_pdf_contents,not_imported,,https://wdown.ebsi.co.kr/W61001/01exam/20250710/go3/s_ssnyr_hsj_PK521CGN.pdf
2025,3,7,school_mock,social,politics-and-law,question,manual_review,verified_pending_import,confirmed,official_pdf_contents,not_imported,,https://wdown.ebsi.co.kr/W61001/01exam/20250710/go3/s_bnj_mun_95W9247Z.pdf
2025,3,7,school_mock,social,politics-and-law,solution,manual_review,verified_pending_import,confirmed,official_scope,not_imported,,https://wdown.ebsi.co.kr/W61001/01exam/20250710/go3/s_bnj_hsj_1MM2IY6G.pdf
2025,3,7,school_mock,social,social-culture,question,manual_review,verified_pending_import,confirmed,official_pdf_contents,not_imported,,https://wdown.ebsi.co.kr/W61001/01exam/20250710/go3/s_samun_mun_A4GZU5MG.pdf
2025,3,7,school_mock,social,social-culture,solution,manual_review,verified_pending_import,confirmed,official_pdf_contents,not_imported,,https://wdown.ebsi.co.kr/W61001/01exam/20250710/go3/s_samun_hsj_4921A11F.pdf
2025,3,7,school_mock,social,world-geography,question,manual_review,verified_pending_import,confirmed,official_scope,not_imported,,https://wdown.ebsi.co.kr/W61001/01exam/20250710/go3/s_saeji_mun_ER75688A.pdf
2025,3,7,school_mock,social,world-geography,solution,manual_review,verified_pending_import,confirmed,official_pdf_contents,not_imported,,https://wdown.ebsi.co.kr/W61001/01exam/20250710/go3/s_saeji_hsj_6JE631HV.pdf
2025,3,7,school_mock,social,world-history,question,manual_review,verified_pending_import,confirmed,official_pdf_contents,not_imported,,https://wdown.ebsi.co.kr/W61001/01exam/20250710/go3/s_sks_mun_A7B585G1.pdf
2025,3,7,school_mock,social,world-history,solution,manual_review,verified_pending_import,confirmed,official_pdf_contents,not_imported,,https://wdown.ebsi.co.kr/W61001/01exam/20250710/go3/s_sks_hsj_AAIMPPGO.pdf
2025,3,9,kice_mock,english,,listening_audio,missing,expected_slot_uncertain,uncertain,official_availability_unconfirmed,,,
2025,3,9,kice_mock,english,,listening_script,missing,expected_slot_uncertain,uncertain,official_availability_unconfirmed,,,
2025,3,9,kice_mock,english,,question,manual_review,verified_pending_import,confirmed,official_pdf_contents,not_imported,,https://wdown.ebsi.co.kr/W61001/01exam/20250903/go3/eng_1_mun_5Y1AF5I8.pdf
2025,3,9,kice_mock,english,,solution,manual_review,verified_pending_import,confirmed,official_pdf_contents,not_imported,,https://wdown.ebsi.co.kr/W61001/01exam/20250903/go3/eng_1_hsj_1P59S4P5.pdf
2025,3,9,kice_mock,history,,question,manual_review,verified_pending_import,confirmed,official_pdf_contents,not_imported,,https://wdown.ebsi.co.kr/W61001/01exam/20250903/go3/s_his_1_mun_YWL8H37Z.pdf
2025,3,9,kice_mock,history,,solution,public_ready,,confirmed,official_scope,ready,7d00d19d-0627-462b-961e-1ea126c18440,https://wdown.ebsi.co.kr/W61001/01exam/20250903/go3/his_main_hsj_39JY93S5.pdf
2025,3,9,kice_mock,korean,,solution,public_ready,,confirmed,official_scope_choice_layout,ready,0595b4ce-507e-4f3b-a36f-bbf056f416b4,https://wdown.ebsi.co.kr/W61001/01exam/20250903/go3/kor_main_hsj_2X96S4LB_2.pdf
2025,3,9,kice_mock,korean,language-and-media,question,manual_review,verified_pending_import,confirmed,official_pdf_contents,not_imported,,https://wdown.ebsi.co.kr/W61001/01exam/20250903/go3/korB_1_mun_1VK7ZJ83.pdf
2025,3,9,kice_mock,korean,speech-and-writing,question,manual_review,verified_pending_import,confirmed,official_pdf_contents,not_imported,,https://wdown.ebsi.co.kr/W61001/01exam/20250903/go3/korA_1_mun_PKG5QYBR.pdf
2025,3,9,kice_mock,math,,question,public_ready,,confirmed,observed_official_file_or_public_slot,ready,40a9db85-0602-4c64-ae81-8ebb57d5c60b,https://wdown.ebsi.co.kr/W61001/01exam/20250903/go3/math_main_mun_9A36W91J_1.pdf
2025,3,9,kice_mock,math,,solution,missing,official_url_not_found,scope_provisional,official_scope_choice_layout,,,
2025,3,9,kice_mock,math,calculus,question,manual_review,verified_pending_import,confirmed,official_pdf_bundle_contents,not_imported,,https://wdown.ebsi.co.kr/W61001/01exam/20250903/go3/math_main_mun_9A36W91J_1.pdf
2025,3,9,kice_mock,math,geometry,question,manual_review,verified_pending_import,confirmed,official_pdf_bundle_contents,not_imported,,https://wdown.ebsi.co.kr/W61001/01exam/20250903/go3/math_main_mun_9A36W91J_1.pdf
2025,3,9,kice_mock,math,probability-and-statistics,question,manual_review,verified_pending_import,confirmed,official_pdf_bundle_contents,not_imported,,https://wdown.ebsi.co.kr/W61001/01exam/20250903/go3/math_main_mun_9A36W91J_1.pdf
2025,3,9,kice_mock,science,chemistry-1,question,manual_review,verified_pending_import,confirmed,official_pdf_contents,not_imported,,https://wdown.ebsi.co.kr/W61001/01exam/20250903/go3/g_che1_mun_7TMP9829.pdf
2025,3,9,kice_mock,science,chemistry-1,solution,manual_review,verified_pending_import,confirmed,official_pdf_contents,not_imported,,https://wdown.ebsi.co.kr/W61001/01exam/20250903/go3/g_che1_hsj_3HY72F23.pdf
2025,3,9,kice_mock,science,chemistry-2,question,manual_review,verified_pending_import,confirmed,official_pdf_contents,not_imported,,https://wdown.ebsi.co.kr/W61001/01exam/20250903/go3/g_che2_mun_7RS63JH5.pdf
2025,3,9,kice_mock,science,chemistry-2,solution,manual_review,verified_pending_import,confirmed,official_pdf_contents,not_imported,,https://wdown.ebsi.co.kr/W61001/01exam/20250903/go3/g_che2_hsj_O14YF7MD.pdf
2025,3,9,kice_mock,science,earth-science-1,question,manual_review,verified_pending_import,confirmed,official_pdf_contents,not_imported,,https://wdown.ebsi.co.kr/W61001/01exam/20250903/go3/g_ear1_mun_D869799V.pdf
2025,3,9,kice_mock,science,earth-science-1,solution,manual_review,verified_pending_import,confirmed,official_pdf_contents,not_imported,,https://wdown.ebsi.co.kr/W61001/01exam/20250903/go3/g_ear1_hsj_39IHFIJF.pdf
2025,3,9,kice_mock,science,earth-science-2,question,manual_review,verified_pending_import,confirmed,official_pdf_contents,not_imported,,https://wdown.ebsi.co.kr/W61001/01exam/20250903/go3/g_ear2_mun_8VY74M73.pdf
2025,3,9,kice_mock,science,earth-science-2,solution,manual_review,verified_pending_import,confirmed,official_pdf_contents,not_imported,,https://wdown.ebsi.co.kr/W61001/01exam/20250903/go3/g_ear2_hsj_C56DMV22.pdf
2025,3,9,kice_mock,science,life-science-1,question,manual_review,verified_pending_import,confirmed,official_pdf_contents,not_imported,,https://wdown.ebsi.co.kr/W61001/01exam/20250903/go3/g_bio1_mun_114SW4GA.pdf
2025,3,9,kice_mock,science,life-science-1,solution,manual_review,verified_pending_import,confirmed,official_pdf_contents,not_imported,,https://wdown.ebsi.co.kr/W61001/01exam/20250903/go3/g_bio1_hsj_MK3D3UQ7_1.pdf
2025,3,9,kice_mock,science,life-science-2,question,manual_review,verified_pending_import,confirmed,official_pdf_contents,not_imported,,https://wdown.ebsi.co.kr/W61001/01exam/20250903/go3/g_bio2_mun_NK7MAGR4.pdf
2025,3,9,kice_mock,science,life-science-2,solution,manual_review,verified_pending_import,confirmed,official_pdf_contents,not_imported,,https://wdown.ebsi.co.kr/W61001/01exam/20250903/go3/g_bio2_hsj_5B255X86.pdf
2025,3,9,kice_mock,science,physics-1,question,manual_review,verified_pending_import,confirmed,official_pdf_contents,not_imported,,https://wdown.ebsi.co.kr/W61001/01exam/20250903/go3/g_phy1_mun_48Q711X5.pdf
2025,3,9,kice_mock,science,physics-1,solution,manual_review,verified_pending_import,confirmed,official_pdf_contents,not_imported,,https://wdown.ebsi.co.kr/W61001/01exam/20250903/go3/g_phy1_hsj_XKAJ921Y.pdf
2025,3,9,kice_mock,science,physics-2,question,manual_review,verified_pending_import,confirmed,official_pdf_contents,not_imported,,https://wdown.ebsi.co.kr/W61001/01exam/20250903/go3/g_phy2_mun_313Y8P6W.pdf
2025,3,9,kice_mock,science,physics-2,solution,manual_review,verified_pending_import,confirmed,official_pdf_contents,not_imported,,https://wdown.ebsi.co.kr/W61001/01exam/20250903/go3/g_phy2_hsj_9RI67Y3N.pdf
2025,3,9,kice_mock,second_language,arabic-1,question,manual_review,verified_pending_import,confirmed,official_pdf_contents,not_imported,,https://wdown.ebsi.co.kr/W61001/01exam/20250903/go3/2nd_ar_mun_918KEO1P.pdf
2025,3,9,kice_mock,second_language,arabic-1,solution,manual_review,verified_pending_import,confirmed,official_pdf_contents,not_imported,,https://wdown.ebsi.co.kr/W61001/01exam/20250903/go3/2nd_ar_hsj_ZM226J3M.pdf
2025,3,9,kice_mock,second_language,chinese-1,question,public_ready,,confirmed,official_scope,ready,e7fca24a-732a-47ff-afc4-aa857aca3859,https://wdown.ebsi.co.kr/W61001/01exam/20250903/go3/2nd_ch_mun_218426MU.pdf
2025,3,9,kice_mock,second_language,chinese-1,solution,public_ready,,confirmed,official_scope,ready,2bb615ab-654b-44f6-8bea-2c03528b9b17,https://wdown.ebsi.co.kr/W61001/01exam/20250903/go3/2nd_ch_hsj_H97M28D5.pdf
2025,3,9,kice_mock,second_language,classical-chinese-1,question,manual_review,verified_pending_import,confirmed,official_pdf_contents,not_imported,,https://wdown.ebsi.co.kr/W61001/01exam/20250903/go3/2nd_han_mun_9M66JG62.pdf
2025,3,9,kice_mock,second_language,classical-chinese-1,solution,manual_review,verified_pending_import,confirmed,official_pdf_contents,not_imported,,https://wdown.ebsi.co.kr/W61001/01exam/20250903/go3/2nd_han_hsj_K3KCZ3R2_1.pdf
2025,3,9,kice_mock,second_language,french-1,question,public_ready,,confirmed,official_scope,ready,d57a542d-b812-4c41-850f-81a6364e2878,https://wdown.ebsi.co.kr/W61001/01exam/20250903/go3/2nd_fr_mun_323L72QZ.pdf
2025,3,9,kice_mock,second_language,french-1,solution,manual_review,verified_pending_import,confirmed,official_pdf_contents,not_imported,,https://wdown.ebsi.co.kr/W61001/01exam/20250903/go3/2nd_fr_hsj_R1T8SC94.pdf
2025,3,9,kice_mock,second_language,german-1,question,manual_review,verified_pending_import,confirmed,official_pdf_contents,not_imported,,https://wdown.ebsi.co.kr/W61001/01exam/20250903/go3/2nd_gr_mun_3E8473WT.pdf
2025,3,9,kice_mock,second_language,german-1,solution,manual_review,verified_pending_import,confirmed,official_pdf_contents,not_imported,,https://wdown.ebsi.co.kr/W61001/01exam/20250903/go3/2nd_gr_hsj_C16AUJE9.pdf
2025,3,9,kice_mock,second_language,japanese-1,question,manual_review,verified_pending_import,confirmed,official_pdf_contents,not_imported,,https://wdown.ebsi.co.kr/W61001/01exam/20250903/go3/2nd_ja_mun_1J4XAM7A.pdf
2025,3,9,kice_mock,second_language,japanese-1,solution,manual_review,verified_pending_import,confirmed,official_pdf_contents,not_imported,,https://wdown.ebsi.co.kr/W61001/01exam/20250903/go3/2nd_ja_hsj_361P46P4.pdf
2025,3,9,kice_mock,second_language,russian-1,question,public_ready,,confirmed,official_scope,ready,c13d4b50-9c1d-4c82-a468-e260bb6bebf5,https://wdown.ebsi.co.kr/W61001/01exam/20250903/go3/2nd_ru_mun_249Y6EYK.pdf
2025,3,9,kice_mock,second_language,russian-1,solution,public_ready,,confirmed,official_scope,ready,2919262d-9e2a-4f57-90a0-0879062e2d5c,https://wdown.ebsi.co.kr/W61001/01exam/20250903/go3/2nd_ru_hsj_719YO62X.pdf
2025,3,9,kice_mock,second_language,spanish-1,question,manual_review,verified_pending_import,confirmed,official_pdf_contents,not_imported,,https://wdown.ebsi.co.kr/W61001/01exam/20250903/go3/2nd_sp_mun_67M63CK6.pdf
2025,3,9,kice_mock,second_language,spanish-1,solution,public_ready,,confirmed,official_scope,ready,840f237d-580c-41b3-b634-cf7d049cb8d3,https://wdown.ebsi.co.kr/W61001/01exam/20250903/go3/2nd_sp_hsj_H2T6ARY6.pdf
2025,3,9,kice_mock,second_language,vietnamese-1,question,public_ready,,confirmed,official_scope,ready,42e3da6f-08f0-446c-9d63-e163e2296c15,https://wdown.ebsi.co.kr/W61001/01exam/20250903/go3/2nd_vit_mun_GJRW8AAA.pdf
2025,3,9,kice_mock,second_language,vietnamese-1,solution,manual_review,verified_pending_import,confirmed,official_pdf_contents,not_imported,,https://wdown.ebsi.co.kr/W61001/01exam/20250903/go3/2nd_vit_hsj_A41IC56T.pdf
2025,3,9,kice_mock,social,east-asian-history,question,manual_review,verified_pending_import,confirmed,official_pdf_contents,not_imported,,https://wdown.ebsi.co.kr/W61001/01exam/20250903/go3/s_easta_mun_85448J66.pdf
2025,3,9,kice_mock,social,east-asian-history,solution,public_ready,,confirmed,official_scope,ready,2dee353f-3fd4-4bda-ae7e-f417fd1ac28b,https://wdown.ebsi.co.kr/W61001/01exam/20250903/go3/s_easta_hsj_6BG3QF54.pdf
2025,3,9,kice_mock,social,economics,question,manual_review,verified_pending_import,confirmed,official_pdf_contents,not_imported,,https://wdown.ebsi.co.kr/W61001/01exam/20250903/go3/s_eco_mun_672FY93E.pdf
2025,3,9,kice_mock,social,economics,solution,manual_review,verified_pending_import,confirmed,official_pdf_contents,not_imported,,https://wdown.ebsi.co.kr/W61001/01exam/20250903/go3/s_eco_hsj_9PG759V9.pdf
2025,3,9,kice_mock,social,ethics-and-thought,question,manual_review,verified_pending_import,confirmed,official_pdf_contents,not_imported,,https://wdown.ebsi.co.kr/W61001/01exam/20250903/go3/s_yrnss_mun_ZQB7B812.pdf
2025,3,9,kice_mock,social,ethics-and-thought,solution,public_ready,,confirmed,official_scope,ready,154f8f76-0347-4542-b736-98ddb2c278fa,https://wdown.ebsi.co.kr/W61001/01exam/20250903/go3/s_yrnss_hsj_662A27B3.pdf
2025,3,9,kice_mock,social,korean-geography,question,manual_review,verified_pending_import,confirmed,official_pdf_contents,not_imported,,https://wdown.ebsi.co.kr/W61001/01exam/20250903/go3/s_hanji_mun_R689IVA1.pdf
2025,3,9,kice_mock,social,korean-geography,solution,public_ready,,confirmed,official_scope,ready,764d46aa-6b1f-4c73-9478-8f2bb535f2a9,https://wdown.ebsi.co.kr/W61001/01exam/20250903/go3/s_hanji_hsj_BALI1SG3.pdf
2025,3,9,kice_mock,social,life-and-ethics,question,manual_review,verified_pending_import,confirmed,official_pdf_contents,not_imported,,https://wdown.ebsi.co.kr/W61001/01exam/20250903/go3/s_ssnyr_mun_6M5D497U.pdf
2025,3,9,kice_mock,social,life-and-ethics,solution,public_ready,,confirmed,official_scope,ready,c59b98b0-26b7-424a-b243-956f401edce1,https://wdown.ebsi.co.kr/W61001/01exam/20250903/go3/s_ssnyr_hsj_KA127C5E.pdf
2025,3,9,kice_mock,social,politics-and-law,question,public_ready,,confirmed,official_scope,ready,daf0ddec-53b9-44ea-bb73-3cdd3bfc66e1,https://wdown.ebsi.co.kr/W61001/01exam/20250903/go3/s_bnj_mun_ZM38A99V.pdf
2025,3,9,kice_mock,social,politics-and-law,solution,manual_review,verified_pending_import,confirmed,official_pdf_contents,not_imported,,https://wdown.ebsi.co.kr/W61001/01exam/20250903/go3/s_bnj_hsj_L7A6EQUA.pdf
2025,3,9,kice_mock,social,social-culture,question,public_ready,,confirmed,official_scope,ready,9d1ec7eb-dcda-4bd6-90ec-bd6cde2c85b9,https://wdown.ebsi.co.kr/W61001/01exam/20250903/go3/s_samun_mun_A1AT6KCF.pdf
2025,3,9,kice_mock,social,social-culture,solution,public_ready,,confirmed,official_scope,ready,b1c7d726-16b3-44e2-8173-650630eabbef,https://wdown.ebsi.co.kr/W61001/01exam/20250903/go3/s_samun_hsj_15MBA1IN.pdf
2025,3,9,kice_mock,social,world-geography,question,public_ready,,confirmed,official_scope,ready,a7c44877-dedc-4df0-a9bf-9620ee591d18,https://wdown.ebsi.co.kr/W61001/01exam/20250903/go3/s_saeji_mun_ACIQ8X17.pdf
2025,3,9,kice_mock,social,world-geography,solution,public_ready,,confirmed,official_scope,ready,f9ccaf39-23f5-48a7-94ed-962f22990ac1,https://wdown.ebsi.co.kr/W61001/01exam/20250903/go3/s_saeji_hsj_7S852ZYY.pdf
2025,3,9,kice_mock,social,world-history,question,manual_review,verified_pending_import,confirmed,official_pdf_contents,not_imported,,https://wdown.ebsi.co.kr/W61001/01exam/20250903/go3/s_sks_mun_MNR7O9AO.pdf
2025,3,9,kice_mock,social,world-history,solution,public_ready,,confirmed,official_scope,ready,9e1e370c-8a31-4a3b-92fe-1d53a7903cbe,https://wdown.ebsi.co.kr/W61001/01exam/20250903/go3/s_sks_hsj_5C7N7Y3A.pdf
2025,3,9,kice_mock,vocational,agriculture-basics,question,public_ready,,confirmed,official_scope,ready,b342eeaf-d26a-4a06-a2e3-077601832ed4,https://wdown.ebsi.co.kr/W61001/01exam/20250903/go3/J_nupgi_mun_7A4R24EV.pdf
2025,3,9,kice_mock,vocational,agriculture-basics,solution,manual_review,verified_pending_import,confirmed,official_pdf_contents,not_imported,,https://wdown.ebsi.co.kr/W61001/01exam/20250903/go3/J_nupgi_hsj_882S683O.pdf
2025,3,9,kice_mock,vocational,commercial-economics,question,manual_review,verified_pending_import,confirmed,official_pdf_contents,not_imported,,https://wdown.ebsi.co.kr/W61001/01exam/20250903/go3/J_sangup_mun_P25D6I12.pdf
2025,3,9,kice_mock,vocational,commercial-economics,solution,manual_review,verified_pending_import,confirmed,official_pdf_contents,not_imported,,https://wdown.ebsi.co.kr/W61001/01exam/20250903/go3/J_sangup_hsj_G33Z2A6O.pdf
2025,3,9,kice_mock,vocational,fisheries-and-shipping,question,public_ready,,confirmed,official_scope,ready,6927566c-9272-4ff4-a26a-f48a31730547,https://wdown.ebsi.co.kr/W61001/01exam/20250903/go3/J_susan_mun_F1H33DA8.pdf
2025,3,9,kice_mock,vocational,fisheries-and-shipping,solution,manual_review,verified_pending_import,confirmed,official_pdf_contents,not_imported,,https://wdown.ebsi.co.kr/W61001/01exam/20250903/go3/J_susan_hsj_28LP1S89.pdf
2025,3,9,kice_mock,vocational,human-development,question,manual_review,verified_pending_import,confirmed,official_pdf_contents,not_imported,,https://wdown.ebsi.co.kr/W61001/01exam/20250903/go3/J_inkan_mun_11P76595.pdf
2025,3,9,kice_mock,vocational,human-development,solution,public_ready,,confirmed,official_scope,ready,9091cfeb-370e-48a2-97bd-50868eaf7f40,https://wdown.ebsi.co.kr/W61001/01exam/20250903/go3/J_inkan_hsj_N3H1B85J.pdf
2025,3,9,kice_mock,vocational,industry-general,question,manual_review,verified_pending_import,confirmed,official_pdf_contents,not_imported,,https://wdown.ebsi.co.kr/W61001/01exam/20250903/go3/J_gup_mun_2Z3Y7D9Y.pdf
2025,3,9,kice_mock,vocational,industry-general,solution,public_ready,,confirmed,official_scope,ready,09860edb-453e-449b-bf8c-c87c000fb360,https://wdown.ebsi.co.kr/W61001/01exam/20250903/go3/J_gup_hsj_K79X9T3U.pdf
2025,3,9,kice_mock,vocational,successful-career-life,question,manual_review,verified_pending_import,confirmed,official_pdf_contents,not_imported,,https://wdown.ebsi.co.kr/W61001/01exam/20250903/go3/J_sjl_mun_677ZXB1Y.pdf
2025,3,9,kice_mock,vocational,successful-career-life,solution,manual_review,verified_pending_import,confirmed,official_pdf_contents,not_imported,,https://wdown.ebsi.co.kr/W61001/01exam/20250903/go3/J_sjl_hsj_8EFR615E.pdf
2025,3,10,school_mock,english,,listening_audio,missing,expected_slot_uncertain,uncertain,official_availability_unconfirmed,,,
2025,3,10,school_mock,english,,listening_script,missing,expected_slot_uncertain,uncertain,official_availability_unconfirmed,,,
2025,3,10,school_mock,english,,question,manual_review,verified_pending_import,confirmed,official_pdf_contents,not_imported,,https://wdown.ebsi.co.kr/W61001/01exam/20251014/go3/eng_1_mun_7Y42G4CW.pdf
2025,3,10,school_mock,english,,solution,public_ready,,confirmed,official_scope,ready,da9f9eeb-59bd-40e3-ab03-d3747f285efc,https://wdown.ebsi.co.kr/W61001/01exam/20251014/go3/eng_main_hsj_MZAA3Z94.pdf
2025,3,10,school_mock,history,,question,public_ready,,confirmed,official_scope,ready,cece35ee-4867-4c5d-b5d0-523b3f2d0105,https://wdown.ebsi.co.kr/W61001/01exam/20251014/go3/his_main_mun_DLW4557I.pdf
2025,3,10,school_mock,history,,solution,manual_review,verified_pending_import,confirmed,official_pdf_contents,not_imported,,https://wdown.ebsi.co.kr/W61001/01exam/20251014/go3/s_his_1_hsj_Z72798G5.pdf
2025,3,10,school_mock,korean,,question,public_ready,,confirmed,observed_official_file_or_public_slot,ready,cdff1d8e-5dcc-45fa-8ecd-717e83d8a6b9,https://wdown.ebsi.co.kr/W61001/01exam/20251014/go3/kor_main_mun_1SX526ZF.pdf
2025,3,10,school_mock,korean,,solution,public_ready,,confirmed,official_scope_choice_layout,ready,20252c84-94ac-45b2-9856-71acacb2f14d,https://wdown.ebsi.co.kr/W61001/01exam/20251014/go3/kor_main_hsj_39QAF4NE.pdf
2025,3,10,school_mock,korean,language-and-media,question,manual_review,verified_pending_import,confirmed,official_pdf_bundle_contents,not_imported,,https://wdown.ebsi.co.kr/W61001/01exam/20251014/go3/kor_main_mun_1SX526ZF.pdf
2025,3,10,school_mock,korean,speech-and-writing,question,manual_review,verified_pending_import,confirmed,official_pdf_bundle_contents,not_imported,,https://wdown.ebsi.co.kr/W61001/01exam/20251014/go3/kor_main_mun_1SX526ZF.pdf
2025,3,10,school_mock,math,,solution,public_ready,,confirmed,official_scope_choice_layout,ready,87391415-e90e-4d5a-bd00-6bb931ecfde6,https://wdown.ebsi.co.kr/W61001/01exam/20251014/go3/math_main_hsj_QFS3UEX9_1.pdf
2025,3,10,school_mock,math,calculus,question,manual_review,verified_pending_import,confirmed,official_pdf_contents,not_imported,,https://wdown.ebsi.co.kr/W61001/01exam/20251014/go3/mathB_1_mun_L9S69Y1Z.pdf
2025,3,10,school_mock,math,geometry,question,manual_review,verified_pending_import,confirmed,official_pdf_contents,not_imported,,https://wdown.ebsi.co.kr/W61001/01exam/20251014/go3/mathC_1_mun_95643S5O.pdf
2025,3,10,school_mock,math,probability-and-statistics,question,manual_review,verified_pending_import,confirmed,official_pdf_contents,not_imported,,https://wdown.ebsi.co.kr/W61001/01exam/20251014/go3/mathA_1_mun_4DUW1I57.pdf
2025,3,10,school_mock,science,chemistry-1,question,manual_review,verified_pending_import,confirmed,official_pdf_contents,not_imported,,https://wdown.ebsi.co.kr/W61001/01exam/20251014/go3/g_che1_mun_13YGZZ72.pdf
2025,3,10,school_mock,science,chemistry-1,solution,manual_review,verified_pending_import,confirmed,official_pdf_contents,not_imported,,https://wdown.ebsi.co.kr/W61001/01exam/20251014/go3/g_che1_hsj_YYHPI9Z4.pdf
2025,3,10,school_mock,science,chemistry-2,question,manual_review,verified_pending_import,confirmed,official_pdf_contents,not_imported,,https://wdown.ebsi.co.kr/W61001/01exam/20251014/go3/g_che2_mun_BT421QO5.pdf
2025,3,10,school_mock,science,chemistry-2,solution,manual_review,verified_pending_import,confirmed,official_pdf_contents,not_imported,,https://wdown.ebsi.co.kr/W61001/01exam/20251014/go3/g_che2_hsj_T7TV5E8N.pdf
2025,3,10,school_mock,science,earth-science-1,question,manual_review,verified_pending_import,confirmed,official_pdf_contents,not_imported,,https://wdown.ebsi.co.kr/W61001/01exam/20251014/go3/g_ear1_mun_88625OHQ.pdf
2025,3,10,school_mock,science,earth-science-1,solution,manual_review,verified_pending_import,confirmed,official_pdf_contents,not_imported,,https://wdown.ebsi.co.kr/W61001/01exam/20251014/go3/g_ear1_hsj_63YWQ6CQ.pdf
2025,3,10,school_mock,science,earth-science-2,question,manual_review,verified_pending_import,confirmed,official_pdf_contents,not_imported,,https://wdown.ebsi.co.kr/W61001/01exam/20251014/go3/g_ear2_mun_B262S17D.pdf
2025,3,10,school_mock,science,earth-science-2,solution,manual_review,verified_pending_import,confirmed,official_pdf_contents,not_imported,,https://wdown.ebsi.co.kr/W61001/01exam/20251014/go3/g_ear2_hsj_X6NP3UJ2.pdf
2025,3,10,school_mock,science,life-science-1,question,manual_review,verified_pending_import,confirmed,official_pdf_contents,not_imported,,https://wdown.ebsi.co.kr/W61001/01exam/20251014/go3/g_bio1_mun_C3PM9FY4.pdf
2025,3,10,school_mock,science,life-science-1,solution,manual_review,verified_pending_import,confirmed,official_pdf_contents,not_imported,,https://wdown.ebsi.co.kr/W61001/01exam/20251014/go3/g_bio1_hsj_QA647163.pdf
2025,3,10,school_mock,science,life-science-2,question,manual_review,verified_pending_import,confirmed,official_pdf_contents,not_imported,,https://wdown.ebsi.co.kr/W61001/01exam/20251014/go3/g_bio2_mun_9HZ499AG.pdf
2025,3,10,school_mock,science,life-science-2,solution,manual_review,verified_pending_import,confirmed,official_pdf_contents,not_imported,,https://wdown.ebsi.co.kr/W61001/01exam/20251014/go3/g_bio2_hsj_8494N31Q.pdf
2025,3,10,school_mock,science,physics-1,question,manual_review,verified_pending_import,confirmed,official_pdf_contents,not_imported,,https://wdown.ebsi.co.kr/W61001/01exam/20251014/go3/g_phy1_mun_8442T745.pdf
2025,3,10,school_mock,science,physics-1,solution,manual_review,verified_pending_import,confirmed,official_pdf_contents,not_imported,,https://wdown.ebsi.co.kr/W61001/01exam/20251014/go3/g_phy1_hsj_5U69AA3Z.pdf
2025,3,10,school_mock,science,physics-2,question,manual_review,verified_pending_import,confirmed,official_pdf_contents,not_imported,,https://wdown.ebsi.co.kr/W61001/01exam/20251014/go3/g_phy2_mun_YXRO5P9T.pdf
2025,3,10,school_mock,science,physics-2,solution,manual_review,verified_pending_import,confirmed,official_pdf_contents,not_imported,,https://wdown.ebsi.co.kr/W61001/01exam/20251014/go3/g_phy2_hsj_73TM4K1H.pdf
2025,3,10,school_mock,second_language,chinese-1,question,manual_review,verified_pending_import,confirmed,official_pdf_contents,not_imported,,https://wdown.ebsi.co.kr/W61001/01exam/20251014/go3/2nd_ch_mun_H64833RB.pdf
2025,3,10,school_mock,second_language,chinese-1,solution,manual_review,verified_pending_import,confirmed,official_pdf_contents,not_imported,,https://wdown.ebsi.co.kr/W61001/01exam/20251014/go3/2nd_ch_hsj_64F9U6GT.pdf
2025,3,10,school_mock,second_language,classical-chinese-1,question,manual_review,verified_pending_import,confirmed,official_pdf_contents,not_imported,,https://wdown.ebsi.co.kr/W61001/01exam/20251014/go3/2nd_han_mun_495O39A7.pdf
2025,3,10,school_mock,second_language,classical-chinese-1,solution,manual_review,verified_pending_import,confirmed,official_pdf_contents,not_imported,,https://wdown.ebsi.co.kr/W61001/01exam/20251014/go3/2nd_han_hsj_SNHL6DI5.pdf
2025,3,10,school_mock,second_language,french-1,question,manual_review,verified_pending_import,confirmed,official_pdf_contents,not_imported,,https://wdown.ebsi.co.kr/W61001/01exam/20251014/go3/2nd_fr_mun_K1ZY8XFQ.pdf
2025,3,10,school_mock,second_language,french-1,solution,manual_review,verified_pending_import,confirmed,official_pdf_contents,not_imported,,https://wdown.ebsi.co.kr/W61001/01exam/20251014/go3/2nd_fr_hsj_P9E618W6.pdf
2025,3,10,school_mock,second_language,german-1,question,manual_review,verified_pending_import,confirmed,official_pdf_contents,not_imported,,https://wdown.ebsi.co.kr/W61001/01exam/20251014/go3/2nd_gr_mun_93TPBXO9.pdf
2025,3,10,school_mock,second_language,german-1,solution,manual_review,verified_pending_import,confirmed,official_pdf_contents,not_imported,,https://wdown.ebsi.co.kr/W61001/01exam/20251014/go3/2nd_gr_hsj_7SQ11RKQ.pdf
2025,3,10,school_mock,second_language,japanese-1,question,manual_review,verified_pending_import,confirmed,official_pdf_contents,not_imported,,https://wdown.ebsi.co.kr/W61001/01exam/20251014/go3/2nd_ja_mun_7KONFDVK.pdf
2025,3,10,school_mock,second_language,japanese-1,solution,manual_review,verified_pending_import,confirmed,official_pdf_contents,not_imported,,https://wdown.ebsi.co.kr/W61001/01exam/20251014/go3/2nd_ja_hsj_4VA1IJXC.pdf
2025,3,10,school_mock,second_language,russian-1,question,manual_review,verified_pending_import,confirmed,official_pdf_contents,not_imported,,https://wdown.ebsi.co.kr/W61001/01exam/20251014/go3/2nd_ru_mun_96ACQ922.pdf
2025,3,10,school_mock,second_language,russian-1,solution,manual_review,verified_pending_import,confirmed,official_pdf_contents,not_imported,,https://wdown.ebsi.co.kr/W61001/01exam/20251014/go3/2nd_ru_hsj_58491H35.pdf
2025,3,10,school_mock,second_language,spanish-1,question,manual_review,verified_pending_import,confirmed,official_pdf_contents,not_imported,,https://wdown.ebsi.co.kr/W61001/01exam/20251014/go3/2nd_sp_mun_4I3U93OH.pdf
2025,3,10,school_mock,second_language,spanish-1,solution,manual_review,verified_pending_import,confirmed,official_pdf_contents,not_imported,,https://wdown.ebsi.co.kr/W61001/01exam/20251014/go3/2nd_sp_hsj_9U9A3VX9.pdf
2025,3,10,school_mock,social,east-asian-history,question,manual_review,verified_pending_import,confirmed,official_pdf_contents,not_imported,,https://wdown.ebsi.co.kr/W61001/01exam/20251014/go3/s_easta_mun_347IZH8B.pdf
2025,3,10,school_mock,social,east-asian-history,solution,manual_review,verified_pending_import,confirmed,official_pdf_contents,not_imported,,https://wdown.ebsi.co.kr/W61001/01exam/20251014/go3/s_easta_hsj_8779X7JE.pdf
2025,3,10,school_mock,social,economics,question,manual_review,verified_pending_import,confirmed,official_pdf_contents,not_imported,,https://wdown.ebsi.co.kr/W61001/01exam/20251014/go3/s_eco_mun_N6971XN5.pdf
2025,3,10,school_mock,social,economics,solution,manual_review,verified_pending_import,confirmed,official_pdf_contents,not_imported,,https://wdown.ebsi.co.kr/W61001/01exam/20251014/go3/s_eco_hsj_444G958R.pdf
2025,3,10,school_mock,social,ethics-and-thought,question,manual_review,verified_pending_import,confirmed,official_pdf_contents,not_imported,,https://wdown.ebsi.co.kr/W61001/01exam/20251014/go3/s_yrnss_mun_31HD4IJ3.pdf
2025,3,10,school_mock,social,ethics-and-thought,solution,manual_review,verified_pending_import,confirmed,official_pdf_contents,not_imported,,https://wdown.ebsi.co.kr/W61001/01exam/20251014/go3/s_yrnss_hsj_1KBT4942.pdf
2025,3,10,school_mock,social,korean-geography,question,manual_review,verified_pending_import,confirmed,official_pdf_contents,not_imported,,https://wdown.ebsi.co.kr/W61001/01exam/20251014/go3/s_hanji_mun_975SYEWU.pdf
2025,3,10,school_mock,social,korean-geography,solution,manual_review,verified_pending_import,confirmed,official_pdf_contents,not_imported,,https://wdown.ebsi.co.kr/W61001/01exam/20251014/go3/s_hanji_hsj_FPOJ785I.pdf
2025,3,10,school_mock,social,life-and-ethics,question,manual_review,verified_pending_import,confirmed,official_pdf_contents,not_imported,,https://wdown.ebsi.co.kr/W61001/01exam/20251014/go3/s_ssnyr_mun_962P39FF.pdf
2025,3,10,school_mock,social,life-and-ethics,solution,manual_review,verified_pending_import,confirmed,official_pdf_contents,not_imported,,https://wdown.ebsi.co.kr/W61001/01exam/20251014/go3/s_ssnyr_hsj_BGJ3K695.pdf
2025,3,10,school_mock,social,politics-and-law,question,manual_review,verified_pending_import,confirmed,official_pdf_contents,not_imported,,https://wdown.ebsi.co.kr/W61001/01exam/20251014/go3/s_bnj_mun_PHD3Y762.pdf
2025,3,10,school_mock,social,politics-and-law,solution,manual_review,verified_pending_import,confirmed,official_pdf_contents,not_imported,,https://wdown.ebsi.co.kr/W61001/01exam/20251014/go3/s_bnj_hsj_73YVJYC1.pdf
2025,3,10,school_mock,social,social-culture,question,manual_review,verified_pending_import,confirmed,official_pdf_contents,not_imported,,https://wdown.ebsi.co.kr/W61001/01exam/20251014/go3/s_samun_mun_RM1O76GN.pdf
2025,3,10,school_mock,social,social-culture,solution,manual_review,verified_pending_import,confirmed,official_pdf_contents,not_imported,,https://wdown.ebsi.co.kr/W61001/01exam/20251014/go3/s_samun_hsj_4PN64116.pdf
2025,3,10,school_mock,social,world-geography,question,manual_review,verified_pending_import,confirmed,official_pdf_contents,not_imported,,https://wdown.ebsi.co.kr/W61001/01exam/20251014/go3/s_saeji_mun_GPO7ZSL4.pdf
2025,3,10,school_mock,social,world-geography,solution,manual_review,verified_pending_import,confirmed,official_pdf_contents,not_imported,,https://wdown.ebsi.co.kr/W61001/01exam/20251014/go3/s_saeji_hsj_81YTT3QI.pdf
2025,3,10,school_mock,social,world-history,question,manual_review,verified_pending_import,confirmed,official_pdf_contents,not_imported,,https://wdown.ebsi.co.kr/W61001/01exam/20251014/go3/s_sks_mun_7X7F96W5.pdf
2025,3,10,school_mock,social,world-history,solution,manual_review,verified_pending_import,confirmed,official_pdf_contents,not_imported,,https://wdown.ebsi.co.kr/W61001/01exam/20251014/go3/s_sks_hsj_9JS6R7TA.pdf
2025,3,10,school_mock,vocational,agriculture-basics,question,manual_review,verified_pending_import,confirmed,official_pdf_contents,not_imported,,https://wdown.ebsi.co.kr/W61001/01exam/20251014/go3/J_nupgi_mun_9B832AMR.pdf
2025,3,10,school_mock,vocational,agriculture-basics,solution,manual_review,verified_pending_import,confirmed,official_pdf_contents,not_imported,,https://wdown.ebsi.co.kr/W61001/01exam/20251014/go3/J_nupgi_hsj_97ZYSA33.pdf
2025,3,10,school_mock,vocational,commercial-economics,question,manual_review,verified_pending_import,confirmed,official_pdf_contents,not_imported,,https://wdown.ebsi.co.kr/W61001/01exam/20251014/go3/J_sangup_mun_D25Q32O1.pdf
2025,3,10,school_mock,vocational,commercial-economics,solution,manual_review,verified_pending_import,confirmed,official_pdf_contents,not_imported,,https://wdown.ebsi.co.kr/W61001/01exam/20251014/go3/J_sangup_hsj_WZ789L34.pdf
2025,3,10,school_mock,vocational,fisheries-and-shipping,question,manual_review,verified_pending_import,confirmed,official_pdf_contents,not_imported,,https://wdown.ebsi.co.kr/W61001/01exam/20251014/go3/J_susan_mun_5459O8JU.pdf
2025,3,10,school_mock,vocational,fisheries-and-shipping,solution,manual_review,verified_pending_import,confirmed,official_pdf_contents,not_imported,,https://wdown.ebsi.co.kr/W61001/01exam/20251014/go3/J_susan_hsj_742U1478.pdf
2025,3,10,school_mock,vocational,human-development,question,manual_review,verified_pending_import,confirmed,official_pdf_contents,not_imported,,https://wdown.ebsi.co.kr/W61001/01exam/20251014/go3/J_inkan_mun_F916L646.pdf
2025,3,10,school_mock,vocational,human-development,solution,manual_review,verified_pending_import,confirmed,official_pdf_contents,not_imported,,https://wdown.ebsi.co.kr/W61001/01exam/20251014/go3/J_inkan_hsj_SL2ZZZ25.pdf
2025,3,10,school_mock,vocational,industry-general,question,manual_review,verified_pending_import,confirmed,official_pdf_contents,not_imported,,https://wdown.ebsi.co.kr/W61001/01exam/20251014/go3/J_gup_mun_S95L8F69.pdf
2025,3,10,school_mock,vocational,industry-general,solution,manual_review,verified_pending_import,confirmed,official_pdf_contents,not_imported,,https://wdown.ebsi.co.kr/W61001/01exam/20251014/go3/J_gup_hsj_23681FFY.pdf
2025,3,10,school_mock,vocational,successful-career-life,question,manual_review,verified_pending_import,confirmed,official_pdf_contents,not_imported,,https://wdown.ebsi.co.kr/W61001/01exam/20251014/go3/J_sjl_mun_CNTLRMUQ.pdf
2025,3,10,school_mock,vocational,successful-career-life,solution,manual_review,verified_pending_import,confirmed,official_pdf_contents,not_imported,,https://wdown.ebsi.co.kr/W61001/01exam/20251014/go3/J_sjl_hsj_I9XSBOT1.pdf
2025,3,11,csat,english,,listening_audio,missing,expected_slot_uncertain,uncertain,official_availability_unconfirmed,,,
2025,3,11,csat,english,,listening_script,missing,expected_slot_uncertain,uncertain,official_availability_unconfirmed,,,
2025,3,11,csat,english,,question,manual_review,verified_pending_import,confirmed,official_pdf_contents,not_imported,,https://wdown.ebsi.co.kr/W61001/01exam/20251113/go3/eng_1_mun_9VSFX7CB.pdf
2025,3,11,csat,english,,solution,public_ready,,confirmed,official_scope,ready,b1f2816b-9440-4de8-ac37-5f623b392c49,https://wdown.ebsi.co.kr/W61001/01exam/20251113/go3/eng_main_hsj_36WSA734.pdf
2025,3,11,csat,history,,question,manual_review,verified_pending_import,confirmed,official_pdf_contents,not_imported,,https://wdown.ebsi.co.kr/W61001/01exam/20251113/go3/s_his_1_mun_A3F3636G.pdf
2025,3,11,csat,history,,solution,public_ready,,confirmed,official_scope,ready,c89b9a22-b5da-4ca9-b075-ce24752150bd,https://wdown.ebsi.co.kr/W61001/01exam/20251113/go3/his_main_hsj_13AS7CD6.pdf
2025,3,11,csat,korean,,question,public_ready,,confirmed,observed_official_file_or_public_slot,ready,bf798958-0922-4cbb-9de3-986999654578,https://wdown.ebsi.co.kr/W61001/01exam/20251113/go3/live_main_paper_1_kor_352K8BKR.pdf
2025,3,11,csat,korean,,solution,public_ready,,confirmed,official_scope_choice_layout,ready,00168152-cc74-4d6b-9635-980b8d613aef,https://wdown.ebsi.co.kr/W61001/01exam/20251113/go3/kor_main_hsj_53A2UX7R_1.pdf
2025,3,11,csat,korean,language-and-media,question,manual_review,verified_pending_import,confirmed,official_pdf_bundle_contents,not_imported,,https://wdown.ebsi.co.kr/W61001/01exam/20251113/go3/live_main_paper_1_kor_352K8BKR.pdf
2025,3,11,csat,korean,speech-and-writing,question,manual_review,verified_pending_import,confirmed,official_pdf_bundle_contents,not_imported,,https://wdown.ebsi.co.kr/W61001/01exam/20251113/go3/live_main_paper_1_kor_352K8BKR.pdf
2025,3,11,csat,math,,question,public_ready,,confirmed,observed_official_file_or_public_slot,ready,492860e3-acfa-48d1-8680-56f0fc72d206,https://wdown.ebsi.co.kr/W61001/01exam/20251113/go3/live_main_paper_1_math_9Q5HR738.pdf
2025,3,11,csat,math,,solution,missing,official_url_not_found,scope_provisional,official_scope_choice_layout,,,
2025,3,11,csat,math,calculus,question,manual_review,verified_pending_import,confirmed,official_pdf_bundle_contents,not_imported,,https://wdown.ebsi.co.kr/W61001/01exam/20251113/go3/live_main_paper_1_math_9Q5HR738.pdf
2025,3,11,csat,math,geometry,question,manual_review,verified_pending_import,confirmed,official_pdf_bundle_contents,not_imported,,https://wdown.ebsi.co.kr/W61001/01exam/20251113/go3/live_main_paper_1_math_9Q5HR738.pdf
2025,3,11,csat,math,probability-and-statistics,question,manual_review,verified_pending_import,confirmed,official_pdf_bundle_contents,not_imported,,https://wdown.ebsi.co.kr/W61001/01exam/20251113/go3/live_main_paper_1_math_9Q5HR738.pdf
2025,3,11,csat,science,chemistry-1,question,manual_review,verified_pending_import,confirmed,official_pdf_contents,not_imported,,https://wdown.ebsi.co.kr/W61001/01exam/20251113/go3/g_che1_mun_MU36GGY1.pdf
2025,3,11,csat,science,chemistry-1,solution,manual_review,verified_pending_import,confirmed,official_pdf_contents,not_imported,,https://wdown.ebsi.co.kr/W61001/01exam/20251113/go3/g_che1_hsj_9GZEGIG5.pdf
2025,3,11,csat,science,chemistry-2,question,manual_review,verified_pending_import,confirmed,official_pdf_contents,not_imported,,https://wdown.ebsi.co.kr/W61001/01exam/20251113/go3/g_che2_mun_3NQTPFD7.pdf
2025,3,11,csat,science,chemistry-2,solution,manual_review,verified_pending_import,confirmed,official_pdf_contents,not_imported,,https://wdown.ebsi.co.kr/W61001/01exam/20251113/go3/g_che2_hsj_985231OL.pdf
2025,3,11,csat,science,earth-science-1,question,manual_review,verified_pending_import,confirmed,official_pdf_contents,not_imported,,https://wdown.ebsi.co.kr/W61001/01exam/20251113/go3/g_ear1_mun_S8N516C4.pdf
2025,3,11,csat,science,earth-science-1,solution,manual_review,verified_pending_import,confirmed,official_pdf_contents,not_imported,,https://wdown.ebsi.co.kr/W61001/01exam/20251113/go3/g_ear1_hsj_Q48KW469.pdf
2025,3,11,csat,science,earth-science-2,question,manual_review,verified_pending_import,confirmed,official_pdf_contents,not_imported,,https://wdown.ebsi.co.kr/W61001/01exam/20251113/go3/g_ear2_mun_BZRFN535.pdf
2025,3,11,csat,science,earth-science-2,solution,manual_review,verified_pending_import,confirmed,official_pdf_contents,not_imported,,https://wdown.ebsi.co.kr/W61001/01exam/20251113/go3/g_ear2_hsj_PL2A372B.pdf
2025,3,11,csat,science,life-science-1,question,manual_review,verified_pending_import,confirmed,official_pdf_contents,not_imported,,https://wdown.ebsi.co.kr/W61001/01exam/20251113/go3/g_bio1_mun_7V3IGX46.pdf
2025,3,11,csat,science,life-science-1,solution,manual_review,verified_pending_import,confirmed,official_pdf_contents,not_imported,,https://wdown.ebsi.co.kr/W61001/01exam/20251113/go3/g_bio1_hsj_TANHFGQG.pdf
2025,3,11,csat,science,life-science-2,question,manual_review,verified_pending_import,confirmed,official_pdf_contents,not_imported,,https://wdown.ebsi.co.kr/W61001/01exam/20251113/go3/g_bio2_mun_QBY812WW.pdf
2025,3,11,csat,science,life-science-2,solution,manual_review,verified_pending_import,confirmed,official_pdf_contents,not_imported,,https://wdown.ebsi.co.kr/W61001/01exam/20251113/go3/g_bio2_hsj_OJG7FC86.pdf
2025,3,11,csat,science,physics-1,question,manual_review,verified_pending_import,confirmed,official_pdf_contents,not_imported,,https://wdown.ebsi.co.kr/W61001/01exam/20251113/go3/g_phy1_mun_O537S34O.pdf
2025,3,11,csat,science,physics-1,solution,manual_review,verified_pending_import,confirmed,official_pdf_contents,not_imported,,https://wdown.ebsi.co.kr/W61001/01exam/20251113/go3/g_phy1_hsj_1EGW82O6_2.pdf
2025,3,11,csat,science,physics-2,question,manual_review,verified_pending_import,confirmed,official_pdf_contents,not_imported,,https://wdown.ebsi.co.kr/W61001/01exam/20251113/go3/g_phy2_mun_9R4ABU31.pdf
2025,3,11,csat,science,physics-2,solution,manual_review,verified_pending_import,confirmed,official_pdf_contents,not_imported,,https://wdown.ebsi.co.kr/W61001/01exam/20251113/go3/g_phy2_hsj_S385274Y_1.pdf
2025,3,11,csat,second_language,arabic-1,question,manual_review,verified_pending_import,confirmed,official_pdf_contents,not_imported,,https://wdown.ebsi.co.kr/W61001/01exam/20251113/go3/2nd_ar_mun_RA3FN15Q.pdf
2025,3,11,csat,second_language,arabic-1,solution,manual_review,verified_pending_import,confirmed,official_pdf_contents,not_imported,,https://wdown.ebsi.co.kr/W61001/01exam/20251113/go3/2nd_ar_hsj_M93T6XK5.pdf
2025,3,11,csat,second_language,chinese-1,question,manual_review,verified_pending_import,confirmed,official_pdf_contents,not_imported,,https://wdown.ebsi.co.kr/W61001/01exam/20251113/go3/2nd_ch_mun_M41393F3.pdf
2025,3,11,csat,second_language,chinese-1,solution,manual_review,verified_pending_import,confirmed,official_pdf_contents,not_imported,,https://wdown.ebsi.co.kr/W61001/01exam/20251113/go3/2nd_ch_hsj_CLW691RT.pdf
2025,3,11,csat,second_language,classical-chinese-1,question,manual_review,verified_pending_import,confirmed,official_pdf_contents,not_imported,,https://wdown.ebsi.co.kr/W61001/01exam/20251113/go3/2nd_han_mun_876IH2RQ.pdf
2025,3,11,csat,second_language,classical-chinese-1,solution,manual_review,verified_pending_import,confirmed,official_pdf_contents,not_imported,,https://wdown.ebsi.co.kr/W61001/01exam/20251113/go3/2nd_han_hsj_578T42J4.pdf
2025,3,11,csat,second_language,french-1,question,manual_review,verified_pending_import,confirmed,official_pdf_contents,not_imported,,https://wdown.ebsi.co.kr/W61001/01exam/20251113/go3/2nd_fr_mun_GM2H252F.pdf
2025,3,11,csat,second_language,french-1,solution,manual_review,verified_pending_import,confirmed,official_pdf_contents,not_imported,,https://wdown.ebsi.co.kr/W61001/01exam/20251113/go3/2nd_fr_hsj_7S7XBF75.pdf
2025,3,11,csat,second_language,german-1,question,manual_review,verified_pending_import,confirmed,official_pdf_contents,not_imported,,https://wdown.ebsi.co.kr/W61001/01exam/20251113/go3/2nd_gr_mun_H2RY447N.pdf
2025,3,11,csat,second_language,german-1,solution,manual_review,verified_pending_import,confirmed,official_pdf_contents,not_imported,,https://wdown.ebsi.co.kr/W61001/01exam/20251113/go3/2nd_gr_hsj_7X4PK5I8.pdf
2025,3,11,csat,second_language,japanese-1,question,manual_review,verified_pending_import,confirmed,official_pdf_contents,not_imported,,https://wdown.ebsi.co.kr/W61001/01exam/20251113/go3/2nd_ja_mun_BI892H76.pdf
2025,3,11,csat,second_language,japanese-1,solution,manual_review,verified_pending_import,confirmed,official_pdf_contents,not_imported,,https://wdown.ebsi.co.kr/W61001/01exam/20251113/go3/2nd_ja_hsj_N5C21Q61.pdf
2025,3,11,csat,second_language,russian-1,question,manual_review,verified_pending_import,confirmed,official_pdf_contents,not_imported,,https://wdown.ebsi.co.kr/W61001/01exam/20251113/go3/2nd_ru_mun_HRJ29K4I.pdf
2025,3,11,csat,second_language,russian-1,solution,manual_review,verified_pending_import,confirmed,official_pdf_contents,not_imported,,https://wdown.ebsi.co.kr/W61001/01exam/20251113/go3/2nd_ru_hsj_NP75957Q.pdf
2025,3,11,csat,second_language,spanish-1,question,manual_review,verified_pending_import,confirmed,official_pdf_contents,not_imported,,https://wdown.ebsi.co.kr/W61001/01exam/20251113/go3/2nd_sp_mun_S1SD616U.pdf
2025,3,11,csat,second_language,spanish-1,solution,manual_review,verified_pending_import,confirmed,official_pdf_contents,not_imported,,https://wdown.ebsi.co.kr/W61001/01exam/20251113/go3/2nd_sp_hsj_A7LCBKM3.pdf
2025,3,11,csat,second_language,vietnamese-1,question,manual_review,verified_pending_import,confirmed,official_pdf_contents,not_imported,,https://wdown.ebsi.co.kr/W61001/01exam/20251113/go3/2nd_vit_mun_738GJH13.pdf
2025,3,11,csat,second_language,vietnamese-1,solution,manual_review,verified_pending_import,confirmed,official_pdf_contents,not_imported,,https://wdown.ebsi.co.kr/W61001/01exam/20251113/go3/2nd_vit_hsj_C716ED12.pdf
2025,3,11,csat,social,east-asian-history,question,manual_review,verified_pending_import,confirmed,official_pdf_contents,not_imported,,https://wdown.ebsi.co.kr/W61001/01exam/20251113/go3/s_easta_mun_8P79E26Y.pdf
2025,3,11,csat,social,east-asian-history,solution,manual_review,verified_pending_import,confirmed,official_pdf_contents,not_imported,,https://wdown.ebsi.co.kr/W61001/01exam/20251113/go3/s_easta_hsj_ODMX1Q1C.pdf
2025,3,11,csat,social,economics,question,manual_review,verified_pending_import,confirmed,official_pdf_contents,not_imported,,https://wdown.ebsi.co.kr/W61001/01exam/20251113/go3/s_eco_mun_7I36VRH2.pdf
2025,3,11,csat,social,economics,solution,manual_review,verified_pending_import,confirmed,official_pdf_contents,not_imported,,https://wdown.ebsi.co.kr/W61001/01exam/20251113/go3/s_eco_hsj_1745A832.pdf
2025,3,11,csat,social,ethics-and-thought,question,manual_review,verified_pending_import,confirmed,official_pdf_contents,not_imported,,https://wdown.ebsi.co.kr/W61001/01exam/20251113/go3/s_yrnss_mun_Z54M173T.pdf
2025,3,11,csat,social,ethics-and-thought,solution,manual_review,verified_pending_import,confirmed,official_pdf_contents,not_imported,,https://wdown.ebsi.co.kr/W61001/01exam/20251113/go3/s_yrnss_hsj_OZBL13M8_1.pdf
2025,3,11,csat,social,korean-geography,question,manual_review,verified_pending_import,confirmed,official_pdf_contents,not_imported,,https://wdown.ebsi.co.kr/W61001/01exam/20251113/go3/s_hanji_mun_68848VRG.pdf
2025,3,11,csat,social,korean-geography,solution,manual_review,verified_pending_import,confirmed,official_pdf_contents,not_imported,,https://wdown.ebsi.co.kr/W61001/01exam/20251113/go3/s_hanji_hsj_23NV3CZ5_1.pdf
2025,3,11,csat,social,life-and-ethics,question,manual_review,verified_pending_import,confirmed,official_pdf_contents,not_imported,,https://wdown.ebsi.co.kr/W61001/01exam/20251113/go3/s_ssnyr_mun_EY7A6BTC.pdf
2025,3,11,csat,social,life-and-ethics,solution,manual_review,verified_pending_import,confirmed,official_pdf_contents,not_imported,,https://wdown.ebsi.co.kr/W61001/01exam/20251113/go3/s_ssnyr_hsj_LIJD8115.pdf
2025,3,11,csat,social,politics-and-law,question,manual_review,verified_pending_import,confirmed,official_pdf_contents,not_imported,,https://wdown.ebsi.co.kr/W61001/01exam/20251113/go3/s_bnj_mun_VD9W7HR2.pdf
2025,3,11,csat,social,politics-and-law,solution,manual_review,verified_pending_import,confirmed,official_pdf_contents,not_imported,,https://wdown.ebsi.co.kr/W61001/01exam/20251113/go3/s_bnj_hsj_B2546SQ2.pdf
2025,3,11,csat,social,social-culture,question,manual_review,verified_pending_import,confirmed,official_pdf_contents,not_imported,,https://wdown.ebsi.co.kr/W61001/01exam/20251113/go3/s_samun_mun_974N1186.pdf
2025,3,11,csat,social,social-culture,solution,manual_review,verified_pending_import,confirmed,official_pdf_contents,not_imported,,https://wdown.ebsi.co.kr/W61001/01exam/20251113/go3/s_samun_hsj_I2222C41.pdf
2025,3,11,csat,social,world-geography,question,manual_review,verified_pending_import,confirmed,official_pdf_contents,not_imported,,https://wdown.ebsi.co.kr/W61001/01exam/20251113/go3/s_saeji_mun_EER1734T.pdf
2025,3,11,csat,social,world-geography,solution,manual_review,verified_pending_import,confirmed,official_pdf_contents,not_imported,,https://wdown.ebsi.co.kr/W61001/01exam/20251113/go3/s_saeji_hsj_RV8Y438N.pdf
2025,3,11,csat,social,world-history,question,manual_review,verified_pending_import,confirmed,official_pdf_contents,not_imported,,https://wdown.ebsi.co.kr/W61001/01exam/20251113/go3/s_sks_mun_1YV3KZA8.pdf
2025,3,11,csat,social,world-history,solution,manual_review,verified_pending_import,confirmed,official_pdf_contents,not_imported,,https://wdown.ebsi.co.kr/W61001/01exam/20251113/go3/s_sks_hsj_Y8AEJVNT.pdf
2025,3,11,csat,vocational,agriculture-basics,question,manual_review,verified_pending_import,confirmed,official_pdf_contents,not_imported,,https://wdown.ebsi.co.kr/W61001/01exam/20251113/go3/J_nupgi_mun_178Z2RA9.pdf
2025,3,11,csat,vocational,agriculture-basics,solution,manual_review,verified_pending_import,confirmed,official_pdf_contents,not_imported,,https://wdown.ebsi.co.kr/W61001/01exam/20251113/go3/J_nupgi_hsj_427TFA8C.pdf
2025,3,11,csat,vocational,commercial-economics,question,manual_review,verified_pending_import,confirmed,official_pdf_contents,not_imported,,https://wdown.ebsi.co.kr/W61001/01exam/20251113/go3/J_sangup_mun_S7H92DM1.pdf
2025,3,11,csat,vocational,commercial-economics,solution,manual_review,verified_pending_import,confirmed,official_pdf_contents,not_imported,,https://wdown.ebsi.co.kr/W61001/01exam/20251113/go3/J_sangup_hsj_3C4UNJ2V.pdf
2025,3,11,csat,vocational,fisheries-and-shipping,question,manual_review,verified_pending_import,confirmed,official_pdf_contents,not_imported,,https://wdown.ebsi.co.kr/W61001/01exam/20251113/go3/J_susan_mun_13V633GG.pdf
2025,3,11,csat,vocational,fisheries-and-shipping,solution,manual_review,verified_pending_import,confirmed,official_pdf_contents,not_imported,,https://wdown.ebsi.co.kr/W61001/01exam/20251113/go3/J_susan_hsj_S2AZPEK4.pdf
2025,3,11,csat,vocational,human-development,question,manual_review,verified_pending_import,confirmed,official_pdf_contents,not_imported,,https://wdown.ebsi.co.kr/W61001/01exam/20251113/go3/J_inkan_mun_56B1818J.pdf
2025,3,11,csat,vocational,human-development,solution,manual_review,verified_pending_import,confirmed,official_pdf_contents,not_imported,,https://wdown.ebsi.co.kr/W61001/01exam/20251113/go3/J_inkan_hsj_55AX8D8V.pdf
2025,3,11,csat,vocational,industry-general,question,manual_review,verified_pending_import,confirmed,official_pdf_contents,not_imported,,https://wdown.ebsi.co.kr/W61001/01exam/20251113/go3/J_gup_mun_M2QV67NA.pdf
2025,3,11,csat,vocational,industry-general,solution,manual_review,verified_pending_import,confirmed,official_pdf_contents,not_imported,,https://wdown.ebsi.co.kr/W61001/01exam/20251113/go3/J_gup_hsj_JTRY9LU8.pdf
2025,3,11,csat,vocational,successful-career-life,question,manual_review,verified_pending_import,confirmed,official_pdf_contents,not_imported,,https://wdown.ebsi.co.kr/W61001/01exam/20251113/go3/J_sjl_mun_53I329XO.pdf
2025,3,11,csat,vocational,successful-career-life,solution,manual_review,verified_pending_import,confirmed,official_pdf_contents,not_imported,,https://wdown.ebsi.co.kr/W61001/01exam/20251113/go3/J_sjl_hsj_R9UT9V91.pdf
2025,3,5,school_mock,korean,language-and-media,solution,manual_review,verified_pending_import,confirmed,official_pdf_contents,not_imported,,https://wdown.ebsi.co.kr/W61001/01exam/20250430/go3/korB_hsj_3547QJ99.pdf
2025,3,5,school_mock,korean,speech-and-writing,solution,manual_review,verified_pending_import,confirmed,official_pdf_contents,not_imported,,https://wdown.ebsi.co.kr/W61001/01exam/20250430/go3/korA_hsj_84CU269Q.pdf
2025,3,5,school_mock,math,geometry,solution,manual_review,verified_pending_import,confirmed,official_pdf_contents,not_imported,,https://wdown.ebsi.co.kr/W61001/01exam/20250430/go3/mathC_hsj_21O9WYJ1.pdf
2025,3,5,school_mock,math,probability-and-statistics,solution,manual_review,verified_pending_import,confirmed,official_pdf_contents,not_imported,,https://wdown.ebsi.co.kr/W61001/01exam/20250430/go3/mathA_hsj_AAXYW9Q6.pdf
2025,3,5,school_mock,math,calculus,solution,manual_review,verified_pending_import,confirmed,official_pdf_contents,not_imported,,https://wdown.ebsi.co.kr/W61001/01exam/20250430/go3/mathB_hsj_O37T4B42.pdf
2025,3,3,school_mock,korean,speech-and-writing,solution,manual_review,verified_pending_import,confirmed,official_pdf_contents,not_imported,,https://wdown.ebsi.co.kr/W61001/01exam/20250326/go3/korA_hsj_G2A2712F.pdf
2025,3,3,school_mock,korean,language-and-media,solution,manual_review,verified_pending_import,confirmed,official_pdf_contents,not_imported,,https://wdown.ebsi.co.kr/W61001/01exam/20250326/go3/korB_hsj_YA4UFFZA.pdf
2025,3,3,school_mock,math,geometry,solution,manual_review,verified_pending_import,confirmed,official_pdf_contents,not_imported,,https://wdown.ebsi.co.kr/W61001/01exam/20250326/go3/mathC_hsj_NTIPC945_1.pdf
2025,3,3,school_mock,math,probability-and-statistics,solution,manual_review,verified_pending_import,confirmed,official_pdf_contents,not_imported,,https://wdown.ebsi.co.kr/W61001/01exam/20250326/go3/mathA_hsj_3H2CK4MR_1.pdf
2025,3,3,school_mock,math,calculus,solution,manual_review,verified_pending_import,confirmed,official_pdf_contents,not_imported,,https://wdown.ebsi.co.kr/W61001/01exam/20250326/go3/mathB_hsj_86D95W6N_1.pdf
2025,3,9,kice_mock,korean,language-and-media,solution,manual_review,verified_pending_import,confirmed,official_pdf_contents,not_imported,,https://wdown.ebsi.co.kr/W61001/01exam/20250903/go3/korB_1_hsj_SVCWW4XL_3.pdf
2025,3,9,kice_mock,korean,speech-and-writing,solution,manual_review,verified_pending_import,confirmed,official_pdf_contents,not_imported,,https://wdown.ebsi.co.kr/W61001/01exam/20250903/go3/korA_1_hsj_K962J13R_3.pdf
2025,3,9,kice_mock,math,geometry,solution,manual_review,verified_pending_import,confirmed,official_pdf_contents,not_imported,,https://wdown.ebsi.co.kr/W61001/01exam/20250903/go3/mathC_1_hsj_98YI7A3R_1.pdf
2025,3,9,kice_mock,math,probability-and-statistics,solution,manual_review,verified_pending_import,confirmed,official_pdf_contents,not_imported,,https://wdown.ebsi.co.kr/W61001/01exam/20250903/go3/mathA_1_hsj_88Z6CWK1_1.pdf
2025,3,9,kice_mock,math,calculus,solution,manual_review,verified_pending_import,confirmed,official_pdf_contents,not_imported,,https://wdown.ebsi.co.kr/W61001/01exam/20250903/go3/mathB_1_hsj_2IX77NAG_1.pdf
2025,3,6,kice_mock,korean,language-and-media,solution,manual_review,verified_pending_import,confirmed,official_pdf_contents,not_imported,,https://wdown.ebsi.co.kr/W61001/01exam/20250604/go3/korB_1_hsj_TLN6OPB4_2.pdf
2025,3,6,kice_mock,korean,speech-and-writing,solution,manual_review,verified_pending_import,confirmed,official_pdf_contents,not_imported,,https://wdown.ebsi.co.kr/W61001/01exam/20250604/go3/korA_1_hsj_P951F819_2.pdf
2025,3,6,kice_mock,math,geometry,solution,manual_review,verified_pending_import,confirmed,official_pdf_contents,not_imported,,https://wdown.ebsi.co.kr/W61001/01exam/20250604/go3/mathC_1_hsj_EB22A192_2.pdf
2025,3,6,kice_mock,math,probability-and-statistics,solution,manual_review,verified_pending_import,confirmed,official_pdf_contents,not_imported,,https://wdown.ebsi.co.kr/W61001/01exam/20250604/go3/mathA_1_hsj_TY2UJ349_2.pdf
2025,3,6,kice_mock,math,calculus,solution,manual_review,verified_pending_import,confirmed,official_pdf_contents,not_imported,,https://wdown.ebsi.co.kr/W61001/01exam/20250604/go3/mathB_1_hsj_W5938829_2.pdf
2025,3,11,csat,korean,language-and-media,solution,manual_review,verified_pending_import,confirmed,official_pdf_contents,not_imported,,https://wdown.ebsi.co.kr/W61001/01exam/20251113/go3/korB_1_hsj_7V175B8B_1.pdf
2025,3,11,csat,korean,speech-and-writing,solution,manual_review,verified_pending_import,confirmed,official_pdf_contents,not_imported,,https://wdown.ebsi.co.kr/W61001/01exam/20251113/go3/korA_1_hsj_46NL9282_1.pdf
2025,3,11,csat,math,geometry,solution,manual_review,verified_pending_import,confirmed,official_pdf_contents,not_imported,,https://wdown.ebsi.co.kr/W61001/01exam/20251113/go3/mathC_1_hsj_3Y992VNM_1.pdf
2025,3,11,csat,math,probability-and-statistics,solution,manual_review,verified_pending_import,confirmed,official_pdf_contents,not_imported,,https://wdown.ebsi.co.kr/W61001/01exam/20251113/go3/mathA_1_hsj_OIRNQCO2_1.pdf
2025,3,11,csat,math,calculus,solution,manual_review,verified_pending_import,confirmed,official_pdf_contents,not_imported,,https://wdown.ebsi.co.kr/W61001/01exam/20251113/go3/mathB_1_hsj_1S5W7SZX_2.pdf
2025,3,10,school_mock,korean,language-and-media,solution,manual_review,verified_pending_import,confirmed,official_pdf_contents,not_imported,,https://wdown.ebsi.co.kr/W61001/01exam/20251014/go3/korB_1_hsj_57P38D86.pdf
2025,3,10,school_mock,korean,speech-and-writing,solution,manual_review,verified_pending_import,confirmed,official_pdf_contents,not_imported,,https://wdown.ebsi.co.kr/W61001/01exam/20251014/go3/korA_1_hsj_2K9L251B.pdf
2025,3,10,school_mock,math,geometry,solution,manual_review,verified_pending_import,confirmed,official_pdf_contents,not_imported,,https://wdown.ebsi.co.kr/W61001/01exam/20251014/go3/mathC_1_hsj_FCMY5H8B_1.pdf
2025,3,10,school_mock,math,probability-and-statistics,solution,manual_review,verified_pending_import,confirmed,official_pdf_contents,not_imported,,https://wdown.ebsi.co.kr/W61001/01exam/20251014/go3/mathA_1_hsj_P27D7916_1.pdf
2025,3,10,school_mock,math,calculus,solution,manual_review,verified_pending_import,confirmed,official_pdf_contents,not_imported,,https://wdown.ebsi.co.kr/W61001/01exam/20251014/go3/mathB_1_hsj_KOW122AM_1.pdf
2025,3,7,school_mock,korean,language-and-media,solution,manual_review,verified_pending_import,confirmed,official_pdf_contents,not_imported,,https://wdown.ebsi.co.kr/W61001/01exam/20250710/go3/korB_1_hsj_9LXO251Y_1.pdf
2025,3,7,school_mock,korean,speech-and-writing,solution,manual_review,verified_pending_import,confirmed,official_pdf_contents,not_imported,,https://wdown.ebsi.co.kr/W61001/01exam/20250710/go3/korA_1_hsj_KP476V55_1.pdf
2025,3,7,school_mock,math,geometry,solution,manual_review,verified_pending_import,confirmed,official_pdf_contents,not_imported,,https://wdown.ebsi.co.kr/W61001/01exam/20250710/go3/mathC_1_hsj_5L4D6V11_12.pdf
2025,3,7,school_mock,math,probability-and-statistics,solution,manual_review,verified_pending_import,confirmed,official_pdf_contents,not_imported,,https://wdown.ebsi.co.kr/W61001/01exam/20250710/go3/mathA_1_hsj_KK223HQR_12.pdf
2025,3,7,school_mock,math,calculus,solution,manual_review,verified_pending_import,confirmed,official_pdf_contents,not_imported,,https://wdown.ebsi.co.kr/W61001/01exam/20250710/go3/mathB_1_hsj_64GOGHII_12.pdf
